Restaurant ID,Restaurant name,Subzone,City,Order ID,Order Placed At,Order Status,Delivery,Distance,Items in order,Instructions,Discount construct,Bill subtotal,Packaging charges,Restaurant discount (Promo),"Restaurant discount (Flat offs, Freebies & others)",Gold discount,Brand pack discount,Total,Rating,Review,Cancellation / Rejection reason,Restaurant compensation (Cancellation),Restaurant penalty (Rejection),KPT duration (minutes),Rider wait time (minutes),Order Ready Marked,Customer complaint tag,Customer ID,Order Item Count
20320607,Swaad,Sector 4,Delhi NCR,6170707559,"11:34 PM, September 10 2024",Delivered,Zomato Delivery,2km,"1 x Peri Peri Fries, 1 x Fried Chicken Angara Tender, 1 x Grilled Chicken Angara Tender",,Flat Rs.175 off,1179.0,50.2,175.0,0.0,0.0,0.0,1054.2,,,,,,16.95,3.6,Correctly,,0781815deb4a10a574e9fee4fa0b86b074d4a0b36175d5a626dbc4710568bff4,3
20320607,Swaad,Sector 4,Delhi NCR,6157562143,"09:23 PM, September 06 2024",Delivered,Zomato Delivery,3km,"1 x Jamaican Sauce, 2 x Grilled Chicken Jamaican Tender",,Flat Rs.80 off,680.0,30.0,80.0,0.0,0.0,0.0,630.0,,,,,,15.98,2.4,Correctly,,a84ab19e1691226e429b3f4495db99b2937f431d216e1899dcde06722eb4daee,3
20320607,Swaad,Sector 4,Delhi NCR,6155576594,"08:59 PM, September 06 2024",Delivered,Zomato Delivery,3km,"1 x Bone in Smoky Bbq Grilled Chicken, 1 x AAC Signature Fries, 1 x Bone in Peri Peri Grilled Chicken",,Flat Rs.80 off,1084.0,50.2,80.0,0.0,0.0,0.0,1054.2,,,,,,10.67,0.9,Correctly,,e27eadf180f5389911e6c5b369ac1ae5ac05259d54bc65721819869ee14e18c7,3
20320607,Swaad,Sector 4,Delhi NCR,6149438913,"08:36 PM, September 06 2024",Delivered,Zomato Delivery,1km,"1 x Bone in Jamaican Grilled Chicken, 1 x Grilled Chicken Peri Peri Tender, 1 x Grilled Chicken Angara Tenders + Salted Fries",,Flat Rs.175 off,1290.0,55.75,175.0,0.0,0.0,0.0,1170.75,,,,,,22.43,1.2,Correctly,,096a9f7a0c5cf71b57729f2de20cf0080b608dffe8e9c77bf9fa4a3055568590,3
20320607,Swaad,Sector 4,Delhi NCR,6145238773,"07:12 PM, September 03 2024",Delivered,Zomato Delivery,8km,"1 x Bone in Smoky Bbq Grilled Chicken, 1 x Bone in Jamaican Grilled Chicken, 1 x Salted Fries",,Flat Rs.175 off,1009.0,41.7,175.0,0.0,0.0,0.0,875.7,,,,,,20.88,11.7,Correctly,,4f65f2ff76e0e677db2bf06c27e6fdfdd119decb0e1da47de7a8761e56a60405,3
20320607,Swaad,Sector 4,Delhi NCR,6144589662,"08:35 PM, September 01 2024",Delivered,Zomato Delivery,4km,"1 x Bone in Jamaican Grilled Chicken, 1 x Grilled Chicken Smoky BBQ Tender, 1 x Fried Chicken Peri Peri Tenders + Peri Peri Fries",,Flat Rs.175 off,1820.0,82.25,175.0,0.0,0.0,0.0,1727.25,,,,,,22.47,1.5,Correctly,,096a9f7a0c5cf71b57729f2de20cf0080b608dffe8e9c77bf9fa4a3055568590,3
20554001,Swaad,Greater Kailash 2 (GK2),Delhi NCR,6168717281,"03:48 PM, September 10 2024",Delivered,Zomato Delivery,2km,"1 x AAC Saucy Fries, 1 x Fried Chicken Peri Peri Tender, 1 x Grilled Chicken Peri Peri Tender",,Flat Rs.744 off,1159.0,52.95,100.0,0.0,0.0,0.0,1111.95,,,,,,23.85,10.0,Correctly,,fa6607806ffd05a490bd1e664c47dcd191bd9a76874684f0abf1b0f3bd4aac29,3
20554001,Swaad,Greater Kailash 2 (GK2),Delhi NCR,6165679122,"09:00 PM, September 09 2024",Delivered,Zomato Delivery,6km,"1 x Angara Rice, 1 x Bone in Jamaican Grilled Chicken, 1 x Angara Aloo Tuk Tuki",Order: GREEN CHILLIES EXTRA in food. thank you!,Flat Rs.175 off,896.0,36.05,175.0,0.0,0.0,0.0,757.05,,,,,,18.65,10.5,Correctly,,7a9a207052cb94b4d7fbe2fd21cd282c4a877926b243d3da8b8412c2ce4d7125,3
20554001,Swaad,Greater Kailash 2 (GK2),Delhi NCR,6165316229,"11:06 PM, September 08 2024",Delivered,Zomato Delivery,6km,"2 x Peri Peri Fries, 1 x Fried Chicken Peri Peri Tender",,,823.0,41.15,0.0,0.0,0.0,0.0,864.15,,,,,,14.8,0.7,Correctly,,13cd1ebf29a1cd481e0b88c7340edc087fe6d88cc1053c6d0174afc6bdb1a840,3
20554001,Swaad,Greater Kailash 2 (GK2),Delhi NCR,6162423875,"02:55 PM, September 08 2024",Delivered,Zomato Delivery,1km,"1 x Peri Peri Fries, 1 x Grilled Chicken Angara Tender, 1 x Bone in Peri Peri Grilled Chicken",,40% off upto Rs.80,809.0,36.45,80.0,0.0,0.0,0.0,765.45,,,,,,19.55,9.5,Correctly,,933256110589e87ed8d7e76a806bc5a43e71aca54591d5c43a04a86607372cec,3
20554001,Swaad,Greater Kailash 2 (GK2),Delhi NCR,6161067038,"12:10 PM, September 08 2024",Delivered,Zomato Delivery,2km,"1 x Bone in Jamaican Grilled Chicken, 1 x Fried Chicken Classic Tender, 1 x Grilled Chicken Smoky BBQ Tender",,Flat Rs.175 off,1205.0,51.5,175.0,0.0,0.0,0.0,1081.5,,,,,,38.5,25.3,Correctly,,220bb0b88e1465d10f4e01bb5db549f7ab80c4923c98281c9339619f1d9797a4,3
20554001,Swaad,Greater Kailash 2 (GK2),Delhi NCR,6157693936,"08:21 PM, September 06 2024",Delivered,Zomato Delivery,3km,"1 x Bone in Jamaican Grilled Chicken, 1 x Grilled Chicken Smoky BBQ Tender, 1 x Bone in Angara Grilled Chicken",,Flat Rs.175 off,1480.0,65.25,175.0,0.0,0.0,0.0,1370.25,,,,,,18.03,1.1,Correctly,,ccf113869c1a8906fcb11c969f5f532c6092105c8eacdf403e9ccaa0ce009f33,3
20554001,Swaad,Greater Kailash 2 (GK2),Delhi NCR,6149292474,"08:19 PM, September 03 2024",Delivered,Zomato Delivery,2km,"1 x Bone in Peri Peri Grilled Chicken, 1 x Angara Aloo Tuk Tuki, 1 x Onion Bombs",,Flat Rs.175 off,1081.0,45.3,175.0,0.0,0.0,0.0,951.3,,,,,,19.55,8.8,Correctly,,04a894551b11ff4f690d97f355ab3185ff5a61f5cf72b48b9c84c9e5b79df132,3
20554001,Swaad,Greater Kailash 2 (GK2),Delhi NCR,6146040255,"10:12 PM, September 02 2024",Delivered,Zomato Delivery,7km,"1 x Animal Fries, 1 x Fried Chicken Angara Tender, 1 x AAC Signature Krispers",,Flat Rs.175 off,1074.0,44.95,175.0,0.0,0.0,0.0,943.95,,,,,,21.47,3.5,Correctly,,960b6543eb5611330f0e49b13ee776597444ca7c81314eb2d8abc73cbd81e0e0,3
20554001,Swaad,Greater Kailash 2 (GK2),Delhi NCR,6124801607,"02:29 AM, September 02 2024",Delivered,Zomato Delivery,5km,"1 x Peri Peri Krispers, 1 x Fried Chicken Peri Peri Tender, 1 x Grilled Chicken Angara Tender",,,1258.0,62.9,0.0,0.0,0.0,0.0,1320.9,,,,,,19.3,0.2,Correctly,,d31f73e1731e6411b02ef4130a72eaa8133e9faf1c744a3f76740b5c9f6eeb28,3
20554001,Swaad,Greater Kailash 2 (GK2),Delhi NCR,6135961731,"04:47 PM, September 01 2024",Delivered,Zomato Delivery,1km,"1 x Grilled Chicken Jamaican Tender, 1 x AAC Signature Krispers, 1 x Grilled Chicken Smoky BBQ Tangdi",,Flat Rs.175 off,974.0,39.95,175.0,0.0,0.0,0.0,838.95,,,,,,18.48,3.0,Correctly,,50569695e3aaca4181314ce31b62d403372d92fccc5f94b8b07f41d384597677,3
20554001,Swaad,Greater Kailash 2 (GK2),Delhi NCR,6128955784,"01:49 PM, September 01 2024",Delivered,Zomato Delivery,1km,"1 x Tipsy Tiger Ginger Ale, 1 x Bone in Jamaican Grilled Chicken, 1 x Indian Pico De-Gallo",,40% off upto Rs.80,764.05,34.2,80.0,0.0,0.0,0.0,718.25,,,,,,21.65,11.0,Correctly,,5291105b9e79228c4bbc4d5a2cc345cf5bb25898552fc8cdfc4b07ca66558568,3
20635699,Aura Pizzas,Greater Kailash 2 (GK2),Delhi NCR,6170168184,"10:34 PM, September 10 2024",Delivered,Zomato Delivery,2km,"1 x Chilli Cheese Garlic Bread, 1 x All About Chicken Pizza, 1 x Bageecha Pizza",,Flat Rs.200 off,1675.0,73.75,200.0,0.0,0.0,0.0,1548.75,,,,,,15.8,0.6,Correctly,,a2e22235ac5e96c34de866fca53257c533765f328cb0af62c11de281d771f1a4,3
20635699,Aura Pizzas,Greater Kailash 2 (GK2),Delhi NCR,6169828720,"08:26 PM, September 10 2024",Delivered,Zomato Delivery,3km,"1 x Mushroom Pizza, 1 x Bageecha Pizza, 1 x Indian Masala Fries",,Flat Rs.200 off,1597.0,69.85,200.0,0.0,0.0,0.0,1466.85,,,,,,17.62,0.3,Correctly,,42a708f043bad0695a5899891f6b6c340658b5fece143bcd9e1a819a1e14cdae,3
20635699,Aura Pizzas,Greater Kailash 2 (GK2),Delhi NCR,6164335141,"08:27 PM, September 09 2024",Delivered,Zomato Delivery,6km,"1 x All About Chicken Pizza, 1 x Peri Peri Fries, 1 x Fried Chicken Strips",,Flat Rs.200 off,1297.0,54.85,200.0,0.0,0.0,0.0,1151.85,,,,,,24.32,4.0,Correctly,,435cd8ab7e1f1246ba82193d877bd9637ad1979fe7d384e81f251cf4bdbc6f2c,3
20635699,Aura Pizzas,Greater Kailash 2 (GK2),Delhi NCR,6162702576,"08:18 PM, September 09 2024",Delivered,Zomato Delivery,1km,"1 x Jamaican Chicken Melt, 1 x Cheesy Garlic Bread, 1 x All About Chicken Pizza",,Flat Rs.200 off,1577.0,68.85,200.0,0.0,0.0,0.0,1445.85,,,,,,20.08,4.4,Correctly,,6e30d31c4aab14194f981364beba98a31662a0c5632355b300bb22eb7380bff0,3
20635699,Aura Pizzas,Greater Kailash 2 (GK2),Delhi NCR,6165088077,"03:52 AM, September 09 2024",Delivered,Zomato Delivery,7km,3 x Grilled Tangdis,,Flat Rs.150 off,807.0,34.75,112.0,0.0,0.0,0.0,729.75,,,,,,15.1,0.7,Correctly,,9cc071491f73919df9fda37fc89f12f60593259a404c2e477491c0d40dd969dc,3
20635699,Aura Pizzas,Greater Kailash 2 (GK2),Delhi NCR,6152361356,"10:54 PM, September 08 2024",Delivered,Zomato Delivery,3km,"1 x Cheesy Garlic Bread, 1 x Tipsy Tiger Fresh Lime Soda, 1 x Herbed Potato",,Flat Rs.150 off,685.05,28.65,112.0,0.0,0.0,0.0,601.7,,,,,,15.23,7.0,Correctly,,0b56e5f9f248b1ba05f0f1ce0c21d38a5423c8713940c464df484c8ca542bfa5,3
20635699,Aura Pizzas,Greater Kailash 2 (GK2),Delhi NCR,6164932139,"07:51 PM, September 08 2024",Delivered,Zomato Delivery,8km,"1 x Murgh Amritsari Garlic Bread, 1 x Peri Peri Fries, 1 x Chicken Pepperoni Pizza",,Flat Rs.200 off,1287.0,54.35,200.0,0.0,0.0,0.0,1141.35,5.0,,,,,12.05,2.4,Correctly,,8d4e75110ac9e8e942aff3026100b9c7f210d6bf6228c64e85103ee5582bb984,3
20635699,Aura Pizzas,Greater Kailash 2 (GK2),Delhi NCR,6162500077,"06:39 PM, September 08 2024",Delivered,Zomato Delivery,2km,"1 x Murgh Amritsari Seekh Pizza, 1 x Margherita Pizza, 1 x Indian Pico De-Gallo",,Flat Rs.200 off,1148.0,47.4,200.0,0.0,0.0,0.0,995.4,5.0,,,,,28.22,13.9,Correctly,,f75dc25650f8c420b704f504ec4e937537c5188d0c54c82ecc39aa4a7c62c92d,3
20635699,Aura Pizzas,Greater Kailash 2 (GK2),Delhi NCR,6164360070,"05:57 PM, September 08 2024",Delivered,Zomato Delivery,3km,"2 x Herbed Potato, 1 x Bageecha Pizza",,Flat Rs.200 off,1095.0,44.75,200.0,0.0,0.0,0.0,939.75,,,,,,21.85,17.5,Correctly,,0ed3d424acf806fd8354f4c9e8c0c5afb70ff401aee166d9e0811e5862330470,3
20635699,Aura Pizzas,Greater Kailash 2 (GK2),Delhi NCR,6159844875,"11:33 AM, September 08 2024",Delivered,Zomato Delivery,5km,"1 x Mushroom Pizza, 1 x Bageecha Pizza, 1 x Masala Potato Pide",,Flat Rs.200 off,1897.0,84.85,200.0,0.0,0.0,0.0,1781.85,,,,,,22.28,8.5,Correctly,,7949304430c57e3c166ec2da06e852846c61834c91212c5fcc00bf89a00a3dcf,3
20635699,Aura Pizzas,Greater Kailash 2 (GK2),Delhi NCR,6160610514,"08:48 PM, September 07 2024",Delivered,Zomato Delivery,2km,"1 x Bageecha Pizza, 1 x Cheesy Garlic Bread, 1 x Peri Peri Grilled Chicken Pizza",,Flat Rs.200 off,1457.0,62.85,200.0,0.0,0.0,0.0,1319.85,,,,,,20.52,0.6,Correctly,,a3730a7942438ceacf0e98487ea2dc2ab9b60046ff8399f253eff01fdece9b91,3
20635699,Aura Pizzas,Greater Kailash 2 (GK2),Delhi NCR,6149959826,"02:25 AM, September 07 2024",Rejected,Zomato Delivery,1km,"1 x Margherita Pizza, 2 x Cheesy Garlic Bread",,Buy 1 Get 1 - ₹299.00,758.0,37.9,0.0,0.0,0.0,0.0,795.9,,,Cancelled by Customer,318.36,,,,Missed,,d6afe1e0607129294f286ee619fa053f7912fcb31684b11f269dd113ff87ad2b,3
20635699,Aura Pizzas,Greater Kailash 2 (GK2),Delhi NCR,6150580042,"07:15 PM, September 06 2024",Delivered,Zomato Delivery,3km,"1 x Cheesy Garlic Bread, 1 x Margherita Pizza, 1 x Herbed Potato",,Buy 1 Get 1 - ₹239.00,607.0,30.35,0.0,0.0,0.0,0.0,637.35,,,,,,19.03,3.9,Correctly,,b64eade2d814bda0a3b16234e44400a4a9c0c44e5d6738a42e9e3c62b3d25723,3
20635699,Aura Pizzas,Greater Kailash 2 (GK2),Delhi NCR,6142704348,"08:13 PM, September 05 2024",Delivered,Zomato Delivery,1km,"1 x Herbed Potato, 1 x Spinach Sumac Pide, 1 x Mutton Seekh Pide",,,876.0,43.8,0.0,0.0,0.0,0.0,919.8,,,,,,19.82,0.3,Correctly,,5bc3e12bfceee73e8f735a4c67fe7358005e32bb9753ca3841ee2fc86206b70f,3
20635699,Aura Pizzas,Greater Kailash 2 (GK2),Delhi NCR,6152057401,"07:45 PM, September 04 2024",Delivered,Zomato Delivery,9km,"1 x Salted Fries, 1 x Bageecha Pizza, 1 x Spinach Sumac Pide",,Flat Rs.200 off,1097.0,44.85,200.0,0.0,0.0,0.0,941.85,,,,,,18.28,2.6,Correctly,,48a1c5545e860f93a849ba7022bea295e1ea5dfa1194f49276daf6a6001a123f,3
20635699,Aura Pizzas,Greater Kailash 2 (GK2),Delhi NCR,6145542847,"01:17 AM, September 04 2024",Delivered,Zomato Delivery,1km,"1 x Peri Peri Paneer Pizza, 1 x Bageecha Pizza, 1 x Chilli Cheese Garlic Bread",,Flat Rs.150 off,1437.0,66.25,112.0,0.0,0.0,0.0,1391.25,,,,,,16.47,0.7,Correctly,,8557bc8120106af4db4739272b29b7548efaa17072210c7e590ed55016bcae2b,3
20635699,Aura Pizzas,Greater Kailash 2 (GK2),Delhi NCR,6145197136,"02:27 AM, September 03 2024",Delivered,Zomato Delivery,4km,"1 x Harisa Mayo, 1 x Grilled Tangdis, 1 x Mutton Seekh Pizza",,,1177.0,58.85,0.0,0.0,0.0,0.0,1235.85,,,,,,16.35,0.4,Correctly,,9d641553ddfb131e9d4dc4cd990ad270190e766cd9b4dcb6d1a4723d5694db60,3
20635699,Aura Pizzas,Greater Kailash 2 (GK2),Delhi NCR,6144627263,"08:57 PM, September 02 2024",Delivered,Zomato Delivery,7km,"1 x Herbed Potato, 1 x Bageecha Pizza, 1 x Masala Paneer Pide",,Flat Rs.1050 off,1066.0,47.7,112.0,0.0,0.0,0.0,1001.7,,,,,,16.98,0.7,Correctly,,b5e8304e902c2127e194c546a76a4f829765d51fb7cfcb8bc8124d118b32c149,3
20635699,Aura Pizzas,Greater Kailash 2 (GK2),Delhi NCR,6135885301,"08:44 PM, September 02 2024",Delivered,Zomato Delivery,9km,"1 x Chilli Cheese Garlic Bread, 1 x Bageecha Pizza, 1 x Tipsy Tiger Ginger Ale",,Flat Rs.200 off,1056.05,42.8,200.0,0.0,0.0,0.0,898.85,,,,,,17.67,0.4,Correctly,,832f288805be1d3ce6491b426d424bea42bf59afc391fd9f33a16999af9fb190,3
20635699,Aura Pizzas,Greater Kailash 2 (GK2),Delhi NCR,6133001525,"11:07 PM, September 01 2024",Delivered,Zomato Delivery,3km,"1 x Garlic Aioli, 1 x Peri Peri Fries, 1 x Masala Paneer Pide",,Flat Rs.150 off,568.0,22.8,112.0,0.0,0.0,0.0,478.8,,,,,,10.93,0.4,Correctly,,f7fb3eda71733d5bf64b98b5a2c6605789995be9bbda72cc561a889b5e31d31b,3
20635699,Aura Pizzas,Greater Kailash 2 (GK2),Delhi NCR,6141546989,"07:31 PM, September 01 2024",Delivered,Zomato Delivery,3km,"1 x Peanut Butter Chocolate Pide, 1 x Bageecha Pizza, 1 x Iced Green Tea - Mojito",,Flat Rs.200 off,993.24,39.66,200.0,0.0,0.0,0.0,832.9,,,,,,19.87,0.9,Correctly,,55192513c3770d5dc1d21a0d6e850a008364de222ef7addca4815b3283e20e05,3
20635699,Aura Pizzas,Greater Kailash 2 (GK2),Delhi NCR,6140100070,"07:29 PM, September 01 2024",Delivered,Zomato Delivery,9km,"1 x Peri Peri Fries, 1 x Chilli Cheese Garlic Bread, 1 x Margherita Pizza",,Flat Rs.200 off,907.0,35.35,200.0,0.0,0.0,0.0,742.35,,,,,,17.5,9.1,Incorrectly,,dbbf860a693edf75962e0356fbb65225316de49937c92a09509b671c0439c581,3
20635699,Aura Pizzas,Greater Kailash 2 (GK2),Delhi NCR,6142775797,"06:04 PM, September 01 2024",Delivered,Zomato Delivery,1km,"1 x Grilled Tangdis, 1 x All About Chicken Pizza, 1 x Peri Peri Paneer Pizza",,Flat Rs.200 off,1507.0,65.35,200.0,0.0,0.0,0.0,1372.35,,,,,,21.72,2.6,Correctly,,8557bc8120106af4db4739272b29b7548efaa17072210c7e590ed55016bcae2b,3
20659868,Aura Pizzas,Sector 4,Delhi NCR,6165269156,"01:05 PM, September 10 2024",Delivered,Zomato Delivery,1km,"1 x Peri Peri Paneer Pizza, 1 x Chilli Cheese Garlic Bread, 1 x Makhani Paneer Pizza",,Flat Rs.125 off,1417.0,66.2,93.0,0.0,0.0,0.0,1390.2,,,,,,19.72,4.1,Correctly,,215d7ddd126444d9f952eb0ca6c9af336bc6b38a531b395a2a6ba60e4698571d,3
20659868,Aura Pizzas,Sector 4,Delhi NCR,6165265530,"08:39 PM, September 09 2024",Delivered,Zomato Delivery,7km,"1 x All About Chicken Pizza, 1 x Salted Fries, 1 x Margherita Pizza",,Flat Rs.125 off,1287.0,59.7,93.0,0.0,0.0,0.0,1253.7,,,,,,19.05,1.7,Correctly,,c75911a6fa25dd4885382df73845266aac04d1428df515af853f9773efe2de6e,3
20659868,Aura Pizzas,Sector 4,Delhi NCR,6166525023,"03:40 PM, September 09 2024",Delivered,Zomato Delivery,2km,"1 x Cheesy Garlic Bread, 1 x Margherita Pizza, 1 x Peri Peri Fries",,Flat Rs.125 off,887.0,39.7,93.0,0.0,0.0,0.0,833.7,,,,,,11.13,7.0,Incorrectly,,85321a528e39eed8e77d8401608584541d9cf4cc5af43853462e94aa3217e743,3
20659868,Aura Pizzas,Sector 4,Delhi NCR,6160703843,"08:47 PM, September 08 2024",Delivered,Zomato Delivery,8km,"1 x Cheesy Garlic Bread, 1 x Margherita Pizza, 1 x Jamaican Chicken Melt",,Flat Rs.125 off,1367.0,63.7,93.0,0.0,0.0,0.0,1337.7,,,,,,12.62,1.2,Correctly,,5d6a98449eab9308a823259113ad466e1b574ea6d331aa62cbea787e964a0c4c,3
20659868,Aura Pizzas,Sector 4,Delhi NCR,6142218831,"09:11 PM, September 07 2024",Delivered,Zomato Delivery,9km,"1 x Herbed Potato, 1 x Masala Paneer Pide, 1 x Spinach Sumac Pide",,Flat Rs.125 off,856.0,38.15,93.0,0.0,0.0,0.0,801.15,,,,,,22.55,2.3,Correctly,,d490f48ddcef6277e8ce9b92c3c1a3c5eaf86b3b9fa1b7821cbacdbe488a8300,3
20659868,Aura Pizzas,Sector 4,Delhi NCR,6150413153,"08:43 PM, September 07 2024",Delivered,Zomato Delivery,14km,"1 x Masala Paneer Pide, 1 x Bageecha Pizza, 1 x Peri Peri Fries",Order: please do NOT add the ginger on anything,Flat Rs.125 off,1167.0,53.7,93.0,0.0,0.0,0.0,1127.7,,,,,,7.03,1.5,Correctly,,a37d79d10b6589d1c371dd053b18d81728cc985f56468ff9f4e6445a005e5988,3
20659868,Aura Pizzas,Sector 4,Delhi NCR,6158183791,"04:08 PM, September 07 2024",Delivered,Zomato Delivery,11km,"1 x Bageecha Pizza, 1 x Salted Fries, 1 x Peri Peri Grilled Chicken Pizza",,Flat Rs.125 off,1387.0,64.7,93.0,0.0,0.0,0.0,1358.7,,,,,,24.3,11.5,Correctly,,0ffabf1fc7d205f8a5ca34673b5952d76cbe75dace856ae2c436ec54990375a1,3
20659868,Aura Pizzas,Sector 4,Delhi NCR,6158731942,"10:41 PM, September 06 2024",Delivered,Zomato Delivery,3km,"1 x Peri Peri Fries, 1 x Chilli Cheese Garlic Bread, 1 x Margherita Pizza",,Buy 1 Get 1 - ₹259.00,648.0,32.4,0.0,0.0,0.0,0.0,680.4,,,,,,22.22,9.7,Incorrectly,,b0d6e5f306ce65a2099d7bfc92ac25c63ec35d16167db1d2f0781bc8969d9f43,3
20659868,Aura Pizzas,Sector 4,Delhi NCR,6153107628,"07:17 PM, September 06 2024",Delivered,Zomato Delivery,6km,"2 x Cheesy Garlic Bread, 1 x Peri Peri Paneer Pizza",,Buy 1 Get 1 - ₹299.00,878.0,43.9,0.0,0.0,0.0,0.0,921.9,,,,,,16.52,1.3,Correctly,,849405350533335cf74fc6eb8eab2550ba283647c0c08353f2a3ffd0c46a6734,3
20659868,Aura Pizzas,Sector 4,Delhi NCR,6151576246,"10:54 PM, September 04 2024",Delivered,Zomato Delivery,7km,"1 x Margherita Pizza, 1 x Cheesy Garlic Bread, 1 x Mutton Seekh Pide",,Flat Rs.125 off,1156.0,53.15,93.0,0.0,0.0,0.0,1116.15,,,,,,16.58,5.0,Correctly,,8921c5ff684f4fc86948279b6d4b333f872af6c7854bf133bc9b08a494db91f1,3
20659868,Aura Pizzas,Sector 4,Delhi NCR,6149443339,"09:40 PM, September 03 2024",Delivered,Zomato Delivery,17km,"1 x Margherita Pizza, 1 x Bageecha Pizza, 1 x Peri Peri Fries",,Flat Rs.125 off,1247.0,57.7,93.0,0.0,0.0,0.0,1211.7,,,,,,19.85,7.4,Correctly,,dc4d8dc06acb143870faf8628889821f172cb789e4b0799acb0028cab9a77fa7,3
20659868,Aura Pizzas,Sector 4,Delhi NCR,6144868371,"11:04 PM, September 02 2024",Delivered,Zomato Delivery,6km,"1 x Indian Masala Fries, 1 x Spinach Sumac Pide, 1 x Just Pepperoni Pizza",,Flat 15% off,1515.0,64.39,227.25,0.0,0.0,0.0,1352.14,,,,,,12.2,1.0,Correctly,,8c07d1a98aa3fecf6e1bb776b76b58775045c241a7e14bc876c7b913d928e1d1,3
20659868,Aura Pizzas,Sector 4,Delhi NCR,6142923963,"01:12 PM, September 02 2024",Delivered,Zomato Delivery,1km,"1 x Bageecha Pizza, 1 x Herbed Potato, 1 x Peri Peri Grilled Chicken Pizza",,,1776.0,88.8,0.0,0.0,0.0,0.0,1864.8,,,,,,25.82,24.0,Correctly,,468dd7e8148e2f881bd9020f6d8a60749e41a3a9288e00b49200085c457f6676,3
20659868,Aura Pizzas,Sector 4,Delhi NCR,6138482449,"02:35 AM, September 02 2024",Delivered,Zomato Delivery,9km,"2 x Herbed Potato, 1 x Margherita Pizza",,Flat Rs.125 off,1185.0,54.6,93.0,0.0,0.0,0.0,1146.6,,,,,,15.6,5.7,Correctly,,cd2b5845fe0885ba59956e54c60c04de9573060cfb0c264102c4569c0755842a,3
20659868,Aura Pizzas,Sector 4,Delhi NCR,6145521453,"01:56 AM, September 02 2024",Delivered,Zomato Delivery,17km,"1 x Cheesy Garlic Bread, 1 x Mushroom Mozzarella Melt, 1 x Angara Paneer Melt",,Flat Rs.125 off,1314.0,61.05,93.0,0.0,0.0,0.0,1282.05,,,,,,12.42,4.9,Correctly,,42d8c322573dd902fa3ac8f799e2b4e0b33484c95b86d48fa7799203bf4d9507,3
20659868,Aura Pizzas,Sector 4,Delhi NCR,6142239387,"09:13 PM, September 01 2024",Delivered,Zomato Delivery,6km,"1 x Herbed Potato, 1 x Cheesy Garlic Bread, 1 x Bageecha Pizza",,Flat Rs.125 off,1124.0,51.55,93.0,0.0,0.0,0.0,1082.55,,,,,,18.18,1.1,Correctly,,1debbe63afe6fc27b065588e15a736d2f09465399874e7f4dd742be4c7ec2bb1,3
20659868,Aura Pizzas,Sector 4,Delhi NCR,6144323375,"07:34 PM, September 01 2024",Delivered,Zomato Delivery,9km,"1 x Bacon Pepperoni Melt, 1 x All About Chicken Pizza, 1 x Peri Peri Paneer Melt",,Flat 15% off,1717.0,72.97,257.55,0.0,0.0,0.0,1532.42,4.0,,,,,25.8,14.5,Incorrectly,,8b5c4d6170343fbee92a6e577268b8aa8492105bdacbb8c6d9c2855f9bad8a4f,3
20659868,Aura Pizzas,Sector 4,Delhi NCR,6135578111,"02:42 PM, September 01 2024",Delivered,Zomato Delivery,5km,"1 x Margherita Pizza, 2 x Indian Masala Fries",,50% off upto Rs.100,775.0,33.75,100.0,0.0,0.0,0.0,708.75,,,,,,15.85,7.2,Incorrectly,,8f273544686d71a4b1c05bb9e42c83f1caec556c4112019fe03dd58187dc597e,3
20659868,Aura Pizzas,Sector 4,Delhi NCR,6142111594,"02:57 AM, September 01 2024",Delivered,Zomato Delivery,4km,"1 x All About Chicken Pizza, 1 x Just Pepperoni Pizza, 1 x Indian Masala Fries",,Flat 15% off,1876.0,79.73,281.4,0.0,0.0,0.0,1674.33,,,,,,15.92,6.6,Incorrectly,,8925ca0ca287db263e38ce1a08d7c7f3174506834467114ca5cf1f73e15e10c0,3
20882652,Aura Pizzas,DLF Phase 1,Delhi NCR,6129464316,"08:26 PM, September 08 2024",Delivered,Zomato Delivery,<1km,"1 x Angara Paneer Melt, 1 x Tripple Cheese Pizza, 1 x Bellpepper Onion Pizza",,,1637.0,81.85,0.0,0.0,0.0,0.0,1718.85,,,,,,19.35,5.6,Correctly,,cebbfed4a79dc85bfbaa374978f185ffec96ccf0ec1b4ac920850ed88bec1cdf,3
20882652,Aura Pizzas,DLF Phase 1,Delhi NCR,6159595422,"08:26 PM, September 07 2024",Delivered,Zomato Delivery,1km,"1 x Just Pepperoni Pizza, 1 x Herbed Potato, 1 x Bageecha Pizza",,Flat Rs.200 off,1596.0,69.8,200.0,0.0,0.0,0.0,1465.8,,,,,,30.92,4.9,Incorrectly,,7782c3463923f259a162e7356bf0372211c3e1aaaaa078ab8fc440819031a0ef,3
20882652,Aura Pizzas,DLF Phase 1,Delhi NCR,6149330523,"09:21 PM, September 03 2024",Delivered,Zomato Delivery,9km,"1 x Murgh Amritsari Seekh Melt, 1 x All About Chicken Pizza, 1 x Chicken Pepperoni Pizza",,Flat Rs.200 off,1737.0,76.85,200.0,0.0,0.0,0.0,1613.85,,,,,,26.36,3.0,Correctly,,4ff5d85530e757da901a03957e93e5b620aa21c47aeaef2e282c1457b3583fd0,3
20882652,Aura Pizzas,DLF Phase 1,Delhi NCR,6141731187,"06:03 PM, September 03 2024",Delivered,Zomato Delivery,5km,"1 x Makhani Paneer Pizza, 1 x Indian Pico De-Gallo, 1 x Cheesy Garlic Bread",,,878.0,43.9,0.0,0.0,0.0,0.0,921.9,,,,,,18.99,13.2,Correctly,,9117d456dbce4229b134b03b774acac4168b80561aba368cf31ad6434e3cc927,3
20882652,Aura Pizzas,DLF Phase 1,Delhi NCR,6145268388,"10:58 PM, September 02 2024",Delivered,Zomato Delivery,8km,"1 x Murgh Amritsari Garlic Bread, 1 x Fried Chicken Strips, 1 x Peri Peri Fries",,50% off upto Rs.100,726.0,31.3,100.0,0.0,0.0,0.0,657.3,,,,,,27.78,3.3,Incorrectly,,48723bd5a992d6a6a05c822a71ef56357d5ac6a32cec6936ced377ebb69bc229,3
20882713,Swaad,DLF Phase 1,Delhi NCR,6152039815,"10:13 PM, September 06 2024",Delivered,Zomato Delivery,5km,"1 x Bone in Peri Peri Grilled Chicken, 1 x Bone in Jamaican Grilled Chicken, 1 x Fried Chicken Angara Tender",,Flat Rs.175 off,945.0,38.5,175.0,0.0,0.0,0.0,808.5,,,,,,32.48,15.5,Correctly,,71f49ca39921bf22d5e0cae6741428b0aab79dfe28d641aae2dc30759bf65c6c,3
20882713,Swaad,DLF Phase 1,Delhi NCR,6143375895,"07:05 PM, September 04 2024",Delivered,Zomato Delivery,3km,"2 x Bone in Angara Grilled Chicken, 1 x Indian Pico De-Gallo",,,680.0,18.5,0.0,310.0,0.0,0.0,388.5,,,,,,22.82,0.6,Correctly,,d93f88736b36b36ed7e5472b5ee30d608d5bb06119da0832f74aeecb7552dc3b,3
21077127,Aura Pizzas,Sector 135,Delhi NCR,6169919108,"07:58 PM, September 10 2024",Delivered,Zomato Delivery,3km,"1 x Chilli Cheese Garlic Bread, 1 x Peri Peri Fries, 1 x Bageecha Pizza",,Flat Rs.200 off,1247.0,52.35,200.0,0.0,0.0,0.0,1099.35,,,,,,13.75,0.3,Correctly,,bf71bdfff2fbff6b0f63903516087778261f970d9ded09a143fd0c5f2ba11e51,3
21077127,Aura Pizzas,Sector 135,Delhi NCR,6166342445,"03:46 PM, September 10 2024",Delivered,Zomato Delivery,17km,"1 x Margherita Pizza, 1 x Malai Gud Pide, 1 x Spinach Sumac Pide",,Flat Rs.200 off,1047.0,42.35,200.0,0.0,0.0,0.0,889.35,,,,,,20.72,1.3,Correctly,,c47f6bdd8c42938f16170d45f8b04bac50d625f92c041b6893cb8107cbade0a2,3
21077127,Aura Pizzas,Sector 135,Delhi NCR,6167178643,"10:13 PM, September 09 2024",Delivered,Zomato Delivery,3km,"1 x All About Chicken Pizza, 1 x Masala Paneer Pide, 1 x Malai Gud Pide",,Flat Rs.200 off,1237.0,51.85,200.0,0.0,0.0,0.0,1088.85,,,,,,22.43,9.4,Correctly,,c021c268099904e42f243228f6c71fc0a7c3ce330cc9bb544e8f4bcc4013f18b,3
21077127,Aura Pizzas,Sector 135,Delhi NCR,6162660034,"07:57 PM, September 09 2024",Delivered,Zomato Delivery,1km,"1 x Indian Masala Fries, 1 x Tripple Cheese Pizza, 1 x Herbed Potato",,Flat Rs.200 off,1066.0,43.3,200.0,0.0,0.0,0.0,909.3,,,,,,17.67,6.5,Correctly,,7e9993b6d39146242e85354e8565ba5122fc5f590ecda16e128245be4ddb546b,3
21077127,Aura Pizzas,Sector 135,Delhi NCR,6153066731,"09:34 PM, September 08 2024",Delivered,Zomato Delivery,1km,"1 x Makhani Paneer Pizza, 1 x Margherita Pizza, 1 x Bageecha Pizza",,,1637.0,81.85,0.0,0.0,0.0,0.0,1718.85,,,,,,15.35,0.3,Correctly,,4d79edc22d935df7387ca85db18091b56165f00914108b5dd9473ec2686a5f26,3
21077127,Aura Pizzas,Sector 135,Delhi NCR,6155425192,"07:12 PM, September 08 2024",Delivered,Zomato Delivery,4km,"1 x Cheesy Garlic Bread, 1 x Masala Paneer Pide, 1 x Bageecha Pizza",,,1357.0,67.85,0.0,0.0,0.0,0.0,1424.85,,,,,,19.52,0.3,Correctly,,796792c844c8377227c589c98f5663765c4f5af22e63401f9155b8e3e4973f02,3
21077127,Aura Pizzas,Sector 135,Delhi NCR,6160918696,"08:22 PM, September 07 2024",Delivered,Zomato Delivery,4km,"1 x Makhani Paneer Pizza, 1 x Bageecha Pizza, 1 x Cheesy Garlic Bread",,,1617.0,80.85,0.0,0.0,0.0,0.0,1697.85,,,,,,17.23,3.0,Correctly,,a05069187144589a230909ebc58bda4530943ceeda8f7d07bb2f14353ac08a1c,3
21077127,Aura Pizzas,Sector 135,Delhi NCR,6150261728,"07:49 PM, September 07 2024",Delivered,Zomato Delivery,6km,"1 x Cheesy Garlic Bread, 1 x Margherita Pizza, 1 x Indian Masala Fries",,60% off upto Rs.120,887.0,39.4,99.0,0.0,0.0,0.0,827.4,,,,,,17.82,6.2,Correctly,,6432d7d836935d4114f3aa631f76eb8c6cdc293237aeffba0db027ef6dd06f96,3
21077127,Aura Pizzas,Sector 135,Delhi NCR,6158438595,"03:42 PM, September 07 2024",Delivered,Zomato Delivery,1km,"1 x Chilli Cheese Garlic Bread, 1 x Tipsy Tiger Fresh Lime Soda, 1 x Bageecha Pizza",,Flat Rs.200 off,1037.05,41.85,200.0,0.0,0.0,0.0,878.9,,,,,,17.6,4.0,Correctly,,c5b52b627f12b40957faa5efeed31b43a24569de9a9fff5d9cbde9193b6ea3c8,3
21077127,Aura Pizzas,Sector 135,Delhi NCR,6154988458,"10:38 PM, September 05 2024",Delivered,Zomato Delivery,11km,"1 x Margherita Pizza, 1 x Chilli Cheese Garlic Bread, 1 x All About Chicken Pizza",,Flat Rs.200 off,1767.0,78.35,200.0,0.0,0.0,0.0,1645.35,,,,,,16.12,0.3,Correctly,,d1dc4f752571fdd6dd84e104d342a8c333e70e42041f617d3a75ddacc591e2e8,3
21077127,Aura Pizzas,Sector 135,Delhi NCR,6152830219,"08:13 PM, September 05 2024",Delivered,Zomato Delivery,1km,"1 x OG Cheese Pide, 1 x Indian Masala Fries, 1 x Bageecha Pizza",,Flat Rs.200 off,1275.0,53.75,200.0,0.0,0.0,0.0,1128.75,,,,,,18.53,2.2,Correctly,,89f6dea676962bed53fe47903de171c09ec1652105da6ba527bece70b97c9fe7,3
21077127,Aura Pizzas,Sector 135,Delhi NCR,6149328487,"08:24 PM, September 04 2024",Delivered,Zomato Delivery,5km,"1 x Fried Chicken Strips, 1 x All About Chicken Pizza, 1 x Murgh Amritsari Garlic Bread",,Flat Rs.200 off,1197.0,49.85,200.0,0.0,0.0,0.0,1046.85,,,,,,22.12,0.9,Correctly,,bfca9a423f2ccfa5d6ee5d1c101db38d7c4a0123b4e2fd5190dcdd64e8e49b36,3
21077127,Aura Pizzas,Sector 135,Delhi NCR,6146179179,"08:39 PM, September 03 2024",Delivered,Zomato Delivery,3km,"1 x Chilli Cheese Garlic Bread, 1 x Makhani Paneer Pizza, 1 x Jamaican Chicken Melt",,Flat Rs.200 off,1566.0,68.3,200.0,0.0,0.0,0.0,1434.3,,,,,,21.1,8.0,Correctly,,6743bb1bb30127b400e7400dfa0795e0132a94bf7fa55aba72873a2a2f9541ab,3
21077127,Aura Pizzas,Sector 135,Delhi NCR,6144024574,"05:10 PM, September 02 2024",Delivered,Zomato Delivery,4km,"1 x Bageecha Pizza, 1 x Chilli Cheese Garlic Bread, 1 x Herbed Potato",Order: Less cheese in garlic bread and more toppings,Flat Rs.200 off,1115.0,45.75,200.0,0.0,0.0,0.0,960.75,,,,,,17.13,0.4,Correctly,,7a49f3c8ad6937f8d6f0a94f9e5ed42a92cedfa51b8196a6e708271bafd44965,3
21077127,Aura Pizzas,Sector 135,Delhi NCR,6142790214,"06:14 PM, September 01 2024",Delivered,Zomato Delivery,5km,"1 x Chilli Cheese Garlic Bread, 1 x Jamaican Chicken Melt, 1 x Angara Paneer Melt",,Flat Rs.200 off,1187.0,49.35,200.0,0.0,0.0,0.0,1036.35,,,,,,24.15,13.3,Correctly,,ecf36069ac3b95bbae46acba6fc5f27a2ecb03d5b36b97617b56dad2e3adece4,3
21173951,Aura Pizzas,Vasant Kunj,Delhi NCR,6165879201,"07:52 PM, September 09 2024",Delivered,Zomato Delivery,3km,"1 x Spinach Sumac Pide, 1 x Salted Fries, 1 x Mushroom Mozzarella Melt",,,1067.0,53.35,0.0,0.0,0.0,0.0,1120.35,,,,,,22.9,6.4,Correctly,,8b7ee1713211cb2b72652abd7b68522ecd5ec4444c0c3ac7742617fd88f49bfa,3
21173951,Aura Pizzas,Vasant Kunj,Delhi NCR,6143166291,"08:28 PM, September 01 2024",Delivered,Zomato Delivery,2km,"1 x Makhani Paneer Pizza, 1 x Jamaican Chicken Melt, 1 x Chilli Cheese Garlic Bread",,Flat Rs.200 off,1377.0,58.85,200.0,0.0,0.0,0.0,1235.85,,,,,,16.48,0.7,Correctly,,9df7baef2acd5f941f5f3e96464237434215343a67b8df34b5054eef1de8e229,3
21173951,Aura Pizzas,Vasant Kunj,Delhi NCR,6140292407,"01:30 PM, September 01 2024",Delivered,Zomato Delivery,2km,"1 x Malai Gud Pide, 1 x Murgh Amritsari Seekh Pizza, 1 x Jamaican Chicken Melt",,Flat Rs.200 off,1367.0,58.35,200.0,0.0,0.0,0.0,1225.35,5.0,,,,,28.23,11.0,Correctly,,d04ac7f469e1f5a824e98d168dd57cf4b527dfdee2304d524e518080ba93d779,3
21309083,Swaad,Sector 135,Delhi NCR,6165956157,"11:56 PM, September 09 2024",Delivered,Zomato Delivery,4km,"1 x Bone in Jamaican Grilled Chicken, 1 x Onion Bombs, 1 x Animal Fries",,,1218.0,60.9,0.0,0.0,0.0,0.0,1278.9,,,,,,20.75,16.8,Correctly,,56043a88a8dec96e0273ec6f71a93223700fdbf8ce339f58614f2600998adb6e,3
21309083,Swaad,Sector 135,Delhi NCR,6158264402,"11:54 PM, September 07 2024",Delivered,Zomato Delivery,16km,"1 x Animal Fries, 1 x Peri Peri Krispers, 1 x Bone in Smoky Bbq Grilled Chicken",,,1139.0,56.95,0.0,0.0,0.0,0.0,1195.95,,,,,,29.98,22.7,Correctly,,ce3386e5ea1fd397683aa6ab617419e25ba1afd2831c6dae1f09f1ae782656df,3
21309083,Swaad,Sector 135,Delhi NCR,6149843177,"10:23 PM, September 05 2024",Delivered,Zomato Delivery,4km,"1 x Fried Chicken Classic Tender, 1 x Bone in Jamaican Grilled Chicken, 1 x Animal Fries",,,990.0,49.5,0.0,0.0,0.0,0.0,1039.5,,,,,,22.77,0.5,Correctly,,71518fd90d064d21a757b056f774a298a5734c3f6c29a456f3ecca520de9b009,3
21309083,Swaad,Sector 135,Delhi NCR,6145348947,"03:16 PM, September 02 2024",Delivered,Zomato Delivery,2km,"1 x Bone in Jamaican Grilled Chicken, 2 x Salted Fries",,,1033.0,51.65,0.0,0.0,0.0,0.0,1084.65,,,,,,28.48,13.4,Correctly,,be8dd511b227518522b1f86c88f46f384588f7d38500db5325b26c6229deba98,3
20320607,Swaad,Sector 4,Delhi NCR,6194977635,"02:19 PM, September 20 2024",Delivered,Zomato Delivery,8km,"1 x Fried Chicken Angara Tender, 1 x Onion Bombs, 1 x Grilled Chicken Peri Peri Tender",,50% off upto Rs.100,793.0,34.65,100.0,0.0,0.0,0.0,727.65,,,,,,22.33,11.9,Correctly,,390cc4c8047af4e52c34457a3e45728582105c712fff94a08d85a7ca2ee96067,3
20320607,Swaad,Sector 4,Delhi NCR,6195180959,"01:20 PM, September 20 2024",Delivered,Zomato Delivery,9km,"1 x India Dynamite sauce, 1 x Grilled Chicken Angara Tender, 1 x Fried Chicken Angara Tender",,50% off upto Rs.100,695.0,29.75,100.0,0.0,0.0,0.0,624.75,,,,,,14.95,2.6,Correctly,,94e16671e7eff3ccc6c5ef974b1743a49dd5ceb9bceb60ddf5b2eebcf0267505,3
20320607,Swaad,Sector 4,Delhi NCR,6189066675,"06:15 PM, September 19 2024",Delivered,Zomato Delivery,3km,"1 x Fried Chicken Angara Tender, 1 x Bone in Jamaican Grilled Chicken, 1 x Animal Fries",,50% off upto Rs.100,1265.0,58.25,100.0,0.0,0.0,0.0,1223.25,,,,,,24.37,13.4,Correctly,,616229dde0ea4c6d5b955a1674e809ab109dccbb7eb2627e68c42089f9041262,3
20320607,Swaad,Sector 4,Delhi NCR,6192259790,"09:57 PM, September 18 2024",Delivered,Zomato Delivery,6km,"1 x Grilled Chicken Jamaican Tangdi, 1 x Fried Chicken Classic Tender, 1 x AAC Grilled Chicken Burger",,Flat Rs.586 off,1105.0,52.75,50.0,0.0,0.0,0.0,1107.75,,,,,,21.28,8.5,Correctly,,737fa59984a9e1d7daa219b6ea399b945c79cb1265302168996420f2aee9b686,3
20320607,Swaad,Sector 4,Delhi NCR,6190228770,"02:22 AM, September 18 2024",Delivered,Zomato Delivery,12km,"1 x Bone in Jamaican Grilled Chicken, 1 x Fried Chicken Peri Peri Tender, 1 x Bone in Kabuli Grilled Chicken",,Flat Rs.175 off,945.0,38.5,175.0,0.0,0.0,0.0,808.5,,,,,,12.93,5.8,Incorrectly,,cda7e7a06978a87ca52dc98644e464fd176ddb4ccc35f38aab0d9baeaa79533f,3
20320607,Swaad,Sector 4,Delhi NCR,6181298181,"08:27 PM, September 14 2024",Delivered,Zomato Delivery,7km,"1 x Grilled Chicken Jamaican Tangdi, 1 x Indian Honey Mustard sauce, 1 x Grilled Chicken Angara Tangdi",,Flat Rs.175 off,870.0,34.75,175.0,0.0,0.0,0.0,729.75,5.0,,,,,16.27,1.6,Correctly,,3ecd6d924ec0a06f00dc0d5810275e8bddae97578a52655f3dffe4f5c6d190e0,3
20320607,Swaad,Sector 4,Delhi NCR,6176607278,"12:37 AM, September 13 2024",Delivered,Zomato Delivery,1km,"1 x Fried Chicken Peri Peri Tender, 1 x Bone in Jamaican Grilled Chicken, 1 x Peri Peri Krispers",,Flat Rs.175 off,969.0,39.7,175.0,0.0,0.0,0.0,833.7,,,,,,16.13,6.2,Incorrectly,,689c755bb1564424dbe5ee318e9c6024f515187d86f9794899d25c7ef75ecf0f,3
20554001,Swaad,Greater Kailash 2 (GK2),Delhi NCR,6197938829,"10:02 PM, September 20 2024",Delivered,Zomato Delivery,3km,"1 x Bone in Peri Peri Grilled Chicken, 2 x Grilled Chicken Peri Peri Tangdi",,Flat Rs.175 off,1120.0,47.25,175.0,0.0,0.0,0.0,992.25,,,,,,17.0,1.9,Correctly,,c062c9b81474d640994677faa2e38fa448cfed2318b610b1501b0de161366f8c,3
20554001,Swaad,Greater Kailash 2 (GK2),Delhi NCR,6192888920,"07:40 PM, September 20 2024",Delivered,Zomato Delivery,2km,"1 x AAC Signature Fries, 1 x Bone in Smoky Bbq Grilled Chicken, 1 x Grilled Chicken Smoky BBQ Tender",,Flat Rs.175 off,1204.0,51.45,175.0,0.0,0.0,0.0,1080.45,,,,,,22.32,10.2,Correctly,,aa3a4ced65e45817f46709a84eb9bea7787112ec53828725d4024bd01029a2f0,3
20554001,Swaad,Greater Kailash 2 (GK2),Delhi NCR,6187255879,"01:11 AM, September 20 2024",Delivered,Zomato Delivery,6km,"1 x Grilled Chicken Jamaican Tender, 1 x Garlic Aioli, 1 x Jamaican Sauce",,50% off upto Rs.100,555.0,22.75,100.0,0.0,0.0,0.0,477.75,,,,,,12.15,0.4,Correctly,,758c5d4cb200d49f853dfbab2eeace17db9fef951e45feef7f738abca0e363b0,3
20554001,Swaad,Greater Kailash 2 (GK2),Delhi NCR,6196158910,"09:04 PM, September 19 2024",Delivered,Zomato Delivery,5km,"1 x Grilled Chicken Jamaican Tender, 1 x Fried Chicken Peri Peri Tender, 1 x Garlic Aioli",,40% off upto Rs.80,695.0,30.75,80.0,0.0,0.0,0.0,645.75,,,,,,15.78,0.3,Correctly,,309cbe50cae59bd7f29b64042bdd39bc0212e6cf59726971294ce94f04ec7c31,3
20554001,Swaad,Greater Kailash 2 (GK2),Delhi NCR,6191082433,"04:45 PM, September 19 2024",Delivered,Zomato Delivery,1km,"1 x Grilled Chicken Jamaican Tender, 1 x Bone in Kabuli Grilled Chicken, 1 x Bone in Smoky Bbq Grilled Chicken",,Flat Rs.175 off,1590.0,70.75,175.0,0.0,0.0,0.0,1485.75,,,,,,26.47,6.7,Correctly,,2d9afe32e2bd8e839092376b86d77795f69d64da3fa2d5a7e96561845afada34,3
20554001,Swaad,Greater Kailash 2 (GK2),Delhi NCR,6173410591,"07:42 PM, September 17 2024",Delivered,Zomato Delivery,<1km,"1 x AAC Signature Fries, 1 x Fried Chicken Peri Peri Tender, 1 x Grilled Chicken Angara Tender",,Flat Rs.175 off,824.0,32.45,175.0,0.0,0.0,0.0,681.45,,,,,,16.73,0.6,Correctly,,3a17eb5b952cb8d00c01e277147e66240cdbbb2c58604071921c01a054b473d1,3
20554001,Swaad,Greater Kailash 2 (GK2),Delhi NCR,6186827345,"08:20 PM, September 16 2024",Delivered,Zomato Delivery,1km,"1 x Grilled Chicken Smoky BBQ Tender, 1 x Grilled Chicken Jamaican Tender, 1 x AAC Signature Fries",,Flat Rs.175 off,934.0,37.95,175.0,0.0,0.0,0.0,796.95,,,,,,15.03,0.9,Correctly,,a124c3498fef2093feb543a3e3be4c567fed0626b36687bf891e66deccd4c47b,3
20554001,Swaad,Greater Kailash 2 (GK2),Delhi NCR,6179900703,"08:25 PM, September 15 2024",Delivered,Zomato Delivery,1km,"1 x Angara Rice, 1 x Grilled Chicken Smoky BBQ Tender, 1 x Bone in Kabuli Grilled Chicken",,Flat Rs.175 off,893.0,35.9,175.0,0.0,0.0,0.0,753.9,,,,,,20.97,0.5,Correctly,,89310375b73d367b4a652c57565263ee08681e2c593c56bac2c7c37f7251ee57,3
20554001,Swaad,Greater Kailash 2 (GK2),Delhi NCR,6171785490,"09:08 PM, September 14 2024",Delivered,Zomato Delivery,1km,"1 x Grilled Chicken Jamaican Tangdi, 1 x Fried Chicken Peri Peri Tender, 1 x Grilled Chicken Peri Peri Tangdi",,,1365.0,68.25,0.0,0.0,0.0,0.0,1433.25,,,,,,28.42,8.6,Correctly,,003671a5324f53acf8b069976c75046e0bc7a29bc23fcc10ba33bc44aec2260a,3
20554001,Swaad,Greater Kailash 2 (GK2),Delhi NCR,6180963114,"07:46 PM, September 14 2024",Delivered,Zomato Delivery,1km,"1 x Bone in Jamaican Grilled Chicken, 1 x Grilled Chicken Smoky BBQ Tender, 1 x Fried Chicken Classic Tender",,Flat Rs.175 off,1220.0,52.25,175.0,0.0,0.0,0.0,1097.25,5.0,,,,,19.47,0.5,Correctly,,b0785edec2b70c7e9ae5d2c34ef07b85cf57a2c47e32dfa963ae635995b7ce9b,3
20554001,Swaad,Greater Kailash 2 (GK2),Delhi NCR,6175603494,"06:16 PM, September 14 2024",Delivered,Zomato Delivery,11km,"1 x Grilled Chicken Jamaican Tender, 1 x Harisa Mayo, 1 x Animal Fries",,Flat Rs.175 off,850.0,33.75,175.0,0.0,0.0,0.0,708.75,,,,,,15.35,0.3,Correctly,,ab1f0b6452c1705e790439fefa45ea639b89ab92e4a4108b755fddf05af09b80,3
20554001,Swaad,Greater Kailash 2 (GK2),Delhi NCR,6178495535,"09:13 PM, September 13 2024",Delivered,Zomato Delivery,<1km,"1 x Peri Peri Fries, 1 x Bone in Smoky Bbq Grilled Chicken, 1 x Bone in Jamaican Grilled Chicken",,Flat Rs.175 off,869.0,34.7,175.0,0.0,0.0,0.0,728.7,,,,,,16.37,0.3,Correctly,,314a2289755001ca8ed44229be4e2c16387c0cda1cf9e7db51d85228bd6042ec,3
20554001,Swaad,Greater Kailash 2 (GK2),Delhi NCR,6171930724,"06:59 PM, September 11 2024",Delivered,Zomato Delivery,1km,"1 x Bone in Peri Peri Grilled Chicken, 2 x Bone in Jamaican Grilled Chicken",,,2035.0,72.5,0.0,585.0,0.0,0.0,1522.5,5.0,,,,,20.23,3.7,Correctly,,2faade2ec7e9d2a0004268b309d7c6bdf877c4db0e9d424e51d4767d6616229a,3
20554001,Swaad,Greater Kailash 2 (GK2),Delhi NCR,6170558219,"01:40 PM, September 11 2024",Delivered,Zomato Delivery,10km,"1 x Grilled Chicken Jamaican Tender, 1 x Tipsy Tiger Fresh Lime Soda, 1 x Grilled Chicken Peri Peri Tender",,,739.05,21.45,0.0,310.0,0.0,0.0,450.5,,,,,,22.85,7.2,Correctly,,1b77211d22f8a2202d03bfd70b641b59df510e68b615201c02676c54b5812f38,3
20635699,Aura Pizzas,Greater Kailash 2 (GK2),Delhi NCR,6198200207,"07:55 PM, September 20 2024",Delivered,Zomato Delivery,7km,"1 x Chilli Cheese Garlic Bread, 1 x Murgh Amritsari Seekh Pizza, 1 x Bageecha Pizza",,Flat Rs.200 off,1547.0,67.35,200.0,0.0,0.0,0.0,1414.35,5.0,,,,,18.17,0.5,Correctly,,00d3ca94468f2d1fb506d8ecdccf18d71eb1922239a1902bdcf32a0607b753c3,3
20635699,Aura Pizzas,Greater Kailash 2 (GK2),Delhi NCR,6194772993,"12:34 PM, September 20 2024",Delivered,Zomato Delivery,5km,"1 x Makhani Paneer Pizza, 1 x Mutton Seekh Pizza, 1 x Peri Peri Crisper Fries",,Flat Rs.200 off,1457.0,62.85,200.0,0.0,0.0,0.0,1319.85,,,,,,20.48,0.3,Correctly,,ff729de85a72cae609c0016f30f0ccc1f37452385ecedafd4635aeafdc7bebf3,3
20635699,Aura Pizzas,Greater Kailash 2 (GK2),Delhi NCR,6192196478,"10:57 PM, September 18 2024",Delivered,Zomato Delivery,3km,"1 x Tipsy Tiger Fresh Lime Soda, 1 x Tipsy Tiger Ginger Ale, 1 x Angara Paneer Melt",,,687.1,34.36,0.0,0.0,0.0,0.0,721.46,,,,,,13.5,0.2,Correctly,,17b005dbb01d42dc386f2b5a057381be2839fbb0c6ee413074812239aa8d797e,3
20635699,Aura Pizzas,Greater Kailash 2 (GK2),Delhi NCR,6186394517,"08:57 PM, September 17 2024",Delivered,Zomato Delivery,1km,"1 x Murgh Amritsari Garlic Bread, 1 x Margherita Pizza, 1 x Indian Masala Cripser Fries",,Flat Rs.200 off,1137.0,46.85,200.0,0.0,0.0,0.0,983.85,,,,,,15.03,0.3,Correctly,,51518ebbcfbf8a2f36640f5744fc078564998a30aa69aec02f703d4ca60ccaac,3
20635699,Aura Pizzas,Greater Kailash 2 (GK2),Delhi NCR,6181757060,"07:14 PM, September 15 2024",Delivered,Zomato Delivery,1km,3 x Cheesy Garlic Bread,,Flat Rs.150 off,717.0,30.25,112.0,0.0,0.0,0.0,635.25,,,,,,12.48,4.0,Correctly,,ea2adee74cc4348e6c24a08e6388de5f684caf303aa7a5839fc811715acd5c77,3
20635699,Aura Pizzas,Greater Kailash 2 (GK2),Delhi NCR,6180067459,"01:49 PM, September 14 2024",Delivered,Zomato Delivery,3km,"1 x Bageecha Pizza, 2 x Cheesy Garlic Bread",,Buy 1 Get 1 - ₹239.00,838.0,41.9,0.0,0.0,0.0,0.0,879.9,,,,,,13.45,2.7,Correctly,,f584ef68a5faeb73dc2fd9b17a908fae3be71e4dfdf5db13c82a7f1aa1e71451,3
20635699,Aura Pizzas,Greater Kailash 2 (GK2),Delhi NCR,6176970749,"02:37 AM, September 14 2024",Delivered,Zomato Delivery,2km,"1 x Cheesy Garlic Bread, 1 x Chilli Cheese Garlic Bread, 1 x OG Cheese Pide",,Flat Rs.150 off,847.0,36.75,112.0,0.0,0.0,0.0,771.75,3.0,,,,,38.68,21.9,Correctly,,18879486b4c99aa2c723d826291caa93f2ebee8339af189b45daa3a5f6c1e74a,3
20635699,Aura Pizzas,Greater Kailash 2 (GK2),Delhi NCR,6179349707,"11:47 PM, September 13 2024",Delivered,Zomato Delivery,4km,"1 x Peri Peri Fries, 1 x Cheesy Garlic Bread, 1 x Tripple Cheese Pizza",,Flat Rs.200 off,1256.0,52.8,200.0,0.0,0.0,0.0,1108.8,,,,,,19.3,1.1,Correctly,,cf2f851aa4ed15d30bef7249428a032691d889b531af230031dc865574c4891f,3
20635699,Aura Pizzas,Greater Kailash 2 (GK2),Delhi NCR,6178706313,"08:39 PM, September 13 2024",Delivered,Zomato Delivery,1km,"1 x Peanut Butter Chocolate Pide, 1 x Murgh Amritsari Seekh Pizza, 1 x Bellpepper Onion Pizza",,Flat Rs.200 off,1507.0,65.35,200.0,0.0,0.0,0.0,1372.35,5.0,,,,,30.58,0.6,Correctly,,e8ffa0cf1afa07ed71bbab01065c164762196316389fc6637ffef11e39b18f73,3
20635699,Aura Pizzas,Greater Kailash 2 (GK2),Delhi NCR,6178241277,"08:06 PM, September 13 2024",Delivered,Zomato Delivery,<1km,"1 x Malai Gud Pide, 1 x Grilled Tangdis, 1 x Murgh Amritsari Garlic Bread",,Flat Rs.150 off,817.0,35.25,112.0,0.0,0.0,0.0,740.25,,,,,,16.6,0.3,Correctly,,43405084a59028be62b81051897986f7d5a3722dfb4ad9a63a9b07233c2e8963,3
20635699,Aura Pizzas,Greater Kailash 2 (GK2),Delhi NCR,6172746408,"07:14 PM, September 13 2024",Delivered,Zomato Delivery,1km,"1 x Cheesy Garlic Bread, 1 x Jamaican Chicken Melt, 1 x OG Cheese Pide",,,1067.0,53.35,0.0,0.0,0.0,0.0,1120.35,5.0,"Great pizza, the pide was out of this world. Might seem expensive at first glance but the portions have great value for money.",,,,16.02,3.8,Incorrectly,,ccbe3dd9e4e83a7cc3a464f2af7c367a9cca1bb60c18c49ccc0b7ecedcabc9db,3
20635699,Aura Pizzas,Greater Kailash 2 (GK2),Delhi NCR,6174810449,"12:07 AM, September 13 2024",Delivered,Zomato Delivery,1km,"1 x Murgh Amritsari Garlic Bread, 1 x Fried Chicken Strips, 1 x Jamaican Chicken Melt",,Flat Rs.200 off,957.0,37.85,200.0,0.0,0.0,0.0,794.85,,,,,,13.98,0.5,Correctly,,26ad606c8aabc894237a63eb25147bcd5c9fc35cd5864921c253ff9fb3da92db,3
20635699,Aura Pizzas,Greater Kailash 2 (GK2),Delhi NCR,6172670703,"09:46 PM, September 12 2024",Delivered,Zomato Delivery,2km,"1 x Pepperoni Garlic Bread, 1 x Crushed Papad, 1 x Margherita Pizza",,Flat Rs.150 off,798.0,34.3,112.0,0.0,0.0,0.0,720.3,,,,,,21.45,7.0,Incorrectly,,480a2dcb5ca3e8e67ae725d32f6add9b013f837d4c8fc96a776905404dc92808,3
20635699,Aura Pizzas,Greater Kailash 2 (GK2),Delhi NCR,6175300724,"08:12 PM, September 12 2024",Delivered,Zomato Delivery,6km,"1 x All About Chicken Pizza, 1 x Peri Peri Fries, 1 x Grilled Tangdis",,Flat Rs.200 off,1317.0,55.85,200.0,0.0,0.0,0.0,1172.85,,,,,,20.75,2.6,Correctly,,435cd8ab7e1f1246ba82193d877bd9637ad1979fe7d384e81f251cf4bdbc6f2c,3
20635699,Aura Pizzas,Greater Kailash 2 (GK2),Delhi NCR,6172736866,"02:05 AM, September 12 2024",Delivered,Zomato Delivery,4km,"1 x All About Chicken Pizza, 1 x Grilled Tangdis, 1 x Salted Fries",,Flat Rs.150 off,1157.0,52.25,112.0,0.0,0.0,0.0,1097.25,,,,,,19.55,2.3,Correctly,,da0122a9cc545f6419ec7a8d5757f16d08a30168a226f40f3b4efc782620f2b5,3
20659868,Aura Pizzas,Sector 4,Delhi NCR,6194709336,"11:54 PM, September 20 2024",Delivered,Zomato Delivery,9km,"1 x Herbed Potato, 1 x Makhani Paneer Pizza, 1 x Masala Paneer Pide",,Flat Rs.125 off,1046.0,47.65,93.0,0.0,0.0,0.0,1000.65,,,,,,13.8,1.4,Correctly,,2678688fcbe7a868a86c8ddd66cc78fa459eebc474bf7619ab1868fa6046be6c,3
20659868,Aura Pizzas,Sector 4,Delhi NCR,6194287835,"07:26 PM, September 20 2024",Delivered,Zomato Delivery,2km,"1 x Margherita Pizza, 1 x Herbed Potato, 1 x Mushroom Pizza",,Flat Rs.200 off,1216.0,56.1,94.0,0.0,0.0,0.0,1178.1,,,,,,19.88,12.3,Correctly,,2aebb3100021a3f656a67bfd6c9b647621c0e55993b2e80341b9dbc6b050ad68,3
20659868,Aura Pizzas,Sector 4,Delhi NCR,6193090864,"04:45 PM, September 20 2024",Delivered,Zomato Delivery,8km,"1 x Herbed Potato, 1 x Malai Gud Pide, 1 x Margherita Pizza",,Flat Rs.125 off,1056.0,48.15,93.0,0.0,0.0,0.0,1011.15,,,,,,23.98,17.2,Correctly,,fd599194b8815a42dc6a97862d19bbe0446ad4000a29d28daab16060b1160f38,3
20659868,Aura Pizzas,Sector 4,Delhi NCR,6191018849,"02:10 PM, September 20 2024",Delivered,Zomato Delivery,3km,"1 x Herbed Potato, 1 x Crushed Papad, 1 x Bageecha Pizza",,Flat Rs.125 off,807.0,35.7,93.0,0.0,0.0,0.0,749.7,,,,,,17.23,8.9,Correctly,,4e0734b9140dc6b39e00f8d46443e2db913f61250a7e7154c5545e9a59556cfb,3
20659868,Aura Pizzas,Sector 4,Delhi NCR,6193550746,"11:09 AM, September 20 2024",Delivered,Zomato Delivery,10km,"1 x Makhani Paneer Pizza, 1 x All About Chicken Pizza, 1 x Chilli Cheese Garlic Bread",,Flat 15% off,1916.0,81.43,287.4,0.0,0.0,0.0,1710.03,,,,,,20.75,6.5,Correctly,,25837c6c1bdd168ce00a9d674a00b2e96db4d2412f891e0c6be3f71cd4e128d5,3
20659868,Aura Pizzas,Sector 4,Delhi NCR,6154858291,"06:56 PM, September 18 2024",Delivered,Zomato Delivery,1km,"1 x Cheesy Garlic Bread, 1 x Peri Peri Crisper Fries, 1 x Harisa Mayo",,Flat Rs.125 off,617.0,26.2,93.0,0.0,0.0,0.0,550.2,,,,,,16.27,1.1,Correctly,,92992d72bd86a7a67b4b748f7cd943bc7306b496bac9d8881de654d56a63d220,3
20659868,Aura Pizzas,Sector 4,Delhi NCR,6188670661,"10:30 PM, September 17 2024",Delivered,Zomato Delivery,10km,"1 x Tipsy Tiger Ginger Ale, 1 x Bageecha Pizza, 1 x Herbed Potato",,Flat Rs.125 off,1066.05,48.65,93.0,0.0,0.0,0.0,1021.7,3.0,,,,,22.57,10.7,Correctly,,faa66f5da4d685ed73f5116eb7fcf032d1887995a7b813cb19eb8db87a1d5f33,3
20659868,Aura Pizzas,Sector 4,Delhi NCR,6190393486,"10:11 PM, September 17 2024",Delivered,Zomato Delivery,4km,"1 x Makhani Paneer Pizza, 1 x Peri Peri Paneer Pizza, 1 x Bageecha Pizza",,Flat 15% off,1757.0,74.67,263.55,0.0,0.0,0.0,1568.12,,,,,,17.57,1.0,Correctly,,83c665de41afbf5941654c91fa6bd109f01da6e4933cbfb752879752d770b622,3
20659868,Aura Pizzas,Sector 4,Delhi NCR,6190407658,"06:48 PM, September 17 2024",Delivered,Zomato Delivery,4km,"1 x Herbed Potato, 1 x Tripple Cheese Pizza, 1 x Bageecha Pizza",,,1496.0,74.8,0.0,0.0,0.0,0.0,1570.8,,,,,,26.13,1.0,Correctly,,e393c2f89ee443a9e264be601db49a3641e3d29804b140aad468deb1bc279b76,3
20659868,Aura Pizzas,Sector 4,Delhi NCR,6189066354,"06:19 PM, September 17 2024",Delivered,Zomato Delivery,5km,"1 x Mushroom Mozzarella Melt, 1 x Chilli Cheese Garlic Bread, 1 x Peri Peri Crisper Fries",,Flat Rs.125 off,907.0,40.7,93.0,0.0,0.0,0.0,854.7,,,,,,19.2,2.1,Correctly,,b194918bffdbe379486dc5379a94193baa4731f21c52c161dd9c6209559ee68a,3
20659868,Aura Pizzas,Sector 4,Delhi NCR,6158002675,"07:34 PM, September 16 2024",Delivered,Zomato Delivery,2km,3 x Fried Chicken Strips,,Flat Rs.125 off,567.0,23.7,93.0,0.0,0.0,0.0,497.7,,,,,,16.3,10.9,Incorrectly,,a6ac4f55894822141d122ad1e5e0d105d07d0841a9608b8a48f282ed130658dc,3
20659868,Aura Pizzas,Sector 4,Delhi NCR,6176108348,"12:47 PM, September 16 2024",Delivered,Zomato Delivery,6km,"1 x Peri Peri Grilled Chicken Pizza, 1 x Crushed Papad, 1 x Indian Masala Fries",,Flat Rs.125 off,837.0,37.2,93.0,0.0,0.0,0.0,781.2,,,,,,17.67,13.6,Correctly,,0a0ef31fa8d77e38185d3aba6d1bda1f34f62a0badb8b9cc434e338573534943,3
20659868,Aura Pizzas,Sector 4,Delhi NCR,6185229582,"09:04 PM, September 15 2024",Delivered,Zomato Delivery,3km,"1 x Jamaican Chicken Melt, 1 x Bageecha Pizza, 1 x Malai Gud Pide",,Flat Rs.125 off,1337.0,62.2,93.0,0.0,0.0,0.0,1306.2,,,,,,20.95,11.5,Correctly,,398d45adfbc9c6d6219e31441183133dd07d97093c03a0b226d3cc4009a2c548,3
20659868,Aura Pizzas,Sector 4,Delhi NCR,6181788798,"03:40 AM, September 15 2024",Delivered,Zomato Delivery,6km,"1 x Pepperoni Garlic Bread, 1 x Murgh Amritsari Seekh Melt, 1 x Peri Peri Fries",,Buy 1 Get 1 - ₹279.00,728.0,36.4,0.0,0.0,0.0,0.0,764.4,,,,,,11.8,6.8,Incorrectly,,b9b275352d32006457fbb1e8bd987c56b0fe99b0e0e8082e0d9e316717caf0e2,3
20659868,Aura Pizzas,Sector 4,Delhi NCR,6177173409,"08:10 PM, September 14 2024",Delivered,Zomato Delivery,8km,"1 x Iced Green Tea - Mojito, 1 x Cheesy Garlic Bread, 1 x Margherita Pizza",,Buy 1 Get 1 - ₹299.00,554.24,27.71,0.0,0.0,0.0,0.0,581.95,5.0,,,,,28.18,11.6,Correctly,,f4b7c16101a2aef20f8bcbef28679430a3c12fc94ab83ffda0041b69c80ca679,3
20659868,Aura Pizzas,Sector 4,Delhi NCR,6170074300,"08:01 PM, September 14 2024",Delivered,Zomato Delivery,5km,"1 x Bageecha Pizza, 1 x Chilli Cheese Garlic Bread, 1 x Margherita Pizza",,Buy 1 Get 1 - ₹568.00,1186.0,59.3,0.0,0.0,0.0,0.0,1245.3,,,,,,33.93,13.6,Correctly,,426f3ab9b71a15ffa6e6ed33fe13373abe00c0118ccc1dbe2818af65c549a6a8,3
20659868,Aura Pizzas,Sector 4,Delhi NCR,6171993989,"03:45 PM, September 13 2024",Delivered,Zomato Delivery,2km,"1 x Tipsy Tiger Fresh Lime Soda, 1 x Angara Paneer Melt, 1 x Cheesy Garlic Bread",,Flat Rs.125 off,866.05,38.65,93.0,0.0,0.0,0.0,811.7,,,,,,15.57,5.5,Correctly,,04684afd1294184cf9616aacf84c111ffbfc3663222a6938e7c5da4843aca182,3
20659868,Aura Pizzas,Sector 4,Delhi NCR,6172328462,"01:05 PM, September 13 2024",Delivered,Zomato Delivery,4km,"1 x Peri Peri Paneer Pizza, 2 x Salted Fries",,,917.0,45.85,0.0,0.0,0.0,0.0,962.85,,,,,,21.62,11.4,Correctly,,3435f58767f3bb8d7a664689161d68ef4aec64f475ece13aafb9a26777654850,3
20659868,Aura Pizzas,Sector 4,Delhi NCR,6175668652,"11:07 PM, September 12 2024",Delivered,Zomato Delivery,3km,"1 x Tipsy Tiger Fresh Lime Soda, 1 x Tripple Cheese Pizza, 1 x Fried Chicken Strips",,Flat Rs.125 off,917.05,41.2,93.0,0.0,0.0,0.0,865.25,,,,,,8.32,3.3,Incorrectly,,f6a081efc849d446dfc30d2747e321346365e362f015b9d631a9ba0e718994ca,3
20659868,Aura Pizzas,Sector 4,Delhi NCR,6171144282,"09:02 PM, September 12 2024",Delivered,Zomato Delivery,1km,"1 x Mushroom Pizza, 1 x Malai Gud Pide, 1 x Bageecha Pizza",,Flat 15% off,1546.0,65.71,231.9,0.0,0.0,0.0,1379.81,5.0,,,,,17.68,1.3,Correctly,,d6223925cc1fba0de606204cbe470e6ca17939f3ed75edfde06ed94b38e25972,3
20659868,Aura Pizzas,Sector 4,Delhi NCR,6164739511,"07:18 PM, September 11 2024",Delivered,Zomato Delivery,4km,"1 x Murgh Amritsari Garlic Bread, 1 x Murgh Amritsari Seekh Pizza, 1 x Jamaican Chicken Melt",,Flat 15% off,1577.0,67.02,236.55,0.0,0.0,0.0,1407.47,,,,,,15.78,3.4,Correctly,,b4b4367a7b0aa5128480accf55b23cf458cacc071f64e6615558a86676cda440,3
20659868,Aura Pizzas,Sector 4,Delhi NCR,6160895945,"02:45 AM, September 11 2024",Delivered,Zomato Delivery,5km,"1 x Bageecha Pizza, 2 x Iced Green Tea - Peach",,Flat Rs.125 off,789.48,34.82,93.0,0.0,0.0,0.0,731.3,3.0,,,,,4.58,2.6,Correctly,,b22fe2e3f238699c9b38da9054e905e86a3e0031f39c9f2d3029ff94937bd6dd,3
20882652,Aura Pizzas,DLF Phase 1,Delhi NCR,6190153402,"11:58 PM, September 17 2024",Delivered,Zomato Delivery,2km,"1 x Mayonnaise, 1 x Chilli Cheese Garlic Bread, 1 x Peri Peri Paneer Pizza",,,888.0,44.4,0.0,0.0,0.0,0.0,932.4,,,,,,16.35,1.8,Correctly,,e72fd537ec381b3d31b2814aa727103d575ea950b84ce5fd343d2d1abae7ee19,3
20882652,Aura Pizzas,DLF Phase 1,Delhi NCR,6183867788,"09:26 PM, September 17 2024",Delivered,Zomato Delivery,7km,"1 x Tipsy Tiger Fresh Lime Soda, 1 x Makhani Paneer Pizza, 1 x Cheesy Garlic Bread",,Flat Rs.200 off,1107.05,45.35,200.0,0.0,0.0,0.0,952.4,,,,,,21.66,7.9,Correctly,,e8830bb20bc498cf681480d936b1806c12cc47b317d08bc428646c280c11f74d,3
20882652,Aura Pizzas,DLF Phase 1,Delhi NCR,6183993324,"11:46 PM, September 15 2024",Delivered,Zomato Delivery,8km,"1 x Margherita Pizza, 1 x Angara Paneer Melt, 1 x Chilli Cheese Garlic Bread",,Flat Rs.200 off,1476.0,63.8,200.0,0.0,0.0,0.0,1339.8,,,,,,26.89,13.3,Correctly,,8d293f8f75e80de5445372b713e4468ca98582fab9995cfc8812bc4e833e9bc8,3
20882652,Aura Pizzas,DLF Phase 1,Delhi NCR,6184579567,"08:31 PM, September 15 2024",Delivered,Zomato Delivery,<1km,"1 x Peri Peri Grilled Chicken Pizza, 1 x Fried Chicken Strips, 1 x Herbed Potato",,Flat Rs.200 off,1166.0,48.3,200.0,0.0,0.0,0.0,1014.3,,,,,,23.84,9.2,Correctly,,ea7f296036c9c41e066d59a9cbdff46e223a2a6d8e46dc4b538700e408b1cd5e,3
20882652,Aura Pizzas,DLF Phase 1,Delhi NCR,6184422638,"06:44 PM, September 15 2024",Delivered,Zomato Delivery,11km,"1 x Bageecha Pizza, 1 x Brocolli Onion Pizza, 1 x Jamaican Chicken Melt",,,2027.0,101.35,0.0,0.0,0.0,0.0,2128.35,,,,,,29.23,20.2,Correctly,,15b4dbbc31036e2cc1c54bf4fe1b3e3794f8e3b1d5152a5143b78e9e3daa07f7,3
20882652,Aura Pizzas,DLF Phase 1,Delhi NCR,6179956658,"10:16 PM, September 14 2024",Delivered,Zomato Delivery,6km,"1 x Jamaican Chicken Melt, 1 x Malai Gud Pide, 1 x Bageecha Pizza",,Buy 1 Get 1 - ₹479.00,858.0,42.9,0.0,0.0,0.0,0.0,900.9,,,,,,18.31,4.3,Incorrectly,,652dbdd451c7772d995a746ec8122f321232db7e2c76c7cd187ef77b82b173bc,3
20882652,Aura Pizzas,DLF Phase 1,Delhi NCR,6180819744,"08:38 PM, September 14 2024",Delivered,Zomato Delivery,3km,"1 x Peri Peri Paneer Pizza, 1 x Grilled Tangdis, 1 x Murgh Amritsari Seekh Pizza",,Buy 1 Get 1 - ₹629.00,1038.0,51.9,0.0,0.0,0.0,0.0,1089.9,,,,,,24.21,5.8,Correctly,,c8fae75b84ce212daa2b77118c0f6b302fba1e14a7761982e96eb2b91ca1a5af,3
20882652,Aura Pizzas,DLF Phase 1,Delhi NCR,6177900943,"01:44 AM, September 14 2024",Delivered,Zomato Delivery,4km,"1 x Chilli Cheese Garlic Bread, 1 x Fried Chicken Strips, 1 x Jamaican Chicken Melt",,Flat Rs.200 off,927.0,36.35,200.0,0.0,0.0,0.0,763.35,,,,,,66.87,9.0,Correctly,,e385abcb26d2064f6ba4d49bd25d3dd30aed7eb2ba905e3722d8e4fc95428eb9,3
20882652,Aura Pizzas,DLF Phase 1,Delhi NCR,6179324925,"01:20 AM, September 14 2024",Delivered,Zomato Delivery,2km,"2 x Peri Peri Fries, 1 x Bageecha Pizza",,Flat Rs.200 off,1226.0,51.3,200.0,0.0,0.0,0.0,1077.3,,,,,,47.02,4.0,Correctly,,d0a6d4b1980f72419a0888268bbac4fe31e3561c669eafa111dc605187a51d52,3
20882652,Aura Pizzas,DLF Phase 1,Delhi NCR,6178899347,"12:09 AM, September 14 2024",Delivered,Zomato Delivery,5km,"1 x Chilli Cheese Garlic Bread, 1 x Peri Peri Grilled Chicken Pizza, 1 x Bageecha Pizza",,,1887.0,94.35,0.0,0.0,0.0,0.0,1981.35,,,,,,54.4,6.4,Incorrectly,,8503319c7324ea4911f4c16b93b711484cc3264dbbb3b52c946fefb6de0e6478,3
20882652,Aura Pizzas,DLF Phase 1,Delhi NCR,6169445008,"07:21 PM, September 11 2024",Delivered,Zomato Delivery,9km,"1 x Jamaican Chicken Melt, 1 x Angara Paneer Melt, 1 x Fried Chicken Strips",,Flat Rs.200 off,1117.0,45.85,200.0,0.0,0.0,0.0,962.85,,,,,,20.38,7.9,Correctly,,d1148b971201caa2079cfffdc19b7d92bbbd2aabcc4fa490ff1e925e81037542,3
20882652,Aura Pizzas,DLF Phase 1,Delhi NCR,6171337475,"04:49 PM, September 11 2024",Delivered,Zomato Delivery,7km,"1 x Bellpepper Onion Pizza, 1 x Jamaican Chicken Melt, 1 x Murgh Amritsari Seekh Melt",,Flat Rs.200 off,1537.0,66.85,200.0,0.0,0.0,0.0,1403.85,,,,,,30.91,9.4,Incorrectly,,6e30f5a85eae9be5050ca00a8faf3e558333a031f6c6f45b476f900ff3f44dfc,3
20882652,Aura Pizzas,DLF Phase 1,Delhi NCR,6167374391,"11:03 AM, September 11 2024",Delivered,Zomato Delivery,4km,"1 x Chilli Cheese Garlic Bread, 1 x Margherita Pizza, 1 x Herbed Potato",,60% off upto Rs.120,926.0,41.35,99.0,0.0,0.0,0.0,868.35,,,,,,17.98,14.4,Correctly,,1f169292f7254ba69f972031970773355f0a59ff2fe0fe1543d3162e6c80c68a,3
20882713,Swaad,DLF Phase 1,Delhi NCR,6188020541,"02:48 PM, September 17 2024",Delivered,Zomato Delivery,2km,"1 x Bone in Angara Grilled Chicken, 1 x Grilled Chicken Jamaican Tangdi, 1 x Grilled Chicken Angara Tangdi",,Flat Rs.175 off,1505.0,66.5,175.0,0.0,0.0,0.0,1396.5,,,,,,,,Missed,,e764a7c0624d00996c11ca09622156c4aef0e7e238a31640eb3ad1a7853c0298,3
20882713,Swaad,DLF Phase 1,Delhi NCR,6178743835,"12:57 AM, September 14 2024",Delivered,Zomato Delivery,4km,"1 x Grilled Chicken Smoky BBQ Tender, 1 x Peri Peri Fries, 1 x Bone in Jamaican Grilled Chicken",,Flat Rs.175 off,934.0,37.95,175.0,0.0,0.0,0.0,796.95,,,,,,36.0,11.6,Correctly,,52342a34b37b14727cfb279e4924f118a575636cc1b04c853ade7c5f423f4462,3
21077127,Aura Pizzas,Sector 135,Delhi NCR,6196423151,"07:46 PM, September 20 2024",Delivered,Zomato Delivery,4km,"1 x All About Chicken Pizza, 1 x Desi Chicken Pepperoni Pizza, 1 x Murgh Amritsari Seekh Pide",,Flat Rs.200 off,1617.0,70.85,200.0,0.0,0.0,0.0,1487.85,,,,,,17.05,3.8,Correctly,,a1b854496e2b805bd10d9d506f50d19bb18ac5c52c288d1c43fd0455f8469907,3
21077127,Aura Pizzas,Sector 135,Delhi NCR,6198125582,"07:43 PM, September 20 2024",Delivered,Zomato Delivery,10km,"1 x Mushroom Pizza, 1 x Bageecha Pizza, 1 x Herbed Potato",,Flat Rs.200 off,1356.0,57.8,200.0,0.0,0.0,0.0,1213.8,3.0,,,,,17.22,5.1,Correctly,,7768768cdaed0c56c68eb19a7b6553ad8b7d5fbfd90667220f3d977e3fbe2e41,3
21077127,Aura Pizzas,Sector 135,Delhi NCR,6183991741,"07:43 PM, September 19 2024",Delivered,Zomato Delivery,1km,"1 x Chilli Cheese Garlic Bread, 1 x Makhani Paneer Pizza, 1 x Bageecha Pizza",,Buy 1 Get 1 - ₹579.00,858.0,42.9,0.0,0.0,0.0,0.0,900.9,,,,,,13.45,1.9,Correctly,,370bb3f51aa4af8ebd6ff5e2ba4047857f9a666854857a68a369c5f89396f33c,3
21077127,Aura Pizzas,Sector 135,Delhi NCR,6185866362,"10:26 PM, September 18 2024",Delivered,Zomato Delivery,5km,"1 x Peri Peri Crisper Fries, 1 x Mushroom Pizza, 1 x Crushed Papad",,Flat Rs.200 off,1007.0,40.35,200.0,0.0,0.0,0.0,847.35,,,,,,16.15,0.7,Correctly,,0b0160d65e117e3d73a6a4b6e8d99102fddfa76df2290d4db0eafac23003d8c2,3
21077127,Aura Pizzas,Sector 135,Delhi NCR,6183691132,"01:23 PM, September 17 2024",Delivered,Zomato Delivery,6km,"1 x Salted Crisper Fries, 1 x Tipsy Tiger Fresh Lime Soda, 1 x Bellpepper Onion Pizza",,Flat Rs.200 off,937.05,36.85,200.0,0.0,0.0,0.0,773.9,,,,,,,5.3,Missed,,3cf2beb11336d4b4133d8eb2095130440978dcda095a428c369ffb738ad4abfd,3
21077127,Aura Pizzas,Sector 135,Delhi NCR,6187823572,"09:57 PM, September 16 2024",Delivered,Zomato Delivery,1km,"1 x Iced Green Tea - Peach, 1 x Tripple Cheese Pizza, 1 x Onion Rings",,,873.24,43.66,0.0,0.0,0.0,0.0,916.9,,,,,,20.95,9.2,Correctly,,d4dd09075a6ea07c6a2d58b7edb7fea6f99d2648d2f29eda1dee695ed55207d0,3
21077127,Aura Pizzas,Sector 135,Delhi NCR,6181885395,"08:22 PM, September 15 2024",Delivered,Zomato Delivery,10km,"1 x Peri Peri Paneer Pizza, 1 x All About Chicken Pizza, 1 x Mutton Seekh Pide",,Flat Rs.200 off,1637.0,71.85,200.0,0.0,0.0,0.0,1508.85,,,,,,16.5,2.4,Correctly,,9d13b5807a63e3d9d3b6aa594d9bae44b7b1e8f69a62f6fcd02dbc3aa049df0e,3
21077127,Aura Pizzas,Sector 135,Delhi NCR,6169935162,"01:41 PM, September 15 2024",Delivered,Zomato Delivery,1km,"1 x Indian Pico De-Gallo, 1 x All About Chicken Pizza, 1 x Malai Gud Pide",,Flat Rs.200 off,978.0,38.9,200.0,0.0,0.0,0.0,816.9,,,,,,17.15,9.0,Correctly,,88c371be3f500ce706cc9d8de29f7ff4fb8a9785cc986765578b7a15b2434223,3
21077127,Aura Pizzas,Sector 135,Delhi NCR,6180957346,"07:23 PM, September 14 2024",Delivered,Zomato Delivery,1km,"2 x Bageecha Pizza, 1 x Chilli Cheese Garlic Bread",,Buy 1 Get 1 - ₹799.00,1058.0,52.9,0.0,0.0,0.0,0.0,1110.9,,,,,,17.08,4.8,Correctly,,25d712182a2ed0dd5a952c448a7fce8bfeaaa0f7b13bf16295f4b296acc78041,3
21077127,Aura Pizzas,Sector 135,Delhi NCR,6164027253,"07:48 PM, September 13 2024",Delivered,Zomato Delivery,1km,"1 x Chilli Cheese Garlic Bread, 1 x Angara Paneer Melt, 1 x Herbed Potato",,Flat Rs.200 off,916.0,35.8,200.0,0.0,0.0,0.0,751.8,,,,,,15.97,1.8,Correctly,,58a25c0363b08aa9302e67a1ae64b667d6a74230bc2083d49e628f537f41b9ce,3
21077127,Aura Pizzas,Sector 135,Delhi NCR,6173251427,"05:14 PM, September 12 2024",Delivered,Zomato Delivery,3km,"1 x Bageecha Pizza, 1 x Cheesy Garlic Bread, 1 x Masala Omelette Pide",,,1157.0,57.85,0.0,0.0,0.0,0.0,1214.85,,,,,,18.58,1.8,Correctly,,da1beb629ec670b8cdc102dab579d931d069c2101ee266ee45f408bb4bf9c855,3
21077127,Aura Pizzas,Sector 135,Delhi NCR,6163296350,"08:06 PM, September 11 2024",Delivered,Zomato Delivery,4km,"1 x Peri Peri Grilled Chicken Pizza, 1 x Peri Peri Fries, 1 x Chicken Pepperoni Pizza",,Flat Rs.200 off,1467.0,63.35,200.0,0.0,0.0,0.0,1330.35,,,,,,24.42,8.9,Incorrectly,,64160c86544423439efe548a2f0c39ad2d82b096636a282d3a5f00c06bd4c4b3,3
21077127,Aura Pizzas,Sector 135,Delhi NCR,6171950329,"06:30 PM, September 11 2024",Delivered,Zomato Delivery,6km,"1 x Murgh Amritsari Garlic Bread, 1 x Mutton Seekh Pide, 1 x Murgh Amritsari Seekh Pizza",,Flat Rs.200 off,1435.0,61.75,200.0,0.0,0.0,0.0,1296.75,,,,,,18.3,0.5,Correctly,,bdc10353a9eef5999fa8f9275355cd282fa43a9f4b84452d7e79090e9a47e214,3
21173951,Aura Pizzas,Vasant Kunj,Delhi NCR,6187688774,"06:15 PM, September 18 2024",Delivered,Zomato Delivery,2km,"1 x Bageecha Pizza, 1 x Cheesy Garlic Bread, 1 x Spinach Sumac Pide",,Flat Rs.200 off,1367.0,58.35,200.0,0.0,0.0,0.0,1225.35,,,,,,26.13,0.2,Correctly,,faf4b2d5171dbb5e644abd9c4e54c88abbd93e2c6d85564e6d8e5495c9bb3ab9,3
21173951,Aura Pizzas,Vasant Kunj,Delhi NCR,6179945640,"08:11 PM, September 14 2024",Delivered,Zomato Delivery,1km,"1 x Mutton Seekh Pizza, 1 x Indian Pico De-Gallo, 1 x Tripple Cheese Pizza",,Buy 1 Get 1 - ₹549.00,739.0,36.95,0.0,0.0,0.0,0.0,775.95,,,,,,16.08,0.7,Correctly,,b62cac2cd16a82f77f2e1846e9f1425e1dad5edfa5e0a5af4140f1ce7385623e,3
21309083,Swaad,Sector 135,Delhi NCR,6188470637,"02:05 PM, September 18 2024",Delivered,Zomato Delivery,7km,3 x Grilled Chicken Peri Peri Tender,,,1305.0,65.25,0.0,0.0,0.0,0.0,1370.25,,,,,,20.98,0.2,Correctly,,592fa2b48db63e7e28d6aa7cae283018342f6832f7537a6e5eefaa39eca18010,3
21309083,Swaad,Sector 135,Delhi NCR,6186794576,"02:24 PM, September 17 2024",Delivered,Zomato Delivery,1km,"1 x Salted Fries, 1 x Fried Chicken Peri Peri Tenders + Peri Peri Fries, 1 x Bone in Jamaican Grilled Chicken",,,944.0,47.2,0.0,0.0,0.0,0.0,991.2,,,,,,16.97,7.5,Incorrectly,,276f762135787aeb3b1ab128ffcec6c439b8a5f58485d55fa39bee903c2a3041,3
21309083,Swaad,Sector 135,Delhi NCR,6184284218,"07:16 PM, September 15 2024",Delivered,Zomato Delivery,4km,"1 x Grilled Chicken Jamaican Tangdi, 1 x Bone in Smoky Bbq Grilled Chicken, 1 x Grilled Chicken Angara Tangdi",,,1120.0,56.0,0.0,0.0,0.0,0.0,1176.0,,,,,,24.1,7.9,Correctly,,c99d95a74ec3889453faeff0f7f751b49772a57480e0fdf8e382e113dcebd2b2,3
21309083,Swaad,Sector 135,Delhi NCR,6177894736,"12:03 PM, September 15 2024",Delivered,Zomato Delivery,7km,"1 x Grilled Chicken Angara Tender, 2 x AAC Special Slaw",,,841.0,42.05,0.0,0.0,0.0,0.0,883.05,,,,,,18.77,0.3,Correctly,,0075fd932e9c3b880c370e2ca2e6303d70cc46696b4293e911db681faa55abc2,3
21309083,Swaad,Sector 135,Delhi NCR,6167674467,"03:05 PM, September 11 2024",Delivered,Zomato Delivery,7km,3 x Grilled Chicken Peri Peri Tender,,,1305.0,43.5,0.0,435.0,0.0,0.0,913.5,,,,,,17.75,4.6,Correctly,,592fa2b48db63e7e28d6aa7cae283018342f6832f7537a6e5eefaa39eca18010,3
21309083,Swaad,Sector 135,Delhi NCR,6161312611,"02:28 PM, September 11 2024",Delivered,Zomato Delivery,2km,"1 x Angara Rice, 2 x Bone in Peri Peri Grilled Chicken",,,768.0,22.9,0.0,310.0,0.0,0.0,480.9,,,,,,17.05,1.0,Correctly,,d143d9d20d870e53c5aac22747bb1a529929d1079b45c12a807fa629fe2673e6,3
20320607,Swaad,Sector 4,Delhi NCR,6225311895,"08:55 PM, September 30 2024",Delivered,Zomato Delivery,1km,"1 x Bone in Kabuli Grilled Chicken, 1 x Bone in Jamaican Grilled Chicken, 1 x Bone in Angara Grilled Chicken",,Flat Rs.200 off,930.0,42.0,90.0,0.0,0.0,0.0,882.0,,,,,,22.08,4.7,Correctly,,7419f5ff4273eaed80bb669c137aaef7c66ff6336d3e5dd5dff587b200bc0756,3
20320607,Swaad,Sector 4,Delhi NCR,6214277407,"12:42 PM, September 29 2024",Delivered,Zomato Delivery,11km,"2 x Bone in Smoky Bbq Grilled Chicken, 1 x Salted Fries",,Flat Rs.200 off,1779.0,84.45,90.0,0.0,0.0,0.0,1773.45,,,,,,18.35,6.0,Correctly,,98eda32083d81a603dfeb89959da4d0d7786f21f62d282e5bd2b32767b56a47b,3
20320607,Swaad,Sector 4,Delhi NCR,6221466318,"07:22 PM, September 28 2024",Delivered,Zomato Delivery,4km,"1 x Bone in Smoky Bbq Grilled Chicken, 1 x Fried Chicken Peri Peri Tender, 1 x Peri Peri Fries",,50% off upto Rs.100,1234.0,56.7,100.0,0.0,0.0,0.0,1190.7,,,,,,16.47,1.4,Correctly,,9ccc9104fb9a8d370892e8c56fb99c7d0a975cac865261b7f87106a517d23e5c,3
20320607,Swaad,Sector 4,Delhi NCR,6214694634,"07:03 PM, September 28 2024",Delivered,Zomato Delivery,3km,"1 x Fried Chicken Kabuli Tender, 1 x Bone in Smoky Bbq Grilled Chicken, 1 x Fried Chicken Ghostbuster Tender",,Flat Rs.200 off,960.0,44.0,80.0,0.0,0.0,0.0,924.0,,,,,,20.32,10.6,Correctly,,19057288a355bad8cff6f22e521fefbe749cd70fea997c2b90586446d97ec3ed,3
20320607,Swaad,Sector 4,Delhi NCR,6214632243,"05:07 PM, September 28 2024",Delivered,Zomato Delivery,2km,"1 x Grilled Chicken Jamaican Tangdi, 1 x Grilled Chicken Jamaican Tender, 1 x Bone in Jamaican Grilled Chicken",,Flat Rs.200 off,1150.0,53.0,90.0,0.0,0.0,0.0,1113.0,,,,,,19.8,14.7,Correctly,,d96eb79331e7e3e19431b0e319bf2ec1233012f6ff73550205e7420875525f26,3
20320607,Swaad,Sector 4,Delhi NCR,6207426810,"11:59 PM, September 27 2024",Delivered,Zomato Delivery,11km,"1 x Bone in Peri Peri Grilled Chicken, 1 x Grilled Chicken Ghostbuster Tangdi, 1 x Bone in Jamaican Grilled Chicken",,Flat Rs.200 off,2725.0,132.25,80.0,0.0,0.0,0.0,2777.25,,,,,,23.48,14.2,Correctly,,a52b91f3dacf8b1db301ae708ea7fc872528dddca48279e673a83d2cf8f95d4e,3
20320607,Swaad,Sector 4,Delhi NCR,6206620187,"04:16 PM, September 25 2024",Delivered,Zomato Delivery,9km,"1 x Bone in Smoky Bbq Grilled Chicken, 1 x Angara Rice, 1 x Bone in Kabuli Grilled Chicken",,,1318.0,36.65,0.0,585.0,0.0,0.0,769.65,,,,,,12.27,1.5,Correctly,,5b756ee8da43742ecb3d17a4766419cdaff05d761dd03e5ed084218de18915fc,3
20320607,Swaad,Sector 4,Delhi NCR,6200281420,"08:38 PM, September 24 2024",Delivered,Zomato Delivery,5km,"1 x Garlic Aioli, 1 x AAC Special Slaw, 1 x Bone in Peri Peri Grilled Chicken",,Flat Rs.175 off,853.0,33.9,175.0,0.0,0.0,0.0,711.9,,,,,,17.98,6.8,Incorrectly,,6bca3651d56657738c117690e82d0cb0debd1c83cd377e4ab466e25aebb513d0,3
20320607,Swaad,Sector 4,Delhi NCR,6204471766,"07:21 PM, September 22 2024",Delivered,Zomato Delivery,4km,"1 x Fried Chicken Angara Tender, 1 x Onion Rings, 1 x Fried Chicken Peri Peri Tender",,Flat Rs.175 off,879.0,35.2,175.0,0.0,0.0,0.0,739.2,,,,,,18.0,1.1,Correctly,,566caf6b824311eaaa170437cced961a217a6f490f63a058f92c0c47e78c7dfc,3
20320607,Swaad,Sector 4,Delhi NCR,6199237811,"01:39 PM, September 22 2024",Delivered,Zomato Delivery,4km,"1 x Grilled Chicken Smoky BBQ Tender, 1 x Grilled Chicken Jamaican Tender, 1 x Mayonnaise",Order: Don't add oil/butter,Flat Rs.175 off,795.0,31.0,175.0,0.0,0.0,0.0,651.0,,,,,,2.67,6.2,Incorrectly,,93f8fdf3f007069e38ba7fccc4bfd48c8e9ab387778c7901f28d1d70598b9c23,3
20554001,Swaad,Greater Kailash 2 (GK2),Delhi NCR,6221253068,"08:25 PM, September 29 2024",Delivered,Zomato Delivery,5km,"1 x Bone in Kabuli Grilled Chicken, 1 x Onion Bombs, 1 x AAC Signature Fries",,50% off upto Rs.100,992.0,44.6,100.0,0.0,0.0,0.0,936.6,,,,,,16.6,1.2,Correctly,,e5ed77121d4d953f7d917478c20f9c7c59246d24ab32753b10cb166961aa234e,3
20554001,Swaad,Greater Kailash 2 (GK2),Delhi NCR,6219405937,"07:22 PM, September 29 2024",Delivered,Zomato Delivery,9km,"1 x Grilled Chicken Angara Tangdi, 1 x Grilled Chicken Peri Peri Tangdi, 1 x Bone in Smoky Bbq Grilled Chicken",,Flat Rs.200 off,1120.0,46.0,200.0,0.0,0.0,0.0,966.0,,,,,,17.02,0.2,Correctly,,286a846497cc0de69b6381827e0f695af1979ba06b53856ba912fc011674fb07,3
20554001,Swaad,Greater Kailash 2 (GK2),Delhi NCR,6224033012,"06:17 PM, September 29 2024",Delivered,Zomato Delivery,1km,"1 x Grilled Chicken Jamaican Tangdi, 1 x Fried Chicken Angara Tender, 1 x AAC Special Slaw",,,998.0,49.9,0.0,0.0,0.0,0.0,1047.9,,,,,,15.38,1.3,Correctly,,5dd5d2585d03cce5205be036cf6ab96090cf4c036560e352c34351fb9d42c688,3
20554001,Swaad,Greater Kailash 2 (GK2),Delhi NCR,6224546088,"04:35 PM, September 29 2024",Delivered,Zomato Delivery,2km,"1 x Grilled Chicken Smoky BBQ Tangdi, 1 x Salted Crisper Fries, 1 x AAC Special Slaw",,,732.0,36.6,0.0,0.0,0.0,0.0,768.6,,,,,,17.77,3.8,Correctly,,71e29f7d9e908fbc79f9d2d956a5331ae347c7aff71317ed51fcdbc2b9745c85,3
20554001,Swaad,Greater Kailash 2 (GK2),Delhi NCR,6219742771,"09:25 PM, September 28 2024",Delivered,Zomato Delivery,1km,"1 x Grilled Chicken Peri Peri Tender, 1 x Grilled Chicken Ghostbuster Tangdi, 1 x Grilled Chicken Smoky BBQ Tender",,,1135.0,56.75,0.0,0.0,0.0,0.0,1191.75,,,,,,17.12,0.7,Correctly,,5186c16a77d2c50d8f1d4ba05a1006b5a90f9186f21c775e6b771b704cb13228,3
20554001,Swaad,Greater Kailash 2 (GK2),Delhi NCR,6200657605,"06:35 PM, September 28 2024",Delivered,Zomato Delivery,4km,"1 x Fried Chicken Peri Peri Tender, 1 x Grilled Chicken Jamaican Tender, 1 x Angara Aloo Tuk Tuki",,Flat Rs.200 off,913.0,35.65,200.0,0.0,0.0,0.0,748.65,,,,,,15.77,6.6,Correctly,,9947007ce997d22a1266b0e413a27b16b39643f44029bdbff93d257b1bfb41cd,3
20554001,Swaad,Greater Kailash 2 (GK2),Delhi NCR,6218793650,"08:03 PM, September 27 2024",Delivered,Zomato Delivery,3km,"1 x Peri Peri Fries, 1 x Fried Chicken Classic Tender, 1 x Fried Chicken Angara Tender",,Flat Rs.200 off,899.0,34.95,200.0,0.0,0.0,0.0,733.95,,,,,,12.68,9.8,Incorrectly,,bfd3fdd387f22525f321987510b9f215f29889b973aba6848ecde7a02fb07aa5,3
20554001,Swaad,Greater Kailash 2 (GK2),Delhi NCR,6204679328,"06:29 PM, September 27 2024",Delivered,Zomato Delivery,4km,"1 x Smoky BBQ Sauce, 1 x Fried Chicken Peri Peri Tender, 1 x Fried Chicken Angara Tender",,Flat Rs.175 off,980.0,40.25,175.0,0.0,0.0,0.0,845.25,,,,,,18.78,7.3,Correctly,,33699f46a7cef6e3eb116956bb027874afbdf4aaae93edf1e875db38c09ad0ae,3
20554001,Swaad,Greater Kailash 2 (GK2),Delhi NCR,6210504481,"10:38 PM, September 25 2024",Delivered,Zomato Delivery,1km,"1 x Grilled Chicken Angara Tender, 1 x Grilled Chicken Smoky BBQ Tender, 1 x Salted Fries",,,789.0,23.95,0.0,310.0,0.0,0.0,502.95,,,,,,14.15,6.4,Correctly,,a9537a69a44f002a09f6335ed2c0f8bcf7fbb969825fdb09548f930fda2e588c,3
20554001,Swaad,Greater Kailash 2 (GK2),Delhi NCR,6206747458,"07:53 PM, September 25 2024",Delivered,Zomato Delivery,2km,"1 x Bone in Jamaican Grilled Chicken, 1 x Bone in Peri Peri Grilled Chicken, 1 x Animal Fries",,,1085.0,36.5,0.0,355.0,0.0,0.0,766.5,,,,,,22.98,1.6,Correctly,,5ee78a4e3209d3c3e34e7d3f7742181e6ce5a20a4a40303c3ea36e40a4ee7e36,3
20554001,Swaad,Greater Kailash 2 (GK2),Delhi NCR,6201245303,"06:03 PM, September 24 2024",Delivered,Zomato Delivery,6km,"1 x Grilled Chicken Jamaican Tender, 1 x Bone in Angara Grilled Chicken, 1 x Bone in Jamaican Grilled Chicken",,Flat Rs.175 off,1055.0,44.0,175.0,0.0,0.0,0.0,924.0,,,,,,17.25,0.5,Correctly,,da1f74d5ef6e01943569797cf63da4ca827152f9d21265f9338f3f97de3b4f99,3
20554001,Swaad,Greater Kailash 2 (GK2),Delhi NCR,6203182556,"01:09 PM, September 24 2024",Delivered,Zomato Delivery,5km,"1 x Onion Rings, 1 x Fried Chicken Classic Tender, 1 x Fried Chicken Peri Peri Tender",,Flat Rs.175 off,879.0,35.2,175.0,0.0,0.0,0.0,739.2,,,,,,16.15,0.6,Correctly,,0e82079de8cba7dc6ad1e3e4f6f9e461fdc2396df308f7fb46deb94fd39f0deb,3
20554001,Swaad,Greater Kailash 2 (GK2),Delhi NCR,6206481621,"12:30 PM, September 24 2024",Delivered,Zomato Delivery,7km,"1 x AAC Signature Crisper Fries, 1 x Fried Chicken Kabuli Tender, 1 x Fried Chicken Angara Tender",,Flat Rs.175 off,849.0,33.7,175.0,0.0,0.0,0.0,707.7,,,,,,20.18,2.9,Correctly,,960b6543eb5611330f0e49b13ee776597444ca7c81314eb2d8abc73cbd81e0e0,3
20554001,Swaad,Greater Kailash 2 (GK2),Delhi NCR,6201200389,"08:23 PM, September 23 2024",Delivered,Zomato Delivery,3km,"1 x Harisa Mayo, 1 x Grilled Chicken Jamaican Tender, 1 x Grilled Chicken Smoky BBQ Tender",,Flat Rs.670 off,680.0,29.0,100.0,0.0,0.0,0.0,609.0,,,,,,10.07,0.6,Correctly,,2def86d55fb38b74755e4bcc54cbb8c2c0e1202c63f45def627f3090045ae36a,3
20554001,Swaad,Greater Kailash 2 (GK2),Delhi NCR,6200793331,"09:04 PM, September 21 2024",Delivered,Zomato Delivery,2km,"2 x Bone in Jamaican Grilled Chicken, 1 x Fried Chicken Peri Peri Tender",,,945.0,31.75,0.0,310.0,0.0,0.0,666.75,,,,,,15.72,2.3,Correctly,,2a73d8f5a91400f98fc7c50536a325451dd6694fcc4a31e8fa4d34c9867091b0,3
20554001,Swaad,Greater Kailash 2 (GK2),Delhi NCR,6197024060,"01:26 AM, September 21 2024",Delivered,Zomato Delivery,2km,"1 x Grilled Chicken Smoky BBQ Tender, 1 x Bone in Peri Peri Grilled Chicken, 1 x Bone in Jamaican Grilled Chicken",,Flat Rs.175 off,930.0,37.75,175.0,0.0,0.0,0.0,792.75,,,,,,18.33,0.2,Correctly,,6dc2e72c195578345c7ec8639e8b27bb6493b9488f0add987b7b030bf9b1b4b5,3
20635699,Aura Pizzas,Greater Kailash 2 (GK2),Delhi NCR,6222351414,"09:35 PM, September 30 2024",Delivered,Zomato Delivery,6km,"1 x Cheesy Garlic Bread, 1 x Chilli Cheese Garlic Bread, 1 x All About Chicken Pizza",,Flat Rs.150 off,1537.0,71.25,112.0,0.0,0.0,0.0,1496.25,,,,,,19.48,1.0,Correctly,,d77db0f7ae7d4c0b359f7d89c20a4be6720e27bba95edee45867afe97e051038,3
20635699,Aura Pizzas,Greater Kailash 2 (GK2),Delhi NCR,6220078054,"08:30 PM, September 29 2024",Delivered,Zomato Delivery,1km,"1 x Herbed Potato, 1 x Just Pepperoni Pizza, 1 x Bageecha Pizza",,Flat Rs.200 off,1606.0,70.3,200.0,0.0,0.0,0.0,1476.3,,,,,,19.52,1.8,Correctly,,1cab3ecc3fcdf68c031024e793f6450373e310242137555bf2cff8ed13a3e17e,3
20635699,Aura Pizzas,Greater Kailash 2 (GK2),Delhi NCR,6221525849,"04:24 PM, September 29 2024",Delivered,Zomato Delivery,3km,"1 x Tipsy Tiger Fresh Lime Soda, 1 x Indian Pico De-Gallo, 1 x Bageecha Pizza",,Flat Rs.150 off,778.05,33.3,112.0,0.0,0.0,0.0,699.35,,,,,,16.08,7.8,Correctly,,b0d1256dfe061c85e2291405ddf08e6e1290e515b44569e54a0b32e48896f86b,3
20635699,Aura Pizzas,Greater Kailash 2 (GK2),Delhi NCR,6217679199,"01:09 AM, September 29 2024",Delivered,Zomato Delivery,4km,"1 x Herbed Potato, 1 x OG Cheese Pide, 1 x Peri Peri Paneer Pizza",,Flat Rs.200 off,1076.0,43.8,200.0,0.0,0.0,0.0,919.8,1.0,,,,,21.23,0.5,Correctly,Poor packaging or spillage,dfad433b8b1c997d0773c20b32d4688a893fc1c0b84694d72e2f9e0bc07af83e,3
20635699,Aura Pizzas,Greater Kailash 2 (GK2),Delhi NCR,6216263312,"09:56 PM, September 27 2024",Delivered,Zomato Delivery,1km,"1 x Mutton Seekh Pide, 1 x Spinach Sumac Pide, 1 x Masala Paneer Pide",,,1047.0,52.35,0.0,0.0,0.0,0.0,1099.35,,,,,,15.1,0.6,Correctly,,828475a6cd10acee4ecab73a611864b2fc7c9b3da4de8adf2485f635b920adc7,3
20635699,Aura Pizzas,Greater Kailash 2 (GK2),Delhi NCR,6215585546,"08:47 PM, September 27 2024",Delivered,Zomato Delivery,6km,"1 x Tripple Cheese Pizza, 1 x Indian Masala Cripser Fries, 1 x Makhani Paneer Pizza",,Flat Rs.200 off,1387.0,59.35,200.0,0.0,0.0,0.0,1246.35,,,,,,15.2,0.1,Correctly,,323d2fbdce605f4671d15b80622f06bd7be90045a10c84fa9b7702366165b5bd,3
20635699,Aura Pizzas,Greater Kailash 2 (GK2),Delhi NCR,6207238686,"10:28 PM, September 26 2024",Delivered,Zomato Delivery,3km,"1 x Murgh Amritsari Garlic Bread, 1 x Jamaican Chicken Melt, 1 x Chicken Pepperoni Pizza",,Flat Rs.200 off,1367.0,62.75,112.0,0.0,0.0,0.0,1317.75,,,,,,16.5,7.7,Correctly,,f9cbaffb8fb71967171555d154e58e919d1014181b10fb6987af81b5e4fd4964,3
20635699,Aura Pizzas,Greater Kailash 2 (GK2),Delhi NCR,6205452537,"02:24 AM, September 26 2024",Delivered,Zomato Delivery,1km,"1 x Harisa Mayo, 1 x Herbed Potato, 1 x Desi Pepperoni Pizza",,,927.0,46.35,0.0,0.0,0.0,0.0,973.35,,,,,,14.57,7.4,Correctly,,03e0b163c314a2af76b37b4241e815ae3025bc7fe7aa7a1916350160ddbe9eb0,3
20635699,Aura Pizzas,Greater Kailash 2 (GK2),Delhi NCR,6196323767,"11:22 PM, September 23 2024",Delivered,Zomato Delivery,5km,"1 x Bageecha Pizza, 1 x Iced Green Tea - Peach, 1 x Chilli Cheese Garlic Bread",,Flat Rs.200 off,953.24,37.66,200.0,0.0,0.0,0.0,790.9,,,,,,14.05,1.6,Correctly,,37a0a4f4ae9a4a569a54425610459f662ebf80e7dfcfab8adca22df6d45feb1f,3
20635699,Aura Pizzas,Greater Kailash 2 (GK2),Delhi NCR,6195763440,"12:19 AM, September 23 2024",Delivered,Zomato Delivery,4km,"1 x Peri Peri Crisper Fries, 1 x Chilli Cheese Garlic Bread, 1 x Harisa Mayo",,Flat Rs.150 off,518.0,20.3,112.0,0.0,0.0,0.0,426.3,4.0,,,,,12.83,0.2,Correctly,,31b26bbbc68de8e8350a1b269448f2f8b8b9bdce92c2ee9228df1ca16aa23379,3
20635699,Aura Pizzas,Greater Kailash 2 (GK2),Delhi NCR,6203002877,"09:14 PM, September 22 2024",Delivered,Zomato Delivery,6km,"1 x OG Cheese Pide, 1 x Indian Masala Cripser Fries, 1 x Masala Paneer Pide",,Flat Rs.150 off,927.0,40.75,112.0,0.0,0.0,0.0,855.75,,,,,,14.33,0.3,Correctly,,323d2fbdce605f4671d15b80622f06bd7be90045a10c84fa9b7702366165b5bd,3
20635699,Aura Pizzas,Greater Kailash 2 (GK2),Delhi NCR,6195246520,"06:32 PM, September 21 2024",Delivered,Zomato Delivery,2km,"1 x Murgh Amritsari Seekh Pizza, 1 x Mutton Seekh Pide, 1 x Chilli Cheese Garlic Bread",,Flat Rs.200 off,1586.0,69.3,200.0,0.0,0.0,0.0,1455.3,5.0,,,,,22.38,12.2,Incorrectly,,ab6ab58469aa3fdaa56cf8fd9063aad9d5a4fc8ab43d8c330b7c93f8be8037c0,3
20635699,Aura Pizzas,Greater Kailash 2 (GK2),Delhi NCR,6200338460,"01:16 PM, September 21 2024",Delivered,Zomato Delivery,5km,"1 x Chilli Cheese Garlic Bread, 1 x Cheesy Garlic Bread, 1 x Margherita Pizza",,Flat Rs.200 off,1006.0,40.3,200.0,0.0,0.0,0.0,846.3,,,,,,19.15,3.6,Correctly,,9bfa120cc4f2f4ee6a505daaaa36cc369f3fff667c8562098711cc6ea897d850,3
20635699,Aura Pizzas,Greater Kailash 2 (GK2),Delhi NCR,6192337507,"01:29 AM, September 21 2024",Delivered,Zomato Delivery,2km,"1 x Murgh Amritsari Seekh Pide, 1 x Mutton Seekh Pide, 1 x Indian Pico De-Gallo",,Flat Rs.150 off,808.0,34.8,112.0,0.0,0.0,0.0,730.8,,,,,,17.47,0.8,Correctly,,49cbfdb8a725ad9eddbe90fa02c4009ed6660bfb1c2469640aac2971cb2c3cc3,3
20659868,Aura Pizzas,Sector 4,Delhi NCR,6224863115,"08:06 PM, September 30 2024",Delivered,Zomato Delivery,8km,"1 x Herbed Potato, 1 x Murgh Amritsari Seekh Pide, 1 x Salted Crisper Fries",,Flat Rs.150 off,676.0,28.85,99.0,0.0,0.0,0.0,605.85,,,,,,14.25,8.7,Correctly,,34f047ec3c4bd89f6c7cb96a867fd9d0e98f8f2c48ebdf358c6a13b46642f8fb,3
20659868,Aura Pizzas,Sector 4,Delhi NCR,6224629306,"06:34 PM, September 30 2024",Delivered,Zomato Delivery,17km,"1 x Bageecha Pizza, 1 x Cheesy Garlic Bread, 1 x Peri Peri Crisper Fries",,Flat Rs.125 off,1037.0,47.2,93.0,0.0,0.0,0.0,991.2,,,,,,15.87,7.0,Correctly,,7cd43736233f99489fb9f7516a5cdd28e0208929fb578d47622184212c28a07d,3
20659868,Aura Pizzas,Sector 4,Delhi NCR,6225000903,"08:11 PM, September 29 2024",Delivered,Zomato Delivery,7km,"1 x Garlic Aioli, 1 x Onion Rings, 1 x Jamaican Chicken Melt",,Flat Rs.200 off,768.0,28.4,200.0,0.0,0.0,0.0,596.4,,,,,,39.58,27.2,Correctly,,a47b2ad698f3892432937614bb1a00de9bd8aa6b53b132f72108b4ce055a705d,3
20659868,Aura Pizzas,Sector 4,Delhi NCR,6223943315,"05:24 PM, September 29 2024",Delivered,Zomato Delivery,6km,"1 x Bageecha Pizza, 2 x Margherita Pizza",,Flat 15% off,2097.0,89.12,314.55,0.0,0.0,0.0,1871.57,,,,,,26.12,11.7,Correctly,,8b104645a646c10128dbd935a1f4bee56a7869dddde41324f9e8e4de172293cb,3
20659868,Aura Pizzas,Sector 4,Delhi NCR,6221263331,"01:11 AM, September 29 2024",Delivered,Zomato Delivery,6km,3 x Tipsy Tiger Fresh Lime Soda,,50% off upto Rs.100,357.15,12.86,100.0,0.0,0.0,0.0,270.01,,,,,,0.25,5.6,Incorrectly,,262e4863b543929998d14373f6986c1a660b341a626849c64c233b6ed5f6b3e0,3
20659868,Aura Pizzas,Sector 4,Delhi NCR,6219663709,"09:25 PM, September 28 2024",Delivered,Zomato Delivery,6km,"1 x Garlic Aioli, 1 x Cheesy Garlic Bread, 1 x All About Chicken Pizza",,Flat Rs.200 off,958.0,37.9,200.0,0.0,0.0,0.0,795.9,,,,,,31.18,13.8,Incorrectly,,8e3249f5aff457de7068cd9474d669dda463bf22eb784f2df997214bcf514a1d,3
20659868,Aura Pizzas,Sector 4,Delhi NCR,6219743519,"06:59 PM, September 28 2024",Delivered,Zomato Delivery,3km,"1 x Chilli Cheese Garlic Bread, 1 x Makhani Paneer Pizza, 1 x Bageecha Pizza",,Flat 15% off,1576.0,66.98,236.4,0.0,0.0,0.0,1406.58,,,,,,23.68,9.7,Correctly,,9fb35801fbd41ca7104b751097834eeb0a5fe80ed2252c4369326efb69291f61,3
20659868,Aura Pizzas,Sector 4,Delhi NCR,6216566476,"06:13 PM, September 28 2024",Delivered,Zomato Delivery,4km,"1 x Tripple Cheese Pizza, 1 x Angara Paneer Melt, 1 x Mushroom Mozzarella Melt",,Flat Rs.200 off,1447.0,62.35,200.0,0.0,0.0,0.0,1309.35,,,,,,19.3,1.1,Correctly,,6bf7fc1fc4575c87120faca1eb4f8ff7fe3cb1de0062d565684340921f373609,3
20659868,Aura Pizzas,Sector 4,Delhi NCR,6218034857,"01:35 PM, September 28 2024",Delivered,Zomato Delivery,6km,"1 x Angara Paneer Melt, 1 x Onion Rings, 1 x Masala Paneer Pide",,Flat Rs.200 off,997.0,39.85,200.0,0.0,0.0,0.0,836.85,,,,,,18.17,2.1,Correctly,,c6476941a31460eab784241fb6423788ec264a87fc3364c06b211882a8a214a7,3
20659868,Aura Pizzas,Sector 4,Delhi NCR,6219168559,"10:33 PM, September 27 2024",Delivered,Zomato Delivery,5km,"1 x Margherita Pizza, 1 x All About Chicken Pizza, 1 x Murgh Amritsari Garlic Bread",,Flat Rs.200 off,1407.0,60.35,200.0,0.0,0.0,0.0,1267.35,,,,,,14.8,7.3,Correctly,,8108d9476bc589f4526238ae5fb4246619d653ab5e99ab2d78b2b688fb4a487d,3
20659868,Aura Pizzas,Sector 4,Delhi NCR,6211464247,"08:25 PM, September 27 2024",Delivered,Zomato Delivery,9km,"1 x Bageecha Pizza, 1 x Herbed Potato, 1 x Makhani Paneer Pizza",,Flat Rs.200 off,1386.0,59.3,200.0,0.0,0.0,0.0,1245.3,,,,,,24.05,13.8,Correctly,,2129285ae64fdd3a7a1d4bf60c16b8bae6b73af49978898dfd2f9049e648509a,3
20659868,Aura Pizzas,Sector 4,Delhi NCR,6207960327,"10:24 PM, September 26 2024",Delivered,Zomato Delivery,11km,"2 x Bageecha Pizza, 1 x Herbed Potato",,Flat Rs.200 off,1346.0,62.3,100.0,0.0,0.0,0.0,1308.3,,,,,,18.07,5.8,Correctly,,3683d34195e5b4849c2aef22dcdfced3418abefb827ebc17febe04f5af07869a,3
20659868,Aura Pizzas,Sector 4,Delhi NCR,6214492138,"07:12 PM, September 26 2024",Delivered,Zomato Delivery,3km,"1 x Chilli Cheese Garlic Bread, 1 x Masala Potato Pide, 1 x Iced Green Tea - Peach",,Flat Rs.200 off,653.24,27.66,100.0,0.0,0.0,0.0,580.9,,,,,,14.15,4.3,Incorrectly,,7f796213143bd14ab963269d836bfbea171d743aebebdbc58247ceb71ca803d9,3
20659868,Aura Pizzas,Sector 4,Delhi NCR,6202485311,"12:44 AM, September 26 2024",Delivered,Zomato Delivery,4km,"1 x Bageecha Pizza, 1 x Cheesy Garlic Bread, 1 x Chilli Cheese Garlic Bread",,Flat Rs.200 off,1297.0,59.85,100.0,0.0,0.0,0.0,1256.85,,,,,,16.23,4.2,Correctly,,91a3ad5cf66418f13666ab7a6b1cd8dad100c815369688a02fccbf4aaa64b2a5,3
20659868,Aura Pizzas,Sector 4,Delhi NCR,6208542887,"08:49 PM, September 25 2024",Delivered,Zomato Delivery,2km,"1 x Margherita Pizza, 1 x Chilli Cheese Garlic Bread, 1 x Bageecha Pizza",,Flat Rs.200 off,1317.0,60.85,100.0,0.0,0.0,0.0,1277.85,,,,,,19.3,12.0,Correctly,,deae90fb58e1fb77e963bdacc9943f59003da6c4ab88612bac146af4da2e6a5f,3
20659868,Aura Pizzas,Sector 4,Delhi NCR,6211795755,"05:40 PM, September 25 2024",Delivered,Zomato Delivery,2km,"1 x Fried Chicken Strips, 1 x All About Chicken Pizza, 1 x Bageecha Pizza",,Flat 15% off,1507.0,64.05,226.05,0.0,0.0,0.0,1345.0,,,,,,18.63,17.3,Incorrectly,,dd7be616637451cef48c4a9b6d47b1e8b7b67e43b4eba8f632ce9d24c5fa5fae,3
20659868,Aura Pizzas,Sector 4,Delhi NCR,6201403048,"01:22 AM, September 25 2024",Delivered,Zomato Delivery,2km,"1 x Harisa Mayo, 1 x Herbed Potato, 1 x Onion Rings",,Buy 1 Get 1 - ₹60.00,377.0,18.85,0.0,0.0,0.0,0.0,395.85,,,,,,16.75,11.8,Correctly,,8ec196d35657135f63c156e24bad7467747b04333c680eec3a6c062d8d38aeb6,3
20659868,Aura Pizzas,Sector 4,Delhi NCR,6209952320,"06:13 PM, September 24 2024",Delivered,Zomato Delivery,6km,"1 x Peri Peri Crisper Fries, 1 x Chilli Cheese Garlic Bread, 1 x Murgh Amritsari Garlic Bread",,Buy 1 Get 1 - ₹259.00,488.0,24.4,0.0,0.0,0.0,0.0,512.4,,,,,,12.9,3.0,Correctly,,0a0ef31fa8d77e38185d3aba6d1bda1f34f62a0badb8b9cc434e338573534943,3
20659868,Aura Pizzas,Sector 4,Delhi NCR,6208483939,"10:46 PM, September 23 2024",Delivered,Zomato Delivery,10km,"1 x Just Pepperoni Pide, 1 x Peri Peri Chicken Melt, 1 x Peanut Butter Chocolate Pide",,Flat Rs.125 off,1187.0,54.7,93.0,0.0,0.0,0.0,1148.7,,,,,,18.15,9.6,Correctly,,983d8f7e0a0984b5ef8cf6af7de15efd9505b5a8cf2add12db3ea19c1086db93,3
20659868,Aura Pizzas,Sector 4,Delhi NCR,6201531345,"07:42 PM, September 23 2024",Delivered,Zomato Delivery,9km,"1 x All About Chicken Pizza, 2 x Grilled Tangdis",,Flat 15% off,1705.0,72.46,255.75,0.0,0.0,0.0,1521.71,,,,,,21.95,12.9,Correctly,,1886427ee1dc70378a661e8df0be329d87100098fdd5f7a1548d56411445f0ca,3
20659868,Aura Pizzas,Sector 4,Delhi NCR,6202594633,"08:56 PM, September 22 2024",Delivered,Zomato Delivery,4km,"1 x Chilli Cheese Garlic Bread, 1 x Bageecha Pizza, 1 x Herbed Potato",,Flat Rs.125 off,1006.0,45.65,93.0,0.0,0.0,0.0,958.65,,,,,,17.23,8.1,Correctly,,1297fe3286201290d47a0e7abd71624f725a60104eef4407d6b87c7b65db787f,3
20659868,Aura Pizzas,Sector 4,Delhi NCR,6204313681,"08:22 PM, September 22 2024",Delivered,Zomato Delivery,2km,"1 x Makhani Paneer Pizza, 1 x Chilli Cheese Garlic Bread, 1 x Peri Peri Crisper Fries",,Flat Rs.125 off,1207.0,55.7,93.0,0.0,0.0,0.0,1169.7,,,,,,19.0,7.7,Correctly,,8671f5e469b7d385ec66b8e2d914f4d5ee3e430dcf8e9b36554c83034a6fbf6f,3
20659868,Aura Pizzas,Sector 4,Delhi NCR,6201531129,"05:36 PM, September 22 2024",Delivered,Zomato Delivery,7km,"1 x Bageecha Pizza, 1 x Spinach Sumac Pide, 1 x Herbed Potato",,Flat Rs.125 off,1076.0,49.15,93.0,0.0,0.0,0.0,1032.15,,,,,,15.62,3.1,Correctly,,9a8564003642ec90118c909aa7521983f25182172a97b7cfc668d9764b41206f,3
20659868,Aura Pizzas,Sector 4,Delhi NCR,6201378390,"09:38 PM, September 21 2024",Delivered,Zomato Delivery,7km,"1 x Angara Paneer Melt, 1 x Makhani Paneer Pizza, 1 x Margherita Pizza",,Flat Rs.125 off,1756.0,83.15,93.0,0.0,0.0,0.0,1746.15,,,,,,13.88,10.0,Incorrectly,,14c2d68e2050d3f61a18adfb73639061d40cd09354f7d950de9093a2fda9d7ac,3
20659868,Aura Pizzas,Sector 4,Delhi NCR,6198877523,"08:11 PM, September 21 2024",Delivered,Zomato Delivery,6km,"1 x Salted Crisper Fries, 1 x Murgh Amritsari Seekh Pizza, 1 x Bacon Pepperoni Melt",,,1933.0,96.65,0.0,0.0,0.0,0.0,2029.65,,,,,,22.28,9.0,Correctly,,604e8242015a95d7a475f20a44977b8fbc32793950ec1672d58d45991049fec1,3
20659868,Aura Pizzas,Sector 4,Delhi NCR,6193577738,"06:29 PM, September 21 2024",Delivered,Zomato Delivery,9km,"1 x Murgh Amritsari Seekh Pide, 1 x Peri Peri Grilled Chicken Pizza, 1 x Murgh Amritsari Seekh Melt",,,1717.0,85.85,0.0,0.0,0.0,0.0,1802.85,,,,,,20.43,13.7,Correctly,,36d4d6797287b658321f0dd3a344bfda734ea5da51a189eb30f93451cf0698e7,3
20659868,Aura Pizzas,Sector 4,Delhi NCR,6200554268,"02:46 PM, September 21 2024",Delivered,Zomato Delivery,5km,"1 x Cheesy Garlic Bread, 1 x All About Chicken Pizza, 1 x Bageecha Pizza",,Flat Rs.125 off,1497.0,70.2,93.0,0.0,0.0,0.0,1474.2,5.0,,,,,23.65,12.3,Correctly,,f8bad4e24b70b20ba92371b5d9318c6427bde5b62b8810a7e87b1f1de4a9bd2b,3
20882652,Aura Pizzas,DLF Phase 1,Delhi NCR,6224595124,"07:40 PM, September 29 2024",Delivered,Zomato Delivery,11km,"1 x Cheesy Garlic Bread, 1 x Malai Gud Pide, 1 x Bageecha Pizza",,Flat Rs.200 off,1097.0,44.85,200.0,0.0,0.0,0.0,941.85,,,,,,17.77,12.9,Correctly,,1fbaeb45acd708d0a50567da5f272d7dc6dcc9c89ac602de18490708eebb6a7a,3
20882652,Aura Pizzas,DLF Phase 1,Delhi NCR,6214392979,"12:36 AM, September 28 2024",Delivered,Zomato Delivery,2km,"1 x Peri Peri Paneer Melt, 1 x Tipsy Tiger Fresh Lime Soda, 1 x Grilled Tangdis",,Flat Rs.200 off,906.05,35.3,200.0,0.0,0.0,0.0,741.35,,,,,,25.34,10.5,Correctly,,a44a8c0ac0e2aab4be2ea7e3db13d6f8dbb8057770211cff7b0028a310fcbf1a,3
20882652,Aura Pizzas,DLF Phase 1,Delhi NCR,6204764503,"09:37 PM, September 27 2024",Delivered,Zomato Delivery,8km,"2 x Salted Crisper Fries, 1 x Bageecha Pizza",,Flat Rs.200 off,957.0,37.85,200.0,0.0,0.0,0.0,794.85,,,,,,20.6,4.0,Incorrectly,,6d073eefee0146cf31d8c8edf131213437ce6db1410ad054ac0e85c42b5bdabc,3
20882652,Aura Pizzas,DLF Phase 1,Delhi NCR,6207575968,"09:05 PM, September 27 2024",Delivered,Zomato Delivery,10km,"1 x Margherita Pizza, 1 x Jamaican Chicken Melt, 1 x Murgh Amritsari Seekh Melt",,Flat Rs.200 off,1417.0,60.85,200.0,0.0,0.0,0.0,1277.85,,,,,,24.97,1.4,Correctly,,640a09ff066ff07d6f59412d6cd33f1c26f07caaae6e4de830ecea1597797fea,3
20882652,Aura Pizzas,DLF Phase 1,Delhi NCR,6207565181,"09:55 PM, September 26 2024",Delivered,Zomato Delivery,7km,"1 x Bageecha Pizza, 1 x Murgh Amritsari Seekh Pizza, 1 x Peri Peri Grilled Chicken Pizza",,,1847.0,92.35,0.0,0.0,0.0,0.0,1939.35,,,,,,27.49,18.5,Incorrectly,,a0905756f5c2ff4ec8c81a61b86cb1f81e6a54e91df5aeab929e7f9ea1b8ecd9,3
20882652,Aura Pizzas,DLF Phase 1,Delhi NCR,6208886174,"07:45 PM, September 26 2024",Delivered,Zomato Delivery,6km,"1 x Bageecha Pizza, 1 x Iced Green Tea - Mojito, 1 x Chilli Cheese Garlic Bread","Order: Please Send Disposable Plates,Oregano & Lots Of Tissues",Flat Rs.200 off,953.24,37.66,200.0,0.0,0.0,0.0,790.9,,,,,,20.57,9.8,Correctly,,6fb11a932219d43bb4bb416b4f53a088ed05de4445985bb0ba2b89c53b554eff,3
20882652,Aura Pizzas,DLF Phase 1,Delhi NCR,6210394348,"07:51 PM, September 25 2024",Delivered,Zomato Delivery,4km,"2 x Grilled Tangdis, 1 x Bageecha Pizza",,Flat Rs.200 off,1337.0,56.85,200.0,0.0,0.0,0.0,1193.85,,,,,,17.27,9.8,Correctly,,0ac70bd30bb89b13ac6c964c01434d170fae302cfbd09f1b6f7400401e5265ea,3
20882652,Aura Pizzas,DLF Phase 1,Delhi NCR,6212044338,"04:44 PM, September 25 2024",Delivered,Zomato Delivery,9km,"1 x All About Chicken Pizza, 1 x Margherita Pizza, 1 x Jamaican Chicken Melt",,Flat Rs.200 off,1597.0,69.85,200.0,0.0,0.0,0.0,1466.85,5.0,,,,,31.67,19.9,Incorrectly,,6e30f5a85eae9be5050ca00a8faf3e558333a031f6c6f45b476f900ff3f44dfc,3
20882652,Aura Pizzas,DLF Phase 1,Delhi NCR,6209833012,"08:39 PM, September 24 2024",Delivered,Zomato Delivery,6km,"1 x Mushroom Mozzarella Melt, 1 x OG Cheese Pide, 1 x Peri Peri Paneer Pizza",,Buy 1 Get 1 - ₹449.00,928.0,46.4,0.0,0.0,0.0,0.0,974.4,,,,,,23.71,6.9,Correctly,,070858ec6701a28650a2fa59ebd292072b499ade96a8efa041a578688edf6ede,3
20882652,Aura Pizzas,DLF Phase 1,Delhi NCR,6196167486,"02:37 PM, September 21 2024",Delivered,Zomato Delivery,2km,"1 x Grilled Tangdis, 1 x Makhani Paneer Pizza, 1 x Tripple Cheese Pizza",,Flat Rs.200 off,1476.0,63.8,200.0,0.0,0.0,0.0,1339.8,,,,,,19.85,8.8,Correctly,,a11e165afde99f8f02e11f171d730f4a181bfefdfe2ea98844ead4df65e1f078,3
20882652,Aura Pizzas,DLF Phase 1,Delhi NCR,6198507227,"12:50 AM, September 21 2024",Delivered,Zomato Delivery,5km,"1 x Grilled Tangdis, 1 x Tripple Cheese Pizza, 1 x Murgh Amritsari Seekh Melt",,Flat Rs.200 off,1497.0,64.85,200.0,0.0,0.0,0.0,1361.85,,,,,,27.7,9.2,Correctly,,a1f55f8d3f792147ee59dbd7280de9d4db1538c1416d5e5c7e2d9752c779467b,3
20882713,Swaad,DLF Phase 1,Delhi NCR,6223363995,"01:36 AM, September 30 2024",Delivered,Zomato Delivery,7km,"1 x Animal Fries, 1 x Bone in Angara Grilled Chicken, 1 x Bone in Jamaican Grilled Chicken",,Flat Rs.175 off,975.0,40.0,175.0,0.0,0.0,0.0,840.0,,,,,,20.22,5.3,Correctly,,5468fdce3669d535245a4ed725282187019867a9ec7c66165b6fd27bb879ca89,3
20882713,Swaad,DLF Phase 1,Delhi NCR,6211091391,"08:10 PM, September 27 2024",Delivered,Zomato Delivery,2km,"1 x Fried Chicken Ghostbuster Tender, 1 x Fried Chicken Classic Tender, 1 x Grilled Chicken Jamaican Tender",,Flat Rs.175 off,1415.0,62.0,175.0,0.0,0.0,0.0,1302.0,5.0,,,,,19.75,5.7,Correctly,,bb74169e298e35a6e25d5e9e661c770f437384bcd06ce039a46e4d2fd0b9e2d6,3
20882713,Swaad,DLF Phase 1,Delhi NCR,6200424610,"12:46 AM, September 26 2024",Delivered,Zomato Delivery,2km,"1 x AAC Signature Fries, 1 x Fried Chicken Classic Tender, 1 x GhostBuster Sauce",,50% off upto Rs.100,634.0,26.7,100.0,0.0,0.0,0.0,560.7,,,,,,17.33,4.6,Correctly,,d66e9b9e322afa74ff7d3af827ffa21d7de03aca2653592091d9e7d75f60672c,3
20968206,Dilli Burger Adda,Greater Kailash 2 (GK2),Delhi NCR,6199553154,"08:02 PM, September 21 2024",Delivered,Zomato Delivery,5km,"1 x OG Cheese Burger, 1 x Peri Peri Fries, 1 x Dirty Grilled Paneer Burger",,,958.0,47.9,0.0,0.0,0.0,0.0,1005.9,,,,,,21.33,0.2,Correctly,,c960f81a68db140c6794ed597cfbe2bbb9c2c6986dad9f7dd0ed3a079e1f8114,3
21077127,Aura Pizzas,Sector 135,Delhi NCR,6220013073,"07:53 PM, September 30 2024",Delivered,Zomato Delivery,1km,"1 x Onion Rings, 1 x Chilli Cheese Garlic Bread, 1 x Murgh Amritsari Garlic Bread",,Flat Rs.150 off,777.0,33.9,99.0,0.0,0.0,0.0,711.9,,,,,,11.47,5.2,Correctly,,092312917e89d8452c5a20980a67d710d9ab1c218d6069f62e934289bab285a3,3
21077127,Aura Pizzas,Sector 135,Delhi NCR,6215598799,"11:51 AM, September 30 2024",Delivered,Zomato Delivery,7km,"1 x Murgh Amritsari Garlic Bread, 1 x Jamaican Chicken Melt, 1 x Peri Peri Crisper Fries",,Flat Rs.200 off,1085.0,44.25,200.0,0.0,0.0,0.0,929.25,,,,,,20.82,9.2,Correctly,,45a0d80b092685956a3e3d41f1a7d918e852157258c6b092bbbe80bf56037acb,3
21077127,Aura Pizzas,Sector 135,Delhi NCR,6218815644,"11:13 PM, September 29 2024",Delivered,Zomato Delivery,3km,"1 x Fried Chicken Strips, 1 x Cheesy Garlic Bread, 1 x Jamaican Chicken Melt",,Flat Rs.200 off,907.0,35.35,200.0,0.0,0.0,0.0,742.35,,,,,,16.8,12.5,Correctly,,efaaa651607591d94efbf5111e6b23d653680a4790f47660c84b9bad2d13ff6a,3
21077127,Aura Pizzas,Sector 135,Delhi NCR,6224551534,"08:07 PM, September 29 2024",Delivered,Zomato Delivery,1km,"1 x Angara Paneer Melt, 1 x Makhani Paneer Pizza, 1 x Bageecha Pizza",,Flat Rs.200 off,1774.0,78.7,200.0,0.0,0.0,0.0,1652.7,,,,,,17.4,4.4,Correctly,,a486382a14118fbc2238abcfb5fbb8303dfcda73161a80912b1f9b42f1aa9d8d,3
21077127,Aura Pizzas,Sector 135,Delhi NCR,6220945948,"07:39 PM, September 29 2024",Delivered,Zomato Delivery,6km,"1 x Peanut Butter Chocolate Pide, 1 x All About Chicken Pizza, 1 x Desi Pepperoni Pizza",,Flat Rs.200 off,1617.0,70.85,200.0,0.0,0.0,0.0,1487.85,,,,,,18.52,7.9,Correctly,,35f416b6d9a31a63e76e25c9bd2753f07f62a2ffed654302cb3b60135416f8a4,3
21077127,Aura Pizzas,Sector 135,Delhi NCR,6203955701,"09:20 PM, September 28 2024",Delivered,Zomato Delivery,1km,"2 x Just Pepperoni Pizza, 1 x Herbed Potato",,60% off upto Rs.120,1446.0,67.35,99.0,0.0,0.0,0.0,1414.35,5.0,,,,,15.17,2.2,Correctly,,81bfeecdca7fd71b6fc99b0cf61731f1eb565484886986fd3b2c769cdde9c061,3
21077127,Aura Pizzas,Sector 135,Delhi NCR,6217894369,"08:09 PM, September 27 2024",Delivered,Zomato Delivery,4km,"1 x Murgh Amritsari Seekh Pizza, 1 x Margherita Pizza, 1 x Malai Gud Pide",,Flat Rs.200 off,1347.0,57.35,200.0,0.0,0.0,0.0,1204.35,,,,,,16.03,1.4,Correctly,,287d2731579ee747b25d56475fdd3fdf837e0a526e534b221d42da0028be0e65,3
21077127,Aura Pizzas,Sector 135,Delhi NCR,6213129573,"08:02 PM, September 26 2024",Delivered,Zomato Delivery,3km,"1 x Masala Paneer Pide, 1 x Peri Peri Grilled Chicken Pizza, 1 x Chilli Cheese Garlic Bread",,Flat Rs.200 off,1197.0,49.85,200.0,0.0,0.0,0.0,1046.85,,,,,,19.08,6.4,Correctly,,3f08de7dbb9a597b5f1080577012de6ab550f586c9b61b08e06fba20d53b9620,3
21077127,Aura Pizzas,Sector 135,Delhi NCR,6213300879,"08:10 PM, September 25 2024",Delivered,Zomato Delivery,2km,"2 x Chilli Cheese Garlic Bread, 1 x Peri Peri Paneer Pizza",,Flat Rs.200 off,1287.0,54.35,200.0,0.0,0.0,0.0,1141.35,,,,,,14.17,6.0,Correctly,,445e4e26b39f85a1ad13be982f5d966dfe0b5c36d8c377f3d50746071f88424d,3
21077127,Aura Pizzas,Sector 135,Delhi NCR,6209094439,"07:55 PM, September 25 2024",Delivered,Zomato Delivery,4km,"1 x Mutton Seekh Pide, 1 x All About Chicken Pizza, 1 x Murgh Amritsari Garlic Bread",,Flat Rs.200 off,1547.0,67.35,200.0,0.0,0.0,0.0,1414.35,,,,,,18.4,8.3,Correctly,,a1b854496e2b805bd10d9d506f50d19bb18ac5c52c288d1c43fd0455f8469907,3
21077127,Aura Pizzas,Sector 135,Delhi NCR,6195550038,"11:38 PM, September 22 2024",Delivered,Zomato Delivery,6km,"1 x Mushroom Pizza, 1 x Cheesy Garlic Bread, 1 x All About Chicken Pizza",,,1646.0,82.3,0.0,0.0,0.0,0.0,1728.3,4.0,,,,,13.5,10.1,Correctly,,2e3f001749cb2ba22e7e5037fa74a5a73f52d0697caa3937dd8428abd950989e,3
21077127,Aura Pizzas,Sector 135,Delhi NCR,6202495405,"03:07 PM, September 22 2024",Delivered,Zomato Delivery,7km,"1 x All About Chicken Pizza, 1 x Fried Chicken Strips, 1 x Salted Crisper Fries",,Flat Rs.200 off,1027.0,41.35,200.0,0.0,0.0,0.0,868.35,5.0,,,,,24.3,19.3,Correctly,,b400ec9d24b1b1620360d928f3851694d11ddfc86a090fafc29c9d1a63049372,3
21077127,Aura Pizzas,Sector 135,Delhi NCR,6200440618,"12:40 PM, September 22 2024",Delivered,Zomato Delivery,3km,"1 x Chilli Cheese Garlic Bread, 1 x Bageecha Pizza, 1 x Peri Peri Paneer Pizza",,Flat Rs.200 off,1496.0,64.8,200.0,0.0,0.0,0.0,1360.8,,,,,,17.75,7.9,Correctly,,e46c5bc4e7197adfea7174169b8ddf6d3533a8bcec7eb4cf06edda5cdc778ea9,3
21143186,Tandoori Junction,Greater Kailash 2 (GK2),Delhi NCR,6217919611,"07:30 PM, September 27 2024",Delivered,Zomato Delivery,9km,"1 x Salted Fries, 1 x Grlld Masala Fries, 1 x Malvani Boneless Grilled Chicken Breast",,,1147.0,68.82,0.0,0.0,0.0,0.0,1215.82,5.0,,,,,19.03,0.5,Correctly,,389e6424c75d3a8f76575060789f5098b4b8e1a1cfcc0ca58e59f678698d7e1e,3
21145152,Tandoori Junction,Sector 4,Delhi NCR,6194165466,"08:10 PM, September 22 2024",Delivered,Zomato Delivery,12km,"1 x Smoky BBQ Boneless Grilled Chicken Breast, 1 x Carribean Jerk Boneless Grilled Chicken Breast, 1 x Smoky BBQ Boneless Grilled Chicken Breast",,,2047.0,122.82,0.0,0.0,0.0,0.0,2169.82,,,,,,35.5,11.6,Correctly,,cc4ea4e9cb5e6dd2317ac6bd28e6a96715f793958e49c180270f771c541c5bf3,3
21173951,Aura Pizzas,Vasant Kunj,Delhi NCR,6217009157,"10:26 PM, September 27 2024",Delivered,Zomato Delivery,4km,"1 x Cafreal Sauce, 1 x All About Chicken Pizza, 1 x Pepperoni Garlic Bread",,Flat Rs.200 off,1198.0,49.9,200.0,0.0,0.0,0.0,1047.9,,,,,,23.75,15.0,Correctly,,47714e7054cb4e780de4ebc7aebdaa6f551e2d158a3452ee864d0980c9151b8f,3
21173951,Aura Pizzas,Vasant Kunj,Delhi NCR,6209387593,"08:05 PM, September 24 2024",Delivered,Zomato Delivery,10km,"1 x Chilli Cheese Garlic Bread, 2 x All About Chicken Pizza",,Buy 1 Get 1 - ₹859.00,1118.0,55.9,0.0,0.0,0.0,0.0,1173.9,4.0,,,,,34.3,9.4,Correctly,,c25a29802e1aa8b28e55e8adaf8de4c9d907df41db6d7576aaa6dee86763f018,3
21309083,Swaad,Sector 135,Delhi NCR,6220665585,"02:56 PM, September 30 2024",Delivered,Zomato Delivery,2km,"1 x Bone in Jamaican Grilled Chicken, 1 x Grilled Chicken Angara Tender, 1 x AAC Special Slaw",,,768.0,38.4,0.0,0.0,0.0,0.0,806.4,,,,,,13.52,0.5,Correctly,,ca53db38ccf66faffa8bb90a29f6a887f23a67e05f3ff53d1816da632e2cee83,3
21309083,Swaad,Sector 135,Delhi NCR,6217439541,"02:48 PM, September 28 2024",Delivered,Zomato Delivery,2km,"1 x Grilled Chicken Jamaican Tender, 1 x Bone in Kabuli Grilled Chicken, 1 x Grilled Chicken Peri Peri Tender",,,1205.0,60.25,0.0,0.0,0.0,0.0,1265.25,,,,,,23.8,1.3,Correctly,,8823c00d0b587b4d4e1970d89bb927abc8ecd52f18880eac1354f9edd49ec5f8,3
21309083,Swaad,Sector 135,Delhi NCR,6209557700,"07:55 PM, September 26 2024",Delivered,Zomato Delivery,1km,"1 x Bone in Jamaican Grilled Chicken, 1 x Grilled Chicken Jamaican Tangdi, 1 x Angara Aloo Tuk Tuki",,,1273.0,63.65,0.0,0.0,0.0,0.0,1336.65,,,,,,19.38,1.3,Correctly,,662199a097305eff093f15081b16591d3d47ff438e82ca5d3bd4f4d8fe7b111a,3
21309083,Swaad,Sector 135,Delhi NCR,6205217290,"10:14 PM, September 23 2024",Delivered,Zomato Delivery,2km,"1 x Onion Bombs, 1 x Grilled Chicken Ghostbuster Tangdi, 1 x Grilled Chicken Angara Tangdi",,,968.0,48.4,0.0,0.0,0.0,0.0,1016.4,,,,,,18.88,5.2,Correctly,,864dffaa7b088bba51cdbe3d69ef910f6f53e6671f15502b695b6af1478168ea,3
21309083,Swaad,Sector 135,Delhi NCR,6204826134,"06:32 PM, September 23 2024",Delivered,Zomato Delivery,1km,"1 x Bone in Jamaican Grilled Chicken, 1 x AAC Signature Crisper Fries, 1 x Peri Peri Fries",,,973.0,48.65,0.0,0.0,0.0,0.0,1021.65,,,,,,13.92,1.6,Correctly,,276f762135787aeb3b1ab128ffcec6c439b8a5f58485d55fa39bee903c2a3041,3
21350931,Tandoori Junction,DLF Phase 1,Delhi NCR,6193756006,"05:52 PM, September 21 2024",Delivered,Zomato Delivery,4km,"1 x Grlld Masala Fries, 1 x Grlld Vegetables, 1 x Angara Boneless Grilled Chicken Breast",,,1047.0,62.82,0.0,0.0,0.0,0.0,1109.82,,,,,,19.17,6.7,Incorrectly,,3517d41444db402bbfc67d3c1d580b626f24e5ce5eaa40338a8ffe2d8eb1ebfe,3
20320607,Swaad,Sector 4,Delhi NCR,6242525456,"08:52 PM, October 09 2024",Delivered,Zomato Delivery,3km,"1 x Bone in Jamaican Grilled Chicken, 1 x Bone in Angara Grilled Chicken, 1 x Bone in Peri Peri Grilled Chicken",,Flat Rs.200 off,930.0,42.5,80.0,0.0,0.0,0.0,892.5,,,,,,16.8,4.4,Correctly,,19057288a355bad8cff6f22e521fefbe749cd70fea997c2b90586446d97ec3ed,3
20320607,Swaad,Sector 4,Delhi NCR,6242046564,"07:21 PM, October 06 2024",Delivered,Zomato Delivery,5km,"1 x Angara Rice, 1 x Grilled Chicken Smoky BBQ Tender, 1 x Bone in Smoky Bbq Grilled Chicken",,,1448.0,72.4,0.0,0.0,0.0,0.0,1520.4,,,,,,23.53,0.9,Correctly,,1055f9c007f478a49bc248e50dba97d339aa1bf5abb15fd464a7ef2fd6bf65c6,3
20320607,Swaad,Sector 4,Delhi NCR,6236608269,"11:14 AM, October 05 2024",Delivered,Zomato Delivery,11km,"2 x Bone in Smoky Bbq Grilled Chicken, 1 x Salted Fries",,Flat Rs.200 off,1779.0,84.45,90.0,0.0,0.0,0.0,1773.45,,,,,,22.65,10.9,Incorrectly,,98eda32083d81a603dfeb89959da4d0d7786f21f62d282e5bd2b32767b56a47b,3
20320607,Swaad,Sector 4,Delhi NCR,6236867521,"12:47 AM, October 05 2024",Delivered,Zomato Delivery,9km,"1 x Iced Green Tea - Peach, 1 x Grilled Chicken Jamaican Tender, 1 x Fried Chicken Angara Tender",,Flat Rs.200 off,730.24,32.01,90.0,0.0,0.0,0.0,672.25,,,,,,12.13,5.2,Correctly,,fa41fd3d4d54173eb1511787b5304b4314fcbbacd530d7d320f97856a97c5d50,3
20320607,Swaad,Sector 4,Delhi NCR,6219454056,"03:26 PM, October 04 2024",Delivered,Zomato Delivery,7km,"1 x India Dynamite sauce, 1 x Grilled Chicken Jamaican Tender, 1 x Grilled Chicken Smoky BBQ Tender",,50% off upto Rs.100,680.0,29.0,100.0,0.0,0.0,0.0,609.0,,,,,,17.7,13.5,Correctly,,1b1da40683e0b128639f5f926a73a017b1f9610e48c5f266bca7088e3051ca14,3
20320607,Swaad,Sector 4,Delhi NCR,6235442520,"12:35 AM, October 03 2024",Delivered,Zomato Delivery,9km,"1 x Bone in Jamaican Grilled Chicken, 1 x Indian Pico De-Gallo, 1 x Animal Fries",,Flat Rs.200 off,1060.0,49.0,80.0,0.0,0.0,0.0,1029.0,,,,,,20.8,1.4,Correctly,,2ce35213cce3be4bccb4d555d8399af2093b555062b331dfd1c1ddd09d5816dd,3
20320607,Swaad,Sector 4,Delhi NCR,6222268001,"08:12 PM, October 01 2024",Delivered,Zomato Delivery,9km,"1 x Bone in Peri Peri Grilled Chicken, 1 x Bone in Kabuli Grilled Chicken, 1 x Bone in Angara Grilled Chicken",,Flat Rs.200 off,1755.0,83.75,80.0,0.0,0.0,0.0,1758.75,,,,,,23.87,8.2,Correctly,,51e170fb230602417ee3632dc24533e308babdbbb48362546bbb3089905a61ee,3
20554001,Swaad,Greater Kailash 2 (GK2),Delhi NCR,6245366868,"01:42 PM, October 10 2024",Delivered,Zomato Delivery,4km,"1 x Grilled Chicken Peri Peri Tender, 1 x Grilled Chicken Jamaican Tender, 1 x Angara Aloo Tuk Tuki",,Flat Rs.175 off,903.0,36.4,175.0,0.0,0.0,0.0,764.4,,,,,,20.28,0.4,Correctly,,14b71d2e8c2137f6195e7c825942e931ee0e5707acf5a4dfa9f40f62bb00db12,3
20554001,Swaad,Greater Kailash 2 (GK2),Delhi NCR,6241656910,"12:09 AM, October 10 2024",Delivered,Zomato Delivery,2km,"1 x Bone in Jamaican Grilled Chicken, 1 x Bone in Angara Grilled Chicken, 1 x Salted Fries",,Flat Rs.175 off,1174.0,49.95,175.0,0.0,0.0,0.0,1048.95,,,,,,17.0,0.6,Correctly,,4b237d9aef97224d4e8305c31ec8c8f725d5495070b32f7780f624fde830d191,3
20554001,Swaad,Greater Kailash 2 (GK2),Delhi NCR,6241312324,"07:18 PM, October 07 2024",Delivered,Zomato Delivery,2km,"1 x Kabuli Grilled Paneer (8 pcs), 2 x Grilled Chicken Peri Peri Tender",,Flat Rs.175 off,1165.0,49.5,175.0,0.0,0.0,0.0,1039.5,,,,,,19.58,11.7,Correctly,,442ee69677ec24071456edec13b0559e822b2408c6d8db473cc31b45b84fd092,3
20554001,Swaad,Greater Kailash 2 (GK2),Delhi NCR,6246247278,"12:12 AM, October 07 2024",Delivered,Zomato Delivery,12km,"1 x Fried Chicken Kabuli Tender, 1 x Animal Fries, 1 x Grilled Chicken Angara Tender",,Flat Rs.175 off,990.0,40.75,175.0,0.0,0.0,0.0,855.75,,,,,,14.68,0.5,Correctly,,c7314c0a9fcd6370429ae995e7a132ca89308af8af42333ec89295f118c7a983,3
20554001,Swaad,Greater Kailash 2 (GK2),Delhi NCR,6240343007,"11:18 PM, October 05 2024",Delivered,Zomato Delivery,1km,"1 x Grilled Chicken Ghostbuster Tangdi, 1 x Grilled Chicken Angara Tangdi, 1 x Bone in Jamaican Grilled Chicken",,,1450.0,72.5,0.0,0.0,0.0,0.0,1522.5,,,,,,17.95,0.2,Correctly,,141910192e5db0fce1aa6c050798c2745c8d8fb011ed119febae6b1f3822018d,3
20554001,Swaad,Greater Kailash 2 (GK2),Delhi NCR,6217494530,"11:31 AM, October 05 2024",Delivered,Zomato Delivery,7km,"1 x Fried Chicken Ghostbuster Tender, 1 x Fried Chicken Kabuli Tender, 1 x AAC Signature Fries",,Flat Rs.200 off,839.0,31.95,200.0,0.0,0.0,0.0,670.95,4.0,,,,,,0.4,Missed,,960b6543eb5611330f0e49b13ee776597444ca7c81314eb2d8abc73cbd81e0e0,3
20554001,Swaad,Greater Kailash 2 (GK2),Delhi NCR,6236768525,"02:34 AM, October 04 2024",Delivered,Zomato Delivery,5km,"1 x Grilled Chicken Angara Tender, 1 x Grilled Chicken Jamaican Tender, 1 x AAC Signature Fries",,Flat Rs.200 off,809.0,30.45,200.0,0.0,0.0,0.0,639.45,,,,,,13.73,7.1,Correctly,,7769bac9b55143e95c3d427ad4f4230cfface852467d3343d7b97379c340dd4a,3
20554001,Swaad,Greater Kailash 2 (GK2),Delhi NCR,6234456926,"12:17 AM, October 04 2024",Delivered,Zomato Delivery,1km,"1 x Grilled Chicken Jamaican Tender, 1 x Grilled Chicken Angara Tangdi, 1 x Animal Fries",,Flat Rs.175 off,1300.0,56.25,175.0,0.0,0.0,0.0,1181.25,,,,,,16.88,0.2,Correctly,,df1fc7300c6daac1484d235084389e22656dac7d085b5bd5c614007cacb0aa5f,3
20554001,Swaad,Greater Kailash 2 (GK2),Delhi NCR,6234469734,"12:06 AM, October 03 2024",Delivered,Zomato Delivery,<1km,"1 x AAC Saucy Fries, 1 x Bone in Jamaican Grilled Chicken, 1 x Fried Chicken Classic Tender",,Flat Rs.175 off,1320.0,57.25,175.0,0.0,0.0,0.0,1202.25,,,,,,18.4,0.8,Correctly,,2f155337419902e8daa6a440148dac27ded0b345efc6a4cc62c071a9aef1e7fd,3
20554001,Swaad,Greater Kailash 2 (GK2),Delhi NCR,6231567898,"07:09 PM, October 02 2024",Delivered,Zomato Delivery,5km,"1 x Fried Chicken Peri Peri Tender, 1 x AAC Grilled Chicken Burger, 1 x Fried Chicken Kabuli Tender",,Flat Rs.175 off,1025.0,42.5,175.0,0.0,0.0,0.0,892.5,,,,,,16.72,4.2,Correctly,,0f4f4b6d43ebcc3b56686c11b05cf113ff5ce163ff5493225f6f760651e43c56,3
20635699,Aura Pizzas,Greater Kailash 2 (GK2),Delhi NCR,6252958999,"10:20 PM, October 10 2024",Delivered,Zomato Delivery,2km,"1 x Angara Paneer Melt, 1 x Chilli Cheese Garlic Bread, 1 x Bageecha Pizza",,,1307.0,65.35,0.0,0.0,0.0,0.0,1372.35,,,,,,13.35,0.6,Correctly,,41e01a458c6e44c8b01397809282beceea9305662c3432513c12a151e9218cda,3
20635699,Aura Pizzas,Greater Kailash 2 (GK2),Delhi NCR,6255702494,"07:59 PM, October 10 2024",Delivered,Zomato Delivery,1km,"1 x Murgh Amritsari Seekh Pide, 1 x Bageecha Pizza, 1 x All About Chicken Pizza",,,1666.0,83.3,0.0,0.0,0.0,0.0,1749.3,,,,,,17.92,0.7,Correctly,,e2dc1817e95f0c0b741535b0d96397fdfb756d7037e581cae40efc929b8ec19b,3
20635699,Aura Pizzas,Greater Kailash 2 (GK2),Delhi NCR,6256330567,"06:41 PM, October 10 2024",Rejected,Zomato Delivery,7km,"1 x Peri Peri Paneer Pizza, 1 x Chilli Cheese Garlic Bread, 1 x Cheesy Garlic Bread",,Flat Rs.200 off,1385.0,63.65,112.0,0.0,0.0,0.0,1336.65,,,Cancelled by Zomato,943.41,,21.48,0.4,Correctly,,15a4438a2f08a51744c7aa2cc2616472d55512236a9863ae8de55164eff8ca18,3
20635699,Aura Pizzas,Greater Kailash 2 (GK2),Delhi NCR,6254469685,"10:35 PM, October 09 2024",Delivered,Zomato Delivery,3km,"2 x Just Pepperoni Pizza, 1 x Indian Masala Cripser Fries",,Buy 1 Get 1 - ₹649.00,848.0,42.4,0.0,0.0,0.0,0.0,890.4,,,,,,20.73,0.8,Correctly,,a2e4f19050230baf602cef9fb7b1857619fa77e94f1174819db377103334643c,3
20635699,Aura Pizzas,Greater Kailash 2 (GK2),Delhi NCR,6254048458,"08:51 PM, October 09 2024",Delivered,Zomato Delivery,1km,"1 x Harisa Mayo, 1 x Cheesy Garlic Bread, 1 x Peri Peri Crisper Fries",,Flat Rs.120 off,558.0,27.9,0.0,0.0,0.0,0.0,585.9,,,,,,14.75,0.3,Correctly,,33533fd4b213c21e090e4e42733fae73e32a6f1c1fa3800140e993cc7b1d6c7d,3
20635699,Aura Pizzas,Greater Kailash 2 (GK2),Delhi NCR,6244647119,"09:07 PM, October 08 2024",Delivered,Zomato Delivery,1km,"1 x Onion Rings, 1 x Margherita Pizza, 1 x Cheesy Garlic Bread",,Flat Rs.200 off,1117.0,50.25,112.0,0.0,0.0,0.0,1055.25,,,,,,13.88,0.6,Correctly,,b923c20f7aa3c3e82513aa63fc860fb6fa2c0d9fd0772fda790015ae7937c448,3
20635699,Aura Pizzas,Greater Kailash 2 (GK2),Delhi NCR,6233236852,"10:31 PM, October 07 2024",Delivered,Zomato Delivery,3km,"1 x Bellpepper Onion Pizza, 1 x Cheesy Garlic Bread, 1 x Herbed Potato",,Flat Rs.200 off,1285.0,58.65,112.0,0.0,0.0,0.0,1231.65,,,,,,20.45,11.1,Correctly,,7fdc73035712fcf5135ba59528cb77a6f1764633f78c17bd195123b8ee089b70,3
20635699,Aura Pizzas,Greater Kailash 2 (GK2),Delhi NCR,6245759928,"08:53 PM, October 07 2024",Delivered,Zomato Delivery,<1km,"1 x Grilled Tangdis, 1 x Mutton Seekh Pide, 1 x Murgh Amritsari Garlic Bread",,Flat Rs.200 off,1075.0,48.15,112.0,0.0,0.0,0.0,1011.15,,,,,,12.37,1.9,Correctly,,c1bce3fda91bec3abd51f45b4d7f81beaccfa684aa18910d04228b43d7a1bbc4,3
20635699,Aura Pizzas,Greater Kailash 2 (GK2),Delhi NCR,6242570166,"10:23 PM, October 06 2024",Delivered,Zomato Delivery,4km,"1 x Indian Masala Cripser Fries, 1 x Masala Paneer Pide, 1 x Margherita Pizza",,Flat Rs.200 off,1287.0,58.75,112.0,0.0,0.0,0.0,1233.75,,,,,,15.83,5.2,Correctly,,6240210eae7e494c736bcba4c4caa924b39480194bc5b97eed4680d0f83b0361,3
20635699,Aura Pizzas,Greater Kailash 2 (GK2),Delhi NCR,6243279209,"08:46 PM, October 06 2024",Delivered,Zomato Delivery,3km,"1 x Peri Peri Crisper Fries, 1 x Grilled Tangdis, 1 x Makhani Paneer Pizza",,Flat Rs.200 off,1217.0,50.85,200.0,0.0,0.0,0.0,1067.85,,,,,,16.83,6.4,Correctly,,e477d6e62055cafa5b7435e5a0a84df1c68fba659b2c61cd4fc8d5d8b0c33ba7,3
20635699,Aura Pizzas,Greater Kailash 2 (GK2),Delhi NCR,6241183083,"02:04 PM, October 06 2024",Delivered,Zomato Delivery,1km,"1 x Cheesy Garlic Bread, 1 x Peanut Butter Chocolate Pide, 1 x All About Chicken Pizza",,Buy 1 Get 1 - ₹299.00,898.0,44.9,0.0,0.0,0.0,0.0,942.9,,,,,,21.42,13.9,Correctly,,62703a52a08ef465c701df61d5e4eca51569ab532f9d84292e2c6706d461d250,3
20635699,Aura Pizzas,Greater Kailash 2 (GK2),Delhi NCR,6241479117,"01:32 AM, October 06 2024",Delivered,Zomato Delivery,6km,"1 x Peri Peri Crisper Fries, 1 x Tripple Cheese Pizza, 1 x All About Chicken Pizza",,Buy 1 Get 1 - ₹549.00,1058.0,52.9,0.0,0.0,0.0,0.0,1110.9,,,,,,27.02,2.8,Correctly,,435cd8ab7e1f1246ba82193d877bd9637ad1979fe7d384e81f251cf4bdbc6f2c,3
20635699,Aura Pizzas,Greater Kailash 2 (GK2),Delhi NCR,6228574130,"09:09 PM, October 05 2024",Delivered,Zomato Delivery,2km,"1 x Tripple Cheese Pizza, 1 x Peri Peri Crisper Fries, 1 x Bellpepper Onion Pizza",,Buy 1 Get 1 - ₹549.00,778.0,38.9,0.0,0.0,0.0,0.0,816.9,,,,,,28.98,7.5,Correctly,,a87070d8bd203dbf814b0a8a47042a9643b7d222837b901b3d7a751b46dc37d6,3
20635699,Aura Pizzas,Greater Kailash 2 (GK2),Delhi NCR,6241484748,"07:06 PM, October 05 2024",Delivered,Zomato Delivery,5km,"1 x Bageecha Pizza, 1 x Margherita Pizza, 1 x Cheesy Garlic Bread",,Buy 1 Get 1 - ₹459.00,887.0,44.35,0.0,0.0,0.0,0.0,931.35,,,,,,14.17,0.5,Correctly,,0b7fb86f42901c2d86d9ca8bda393602f8fd954b1028fb65d3230312c5c2ea34,3
20635699,Aura Pizzas,Greater Kailash 2 (GK2),Delhi NCR,6240296854,"06:43 PM, October 05 2024",Delivered,Zomato Delivery,1km,"1 x Makhani Paneer Pizza, 1 x Tipsy Tiger Fresh Lime Soda, 1 x Peri Peri Paneer Pizza",,Buy 1 Get 1 - ₹579.00,698.05,34.9,0.0,0.0,0.0,0.0,732.95,,,,,,24.58,14.6,Correctly,,8a5414ca3140dd957d80866bcef2638045815f7d9b11f1cc867d2dfc0d9978bf,3
20635699,Aura Pizzas,Greater Kailash 2 (GK2),Delhi NCR,6233757622,"06:38 PM, October 05 2024",Delivered,Zomato Delivery,6km,"1 x Murgh Amritsari Seekh Pide, 1 x Murgh Amritsari Garlic Bread, 1 x Herbed Potato",,Buy 1 Get 1 - ₹289.00,497.0,24.85,0.0,0.0,0.0,0.0,521.85,5.0,,,,,26.33,12.1,Correctly,,b9c0767efba1e6b811f4828bafcae111d84c8e20b3ad44a5a4618e6128b4796f,3
20635699,Aura Pizzas,Greater Kailash 2 (GK2),Delhi NCR,6234822736,"06:32 PM, October 05 2024",Delivered,Zomato Delivery,4km,"2 x Masala Paneer Pide, 1 x Herbed Potato",,Buy 1 Get 1 - ₹319.00,467.0,23.35,0.0,0.0,0.0,0.0,490.35,,,,,,17.47,10.3,Correctly,,22f75d77a6623c27df81e576556b237d184e942704fcdac06cf32fe33b8c769e,3
20635699,Aura Pizzas,Greater Kailash 2 (GK2),Delhi NCR,6237468261,"11:17 PM, October 03 2024",Delivered,Zomato Delivery,3km,"1 x Murgh Amritsari Seekh Pizza, 1 x Bellpepper Onion Pizza, 1 x Just Pepperoni Pide",,,1997.0,99.85,0.0,0.0,0.0,0.0,2096.85,,,,,,18.63,6.2,Correctly,,ac8fab0dfe10d5ba5916a0bf622f67a81b6590cddd6e4d6629f93a278540c03e,3
20635699,Aura Pizzas,Greater Kailash 2 (GK2),Delhi NCR,6237410149,"09:36 PM, October 03 2024",Delivered,Zomato Delivery,3km,"1 x Just Pepperoni Pide, 1 x Murgh Amritsari Seekh Pizza, 1 x Bellpepper Onion Pizza",,,1997.0,99.85,0.0,0.0,0.0,0.0,2096.85,5.0,,,,,19.73,7.7,Correctly,,ac8fab0dfe10d5ba5916a0bf622f67a81b6590cddd6e4d6629f93a278540c03e,3
20635699,Aura Pizzas,Greater Kailash 2 (GK2),Delhi NCR,6233822191,"05:30 PM, October 03 2024",Delivered,Zomato Delivery,6km,"1 x Bageecha Pizza, 1 x Makhani Paneer Pizza, 1 x Peri Peri Paneer Pizza",,,1757.0,87.85,0.0,0.0,0.0,0.0,1844.85,,,,,,21.42,2.4,Correctly,,2f701d8fb85663bdb45fdb81777fd4568fbe8da1f69c2dae15a36301f8b63f99,3
20635699,Aura Pizzas,Greater Kailash 2 (GK2),Delhi NCR,6233642227,"03:33 AM, October 03 2024",Delivered,Zomato Delivery,1km,"1 x Onion Rings, 1 x Indian Pico De-Gallo, 1 x Jamaican Chicken Melt",,Flat Rs.150 off,768.0,32.8,112.0,0.0,0.0,0.0,688.8,,,,,,17.82,19.9,Incorrectly,,f49f1376ad3de94699bcaa709e27018f0a469ce84536c9e77ca0274748def055,3
20659868,Aura Pizzas,Sector 4,Delhi NCR,6250061121,"09:31 PM, October 10 2024",Delivered,Zomato Delivery,4km,"1 x Bageecha Pizza, 2 x Cheesy Garlic Bread",,50% off upto Rs.100,1077.0,48.85,100.0,0.0,0.0,0.0,1025.85,,,,,,11.13,1.1,Correctly,,ccca3502ca8187a6510458ec9ea50d505346d06228eb2d585ef035b7675ef40a,3
20659868,Aura Pizzas,Sector 4,Delhi NCR,6256168416,"07:47 PM, October 10 2024",Delivered,Zomato Delivery,10km,"1 x Peri Peri Paneer Pizza, 1 x Tipsy Tiger Fresh Lime Soda, 1 x Peri Peri Crisper Fries",,50% off upto Rs.100,897.05,39.85,100.0,0.0,0.0,0.0,836.9,,,,,,11.97,4.9,Correctly,,bde2bc0c39b3b853521a7d0a2b72dcaa6bfbd5cfa85d0f2704e9a63f53f1e29f,3
20659868,Aura Pizzas,Sector 4,Delhi NCR,6252811085,"05:34 PM, October 10 2024",Delivered,Zomato Delivery,9km,"1 x Spinach Sumac Pide, 1 x Herbed Potato, 1 x Malai Gud Pide",,,736.0,36.8,0.0,0.0,0.0,0.0,772.8,,,,,,18.32,13.5,Correctly,,0719180d2cc8920c65c15d77289b60d83c7793d83ddd4c082e01fc9dea524053,3
20659868,Aura Pizzas,Sector 4,Delhi NCR,6255867531,"03:16 PM, October 10 2024",Delivered,Zomato Delivery,9km,"1 x Bageecha Pizza, 1 x Chilli Cheese Garlic Bread, 1 x Murgh Amritsari Garlic Bread",,50% off upto Rs.100,1147.0,52.35,100.0,0.0,0.0,0.0,1099.35,,,,,,19.55,11.4,Correctly,,80b2e5cb3bdc66669a3273ad94b7a44bd236e76ca781c93b633842df50b16bc1,3
20659868,Aura Pizzas,Sector 4,Delhi NCR,6239008224,"07:26 PM, October 09 2024",Delivered,Zomato Delivery,2km,"2 x Margherita Pizza, 1 x All About Chicken Pizza",,Buy 1 Get 1 - ₹459.00,1118.0,55.9,0.0,0.0,0.0,0.0,1173.9,5.0,"Unique taste, lavishly garnished, dips are a great addon",,,,25.23,8.4,Correctly,,e736f1c2e4cc9152bfcec1b2910d327a70b18a908ece3a07b21711dc6b036e60,3
20659868,Aura Pizzas,Sector 4,Delhi NCR,6249352685,"11:51 AM, October 09 2024",Delivered,Zomato Delivery,9km,"1 x Makhani Paneer Pizza, 1 x Iced Green Tea - Peach, 1 x Peri Peri Paneer Pizza",,Buy 1 Get 1 - ₹579.00,674.24,33.71,0.0,0.0,0.0,0.0,707.95,,,,,,15.9,3.9,Correctly,,ce3007ced9f038b83559a04bad3649e2a8449c2f1b5d0d1cff27110d70c9008e,3
20659868,Aura Pizzas,Sector 4,Delhi NCR,6245637986,"09:43 PM, October 07 2024",Delivered,Zomato Delivery,11km,"1 x Harisa Mayo, 1 x Tripple Cheese Pizza, 1 x Onion Rings",,,1038.0,51.9,0.0,0.0,0.0,0.0,1089.9,,,,,,11.3,2.1,Correctly,,fd36dbe0906062cf879a4d91895dc681233707d96cac11a4e2a655d531130a2a,3
20659868,Aura Pizzas,Sector 4,Delhi NCR,6247215082,"08:08 PM, October 07 2024",Delivered,Zomato Delivery,2km,"1 x Spinach Sumac Pide, 1 x Bellpepper Onion Pizza, 1 x Herbed Potato",,50% off upto Rs.100,1056.0,47.8,100.0,0.0,0.0,0.0,1003.8,,,,,,17.13,8.5,Correctly,,13f49666b35e4152d2f74a1c3f2165acb1dd4e26b8bb34c7d4189bfa2d97e672,3
20659868,Aura Pizzas,Sector 4,Delhi NCR,6247209148,"01:22 PM, October 07 2024",Delivered,Zomato Delivery,1km,"1 x Chilli Cheese Garlic Bread, 1 x Bageecha Pizza, 1 x Makhani Paneer Pizza",,Flat Rs.125 off,1437.0,67.2,93.0,0.0,0.0,0.0,1411.2,,,,,,1.13,16.4,Incorrectly,,9c2be9cfe9c6eb61ba2e61c30b37cf42374b9ddf7396793a566e216146a42935,3
20659868,Aura Pizzas,Sector 4,Delhi NCR,6239178475,"12:28 PM, October 07 2024",Rejected,Zomato Delivery,1km,"1 x Makhani Paneer Pizza, 1 x Chilli Cheese Garlic Bread, 1 x Bageecha Pizza",,Flat Rs.125 off,1437.0,67.2,93.0,0.0,0.0,0.0,1411.2,,,Cancelled by Zomato,996.03,,23.32,11.9,Correctly,,4b8ef90f386b9eb89809f791b112979ef20edc838d8d6e276cb8c857e29f743a,3
20659868,Aura Pizzas,Sector 4,Delhi NCR,6247090008,"01:27 AM, October 07 2024",Delivered,Zomato Delivery,16km,"1 x Chilli Cheese Garlic Bread, 2 x Bageecha Pizza",,Flat 15% off,2172.0,92.31,325.8,0.0,0.0,0.0,1938.51,,,,,,25.42,14.3,Correctly,,f21d510754e2874bb99cc9c5f0b74064ae871a98a0ae9e360d4cb4d036952c96,3
20659868,Aura Pizzas,Sector 4,Delhi NCR,6245543107,"12:50 AM, October 07 2024",Delivered,Zomato Delivery,7km,"1 x Peri Peri Crisper Fries, 1 x Mushroom Mozzarella Melt, 1 x Masala Paneer Pide",,Flat Rs.125 off,1087.0,49.7,93.0,0.0,0.0,0.0,1043.7,,,,,,18.38,13.1,Correctly,,4c5490d9c90e13d615455e014311f44454491f48e3751441fbc7b87d83e84623,3
20659868,Aura Pizzas,Sector 4,Delhi NCR,6244203061,"02:36 PM, October 06 2024",Delivered,Zomato Delivery,5km,"1 x Peri Peri Crisper Fries, 1 x Cheesy Garlic Bread, 1 x Bageecha Pizza",,Flat Rs.200 off,1037.0,41.85,200.0,0.0,0.0,0.0,878.85,4.0,quantity is less than expected from the box,,,,15.62,2.0,Correctly,,26259701f6b708efd92ddf89ae503bfb19e4f0b3fb47e0721256a728336e771a,3
20659868,Aura Pizzas,Sector 4,Delhi NCR,6237299949,"09:36 PM, October 05 2024",Delivered,Zomato Delivery,7km,"2 x Chilli Cheese Garlic Bread, 1 x Herbed Potato",,Buy 1 Get 1 - ₹259.00,407.0,20.35,0.0,0.0,0.0,0.0,427.35,,,,,,16.62,8.8,Correctly,,5abdd2b6b502200ee0450197c60e43152334b324a36e9e13a9acd0cfe3333531,3
20659868,Aura Pizzas,Sector 4,Delhi NCR,6237339885,"10:21 PM, October 04 2024",Delivered,Zomato Delivery,1km,"1 x Herbed Potato, 1 x Mushroom Mozzarella Melt, 1 x Chilli Cheese Garlic Bread",,Flat Rs.200 off,856.0,32.8,200.0,0.0,0.0,0.0,688.8,,,,,,10.47,5.0,Correctly,,5a888c4c03f19f9625aa3da36b42079e3980d1feff5070beb128580feb8a3279,3
20659868,Aura Pizzas,Sector 4,Delhi NCR,6239683121,"08:45 PM, October 04 2024",Delivered,Zomato Delivery,1km,"1 x Margherita Pizza, 2 x Cheesy Garlic Bread",,Flat Rs.200 off,937.0,36.85,200.0,0.0,0.0,0.0,773.85,4.0,,,,,13.2,3.4,Incorrectly,,48beed070f6a7876cb03fab9c8f08b32f89cfedef3e2df6686b64a05892d65c5,3
20882652,Aura Pizzas,DLF Phase 1,Delhi NCR,6248552328,"09:18 PM, October 10 2024",Delivered,Zomato Delivery,1km,"1 x Chilli Cheese Garlic Bread, 1 x Peri Peri Grilled Chicken Pizza, 1 x Angara Paneer Melt",,Flat Rs.200 off,1327.0,56.35,200.0,0.0,0.0,0.0,1183.35,,,,,,23.21,0.2,Correctly,,4234c2b502e901af63b738a5a4f5dd6f7afb73b937104468ee0657468e955f91,3
20882652,Aura Pizzas,DLF Phase 1,Delhi NCR,6254199636,"10:34 PM, October 09 2024",Delivered,Zomato Delivery,6km,"1 x Angara Paneer Melt, 1 x Bageecha Pizza, 1 x Chilli Cheese Garlic Bread",Order: Please do not add corns,Buy 1 Get 1 - ₹569.00,937.0,46.85,0.0,0.0,0.0,0.0,983.85,,,,,,21.53,3.9,Correctly,,7f82ad678605afff950b83c9842588f2282cb8b597d3d78db92e46cf95885d95,3
20882652,Aura Pizzas,DLF Phase 1,Delhi NCR,6252354082,"05:14 PM, October 09 2024",Delivered,Zomato Delivery,3km,"1 x Salted Crisper Fries, 2 x OG Cheese Pide",,Buy 1 Get 1 - ₹349.00,528.0,26.4,0.0,0.0,0.0,0.0,554.4,,,,,,20.33,0.8,Correctly,,c18240a5c672ee5d892bd7d6da19530166ca0f0c1ae592e7b5e01d653ad1caa2,3
20882652,Aura Pizzas,DLF Phase 1,Delhi NCR,6251006313,"08:02 PM, October 08 2024",Delivered,Zomato Delivery,10km,"1 x Cheesy Garlic Bread, 1 x Angara Paneer Melt, 1 x Masala Paneer Pide",,Flat Rs.200 off,1007.0,40.35,200.0,0.0,0.0,0.0,847.35,3.0,,,,,18.92,2.8,Correctly,,1798163e391e618ff03ccfe3f3837c26af9c8e0a645e8a429ece9fc987784fca,3
20882652,Aura Pizzas,DLF Phase 1,Delhi NCR,6247230467,"08:10 PM, October 07 2024",Delivered,Zomato Delivery,4km,"1 x Makhani Paneer Pizza, 2 x Chilli Cheese Garlic Bread",,Flat Rs.200 off,1296.0,54.8,200.0,0.0,0.0,0.0,1150.8,,,,,,19.69,10.8,Correctly,,857d3cf62412691b1cc5a8b3318c8425c3149099590924e37a437ab76529403c,3
20882652,Aura Pizzas,DLF Phase 1,Delhi NCR,6226146838,"10:55 PM, October 02 2024",Delivered,Zomato Delivery,9km,"1 x Angara Paneer Melt, 1 x Tripple Cheese Pizza, 1 x Harisa Mayo",,Flat Rs.200 off,1058.0,42.9,200.0,0.0,0.0,0.0,900.9,,,,,,25.32,0.2,Correctly,Poor taste or quality,4f0c8bb49d63ece05f5a6e04183b590b0add9efc83dbd4179e2960d917920216,3
20882652,Aura Pizzas,DLF Phase 1,Delhi NCR,6232209689,"10:30 PM, October 02 2024",Delivered,Zomato Delivery,4km,"1 x Grilled Tangdis, 1 x Crushed Papad, 1 x All About Chicken Pizza",,Flat Rs.200 off,1127.0,46.35,200.0,0.0,0.0,0.0,973.35,,,,,,21.22,11.5,Correctly,,82e612853788da8999206406d75497d0494cca865cd5660f2896661af9b346e6,3
20882652,Aura Pizzas,DLF Phase 1,Delhi NCR,6232099705,"01:18 PM, October 02 2024",Delivered,Zomato Delivery,8km,"1 x Bageecha Pizza, 1 x Chilli Cheese Garlic Bread, 1 x Herbed Potato",,Flat Rs.200 off,1085.0,44.25,200.0,0.0,0.0,0.0,929.25,,,,,,22.2,10.6,Correctly,,c061c74b09d1528c1efa22f7773321d084796aa990a7aad86229bf2f2b469a5c,3
20882652,Aura Pizzas,DLF Phase 1,Delhi NCR,6226761098,"10:10 PM, October 01 2024",Delivered,Zomato Delivery,<1km,"1 x Mushroom Pizza, 1 x Peri Peri Paneer Pizza, 1 x Bellpepper Onion Pizza",,Flat Rs.200 off,2357.0,107.85,200.0,0.0,0.0,0.0,2264.85,,,,,,19.79,9.0,Correctly,,ea7f296036c9c41e066d59a9cbdff46e223a2a6d8e46dc4b538700e408b1cd5e,3
20882652,Aura Pizzas,DLF Phase 1,Delhi NCR,6230015614,"08:29 PM, October 01 2024",Delivered,Zomato Delivery,12km,"1 x Jamaican Chicken Melt, 1 x Cheesy Garlic Bread, 1 x Mushroom Mozzarella Melt",,Flat Rs.200 off,1226.0,51.3,200.0,0.0,0.0,0.0,1077.3,,,,,,23.81,2.2,Correctly,,a8b7821596d43d2c3aa86de0fe76886bffbf53a177e164b60a974f95e4b663e9,3
20882652,Aura Pizzas,DLF Phase 1,Delhi NCR,6230685075,"08:02 PM, October 01 2024",Delivered,Zomato Delivery,3km,"1 x Mushroom Mozzarella Melt, 1 x Margherita Pizza, 1 x Spinach Sumac Pide",,Flat Rs.200 off,1237.0,51.85,200.0,0.0,0.0,0.0,1088.85,,,,,,22.31,7.6,Incorrectly,,502cb326eade0901b2d278040919b6dceadc49eb25085aea5d7815463e9f6345,3
20882713,Swaad,DLF Phase 1,Delhi NCR,6247011549,"12:50 AM, October 07 2024",Delivered,Zomato Delivery,4km,"1 x Bone in Jamaican Grilled Chicken, 1 x AAC Signature Fries, 1 x Grilled Chicken Smoky BBQ Tender",,Flat Rs.175 off,934.0,37.95,175.0,0.0,0.0,0.0,796.95,,,,,,24.47,9.2,Incorrectly,,85de2ce49ecb95cb0842fcdd598dab713cb2eca270f81f1e592953bb090f01cd,3
20882713,Swaad,DLF Phase 1,Delhi NCR,6239742890,"06:13 PM, October 05 2024",Delivered,Zomato Delivery,3km,"1 x Salted Crisper Fries, 1 x Bone in Jamaican Grilled Chicken, 1 x Fried Chicken Angara Tender",,,1794.0,89.7,0.0,0.0,0.0,0.0,1883.7,,,,,,19.31,11.0,Correctly,,ab3eba80c8ba1feadae8f4d8a88b9c80b9428d0e62e16213442dac84ecec8867,3
20882713,Swaad,DLF Phase 1,Delhi NCR,6239585638,"12:30 AM, October 05 2024",Delivered,Zomato Delivery,2km,"1 x Grilled Chicken Jamaican Tangdi, 1 x Bone in Smoky Bbq Grilled Chicken, 1 x Onion Bombs",,Flat Rs.175 off,1208.0,51.65,175.0,0.0,0.0,0.0,1084.65,,,,,,30.09,12.3,Incorrectly,,8f0e4690f4ccc57ab400c9931472a471033f4cdab7d0e3990fc3347b42bb32f3,3
20882713,Swaad,DLF Phase 1,Delhi NCR,6235244237,"01:57 PM, October 04 2024",Delivered,Zomato Delivery,3km,"1 x Bone in Peri Peri Grilled Chicken, 1 x Animal Fries, 1 x Bone in Jamaican Grilled Chicken",,Flat Rs.175 off,975.0,40.0,175.0,0.0,0.0,0.0,840.0,,,,,,19.78,4.6,Incorrectly,,9e1f5429dc03919059c5b2e17cccf81396282a6ed8843191509b03b26ecb8670,3
21077127,Aura Pizzas,Sector 135,Delhi NCR,6249693807,"08:42 PM, October 10 2024",Delivered,Zomato Delivery,3km,"1 x Salted Crisper Fries, 1 x Margherita Pizza, 1 x Onion Rings",,50% off upto Rs.100,867.0,38.35,100.0,0.0,0.0,0.0,805.35,,,,,,14.78,1.6,Correctly,,fdd1528293e7f52477b2edd14b4707c5fc1bdd122eb2ca3c504711cc39615df1,3
21077127,Aura Pizzas,Sector 135,Delhi NCR,6255779170,"08:02 PM, October 10 2024",Delivered,Zomato Delivery,1km,"1 x Bageecha Pizza, 1 x Chilli Cheese Garlic Bread, 1 x OG Cheese Pide",,Flat Rs.200 off,1207.0,50.35,200.0,0.0,0.0,0.0,1057.35,,,,,,12.28,6.2,Correctly,,d0f63731aa1c5ada58b7241751f98836543eb27c1153e3e79c549e8705874ac8,3
21077127,Aura Pizzas,Sector 135,Delhi NCR,6245478674,"01:27 PM, October 08 2024",Delivered,Zomato Delivery,19km,"1 x Peri Peri Grilled Chicken Pizza, 1 x Chicken Pepperoni Pizza, 1 x Murgh Amritsari Seekh Pizza",,,2447.0,122.35,0.0,0.0,0.0,0.0,2569.35,,,,,,18.6,16.2,Correctly,,a6a5e76f1559010409e8e5a479b3a90503deca9c210a025a335c71ce5ea21261,3
21077127,Aura Pizzas,Sector 135,Delhi NCR,6248379317,"09:25 PM, October 07 2024",Delivered,Zomato Delivery,2km,"1 x Chilli Cheese Garlic Bread, 1 x Onion Rings, 1 x Garlic Aioli",,,548.0,27.4,0.0,0.0,0.0,0.0,575.4,,,,,,10.12,3.2,Correctly,,475361598fccfe697d75573174f9f4b2080adc49f6261462c7308a4c4e9aea39,3
21077127,Aura Pizzas,Sector 135,Delhi NCR,6235004522,"09:43 PM, October 03 2024",Delivered,Zomato Delivery,5km,"1 x Mushroom Mozzarella Melt, 1 x Peri Peri Crisper Fries, 1 x Masala Paneer Pide",,60% off upto Rs.120,967.0,43.4,99.0,0.0,0.0,0.0,911.4,,,,,,16.25,8.9,Correctly,,3fffdc71ac8febe93cf10c25a2c004df04724b3ecea3baaca2b704f2a2c746ea,3
21077127,Aura Pizzas,Sector 135,Delhi NCR,6235267427,"09:14 PM, October 03 2024",Delivered,Zomato Delivery,2km,"1 x Bageecha Pizza, 1 x Tripple Cheese Pizza, 1 x Herbed Potato",,Flat Rs.200 off,1696.0,74.8,200.0,0.0,0.0,0.0,1570.8,,,,,,14.95,8.8,Incorrectly,,0b4bd59faea8322a490a96f618e19d6a7607d9605765186357e1faa48aa4a58e,3
21077127,Aura Pizzas,Sector 135,Delhi NCR,6229623264,"10:40 PM, October 02 2024",Delivered,Zomato Delivery,6km,"1 x Malai Gud Pide, 1 x Bageecha Pizza, 1 x Chilli Cheese Garlic Bread",,Flat Rs.200 off,1317.0,55.85,200.0,0.0,0.0,0.0,1172.85,,,,,,16.95,2.5,Correctly,,3f2d2719c2da89e43b2f88dea980085233982b7778eaae19cc812add89bdc0af,3
21077127,Aura Pizzas,Sector 135,Delhi NCR,6220215892,"12:28 PM, October 02 2024",Delivered,Zomato Delivery,6km,"1 x Bageecha Pizza, 1 x Tipsy Tiger Ginger Ale, 1 x Tipsy Tiger Fresh Lime Soda",,60% off upto Rs.120,886.1,39.36,99.0,0.0,0.0,0.0,826.46,,,,,,14.57,5.4,Incorrectly,,ee64bcaa832989cef805eee4042e94f795b9239646307eb48a0a375efffb0cf3,3
21077127,Aura Pizzas,Sector 135,Delhi NCR,6226181657,"01:32 PM, October 01 2024",Delivered,Zomato Delivery,7km,"1 x Chilli Cheese Garlic Bread, 1 x Bageecha Pizza, 1 x Just Pepperoni Pide",,Flat Rs.200 off,1316.0,55.8,200.0,0.0,0.0,0.0,1171.8,5.0,,,,,2.77,6.4,Incorrectly,,be100222ed74108014efc376938769ae58c53685c046939c8a41c231180c2c60,3
21173951,Aura Pizzas,Vasant Kunj,Delhi NCR,6248447807,"06:50 PM, October 10 2024",Delivered,Zomato Delivery,2km,"1 x Cheesy Garlic Bread, 1 x Fried Chicken Strips, 1 x Peri Peri Crisper Fries",,,627.0,31.35,0.0,0.0,0.0,0.0,658.35,,,,,,17.27,2.7,Correctly,,db7a79c93c465454e41cee0b8c5661858a40ef3aef64af24d90d7b40ae7c4296,3
21173951,Aura Pizzas,Vasant Kunj,Delhi NCR,6245138665,"08:28 PM, October 09 2024",Delivered,Zomato Delivery,10km,"1 x Bageecha Pizza, 1 x Chilli Cheese Garlic Bread, 1 x Makhani Paneer Pizza",,Buy 1 Get 1 - ₹579.00,858.0,42.9,0.0,0.0,0.0,0.0,900.9,,,,,,16.53,3.4,Correctly,,6b22d12bfb5b1237620015a45284a90c65f01c5de7630f5e5cf25f9fbfbe85a0,3
21173951,Aura Pizzas,Vasant Kunj,Delhi NCR,6249774755,"06:29 PM, October 08 2024",Delivered,Zomato Delivery,2km,"1 x Chilli Cheese Garlic Bread, 1 x Peri Peri Crisper Fries, 1 x Tripple Cheese Pizza",,Flat Rs.200 off,1007.0,40.35,200.0,0.0,0.0,0.0,847.35,,,,,,14.98,0.8,Correctly,,ad9b4dc87eeaf6a1984e2739cd637fb1454783f759bcd2cad8bbab50912814a8,3
21173951,Aura Pizzas,Vasant Kunj,Delhi NCR,6232250288,"06:36 PM, October 02 2024",Delivered,Zomato Delivery,10km,"1 x Chilli Cheese Garlic Bread, 1 x Bageecha Pizza, 1 x Mushroom Mozzarella Melt",,Flat Rs.200 off,1386.0,59.3,200.0,0.0,0.0,0.0,1245.3,,,,,,22.53,0.4,Correctly,,a452a55e77cbb84c64e60408a380b5e3b130225f9cb12e5cb21dc871a7c2df20,3
21173951,Aura Pizzas,Vasant Kunj,Delhi NCR,6224626494,"06:41 PM, October 01 2024",Delivered,Zomato Delivery,2km,"1 x Bageecha Pizza, 1 x Murgh Amritsari Seekh Pizza, 1 x Chilli Cheese Garlic Bread",,Flat Rs.200 off,1487.0,64.35,200.0,0.0,0.0,0.0,1351.35,,,,,,15.12,3.1,Correctly,,12933994065e4209f3e9f1f6445a04042a45132b2c1aa0d0c4f27146b66d1299,3
20320607,Swaad,Sector 4,Delhi NCR,6280327348,"01:59 AM, October 20 2024",Delivered,Zomato Delivery,5km,"1 x Grilled Chicken Jamaican Tender, 1 x Kabuli Grilled Paneer (8 pcs), 1 x Grilled Chicken Smoky BBQ Tender",,,915.0,30.25,0.0,310.0,0.0,0.0,635.25,,,,,,30.65,24.5,Correctly,,15fb34fd4bb96c641f79678465582b37c42bc4d3bbca14d8a15a62b7ae734fe7,3
20320607,Swaad,Sector 4,Delhi NCR,6275788449,"08:41 PM, October 19 2024",Delivered,Zomato Delivery,4km,"2 x Bone in Jamaican Grilled Chicken, 1 x Grilled Chicken Peri Peri Tender",,,930.0,31.0,0.0,310.0,0.0,0.0,651.0,,,,,,13.28,2.2,Correctly,,9783d2935c1628c14ae11c4e286ea472c7c9ca00690cb51fad40c48d650cfbee,3
20320607,Swaad,Sector 4,Delhi NCR,6272781440,"08:03 PM, October 17 2024",Delivered,Zomato Delivery,<1km,"1 x Grilled Chicken Angara Tender, 1 x Salted Fries, 1 x AAC Signature Fries",,50% off upto Rs.100,728.0,31.4,100.0,0.0,0.0,0.0,659.4,,,,,,14.95,1.2,Correctly,,75c21afeec2b0606006ff678553beb280379a10f781c68844d74e3e40557330c,3
20320607,Swaad,Sector 4,Delhi NCR,6264602155,"08:52 PM, October 14 2024",Delivered,Zomato Delivery,4km,"1 x Bone in Angara Grilled Chicken, 1 x Bone in Kabuli Grilled Chicken, 1 x Fried Chicken Classic Tender",,Flat Rs.175 off,945.0,38.5,175.0,0.0,0.0,0.0,808.5,,,,,,24.13,12.2,Correctly,,88a70ee6ab6e9ecbaa29af691beece1fd5ac8274e333b20f3cde0ec8ed1d2c5f,3
20320607,Swaad,Sector 4,Delhi NCR,6266636702,"07:10 PM, October 14 2024",Delivered,Zomato Delivery,6km,"1 x Bone in Jamaican Grilled Chicken, 1 x Bone in Smoky Bbq Grilled Chicken, 1 x Jamaican Sauce",,,740.0,37.0,0.0,0.0,0.0,0.0,777.0,,,,,,14.7,8.2,Correctly,,b9b275352d32006457fbb1e8bd987c56b0fe99b0e0e8082e0d9e316717caf0e2,3
20554001,Swaad,Greater Kailash 2 (GK2),Delhi NCR,6287530806,"11:19 PM, October 20 2024",Delivered,Zomato Delivery,4km,"1 x Garlic Aioli, 1 x AAC Saucy Fries, 1 x Bone in Angara Grilled Chicken",,Flat Rs.175 off,980.0,40.25,175.0,0.0,0.0,0.0,845.25,,,,,,16.53,9.6,Correctly,,3b0b876676d54707e1445b7804d19af7d52e973c36052eacf3688ff4b62e8871,3
20554001,Swaad,Greater Kailash 2 (GK2),Delhi NCR,6287452168,"08:25 PM, October 20 2024",Delivered,Zomato Delivery,4km,"1 x Grilled Chicken Jamaican Tender, 1 x Fried Chicken Peri Peri Tender, 1 x Fried Chicken Classic Tender",,Flat Rs.175 off,1444.0,63.45,175.0,0.0,0.0,0.0,1332.45,,,,,,18.93,0.4,Correctly,,ca03c7d8fbce28645f7f00e06f373e33ef3422fd3ea28a51afead61837bc89ea,3
20554001,Swaad,Greater Kailash 2 (GK2),Delhi NCR,6282724099,"03:09 AM, October 20 2024",Delivered,Zomato Delivery,4km,"1 x Animal Fries, 1 x Fried Chicken Angara Tender, 1 x Peri Peri Crisper Fries",,,939.0,30.7,0.0,325.0,0.0,0.0,644.7,,,,,,13.43,5.2,Correctly,,e12f1989c01a5a0ac74e53bfb7fb1d743c6439b7377afbd7d0fedfbb020b0a63,3
20554001,Swaad,Greater Kailash 2 (GK2),Delhi NCR,6283991617,"09:09 PM, October 19 2024",Delivered,Zomato Delivery,1km,"1 x Onion Bombs, 2 x Animal Fries",,,1348.0,37.65,0.0,595.0,0.0,0.0,790.65,,,,,,27.78,2.5,Correctly,,7bd3fdefee485271cdc0d2cc0e2fef3b3c145c27d273fe63c6de001ff3e7d8d0,3
20554001,Swaad,Greater Kailash 2 (GK2),Delhi NCR,6261450880,"02:37 AM, October 19 2024",Delivered,Zomato Delivery,2km,"1 x Bone in Jamaican Grilled Chicken, 1 x Onion Bombs, 1 x Bone in Peri Peri Grilled Chicken",,Flat Rs.80 off,778.0,34.9,80.0,31.0,0.0,0.0,701.9,,,,,,17.93,0.6,Correctly,,372ac9920241d6946f0ea45257b4ae55aed34a1a9112197da30684876304df45,3
20554001,Swaad,Greater Kailash 2 (GK2),Delhi NCR,6269236922,"01:36 AM, October 19 2024",Delivered,Zomato Delivery,9km,"1 x Grilled Chicken Smoky BBQ Tender, 1 x Bone in Jamaican Grilled Chicken, 1 x Peri Peri Crisper Fries",,Flat Rs.175 off,1094.0,45.95,175.0,58.5,0.0,0.0,906.45,,,,,,19.22,0.6,Correctly,,6c3b7bbdbdc6d8000d3ed4ec097fc981e015a7bef8e47c71d800cb50ed4e6e3c,3
20554001,Swaad,Greater Kailash 2 (GK2),Delhi NCR,6279971346,"06:44 PM, October 18 2024",Delivered,Zomato Delivery,7km,"1 x AAC Signature Fries, 1 x Animal Fries, 1 x Fried Chicken Kabuli Tender",,Flat Rs.175 off,1004.0,41.45,175.0,0.0,0.0,0.0,870.45,4.0,,,,,19.7,4.6,Correctly,,960b6543eb5611330f0e49b13ee776597444ca7c81314eb2d8abc73cbd81e0e0,3
20554001,Swaad,Greater Kailash 2 (GK2),Delhi NCR,6276974426,"02:32 AM, October 18 2024",Delivered,Zomato Delivery,2km,"1 x Bone in Jamaican Grilled Chicken Quarter + Angara Rice, 1 x Salted Fries, 1 x Bone in Angara Grilled Chicken",,,1229.0,61.45,0.0,0.0,0.0,0.0,1290.45,,,,,,20.32,11.7,Correctly,,6574d337013b7dfab485b5d4744930756ec4b7c618ff4147611b07e45d22f5b7,3
20554001,Swaad,Greater Kailash 2 (GK2),Delhi NCR,6271403919,"08:57 PM, October 16 2024",Delivered,Zomato Delivery,2km,"1 x Bone in Jamaican Grilled Chicken, 1 x Bone in Peri Peri Grilled Chicken, 1 x Salted Fries",,Flat Rs.175 off,1189.0,50.7,175.0,54.0,0.0,0.0,1010.7,,,,,,17.7,1.6,Correctly,,05e51adb8df88a6b0c6e336cb29e86080066b0b7fbd1f98c2d5ae42c2ee8a786,3
20554001,Swaad,Greater Kailash 2 (GK2),Delhi NCR,6263802358,"10:46 PM, October 12 2024",Delivered,Zomato Delivery,5km,"1 x Bone in Kabuli Grilled Chicken, 1 x Bone in Angara Grilled Chicken, 1 x Bone in Smoky Bbq Grilled Chicken",,Flat Rs.175 off,1260.0,54.25,175.0,0.0,0.0,0.0,1139.25,,,,,,20.18,4.8,Correctly,,0a8f749bc4f32c8b80d97e2c6dec0ebdd1cd9320bc30719b276012e0d12bc83b,3
20554001,Swaad,Greater Kailash 2 (GK2),Delhi NCR,6260443986,"08:44 PM, October 12 2024",Delivered,Zomato Delivery,3km,"1 x Bone in Jamaican Grilled Chicken, 1 x Bone in Peri Peri Grilled Chicken, 1 x Jamaican Sauce",,50% off upto Rs.100,680.0,29.0,100.0,0.0,0.0,0.0,609.0,,,,,,17.23,1.3,Correctly,,aff44c249bcdc348852a77874317abc8a55f39b4dd6413803cebfee87f895d99,3
20554001,Swaad,Greater Kailash 2 (GK2),Delhi NCR,6258926997,"11:59 PM, October 11 2024",Delivered,Zomato Delivery,1km,"1 x Bone in Smoky Bbq Grilled Chicken, 1 x Bone in Jamaican Grilled Chicken, 1 x Salted Crisper Fries",,Flat Rs.175 off,1074.0,44.95,175.0,0.0,0.0,0.0,943.95,,,,,,22.6,0.3,Correctly,,7071529f9a4f3e464edf9e9f1fd4f4c5091d521d01c9542d16a164085db6aecf,3
20635699,Aura Pizzas,Greater Kailash 2 (GK2),Delhi NCR,6287234733,"07:40 PM, October 20 2024",Delivered,Zomato Delivery,10km,"1 x Jamaican Chicken Melt, 1 x Malai Gud Pide, 1 x Salted Crisper Fries",,Flat Rs.200 off,917.0,40.25,112.0,0.0,0.0,0.0,845.25,,,,,,17.7,0.4,Correctly,,a64797c3008a35de8b67f64404215738c8fea6b1d70253a37835ccda337dc06f,3
20635699,Aura Pizzas,Greater Kailash 2 (GK2),Delhi NCR,6274225213,"12:24 PM, October 20 2024",Delivered,Zomato Delivery,2km,"2 x All About Chicken Pizza, 1 x Bageecha Pizza",,60% off upto Rs.120,1917.0,90.9,99.0,0.0,0.0,0.0,1908.9,,,,,,28.42,22.7,Correctly,,443667e85c6f23f3ecf8e2eec4bf7ac2694c096bf665aa97702e6670ebc4710c,3
20635699,Aura Pizzas,Greater Kailash 2 (GK2),Delhi NCR,6281736986,"11:11 PM, October 19 2024",Delivered,Zomato Delivery,3km,3 x Chilli Cheese Garlic Bread,,50% off upto Rs.100,777.0,33.85,100.0,0.0,0.0,0.0,710.85,,,,,,19.3,4.9,Correctly,,0e27cb3f8db4a43942f8511410410c184128f8e5fdfc5ad15074f514396f1498,3
20635699,Aura Pizzas,Greater Kailash 2 (GK2),Delhi NCR,6282336268,"09:44 PM, October 19 2024",Delivered,Zomato Delivery,5km,"1 x Jamaican Chicken Melt, 1 x Peri Peri Grilled Chicken Pizza, 1 x Angara Paneer Melt",,,1547.0,77.35,0.0,0.0,0.0,0.0,1624.35,,,,,,20.83,9.5,Correctly,,9433e7749d087001af5225f0b50fa88cf111705ca2abfdc5600b60d2bb90f45c,3
20635699,Aura Pizzas,Greater Kailash 2 (GK2),Delhi NCR,6274699839,"01:00 AM, October 19 2024",Delivered,Zomato Delivery,5km,"1 x Murgh Amritsari Seekh Pide, 1 x Mutton Seekh Pide, 1 x Makhani Paneer Pizza",,,1446.0,72.3,0.0,0.0,0.0,0.0,1518.3,,,,,,13.03,0.4,Correctly,,805d0569dfdfabd2d672a73f64aff8a63f9ed14ae59eeda825df835a38e82c74,3
20635699,Aura Pizzas,Greater Kailash 2 (GK2),Delhi NCR,6281107875,"11:21 PM, October 18 2024",Delivered,Zomato Delivery,6km,"1 x Indian Masala Cripser Fries, 1 x Onion Rings, 1 x Masala Paneer Pide",,,807.0,40.35,0.0,0.0,0.0,0.0,847.35,,,,,,17.93,0.3,Correctly,,323d2fbdce605f4671d15b80622f06bd7be90045a10c84fa9b7702366165b5bd,3
20635699,Aura Pizzas,Greater Kailash 2 (GK2),Delhi NCR,6279407493,"09:32 PM, October 18 2024",Delivered,Zomato Delivery,1km,"1 x Jamaican Chicken Melt, 1 x Murgh Amritsari Seekh Pide, 1 x Margherita Pizza",,Flat Rs.200 off,1477.0,68.25,112.0,64.9,0.0,0.0,1368.35,,,,,,22.72,4.3,Correctly,,5b0d3906721bfa4c88c82f871ee9a13f3baa9348f1061c29dd3d4967037234e5,3
20635699,Aura Pizzas,Greater Kailash 2 (GK2),Delhi NCR,6278041471,"08:42 PM, October 18 2024",Delivered,Zomato Delivery,2km,"1 x Spinach Sumac Pide, 1 x Herbed Potato, 1 x Bageecha Pizza",,50% off upto Rs.100,1076.0,48.8,100.0,0.0,0.0,0.0,1024.8,,,,,,21.22,8.6,Correctly,,aa5cca4689688d1944d4afaaa3346648366476a45424383f5790daeadb6defdb,3
20635699,Aura Pizzas,Greater Kailash 2 (GK2),Delhi NCR,6278977351,"08:11 PM, October 18 2024",Delivered,Zomato Delivery,<1km,"1 x Murgh Amritsari Seekh Pide, 1 x All About Chicken Pizza, 1 x OG Cheese Pide",,Flat Rs.200 off,1557.0,72.25,112.0,0.0,0.0,0.0,1517.25,,,,,,23.15,0.4,Correctly,,42618f09f5e8f8531e9b8b5fe7a1bf8a382f56030f82db50488d7192c97357bf,3
20635699,Aura Pizzas,Greater Kailash 2 (GK2),Delhi NCR,6276597275,"08:05 PM, October 18 2024",Delivered,Zomato Delivery,2km,"1 x Jamaican Chicken Melt, 1 x Cheesy Garlic Bread, 1 x Angara Paneer Melt",,Flat Rs.200 off,1347.0,61.75,112.0,0.0,0.0,0.0,1296.75,5.0,Yummiest food always!,,,,15.3,0.6,Correctly,,87914cdf29e9abadd81682bc1f10c5060e5ef20a11a3afa9ecf8b6f48d4fe98c,3
20635699,Aura Pizzas,Greater Kailash 2 (GK2),Delhi NCR,6270794882,"07:09 PM, October 18 2024",Delivered,Zomato Delivery,5km,"1 x Cheesy Garlic Bread, 1 x Makhani Paneer Pizza, 1 x Peri Peri Crisper Fries",,,1017.0,50.85,0.0,0.0,0.0,0.0,1067.85,,,,,,15.58,10.4,Correctly,,c960f81a68db140c6794ed597cfbe2bbb9c2c6986dad9f7dd0ed3a079e1f8114,3
20635699,Aura Pizzas,Greater Kailash 2 (GK2),Delhi NCR,6275262175,"09:10 PM, October 17 2024",Delivered,Zomato Delivery,1km,"1 x Jamaican Chicken Melt, 1 x Peri Peri Chicken Melt, 1 x Salted Crisper Fries",,,1147.0,57.35,0.0,0.0,0.0,0.0,1204.35,,,,,,20.23,14.2,Correctly,,a87c0d5ec51589b9294aa362f36cecc8f64814e0b988382b9746dc2a79122093,3
20635699,Aura Pizzas,Greater Kailash 2 (GK2),Delhi NCR,6257739506,"06:21 PM, October 17 2024",Delivered,Zomato Delivery,1km,"1 x Grilled Tangdis, 1 x Chilli Cheese Garlic Bread, 1 x Bageecha Pizza",,Buy 1 Get 1 - ₹439.00,868.0,43.4,0.0,0.0,0.0,0.0,911.4,,,,,,15.07,0.6,Correctly,,25f768fbb137387057594a3f4f7ad112a4f6dc38ff7082f7a3c0de60f07dc72e,3
20635699,Aura Pizzas,Greater Kailash 2 (GK2),Delhi NCR,6264876865,"01:53 PM, October 17 2024",Delivered,Zomato Delivery,2km,"2 x Murgh Amritsari Seekh Melt, 1 x Peri Peri Crisper Fries",,Buy 1 Get 1 - ₹558.00,757.0,37.85,0.0,0.0,0.0,0.0,794.85,,,,,,22.23,3.2,Correctly,,2773a39853154583b139bd1ca304f97c5d8fc87de0080680ffb1c0e16eb9fddc,3
20635699,Aura Pizzas,Greater Kailash 2 (GK2),Delhi NCR,6266934433,"01:42 PM, October 17 2024",Delivered,Zomato Delivery,5km,"1 x Mutton Seekh Pide, 1 x Murgh Amritsari Seekh Pizza, 1 x Indian Masala Cripser Fries",,Buy 1 Get 1 - ₹399.00,828.0,41.4,0.0,0.0,0.0,0.0,869.4,,,,,,16.42,2.0,Correctly,,1212753aedc4634c60cc35dc9c6f516a7cc9c878ec479c2338473050e29fbc20,3
20635699,Aura Pizzas,Greater Kailash 2 (GK2),Delhi NCR,6263234600,"01:05 AM, October 17 2024",Delivered,Zomato Delivery,4km,"1 x Bellpepper Onion Pizza, 1 x Cheesy Garlic Bread, 1 x Margherita Pizza",,,1527.0,76.35,0.0,64.9,0.0,0.0,1538.45,,,,,,17.37,0.7,Correctly,,24a824a92aeeb1bd31258878f8fa1d20e166001cb08da2ab5aaf55011169478e,3
20635699,Aura Pizzas,Greater Kailash 2 (GK2),Delhi NCR,6268336924,"11:34 AM, October 15 2024",Delivered,Zomato Delivery,1km,"1 x Jamaican Chicken Melt, 1 x Murgh Amritsari Garlic Bread, 1 x Murgh Amritsari Seekh Melt",,,1405.0,70.25,0.0,0.0,0.0,0.0,1475.25,5.0,,,,,24.75,7.9,Correctly,Wrong item(s) delivered,75b7d89cd7e50d23c712ae7d2158607094f76824a7b85c7c403d0b9b5c7d2a87,3
20635699,Aura Pizzas,Greater Kailash 2 (GK2),Delhi NCR,6265377581,"11:52 PM, October 14 2024",Delivered,Zomato Delivery,<1km,"1 x All About Chicken Pizza, 1 x Bageecha Pizza, 1 x Murgh Amritsari Garlic Bread",,,1547.0,77.35,0.0,0.0,0.0,0.0,1624.35,,,,,,15.7,0.4,Correctly,,f621c5ded4e6884864fc844ac5682ce2e5e5d87f9590a00908907e64648206ab,3
20635699,Aura Pizzas,Greater Kailash 2 (GK2),Delhi NCR,6261373925,"09:25 PM, October 13 2024",Delivered,Zomato Delivery,1km,"1 x Onion Rings, 1 x Garlic Aioli, 1 x Chilli Cheese Garlic Bread",,50% off upto Rs.100,608.0,25.4,100.0,0.0,0.0,0.0,533.4,,,,,,12.22,0.7,Correctly,,46262a98f4991192eed40358a8a52e1c94554b0da1e6d4ba05d3f264eae0ae1a,3
20635699,Aura Pizzas,Greater Kailash 2 (GK2),Delhi NCR,6266511345,"07:44 PM, October 13 2024",Delivered,Zomato Delivery,2km,"1 x Desi Chicken Pepperoni Pizza, 1 x Cheesy Garlic Bread, 1 x Makhani Paneer Pizza",,Flat Rs.200 off,1637.0,76.25,112.0,0.0,0.0,0.0,1601.25,,,,,,15.97,0.6,Correctly,,6ab24ddde6f15a98468e61af31e66184faaa59c95c0f110c28e19a945e43d116,3
20635699,Aura Pizzas,Greater Kailash 2 (GK2),Delhi NCR,6263239451,"11:08 PM, October 12 2024",Delivered,Zomato Delivery,2km,"1 x Herbed Potato, 1 x Chilli Cheese Garlic Bread, 1 x Mushroom Pizza",,Flat Rs.150 off,1206.0,54.75,111.0,0.0,0.0,0.0,1149.75,,,,,,19.22,3.8,Correctly,,5466a74f2c0411b82a8688dd438f8542fb934989d62a9d441cc79a22dedb8432,3
20635699,Aura Pizzas,Greater Kailash 2 (GK2),Delhi NCR,6255635021,"07:25 PM, October 12 2024",Delivered,Zomato Delivery,1km,"1 x Jamaican Chicken Melt, 1 x Peri Peri Grilled Chicken Pizza, 1 x Just Pepperoni Pizza",,Flat Rs.200 off,2404.0,114.6,112.0,0.0,0.0,0.0,2406.6,5.0,,,,,21.02,1.1,Correctly,,9f79cefc415197704df07fc6efc2b5066262236e767b71f0965945b0c7ccbbdd,3
20635699,Aura Pizzas,Greater Kailash 2 (GK2),Delhi NCR,6259707893,"12:16 PM, October 12 2024",Delivered,Zomato Delivery,1km,"1 x Jamaican Chicken Melt, 1 x Chicken Pepperoni Pizza, 1 x Salted Crisper Fries",,Flat Rs.150 off,1257.0,57.3,111.0,0.0,0.0,0.0,1203.3,,,,,,22.43,11.7,Correctly,,3a492ed71e152f287ef10486e5168c0c9d81e6a10f7a18c91d476f9914533bf3,3
20635699,Aura Pizzas,Greater Kailash 2 (GK2),Delhi NCR,6260589339,"03:41 AM, October 12 2024",Delivered,Zomato Delivery,2km,"1 x Margherita Pizza, 1 x Desi Pepperoni Pizza, 1 x Murgh Amritsari Garlic Bread",,Flat Rs.150 off,1897.0,89.3,111.0,0.0,0.0,0.0,1875.3,,,,,,16.18,0.9,Correctly,,e2c033405c8368306e0e9abbf18e6e8d3bea6fd7b40fa4451b16e1224076ad28,3
20635699,Aura Pizzas,Greater Kailash 2 (GK2),Delhi NCR,6260920712,"03:06 AM, October 12 2024",Delivered,Zomato Delivery,2km,"1 x All About Chicken Pizza, 1 x Bageecha Pizza, 1 x Cheesy Garlic Bread",,,1576.0,78.8,0.0,0.0,0.0,0.0,1654.8,,,,,,14.68,6.5,Incorrectly,,dba141b17d6dfcd8a82606159744bb1f662644e02968788cfc900351470e5e2a,3
20635699,Aura Pizzas,Greater Kailash 2 (GK2),Delhi NCR,6257727263,"11:47 PM, October 11 2024",Rejected,Zomato Delivery,6km,"1 x Chilli Cheese Garlic Bread, 2 x All About Chicken Pizza",,,1757.0,87.85,0.0,0.0,0.0,0.0,1844.85,,,Cancelled by Zomato,1043.27,,21.38,,Missed,,d77db0f7ae7d4c0b359f7d89c20a4be6720e27bba95edee45867afe97e051038,3
20635699,Aura Pizzas,Greater Kailash 2 (GK2),Delhi NCR,6257935285,"11:09 AM, October 11 2024",Delivered,Zomato Delivery,4km,"1 x Bageecha Pizza, 1 x Masala Paneer Pide, 1 x Onion Rings",,Flat Rs.200 off,1147.0,51.75,112.0,0.0,0.0,0.0,1086.75,,,,,,23.43,12.2,Correctly,,4b381d97481cba3ee649fff1cb8bd18e7e296285303b45d48c780626d4a794f4,3
20659868,Aura Pizzas,Sector 4,Delhi NCR,6286817848,"11:53 PM, October 20 2024",Delivered,Zomato Delivery,3km,"1 x Peri Peri Paneer Pizza, 1 x Bellpepper Onion Pizza, 1 x Margherita Pizza",,Flat 15% off,2017.0,85.72,302.55,0.0,0.0,0.0,1800.17,,,,,,16.85,13.0,Correctly,,875718b63f640a1a7f65020b414dda5a518d2b4c0081249770f2c6568b9954ca,3
20659868,Aura Pizzas,Sector 4,Delhi NCR,6288008211,"10:25 PM, October 20 2024",Delivered,Zomato Delivery,7km,"1 x Margherita Pizza, 1 x All About Chicken Pizza, 1 x Bageecha Pizza",,,2117.0,105.85,0.0,0.0,0.0,0.0,2222.85,,,,,,17.43,7.4,Correctly,,3d520197ddff3572b0d402c6e5c805086c702fa682398f986d2eca0a85951f98,3
20659868,Aura Pizzas,Sector 4,Delhi NCR,6283035538,"09:01 PM, October 20 2024",Delivered,Zomato Delivery,16km,"1 x Fried Chicken Strips, 1 x Cheesy Garlic Bread, 1 x Peri Peri Paneer Pizza",,50% off upto Rs.100,1007.0,45.35,100.0,0.0,0.0,0.0,952.35,,,,,,19.58,8.8,Correctly,,0ea2acf76e90874ba72196d9863a3c2e0aa1c287e192a3c65bba095eaadddf71,3
20659868,Aura Pizzas,Sector 4,Delhi NCR,6280307180,"01:42 PM, October 20 2024",Delivered,Zomato Delivery,2km,"1 x Indian Masala Cripser Fries, 1 x Bageecha Pizza, 1 x Chilli Cheese Garlic Bread",,,1317.0,65.85,0.0,0.0,0.0,0.0,1382.85,,,,,,14.97,13.0,Incorrectly,,8d0fbe2378a0f248e68cf3c1d542df324a09332bc47b056d2636a57693d71033,3
20659868,Aura Pizzas,Sector 4,Delhi NCR,6276682452,"04:42 PM, October 19 2024",Delivered,Zomato Delivery,2km,"1 x Spinach Sumac Pide, 1 x Bellpepper Onion Pizza, 1 x Indian Masala Cripser Fries",,50% off upto Rs.100,1107.0,50.35,100.0,0.0,0.0,0.0,1057.35,,,,,,17.82,2.1,Correctly,,13f49666b35e4152d2f74a1c3f2165acb1dd4e26b8bb34c7d4189bfa2d97e672,3
20659868,Aura Pizzas,Sector 4,Delhi NCR,6281237755,"02:50 AM, October 19 2024",Delivered,Zomato Delivery,16km,"1 x Bageecha Pizza, 1 x Chocolate Walnut Brownie, 1 x Masala Paneer Pide",,,1117.0,55.85,0.0,64.8,0.0,0.0,1108.05,,,,,,22.82,13.3,Correctly,,d0ba5b8fcf9a1a2cc79d0aebce443fdef0f641decdb1a8d894a866b758596b69,3
20659868,Aura Pizzas,Sector 4,Delhi NCR,6281377075,"10:56 PM, October 18 2024",Delivered,Zomato Delivery,6km,"1 x Bageecha Pizza, 1 x Murgh Amritsari Seekh Melt, 1 x Tripple Cheese Pizza",,Flat 15% off,1627.0,69.6,235.07,59.9,0.0,0.0,1401.63,,,,,,16.27,2.3,Correctly,,52a6cced725a9088190628a4308debbc97f99a9386189045f410125ba1bc2ddb,3
20659868,Aura Pizzas,Sector 4,Delhi NCR,6274690401,"07:19 PM, October 18 2024",Delivered,Zomato Delivery,6km,"1 x Makhani Paneer Pizza, 1 x Murgh Amritsari Seekh Pizza, 1 x Bageecha Pizza",,,2157.0,107.85,0.0,59.9,0.0,0.0,2204.95,,,,,,15.88,2.7,Correctly,Poor packaging or spillage,6aa4ef5b10b052ea4a1db1f8177abaa63692e9b94db0dbffb47fa9f421ef065c,3
20659868,Aura Pizzas,Sector 4,Delhi NCR,6273092266,"11:15 PM, October 17 2024",Delivered,Zomato Delivery,7km,"1 x Herbed Potato, 2 x Bageecha Pizza",,Buy 1 Get 1 - ₹678.00,826.0,41.3,0.0,0.0,0.0,0.0,867.3,,,,,,22.9,8.0,Correctly,,28d03b205442b6baf8ff830c7f8081a3c718115da0eb3f82da42d13b0deddcc2,3
20659868,Aura Pizzas,Sector 4,Delhi NCR,6272412158,"07:55 PM, October 17 2024",Delivered,Zomato Delivery,1km,"1 x Indian Pico De-Gallo, 1 x Herbed Potato, 1 x Bageecha Pizza",,Buy 1 Get 1 - ₹148.00,659.0,32.95,0.0,0.0,0.0,0.0,691.95,,,,,,19.05,6.7,Correctly,,f3e0c2d529db7c2e5d293eff22dd0423fe93f90bbb4a38d36acf863bdba82419,3
20659868,Aura Pizzas,Sector 4,Delhi NCR,6272804661,"03:45 PM, October 16 2024",Delivered,Zomato Delivery,4km,"1 x Peri Peri Grilled Chicken Pizza, 1 x Bageecha Pizza, 1 x Cheesy Garlic Bread",,,1457.0,72.85,0.0,59.9,0.0,0.0,1469.95,,,,,,16.13,8.8,Correctly,,16a44faac863304f7aa7ffa0e14df5949c33d75f20b41725f05b146014e3e52b,3
20659868,Aura Pizzas,Sector 4,Delhi NCR,6272750306,"09:33 PM, October 15 2024",Delivered,Zomato Delivery,3km,"1 x Mushroom Mozzarella Melt, 1 x Margherita Pizza, 1 x Bageecha Pizza",,50% off upto Rs.100,1983.0,94.15,100.0,0.0,0.0,0.0,1977.15,,,,,,18.05,1.2,Correctly,,df928eced900253b1f5f89ae2504a3c13c2eba244b892f16fee702b8155da861,3
20659868,Aura Pizzas,Sector 4,Delhi NCR,6263816877,"12:41 PM, October 15 2024",Delivered,Zomato Delivery,9km,"1 x Makhani Paneer Pizza, 1 x Spinach Sumac Pide, 1 x Peri Peri Crisper Fries",,,1107.0,55.35,0.0,0.0,0.0,0.0,1162.35,,,,,,18.82,15.1,Incorrectly,,c22e4d9df6c75388d8967f0e6ebcfde485fc651de32963c1b5055485e2d20a39,3
20659868,Aura Pizzas,Sector 4,Delhi NCR,6266069430,"12:59 AM, October 14 2024",Delivered,Zomato Delivery,6km,"1 x Margherita Pizza, 1 x Peri Peri Crisper Fries, 1 x Onion Rings",,50% off upto Rs.100,887.0,39.35,100.0,0.0,0.0,0.0,826.35,,,,,,11.8,5.7,Correctly,,13c1b076d1238523ed9553313a7332086181d75bd62c35c6bf075ccbe72003c7,3
20659868,Aura Pizzas,Sector 4,Delhi NCR,6256766178,"11:33 PM, October 13 2024",Delivered,Zomato Delivery,3km,"1 x Angara Paneer Melt, 1 x Peri Peri Paneer Pizza, 1 x Makhani Paneer Pizza",,Flat 15% off,1967.0,83.6,295.05,0.0,0.0,0.0,1755.55,,,,,,18.05,8.5,Correctly,,875718b63f640a1a7f65020b414dda5a518d2b4c0081249770f2c6568b9954ca,3
20659868,Aura Pizzas,Sector 4,Delhi NCR,6262976116,"10:50 PM, October 13 2024",Delivered,Zomato Delivery,3km,"1 x Peri Peri Crisper Fries, 1 x Margherita Pizza, 1 x Cheesy Garlic Bread",,50% off upto Rs.100,956.0,42.8,100.0,0.0,0.0,0.0,898.8,5.0,,,,,10.92,2.9,Correctly,,14bcbd23b0e873dd2ab61589d2a5da68990850dca2210428d3d56bd518ec1439,3
20659868,Aura Pizzas,Sector 4,Delhi NCR,6263702900,"10:17 PM, October 13 2024",Delivered,Zomato Delivery,7km,"1 x Just Pepperoni Pizza, 1 x Margherita Pizza, 1 x Chilli Cheese Garlic Bread",,Flat 15% off,1866.0,79.31,279.9,0.0,0.0,0.0,1665.41,,,,,,16.35,3.0,Correctly,,4991fc8502da49131b6438402ffbb0d3f1f1088d3a1b5108c965666dd60c2c4b,3
20659868,Aura Pizzas,Sector 4,Delhi NCR,6255206585,"06:45 PM, October 13 2024",Delivered,Zomato Delivery,3km,"1 x Pepperoni Garlic Bread, 1 x Just Pepperoni Pizza, 1 x Peri Peri Grilled Chicken Pizza",,Flat 15% off,1547.0,65.75,232.05,0.0,0.0,0.0,1380.7,,,,,,22.98,17.9,Correctly,,d53e160ce9eca8d3e4689c5dc30af32ce896c7ccaffd02899dd4c6caba655773,3
20659868,Aura Pizzas,Sector 4,Delhi NCR,6260168850,"03:54 PM, October 13 2024",Delivered,Zomato Delivery,10km,"1 x Murgh Amritsari Seekh Pizza, 1 x Harisa Mayo, 1 x Mutton Seekh Pide",,,1387.0,69.35,0.0,0.0,0.0,0.0,1456.35,,,,,,22.43,3.1,Correctly,,f6a081efc849d446dfc30d2747e321346365e362f015b9d631a9ba0e718994ca,3
20659868,Aura Pizzas,Sector 4,Delhi NCR,6254897223,"01:44 AM, October 13 2024",Delivered,Zomato Delivery,8km,"1 x Jamaican Chicken Melt, 1 x Margherita Pizza, 1 x Cheesy Garlic Bread",,,1367.0,68.35,0.0,0.0,0.0,0.0,1435.35,,,,,,28.6,12.6,Correctly,,f134ad236a8fc971a6802c70ed2cd386edca6f51964a21ab17337ae20d52b060,3
20659868,Aura Pizzas,Sector 4,Delhi NCR,6257538117,"01:31 AM, October 13 2024",Delivered,Zomato Delivery,6km,"1 x Margherita Pizza, 1 x Indian Masala Cripser Fries, 1 x Murgh Amritsari Seekh Melt",,50% off upto Rs.100,1137.0,51.85,100.0,0.0,0.0,0.0,1088.85,5.0,,,,,24.9,2.3,Correctly,,39b299fcf5b7dbcf947b0b956470729ec64d0a6c201ab496a190b1d5e6950f11,3
20659868,Aura Pizzas,Sector 4,Delhi NCR,6254154940,"09:28 PM, October 12 2024",Delivered,Zomato Delivery,3km,"2 x Fried Chicken Strips, 1 x Murgh Amritsari Seekh Pizza",,Flat Rs.100 off,1187.0,54.35,100.0,0.0,0.0,0.0,1141.35,,,,,,16.6,1.9,Correctly,,b69d607341b0d863cfa1245f35a70e735e7d7cc3ba46511513c132bc9a1fcfb4,3
20659868,Aura Pizzas,Sector 4,Delhi NCR,6261848668,"07:22 PM, October 12 2024",Delivered,Zomato Delivery,2km,"1 x Grilled Tangdis, 2 x Tipsy Tiger Fresh Lime Soda",,50% off upto Rs.100,507.1,20.36,100.0,0.0,0.0,0.0,427.46,,,,,,8.03,1.7,Correctly,,ca597e9bb9f6d68243f71d1d6872e1b8a3db160a7ff53e238383cc9fca421f52,3
20659868,Aura Pizzas,Sector 4,Delhi NCR,6258349757,"02:35 PM, October 12 2024",Delivered,Zomato Delivery,6km,"1 x Peri Peri Crisper Fries, 1 x All About Chicken Pizza, 1 x Harisa Mayo",,50% off upto Rs.100,1167.0,53.35,100.0,0.0,0.0,0.0,1120.35,5.0,,,,,23.22,18.4,Correctly,,40abb3040f34d86210c43c36b01462088952dae4e23d76af33808b766d88b176,3
20659868,Aura Pizzas,Sector 4,Delhi NCR,6259369457,"01:40 AM, October 12 2024",Delivered,Zomato Delivery,3km,"1 x Makhani Paneer Pizza, 1 x Angara Paneer Melt, 1 x Bellpepper Onion Pizza",,Flat 15% off,1607.0,68.3,241.05,0.0,0.0,0.0,1434.25,,,,,,17.28,13.5,Incorrectly,,bdbb28a0108a0421488a06bbce76f65740c051a6768e3d5bd8c9ecc64f31903b,3
20882652,Aura Pizzas,DLF Phase 1,Delhi NCR,6286609810,"07:00 PM, October 20 2024",Delivered,Zomato Delivery,6km,"1 x Mutton Seekh Pide, 1 x Mushroom Mozzarella Melt, 1 x OG Cheese Pide",,Flat Rs.200 off,1197.0,49.85,200.0,0.0,0.0,0.0,1046.85,,,,,,30.67,1.8,Correctly,,070858ec6701a28650a2fa59ebd292072b499ade96a8efa041a578688edf6ede,3
20882652,Aura Pizzas,DLF Phase 1,Delhi NCR,6269906515,"08:35 PM, October 19 2024",Delivered,Zomato Delivery,6km,"1 x Herbed Potato, 1 x Malai Gud Pide, 1 x Bageecha Pizza",,50% off upto Rs.100,1006.0,45.3,100.0,0.0,0.0,0.0,951.3,,,,,,20.04,1.7,Correctly,,1c2a2538018c704a918176f0c1e95a87af9de51c20eb53df5c15180b24398156,3
20882652,Aura Pizzas,DLF Phase 1,Delhi NCR,6260481136,"12:38 AM, October 19 2024",Delivered,Zomato Delivery,7km,"1 x Murgh Amritsari Seekh Pizza, 1 x Tripple Cheese Pizza, 1 x Makhani Paneer Pizza",,Flat Rs.200 off,2127.0,96.35,200.0,0.0,0.0,0.0,2023.35,,,,,,27.77,10.8,Correctly,,0e0a7f921597fdb529f37e770492dcfe0cdf165b4b8722a1b398a57eb5dc8f29,3
20882652,Aura Pizzas,DLF Phase 1,Delhi NCR,6276636974,"10:36 PM, October 18 2024",Delivered,Zomato Delivery,1km,"1 x Mushroom Pizza, 1 x Makhani Paneer Pizza, 1 x Bageecha Pizza",,Flat Rs.200 off,1787.0,79.35,200.0,59.9,0.0,0.0,1606.45,,,,,,28.99,7.6,Incorrectly,,efe727335aabb2d84cd06915cd5ccfe6f157a8896a7a3c0bc50e865d284c66bb,3
20882652,Aura Pizzas,DLF Phase 1,Delhi NCR,6277375291,"12:57 PM, October 18 2024",Delivered,Zomato Delivery,3km,"1 x Cheesy Garlic Bread, 1 x Murgh Amritsari Seekh Pizza, 1 x Mutton Seekh Pizza",,Flat Rs.200 off,1947.0,87.35,200.0,0.0,0.0,0.0,1834.35,,,,,,22.2,2.5,Correctly,,41de59e7ed8af443846ecc121c213fbcd46ef895a0371d8cb3895ca66a7dc056,3
20882652,Aura Pizzas,DLF Phase 1,Delhi NCR,6274614897,"10:45 PM, October 16 2024",Delivered,Zomato Delivery,6km,"1 x Bageecha Pizza, 1 x Peri Peri Paneer Pizza, 1 x Makhani Paneer Pizza",,Flat Rs.200 off,2147.0,97.35,200.0,79.9,0.0,0.0,1964.45,,,,,,26.62,4.2,Incorrectly,,2143d516a0de66bc0e0e001a838cef67c0d64b0d31fd2b8fbe92bb8b29a3beb4,3
20882652,Aura Pizzas,DLF Phase 1,Delhi NCR,6250261716,"11:08 PM, October 13 2024",Delivered,Zomato Delivery,4km,"1 x Chilli Cheese Garlic Bread, 1 x Bageecha Pizza, 1 x Spinach Sumac Pide",,Flat Rs.200 off,1187.0,49.35,200.0,0.0,0.0,0.0,1036.35,,,,,,15.28,2.2,Correctly,,5b4f23a5cd5dd08a2686c0fbd3155947ae4a6574b6fb22475e048fd47ef328f5,3
20882652,Aura Pizzas,DLF Phase 1,Delhi NCR,6265186019,"10:13 PM, October 13 2024",Delivered,Zomato Delivery,7km,"1 x Jamaican Chicken Melt, 1 x Peri Peri Grilled Chicken Pizza, 1 x Murgh Amritsari Seekh Melt",,Flat Rs.200 off,1577.0,68.85,200.0,0.0,0.0,0.0,1445.85,,,,,,17.5,7.6,Correctly,,369f27b24770a4fb85458bf472ada5b23676145db53a5e0c5b6759e72768fa5c,3
20882652,Aura Pizzas,DLF Phase 1,Delhi NCR,6260894275,"06:48 PM, October 12 2024",Delivered,Zomato Delivery,3km,"1 x Bageecha Pizza, 1 x Murgh Amritsari Seekh Pizza, 1 x All About Chicken Pizza",,Flat Rs.200 off,2467.0,113.35,200.0,0.0,0.0,0.0,2380.35,,,,,,20.72,9.3,Correctly,,3d282d38b56e95a1f56ce9d56e2f6c96a503dbaf10f1fb3fb92fb3a344371e78,3
20882652,Aura Pizzas,DLF Phase 1,Delhi NCR,6259281910,"06:14 PM, October 12 2024",Delivered,Zomato Delivery,2km,"2 x Herbed Potato, 1 x Indian Pico De-Gallo",,,356.0,17.8,0.0,0.0,0.0,0.0,373.8,,,,,,15.87,12.6,Incorrectly,,70745a48918421d7f6a0e36fd520cc2e4da5d4f6a894c52c63a5a7f1617ec151,3
20882652,Aura Pizzas,DLF Phase 1,Delhi NCR,6261131295,"04:39 PM, October 12 2024",Delivered,Zomato Delivery,5km,"1 x Bageecha Pizza, 1 x Herbed Potato, 1 x Iced Green Tea - Mojito",,50% off upto Rs.100,842.24,37.11,100.0,0.0,0.0,0.0,779.35,,,,,,20.13,12.3,Correctly,,8c2bb398072e2904456eacd6350f0ee3257bd1cd4d3f10f5831c2fc6f997cb59,3
20882652,Aura Pizzas,DLF Phase 1,Delhi NCR,6248295383,"04:36 PM, October 12 2024",Delivered,Zomato Delivery,13km,"1 x Murgh Amritsari Seekh Pizza, 1 x Mushroom Pizza, 1 x Margherita Pizza",,Flat Rs.200 off,2257.0,102.85,200.0,0.0,0.0,0.0,2159.85,,,,,,19.78,9.0,Correctly,,759feb27ba0b7f6ea6e9ca620d372c9fd9f73d07b9f888fee1792d5ddd3c5f06,3
20882652,Aura Pizzas,DLF Phase 1,Delhi NCR,6260177712,"12:09 AM, October 12 2024",Delivered,Zomato Delivery,7km,"1 x Bageecha Pizza, 1 x Makhani Paneer Pizza, 1 x Chilli Cheese Garlic Bread",,Flat Rs.200 off,1497.0,64.85,200.0,0.0,0.0,0.0,1361.85,,,,,,20.88,12.2,Correctly,,bc5f489eb22445839fbf4791ae9ed161d223dbfd43e7ceec0b5cb6c702e29173,3
20882652,Aura Pizzas,DLF Phase 1,Delhi NCR,6243478077,"10:04 PM, October 11 2024",Delivered,Zomato Delivery,4km,"1 x Bageecha Pizza, 1 x Chilli Cheese Garlic Bread, 1 x Makhani Paneer Pizza",,Flat Rs.200 off,1437.0,61.85,200.0,0.0,0.0,0.0,1298.85,,,,,,20.68,8.0,Incorrectly,,332ec63ab95b063a2c52593f8929bb99e309bcb9f7aa28b9015cef62b2a8fc3f,3
20882652,Aura Pizzas,DLF Phase 1,Delhi NCR,6250388497,"09:54 PM, October 11 2024",Delivered,Zomato Delivery,4km,"1 x Murgh Amritsari Seekh Pizza, 1 x Pepperoni Garlic Bread, 1 x Jamaican Chicken Melt",,Flat Rs.200 off,1387.0,59.35,200.0,0.0,0.0,0.0,1246.35,,,,,,23.9,9.9,Correctly,,70e923e5c44d4852d00f3a09de5cb3350e68300a1bcc1c47fce840b58688bc1a,3
20882652,Aura Pizzas,DLF Phase 1,Delhi NCR,6259819615,"09:42 PM, October 11 2024",Delivered,Zomato Delivery,5km,"1 x Fried Chicken Strips, 1 x Herbed Potato, 1 x All About Chicken Pizza",,Flat Rs.200 off,996.0,39.8,200.0,0.0,0.0,0.0,835.8,,,,,,22.13,14.0,Incorrectly,,5cb486626a617fc1f271fc78686ec2fb58c4954e63afcdf12abef748d5111f5a,3
20882652,Aura Pizzas,DLF Phase 1,Delhi NCR,6246947272,"01:18 PM, October 11 2024",Delivered,Zomato Delivery,3km,"1 x Masala Paneer Pide, 1 x Peri Peri Crisper Fries, 1 x Harisa Mayo",,50% off upto Rs.100,578.0,23.9,100.0,0.0,0.0,0.0,501.9,,,,,,17.73,,Correctly,,f795543a60a807c1d75027b277ec4e5fad6216d38e5c9099e5cbd2ab1efee6c9,3
20882713,Swaad,DLF Phase 1,Delhi NCR,6284758109,"06:47 PM, October 20 2024",Delivered,Zomato Delivery,3km,"1 x Fried Chicken Kabuli Tender, 1 x Bone in Smoky Bbq Grilled Chicken, 1 x Bone in Jamaican Grilled Chicken",,Flat Rs.175 off,1495.0,66.0,175.0,0.0,0.0,0.0,1386.0,,,,,,24.11,3.1,Correctly,,de0361f73b32fd24bce06a09eac3c78870a0b52fd61b44332a18bc5b160ab49f,3
20882713,Swaad,DLF Phase 1,Delhi NCR,6281177197,"11:12 AM, October 19 2024",Delivered,Zomato Delivery,5km,"1 x GhostBuster Sauce, 1 x Bone in Jamaican Grilled Chicken, 1 x Grilled Chicken Peri Peri Tender",,Flat Rs.175 off,805.0,31.5,175.0,31.0,0.0,0.0,630.5,,,,,,23.27,9.6,Incorrectly,,967411688c6efb17ddc6ef0176cfdc4946a75b52e57e7aacd104ff6d02b1ae3c,3
20882713,Swaad,DLF Phase 1,Delhi NCR,6255761168,"02:10 PM, October 15 2024",Delivered,Zomato Delivery,1km,"1 x Bone in Jamaican Grilled Chicken, 1 x Fried Chicken Classic Tender, 1 x Grilled Chicken Smoky BBQ Tender",,Flat Rs.175 off,945.0,38.5,175.0,0.0,0.0,0.0,808.5,,,,,,28.51,16.7,Incorrectly,,e190f429a86d2f3f24f99fba1db9517e8ea4993035ddd5af3c68bf85a43b5f26,3
20968206,Dilli Burger Adda,Greater Kailash 2 (GK2),Delhi NCR,6250719441,"06:43 PM, October 11 2024",Delivered,Zomato Delivery,4km,"1 x Dirty Masala Fries, 1 x Dirty Grilled Paneer Burger, 1 x Chicken 69",,Flat Rs.125 off,899.0,34.83,125.0,0.0,77.4,0.0,731.43,,,,,,29.87,0.4,Correctly,,51048113d324f042aa291422f52e6b3ce78167435fef98db6b58429a223cd9ec,3
21077127,Aura Pizzas,Sector 135,Delhi NCR,6283014399,"05:46 PM, October 19 2024",Delivered,Zomato Delivery,1km,"1 x Bageecha Pizza, 1 x Herbed Potato, 1 x Chilli Cheese Garlic Bread",,Flat Rs.200 off,1085.0,44.25,200.0,0.0,0.0,0.0,929.25,,,,,,15.9,7.9,Correctly,,470873b8d8a4e945a2085623b01978f22ca40b582357d0f67aa485fd6689f5ae,3
21077127,Aura Pizzas,Sector 135,Delhi NCR,6269901641,"01:41 PM, October 19 2024",Delivered,Zomato Delivery,14km,"1 x Bellpepper Onion Pizza, 1 x Jamaican Chicken Melt, 1 x Chilli Cheese Garlic Bread",,Flat Rs.200 off,1376.0,58.8,200.0,0.0,0.0,0.0,1234.8,,,,,,19.98,0.6,Correctly,,bd93f531dd757e9fcc16cb9c839e93707b20bec31932ba4eec6e4d00bb44cd8b,3
21077127,Aura Pizzas,Sector 135,Delhi NCR,6281922629,"01:23 PM, October 19 2024",Delivered,Zomato Delivery,1km,"1 x Angara Paneer Melt, 1 x Tipsy Tiger Fresh Lime Soda, 1 x Tipsy Tiger Ginger Ale",,,687.1,34.36,0.0,0.0,0.0,0.0,721.46,,,,,,13.4,9.9,Incorrectly,,2f796c2bd07f20814d86159896a64a45dc6c356820d56b79713d29bcd0423df5,3
21077127,Aura Pizzas,Sector 135,Delhi NCR,6274739706,"09:00 PM, October 18 2024",Delivered,Zomato Delivery,1km,"1 x Indian Pico De-Gallo, 1 x Herbed Potato, 1 x Bageecha Pizza",,,807.0,40.35,0.0,59.9,0.0,0.0,787.45,,,,,,16.25,14.8,Incorrectly,,decf0600e4f426d3b770d462138d043691b505d79ea3e57ce67be72d3ad4b47f,3
21077127,Aura Pizzas,Sector 135,Delhi NCR,6273411509,"08:36 PM, October 18 2024",Delivered,Zomato Delivery,1km,"1 x Salted Crisper Fries, 2 x Fried Chicken Strips",,,557.0,27.85,0.0,0.0,0.0,0.0,584.85,,,,,,14.6,0.9,Correctly,,99fd77280d1f8a677a24716477116038d2c060fee70b41c54819accd85c01758,3
21077127,Aura Pizzas,Sector 135,Delhi NCR,6256174794,"12:19 PM, October 17 2024",Delivered,Zomato Delivery,7km,"1 x Chilli Cheese Garlic Bread, 2 x Peri Peri Paneer Pizza",,Buy 1 Get 1 - ₹769.00,1087.0,54.35,0.0,0.0,0.0,0.0,1141.35,,,,,,22.93,6.8,Correctly,,2da5199d90ccb7a91f8e9ea5263a6a8fdabbe32611ea8bd093f921aaf063fb59,3
21077127,Aura Pizzas,Sector 135,Delhi NCR,6267535425,"10:51 PM, October 13 2024",Delivered,Zomato Delivery,6km,"1 x Malai Gud Pide, 1 x Peri Peri Paneer Pizza, 1 x Chilli Cheese Garlic Bread",,Flat Rs.200 off,1097.0,44.85,200.0,0.0,0.0,0.0,941.85,,,,,,13.0,0.2,Correctly,,1ac5979edde5111695ac9d3b91b29534777db7d7ae66644bf73432e7bf81d124,3
21077127,Aura Pizzas,Sector 135,Delhi NCR,6264841952,"11:32 AM, October 13 2024",Delivered,Zomato Delivery,4km,"1 x All About Chicken Pizza, 1 x Chilli Cheese Garlic Bread, 1 x Fried Chicken Strips",,Flat Rs.200 off,1167.0,48.35,200.0,0.0,0.0,0.0,1015.35,,,,,,23.62,14.0,Correctly,,f4b6a5b2308909f94e89e81303b7254522ab349188c432e40f87ad905158efe3,3
21077127,Aura Pizzas,Sector 135,Delhi NCR,6259281952,"08:04 PM, October 12 2024",Delivered,Zomato Delivery,6km,"1 x Herbed Potato, 1 x Just Pepperoni Pizza, 1 x Desi Chicken Pepperoni Pizza",,,2154.0,107.7,0.0,0.0,0.0,0.0,2261.7,,,,,,18.05,4.3,Correctly,,f6e68ffc4f93a1897e6c51e517b4fd8e345a93d234ae6852b0b20d82a1c3d236,3
21077127,Aura Pizzas,Sector 135,Delhi NCR,6250280761,"04:58 PM, October 12 2024",Delivered,Zomato Delivery,5km,"1 x Cheesy Garlic Bread, 1 x Peri Peri Crisper Fries, 1 x Peri Peri Paneer Pizza",,Flat Rs.200 off,1017.0,40.85,200.0,0.0,0.0,0.0,857.85,,,,,,12.85,5.2,Correctly,,779a16ffa54e54aa08cfc91d922cd3910e7bfa750dbecf72e47e9234a7720be1,3
21077127,Aura Pizzas,Sector 135,Delhi NCR,6257037552,"11:29 AM, October 11 2024",Delivered,Zomato Delivery,1km,"1 x Bageecha Pizza, 1 x Tipsy Tiger Fresh Lime Soda, 1 x Chilli Cheese Garlic Bread",Order: Please don't add corn in the pizza. Thanks,Flat Rs.200 off,1175.05,48.75,200.0,0.0,0.0,0.0,1023.8,,,,,,20.35,8.0,Correctly,,782791e43681246af1629b043dd6a7cab5e86f1fbab0ae77787183da518f9d3c,3
21173951,Aura Pizzas,Vasant Kunj,Delhi NCR,6284169498,"08:53 PM, October 19 2024",Delivered,Zomato Delivery,1km,"1 x All About Chicken Pizza, 1 x Tripple Cheese Pizza, 1 x Cheesy Garlic Bread",,,1447.0,72.35,0.0,0.0,0.0,0.0,1519.35,,,,,,21.58,3.0,Correctly,,5350b85da3de329265ebadf11b003254e59de7ab847453114b6117244652cc54,3
21173951,Aura Pizzas,Vasant Kunj,Delhi NCR,6274329175,"12:00 PM, October 19 2024",Delivered,Zomato Delivery,2km,"1 x Tripple Cheese Pizza, 1 x Masala Potato Pide, 1 x Iced Green Tea - Peach",,,943.24,47.16,0.0,0.0,0.0,0.0,990.4,,,,,,17.1,0.3,Correctly,,4c031498ff6b575149622b0e750e0793bca83dafdc9a5c9c4e4a1c09d033036d,3
21173951,Aura Pizzas,Vasant Kunj,Delhi NCR,6267646530,"07:45 PM, October 16 2024",Delivered,Zomato Delivery,2km,"1 x Murgh Amritsari Seekh Pizza, 1 x Jamaican Chicken Melt, 1 x Chilli Cheese Garlic Bread",,Flat Rs.200 off,1367.0,58.35,200.0,0.0,0.0,0.0,1225.35,,,,,,23.53,7.0,Correctly,,d04ac7f469e1f5a824e98d168dd57cf4b527dfdee2304d524e518080ba93d779,3
21309083,Swaad,Sector 135,Delhi NCR,6282178041,"05:57 PM, October 20 2024",Delivered,Zomato Delivery,3km,"1 x Peri Peri Crisper Fries, 1 x Grilled Chicken Ghostbuster Tangdi, 1 x Bone in Jamaican Grilled Chicken",,,974.0,48.7,0.0,37.0,0.0,0.0,985.7,,,,,,20.85,0.3,Correctly,,08527688f836b9125e4209c0b607de95c68e87397a08d45845329336321a4bdf,3
21309083,Swaad,Sector 135,Delhi NCR,6280931538,"03:31 PM, October 19 2024",Delivered,Zomato Delivery,4km,"1 x Bone in Jamaican Grilled Chicken, 1 x Bone in Smoky Bbq Grilled Chicken, 1 x Animal Fries",,,975.0,33.25,0.0,310.0,0.0,0.0,698.25,,,,,,19.43,3.5,Correctly,,96c9e52ca484ef6690a4d132dd8a226b654c62411d784c40ddef4d05a237a51d,3
21309083,Swaad,Sector 135,Delhi NCR,6275055465,"08:30 PM, October 17 2024",Delivered,Zomato Delivery,4km,"1 x Grilled Chicken Jamaican Tender, 1 x AAC Grilled Paneer Burger, 1 x Grilled Chicken Angara Tender",,,965.0,48.25,0.0,0.0,0.0,0.0,1013.25,,,,,,16.33,2.8,Correctly,,7b1c0a170a11769dea7315383c1c250b1625224a5939d42abc42a683674e4b65,3
21309083,Swaad,Sector 135,Delhi NCR,6266129397,"05:27 PM, October 17 2024",Delivered,Zomato Delivery,4km,"1 x Animal Fries, 1 x AAC Fried Paneer Burger, 1 x Fried Chicken Angara Tender",,,1085.0,54.25,0.0,0.0,0.0,0.0,1139.25,,,,,,25.32,7.1,Correctly,,963875afc8d372a9a5d18dc0457ffd7bc6c6112d7c32bb6cb84996bd5dd51a8a,3
21309083,Swaad,Sector 135,Delhi NCR,6268792046,"11:01 PM, October 15 2024",Delivered,Zomato Delivery,1km,"1 x AAC Saucy Fries, 1 x Garlic Aioli, 1 x Onion Rings",,,624.0,31.2,0.0,0.0,0.0,0.0,655.2,,,,,,13.77,10.2,Correctly,,c9766608a38ef70ae70744bdce37142d9b233877dfbc26981ac73e611d2eddb4,3
21309083,Swaad,Sector 135,Delhi NCR,6268279583,"08:41 PM, October 15 2024",Delivered,Zomato Delivery,4km,"1 x Fried Chicken Classic Tender, 1 x Bone in Smoky Bbq Grilled Chicken, 1 x Salted Crisper Fries",,,814.0,40.7,0.0,0.0,0.0,0.0,854.7,,,,,,21.93,1.9,Correctly,,60e01537463c210193bb72537b9ecd9a02872574d89f9c4a0246dc9fedbc34a1,3
20320607,Swaad,Sector 4,Delhi NCR,6314405519,"12:16 PM, October 31 2024",Delivered,Zomato Delivery,6km,"1 x Fried Chicken Peri Peri Tender, 1 x Indian Pico De-Gallo, 1 x Animal Fries",,Flat Rs.175 off,800.0,31.25,175.0,0.0,0.0,0.0,656.25,,,,,,12.15,4.3,Correctly,,966f6d9ba51898bc87e9de9049143540a0b53b5c18d95486bc1eea72c17ca6bf,3
20320607,Swaad,Sector 4,Delhi NCR,6315083389,"11:22 AM, October 31 2024",Delivered,Zomato Delivery,7km,"1 x Fried Chicken Ghostbuster Tender, 1 x Grilled Chicken Ghostbuster Tangdi, 1 x Animal Fries",,Flat Rs.175 off,1085.0,45.5,175.0,0.0,0.0,0.0,955.5,,,,,,19.48,11.3,Correctly,,27f06fb4d12b3de063b4b8ad03590ba2b3d0125d8bb80164728ca6573bcdd44f,3
20320607,Swaad,Sector 4,Delhi NCR,6295490493,"01:13 PM, October 24 2024",Delivered,Zomato Delivery,4km,"1 x Fried Chicken Peri Peri Tender, 1 x AAC Grilled Chicken Burger, 1 x Iced Green Tea - Peach",,Flat Rs.175 off,1119.24,47.21,175.0,0.0,0.0,0.0,991.45,,,,,,17.13,0.9,Correctly,,9ccc9104fb9a8d370892e8c56fb99c7d0a975cac865261b7f87106a517d23e5c,3
20320607,Swaad,Sector 4,Delhi NCR,6294660294,"07:52 PM, October 23 2024",Delivered,Zomato Delivery,4km,"1 x Iced Green Tea - Mojito, 2 x Fried Chicken Peri Peri Tender",,Buy 1 Get 1 - ₹325.00,420.24,21.01,0.0,0.0,0.0,0.0,441.25,,,,,,17.55,5.3,Correctly,,8cc49e1c87db248d9bf994de02c7da0229cd3b46bb99002b299345a60d562a7a,3
20320607,Swaad,Sector 4,Delhi NCR,6288343620,"04:18 PM, October 21 2024",Delivered,Zomato Delivery,6km,"1 x Grilled Chicken Angara Tender, 1 x Angara Rice, 1 x Bone in Jamaican Grilled Chicken",,Flat Rs.175 off,888.0,35.65,175.0,0.0,0.0,0.0,748.65,,,,,,15.33,1.2,Correctly,,c384152d19147e05f178b4dd8706dd7df6b62f3fa927f5ea437414a59a55a599,3
20554001,Swaad,Greater Kailash 2 (GK2),Delhi NCR,6317521393,"10:00 PM, October 31 2024",Delivered,Zomato Delivery,5km,"1 x Garlic Aioli, 1 x Bone in Smoky Bbq Grilled Chicken, 1 x Fried Chicken Peri Peri Tender .",,Flat Rs.175 off,1030.0,47.6,78.0,0.0,0.0,0.0,999.6,4.0,,,,,18.22,2.0,Correctly,,fda116af20e72c358a8202bc674d2cdba14ac58fd64edee45c86172859bd1daa,3
20554001,Swaad,Greater Kailash 2 (GK2),Delhi NCR,6318165710,"09:08 PM, October 31 2024",Delivered,Zomato Delivery,2km,"1 x Bone in Smoky Bbq Grilled Chicken, 1 x Harisa Mayo, 1 x Salted Crisper Fries",,Flat Rs.175 off,659.0,29.05,78.0,0.0,0.0,0.0,610.05,,,,,,15.7,5.6,Correctly,,0ccb594ff17c47ec29b716518612c3734ddf0fb86814af677a7e6cc615455006,3
20554001,Swaad,Greater Kailash 2 (GK2),Delhi NCR,6318087534,"08:08 PM, October 31 2024",Delivered,Zomato Delivery,2km,"1 x Animal Fries, 1 x Fried Chicken Peri Peri Tenders + Peri Peri Fries, 1 x Garlic Aioli",,,1000.0,50.0,0.0,0.0,0.0,0.0,1050.0,,,,,,17.88,0.5,Correctly,,73b91107f7b7189e68b21b0b67b26ed09a556fc5c3cc9e21b2fec7df695eb419,3
20554001,Swaad,Greater Kailash 2 (GK2),Delhi NCR,6316502847,"08:01 PM, October 31 2024",Delivered,Zomato Delivery,3km,"2 x AAC Grilled Chicken Burger ., 1 x AAC Grilled Paneer Burger",,Flat Rs.175 off,1095.0,50.85,78.0,0.0,0.0,0.0,1067.85,5.0,,,,,26.35,12.1,Correctly,,82f8ff65e395d9e48b7feba627e1702d23afc2167f01906059433d76e72cd0fa,3
20554001,Swaad,Greater Kailash 2 (GK2),Delhi NCR,6313734006,"07:31 PM, October 31 2024",Delivered,Zomato Delivery,9km,"1 x Fried Chicken Classic Tender ., 1 x Salted Fries ., 1 x Grilled Chicken Smoky BBQ Tender",,,804.0,40.2,0.0,0.0,0.0,0.0,844.2,,,,,,18.23,1.3,Correctly,,604eafac8e12737c147fbefce6d1098359dd69ef4f6cd2a5467705af6b516f94,3
20554001,Swaad,Greater Kailash 2 (GK2),Delhi NCR,6301600744,"01:33 PM, October 30 2024",Delivered,Zomato Delivery,4km,"1 x Animal Fries, 1 x Bone in Smoky Bbq Grilled Chicken, 1 x Fried Chicken Angara Tender",,Flat Rs.200 off,1460.0,64.0,180.0,0.0,0.0,0.0,1344.0,4.0,,,,,21.13,0.3,Correctly,,6c27564c4f42540fe2548c662cbba4c40e717c54f52dd8894c96f3a258e723ec,3
20554001,Swaad,Greater Kailash 2 (GK2),Delhi NCR,6304482208,"08:18 PM, October 29 2024",Delivered,Zomato Delivery,<1km,"1 x Grilled Chicken Peri Peri Tangdi, 1 x Peri Peri Fries ., 1 x Bone in Jamaican Grilled Chicken .",,Flat Rs.175 off,904.0,36.45,175.0,0.0,0.0,0.0,765.45,,,,,,16.62,0.3,Correctly,,314a2289755001ca8ed44229be4e2c16387c0cda1cf9e7db51d85228bd6042ec,3
20554001,Swaad,Greater Kailash 2 (GK2),Delhi NCR,6307758481,"08:46 PM, October 28 2024",Delivered,Zomato Delivery,1km,"2 x Fried Chicken Peri Peri Tender, 1 x Bone in Peri Peri Grilled Chicken",,Flat Rs.200 off,1505.0,66.25,180.0,0.0,0.0,0.0,1391.25,,,,,,17.62,0.8,Correctly,,f831da4eb92af7b18b505344e3002aad94e688e75a9b6b69c0dcc8355ad3be1e,3
20554001,Swaad,Greater Kailash 2 (GK2),Delhi NCR,6306355156,"06:38 PM, October 27 2024",Delivered,Zomato Delivery,5km,"1 x Animal Fries, 1 x Fried Chicken Peri Peri Tender ., 1 x Bone in Jamaican Grilled Chicken .",,Flat Rs.175 off,990.0,40.75,175.0,0.0,0.0,0.0,855.75,,,,,,22.22,12.8,Correctly,,a64ff5132c3ed4b467a0859c3647b20319344b36ad88de8fe55943e0589c1b8b,3
20554001,Swaad,Greater Kailash 2 (GK2),Delhi NCR,6289078293,"03:32 AM, October 27 2024",Delivered,Zomato Delivery,7km,"2 x Fried Chicken Classic Tender, 1 x Fried Chicken Kabuli Tender",,,1380.0,69.0,0.0,0.0,0.0,0.0,1449.0,,,,,,20.83,0.2,Correctly,,85779faf60570de353df0061a99a149e879073b02786cd4d601e5bc40e36bb03,3
20554001,Swaad,Greater Kailash 2 (GK2),Delhi NCR,6304794436,"03:28 AM, October 27 2024",Delivered,Zomato Delivery,9km,"1 x Fried Chicken Angara Tender, 1 x Grilled Chicken Peri Peri Tender, 1 x Fried Chicken Ghostbuster Tender",,Flat Rs.200 off,1469.0,64.45,180.0,0.0,0.0,0.0,1353.45,,,,,,23.02,0.3,Correctly,,2ff79092678eb421f66358decdfcbcc7fd2a9d0024faa2126d92ca57f2c3ab37,3
20554001,Swaad,Greater Kailash 2 (GK2),Delhi NCR,6293748384,"09:53 PM, October 26 2024",Delivered,Zomato Delivery,2km,"2 x Animal Fries ., 1 x Grilled Chicken Smoky BBQ Tender",,Flat Rs.200 off,1020.0,42.0,180.0,0.0,0.0,0.0,882.0,,,,,,20.13,6.2,Correctly,,f23437d100264c7066e95ee9598e8894e9d1a2e6a08ed12575ddd9a08c765199,3
20554001,Swaad,Greater Kailash 2 (GK2),Delhi NCR,6283478380,"07:28 PM, October 26 2024",Delivered,Zomato Delivery,8km,"1 x Salted Fries, 1 x Fried Chicken Classic Tender, 1 x Bone in Jamaican Grilled Chicken",,Flat Rs.175 off,1139.0,48.2,175.0,0.0,0.0,0.0,1012.2,,,,,,17.03,5.3,Correctly,,29666614749888c014c0dfc87718fd0999fc7c5deb20a3b6916d6e1c683f88bc,3
20554001,Swaad,Greater Kailash 2 (GK2),Delhi NCR,6274886764,"07:31 PM, October 25 2024",Delivered,Zomato Delivery,7km,"1 x Grilled Chicken Smoky BBQ Tender, 1 x Fried Chicken Ghostbuster Tender, 1 x Angara Sauce",,Buy 1 Get 1 - ₹325.00,495.0,24.75,0.0,0.0,0.0,0.0,519.75,,,,,,20.58,0.8,Correctly,,34bd50ed717b9060f0927eb86d9b79dcb474cbe16f4d39a7c2621f35e6263b63,3
20554001,Swaad,Greater Kailash 2 (GK2),Delhi NCR,6297501583,"06:39 PM, October 24 2024",Delivered,Zomato Delivery,7km,"1 x India Dynamite sauce, 1 x Fried Chicken Classic Tender, 1 x Grilled Chicken Smoky BBQ Tender",,Flat Rs.175 off,955.0,39.0,175.0,0.0,0.0,0.0,819.0,5.0,,,,,12.2,0.5,Correctly,,34bd50ed717b9060f0927eb86d9b79dcb474cbe16f4d39a7c2621f35e6263b63,3
20554001,Swaad,Greater Kailash 2 (GK2),Delhi NCR,6289827930,"11:43 PM, October 21 2024",Delivered,Zomato Delivery,7km,"1 x GhostBuster Sauce, 1 x Grilled Chicken Smoky BBQ Tender, 1 x Fried Chicken Classic Tender",,40% off upto Rs.80,695.0,30.75,80.0,0.0,0.0,0.0,645.75,,,,,,10.52,3.2,Correctly,,34bd50ed717b9060f0927eb86d9b79dcb474cbe16f4d39a7c2621f35e6263b63,3
20554001,Swaad,Greater Kailash 2 (GK2),Delhi NCR,6289248639,"06:29 PM, October 21 2024",Delivered,Zomato Delivery,3km,"1 x Grilled Chicken Peri Peri Tender, 1 x Grilled Chicken Smoky BBQ Tender, 1 x Bone in Kabuli Grilled Chicken",,Flat Rs.175 off,1205.0,51.5,175.0,0.0,0.0,0.0,1081.5,,,,,,16.6,4.6,Correctly,,ca154ca1a83601b39cf897a113e6a2dc440afdf424d741c4d2d4d208d0bcf42a,3
20554001,Swaad,Greater Kailash 2 (GK2),Delhi NCR,6281579798,"01:27 PM, October 21 2024",Delivered,Zomato Delivery,1km,"1 x Salted Crisper Fries, 1 x Grilled Chicken Jamaican Tender, 1 x Animal Fries",,,1029.0,51.45,0.0,0.0,0.0,0.0,1080.45,,,,,,26.48,0.2,Correctly,,f4b778095c40dc1e7c0bd3c4294439b8b2a7b5bdedfc81399054a8d58697435d,3
20635699,Aura Pizzas,Greater Kailash 2 (GK2),Delhi NCR,6310408627,"10:27 PM, October 31 2024",Delivered,Zomato Delivery,6km,"1 x Chilli Cheese Garlic Bread, 1 x Tripple Cheese Pizza, 1 x Onion Rings",,50% off upto Rs.100,1037.0,46.85,100.0,0.0,0.0,0.0,983.85,5.0,,,,,36.22,23.9,Correctly,,56713722e9ae9b8842668d0f17136719506957fd8300dd76feb46ce0b528cbd7,3
20635699,Aura Pizzas,Greater Kailash 2 (GK2),Delhi NCR,6314350211,"09:13 PM, October 31 2024",Delivered,Zomato Delivery,3km,"1 x Peri Peri Crisper Fries, 1 x Makhani Paneer Pizza, 1 x Chilli Cheese Garlic Bread",,Flat Rs.200 off,1157.0,48.85,180.0,0.0,0.0,0.0,1025.85,,,,,,15.05,6.4,Incorrectly,,6b22d12bfb5b1237620015a45284a90c65f01c5de7630f5e5cf25f9fbfbe85a0,3
20635699,Aura Pizzas,Greater Kailash 2 (GK2),Delhi NCR,6317342736,"08:50 PM, October 31 2024",Delivered,Zomato Delivery,1km,"1 x Chilli Cheese Garlic Bread, 1 x Cheesy Garlic Bread, 1 x Bageecha Pizza",,Flat Rs.120 off,1097.0,54.85,0.0,0.0,0.0,0.0,1151.85,,,,,,14.98,0.2,Correctly,,f2d50603aea798e30040d492e4f312de46cf5ad2c6c4405000de96d089b92ee5,3
20635699,Aura Pizzas,Greater Kailash 2 (GK2),Delhi NCR,6309024645,"08:23 PM, October 31 2024",Delivered,Zomato Delivery,2km,"1 x Peri Peri Paneer Pizza, 1 x Tripple Cheese Pizza, 1 x Chilli Cheese Garlic Bread",,Flat Rs.200 off,1836.0,82.8,180.0,0.0,0.0,0.0,1738.8,,,,,,19.73,1.2,Correctly,,e81f9f9b53c769d879c873f7bcd306817e5f89660cc9abb2f231b0b9649e83bb,3
20635699,Aura Pizzas,Greater Kailash 2 (GK2),Delhi NCR,6307906981,"06:24 PM, October 31 2024",Delivered,Zomato Delivery,2km,"1 x Makhani Paneer Pizza, 1 x Peri Peri Crisper Fries, 1 x Garlic Aioli",,,1008.0,50.4,0.0,0.0,0.0,0.0,1058.4,,,,,,12.83,9.4,Incorrectly,,f944b137cda198b5bcd7036db695fa5e8e4ec66695b61b446f5d5efe4257af24,3
20635699,Aura Pizzas,Greater Kailash 2 (GK2),Delhi NCR,6316159859,"09:21 PM, October 30 2024",Delivered,Zomato Delivery,4km,"1 x Bageecha Pizza, 1 x Cheesy Garlic Bread, 1 x Bellpepper Onion Pizza",,Flat Rs.200 off,1417.0,61.85,180.0,0.0,0.0,0.0,1298.85,4.0,,,,,22.4,0.4,Correctly,,db6ecd651222a5f5e14ff21896cd33bad68fdb0b3ab3f2b57de47c1916f4de54,3
20635699,Aura Pizzas,Greater Kailash 2 (GK2),Delhi NCR,6307537602,"06:53 PM, October 30 2024",Delivered,Zomato Delivery,3km,"1 x Peri Peri Crisper Fries, 1 x Chilli Cheese Garlic Bread, 1 x Bellpepper Onion Pizza",,Flat Rs.120 off,1086.0,54.3,0.0,0.0,0.0,0.0,1140.3,,,,,,13.42,0.4,Correctly,,4781230f45b5c915e8e4f80e1865e12858d7f180baa50d8f8bce85c92f493ced,3
20635699,Aura Pizzas,Greater Kailash 2 (GK2),Delhi NCR,6305394422,"06:46 PM, October 30 2024",Delivered,Zomato Delivery,2km,"2 x Peri Peri Paneer Pizza, 1 x Chilli Cheese Garlic Bread",,Flat Rs.200 off,1575.0,69.75,180.0,0.0,0.0,0.0,1464.75,5.0,,,,,16.92,0.6,Correctly,,9dbceafd1e7e4021a3c48b37e70d2fd1e5f528ad4e2ce15a91d5e6af19c68dc5,3
20635699,Aura Pizzas,Greater Kailash 2 (GK2),Delhi NCR,6309761359,"03:19 AM, October 29 2024",Delivered,Zomato Delivery,5km,"1 x Onion Rings, 1 x Murgh Amritsari Seekh Melt, 1 x Malai Gud Pide",,,1026.0,51.3,0.0,0.0,0.0,0.0,1077.3,,,,,,20.32,8.3,Correctly,,3176aacb256472c353530b84cdc523a57d03257347f3959cf94bda0fcb747a12,3
20635699,Aura Pizzas,Greater Kailash 2 (GK2),Delhi NCR,6307224592,"07:39 PM, October 28 2024",Delivered,Zomato Delivery,1km,"1 x Herbed Potato, 1 x All About Chicken Pizza, 1 x Peanut Butter Chocolate Pide",,,1306.0,65.3,0.0,0.0,0.0,0.0,1371.3,,,,,,28.77,10.3,Correctly,,56b9e154d4b63eedc7989733b77bf93e02cd3002c0dd8c7969a1aeebc49498a0,3
20635699,Aura Pizzas,Greater Kailash 2 (GK2),Delhi NCR,6309525892,"04:26 PM, October 28 2024",Delivered,Zomato Delivery,1km,"1 x Chilli Cheese Garlic Bread, 2 x Bageecha Pizza",,,1955.0,97.75,0.0,0.0,0.0,0.0,2052.75,,,,,,24.33,14.2,Correctly,,5962144a25cfeae7210b4251650a5a7af3b01fba7be9a48e2f238ff4b1b4f129,3
20635699,Aura Pizzas,Greater Kailash 2 (GK2),Delhi NCR,6304406751,"03:26 PM, October 28 2024",Delivered,Zomato Delivery,6km,"1 x Just Pepperoni Pide, 1 x Indian Masala Cripser Fries, 1 x Masala Paneer Pide",,,1037.0,51.85,0.0,0.0,0.0,0.0,1088.85,,,,,,18.73,0.3,Correctly,,323d2fbdce605f4671d15b80622f06bd7be90045a10c84fa9b7702366165b5bd,3
20635699,Aura Pizzas,Greater Kailash 2 (GK2),Delhi NCR,6299484955,"12:26 PM, October 28 2024",Delivered,Zomato Delivery,1km,"1 x All About Chicken Pizza, 1 x Fried Chicken Strips, 1 x Chilli Cheese Garlic Bread",,Flat Rs.200 off,1107.0,46.35,180.0,0.0,0.0,0.0,973.35,,,,,,25.42,8.2,Correctly,,3d7f0c74fd6ebfb47e62834a3a24a02238d37094502dbe14290b0e11182ca88a,3
20635699,Aura Pizzas,Greater Kailash 2 (GK2),Delhi NCR,6307815820,"11:06 PM, October 27 2024",Delivered,Zomato Delivery,4km,"1 x Malai Gud Pide, 1 x OG Cheese Pide, 1 x Murgh Amritsari Seekh Pizza",,Flat Rs.200 off,1237.0,52.85,180.0,0.0,0.0,0.0,1109.85,,,,,,15.85,0.6,Correctly,,e934c13f4d340449f14f3c3b3c7f2b12dbc0b214ac6988dc03005fab93ebd969,3
20635699,Aura Pizzas,Greater Kailash 2 (GK2),Delhi NCR,6303802931,"06:53 PM, October 27 2024",Delivered,Zomato Delivery,6km,"1 x Bageecha Pizza, 1 x Herbed Potato, 1 x Chilli Cheese Garlic Bread",,,1006.0,50.3,0.0,0.0,0.0,0.0,1056.3,,,,,,22.23,8.7,Correctly,,7eb84303fb63fcfb60babdc5802b72a26a197a346dc9a150c5eed17cd3cd2d2e,3
20635699,Aura Pizzas,Greater Kailash 2 (GK2),Delhi NCR,6300527912,"02:06 AM, October 26 2024",Delivered,Zomato Delivery,5km,"1 x Mushroom Pizza, 1 x All About Chicken Pizza, 1 x Murgh Amritsari Seekh Pizza",,,2097.0,104.85,0.0,0.0,0.0,0.0,2201.85,,,,,,19.42,4.0,Correctly,,d0d88a0535a4d60dfbaffa06b2a534d2a718db851f5ef615fdb27997e6cd420e,3
20635699,Aura Pizzas,Greater Kailash 2 (GK2),Delhi NCR,6296720803,"01:34 AM, October 26 2024",Delivered,Zomato Delivery,5km,"1 x Fried Chicken Strips, 1 x Desi Chicken Pepperoni Pizza, 1 x Jamaican Chicken Melt",,,1277.0,63.85,0.0,0.0,0.0,0.0,1340.85,,,,,,15.03,0.7,Correctly,,2b44f0bd8eb3151f58faae93d69689b5195e55b6d6bca5c4c700d40d494f781c,3
20635699,Aura Pizzas,Greater Kailash 2 (GK2),Delhi NCR,6294445468,"12:18 AM, October 26 2024",Delivered,Zomato Delivery,1km,"1 x Chilli Cheese Garlic Bread, 1 x Mutton Seekh Pide, 1 x Malai Gud Pide",,50% off upto Rs.100,1036.0,46.8,100.0,0.0,0.0,0.0,982.8,,,,,,18.18,0.4,Correctly,,6f6dffad8434b6bbfc0be784d2094d2779bb98734f5aea2facd15c6741350165,3
20635699,Aura Pizzas,Greater Kailash 2 (GK2),Delhi NCR,6300904276,"10:32 PM, October 25 2024",Delivered,Zomato Delivery,6km,"2 x Masala Paneer Pide, 1 x Indian Masala Cripser Fries",,,957.0,47.85,0.0,0.0,0.0,0.0,1004.85,,,,,,14.88,3.0,Correctly,,323d2fbdce605f4671d15b80622f06bd7be90045a10c84fa9b7702366165b5bd,3
20635699,Aura Pizzas,Greater Kailash 2 (GK2),Delhi NCR,6290890550,"10:09 PM, October 25 2024",Delivered,Zomato Delivery,3km,"1 x Desi Chicken Pepperoni Pizza, 1 x Bageecha Pizza, 1 x Murgh Amritsari Seekh Pizza",,,1837.0,91.85,0.0,0.0,0.0,0.0,1928.85,,,,,,20.6,5.8,Incorrectly,,f9cbaffb8fb71967171555d154e58e919d1014181b10fb6987af81b5e4fd4964,3
20635699,Aura Pizzas,Greater Kailash 2 (GK2),Delhi NCR,6300908719,"09:22 PM, October 25 2024",Delivered,Zomato Delivery,4km,"1 x Jamaican Chicken Melt, 1 x Makhani Paneer Pizza, 1 x Cheesy Garlic Bread",,,1297.0,64.85,0.0,0.0,0.0,0.0,1361.85,,,,,,17.93,0.6,Correctly,,9a3b2b934026e1b4c1aee016cc069cf3d28d75bab5a0843ef5f96e25b34fde22,3
20635699,Aura Pizzas,Greater Kailash 2 (GK2),Delhi NCR,6295856858,"11:23 PM, October 24 2024",Delivered,Zomato Delivery,3km,"1 x Spinach Sumac Pide, 1 x Herbed Potato, 1 x Malai Gud Pide",,50% off upto Rs.100,736.0,31.8,100.0,0.0,0.0,0.0,667.8,,,,,,24.12,10.2,Correctly,,7ddbde26c67b4582d85f4222e6b6c5c506d9349b01bcd15f7976e34f0833d838,3
20635699,Aura Pizzas,Greater Kailash 2 (GK2),Delhi NCR,6297336663,"08:15 PM, October 24 2024",Delivered,Zomato Delivery,1km,"1 x Murgh Amritsari Garlic Bread, 1 x Margherita Pizza, 1 x Indian Masala Cripser Fries",,,947.0,47.35,0.0,0.0,0.0,0.0,994.35,,,,,,19.87,2.5,Correctly,,51518ebbcfbf8a2f36640f5744fc078564998a30aa69aec02f703d4ca60ccaac,3
20635699,Aura Pizzas,Greater Kailash 2 (GK2),Delhi NCR,6296102134,"01:17 AM, October 24 2024",Delivered,Zomato Delivery,3km,"1 x Masala Paneer Pide, 1 x Murgh Amritsari Seekh Pide, 1 x Peanut Butter Chocolate Pide",,,967.0,48.35,0.0,0.0,0.0,0.0,1015.35,,,,,,23.28,13.3,Correctly,,598d8c28cd4a141e7d03cd45e46c92a584ec7c4579346f81ee89495280d24319,3
20635699,Aura Pizzas,Greater Kailash 2 (GK2),Delhi NCR,6287590238,"09:33 PM, October 22 2024",Delivered,Zomato Delivery,1km,"1 x Just Pepperoni Pizza, 1 x Pepperoni Garlic Bread, 1 x Bellpepper Onion Pizza",,,2184.0,109.2,0.0,0.0,0.0,0.0,2293.2,,,,,,17.27,0.7,Correctly,,404b03b07682adf0ea2304301fc209e81a622f19a8eba1f9edb26caf12b2867e,3
20635699,Aura Pizzas,Greater Kailash 2 (GK2),Delhi NCR,6292651982,"08:36 PM, October 22 2024",Delivered,Zomato Delivery,1km,"1 x Peri Peri Crisper Fries, 1 x Harisa Mayo, 1 x Masala Paneer Pide",,,578.0,28.9,0.0,0.0,0.0,0.0,606.9,,,,,,10.97,0.5,Correctly,,4683dbd82d8cd493031ded3a1c4bf6daa7cfe7c7b9df2c9e47d66ac715daded1,3
20635699,Aura Pizzas,Greater Kailash 2 (GK2),Delhi NCR,6289910936,"07:58 PM, October 22 2024",Delivered,Zomato Delivery,3km,"1 x Fried Chicken Strips, 1 x Chilli Cheese Garlic Bread, 1 x Just Pepperoni Pizza",,50% off upto Rs.100,1097.0,49.85,100.0,0.0,0.0,0.0,1046.85,,,,,,13.55,7.3,Correctly,,697c154b199f56005ea29960faa35cb4fa7bb7eeb47470987ef8577577b38dd2,3
20635699,Aura Pizzas,Greater Kailash 2 (GK2),Delhi NCR,6279371440,"05:59 PM, October 21 2024",Delivered,Zomato Delivery,2km,"1 x Murgh Amritsari Seekh Pide, 1 x Murgh Amritsari Garlic Bread, 1 x Jamaican Chicken Melt",,,1316.0,65.8,0.0,0.0,0.0,0.0,1381.8,,,,,,19.8,15.2,Correctly,,c85a4bd0fa43d630e01e789035b886c5b791c58a1e6809793d243fc9d0f393f9,3
20659868,Aura Pizzas,Sector 4,Delhi NCR,6317747940,"10:26 PM, October 31 2024",Delivered,Zomato Delivery,2km,"1 x Bellpepper Onion Pizza, 2 x Cheesy Garlic Bread",,Flat Rs.200 off,1267.0,54.35,180.0,0.0,0.0,0.0,1141.35,,,,,,27.03,1.5,Correctly,,8f930a8c520197dab1177e6ff81e83c27a570c392daf2de7cee8b3282401ce76,3
20659868,Aura Pizzas,Sector 4,Delhi NCR,6315914054,"09:41 PM, October 31 2024",Delivered,Zomato Delivery,1km,"1 x Chilli Cheese Garlic Bread, 1 x Makhani Paneer Pizza, 1 x Peri Peri Paneer Pizza",,Flat Rs.200 off,1417.0,61.85,180.0,0.0,0.0,0.0,1298.85,,,,,,15.15,1.0,Correctly,,0bbc7ddad159c11e9ee1916945d4409d9a4c47a739fdebcef7a9cb5165930f32,3
20659868,Aura Pizzas,Sector 4,Delhi NCR,6314546020,"08:01 PM, October 31 2024",Delivered,Zomato Delivery,8km,"1 x Murgh Amritsari Garlic Bread, 1 x All About Chicken Pizza, 1 x Bageecha Pizza",,Flat 15% off,1947.0,82.75,292.05,0.0,0.0,0.0,1737.7,,,,,,20.0,10.9,Correctly,,fdc8126be8fab79a057d5a4123142db4db10005837f1f040d7a07eb9d2b425f6,3
20659868,Aura Pizzas,Sector 4,Delhi NCR,6317420271,"07:41 PM, October 31 2024",Delivered,Zomato Delivery,8km,"1 x Peri Peri Grilled Chicken Pizza, 1 x Just Pepperoni Pizza, 1 x Cheesy Garlic Bread",,Flat 15% off,1694.0,72.0,254.1,0.0,0.0,0.0,1511.9,1.0,,,,,15.37,3.2,Incorrectly,,a0fc6cc67057cbc4c77067a754cfe596ddef1a8e69e3c2a2cf5b966bcd58be13,3
20659868,Aura Pizzas,Sector 4,Delhi NCR,6312038954,"03:09 AM, October 31 2024",Delivered,Zomato Delivery,16km,"2 x Tipsy Tiger Fresh Lime Soda, 1 x Tripple Cheese Pizza",,Flat Rs.100 off,987.1,44.36,100.0,0.0,0.0,0.0,931.46,,,,,,14.32,3.7,Correctly,Poor taste or quality,0208ce88bb99d1b3bb99a63a506bc0fbf08715e383e14707e3576e8b09902aa7,3
20659868,Aura Pizzas,Sector 4,Delhi NCR,6313573771,"09:42 PM, October 30 2024",Delivered,Zomato Delivery,6km,"1 x OG Cheese Pide, 1 x Indian Masala Cripser Fries, 1 x Just Pepperoni Pizza",,Flat Rs.200 off,1197.0,50.85,180.0,0.0,0.0,0.0,1067.85,,,,,,11.27,1.3,Correctly,,47af0724780047c34f476c1a9f7b547a9631805272bcd25c82ec7686c69a7611,3
20659868,Aura Pizzas,Sector 4,Delhi NCR,6306243364,"08:32 PM, October 30 2024",Delivered,Zomato Delivery,2km,"1 x Herbed Potato, 1 x Jamaican Chicken Melt, 1 x Grilled Tangdis",,50% off upto Rs.100,896.0,39.8,100.0,0.0,0.0,0.0,835.8,,,,,,18.32,8.3,Correctly,,bf7a1b6de4a96597697a2d66e4e49c736e23ccf62d17acf586e6de83f3ca50e3,3
20659868,Aura Pizzas,Sector 4,Delhi NCR,6297628419,"10:46 PM, October 29 2024",Delivered,Zomato Delivery,2km,"1 x Angara Paneer Melt, 1 x Margherita Pizza, 1 x Cheesy Garlic Bread",,Buy 1 Get 1 - ₹449.00,698.0,34.9,0.0,0.0,0.0,0.0,732.9,4.0,,,,,8.85,1.3,Correctly,,4ece67f4b8022a5b28c318a782b73615fb19de3d6b29921ccd5dec4ffdce71a8,3
20659868,Aura Pizzas,Sector 4,Delhi NCR,6308419537,"03:04 PM, October 29 2024",Delivered,Zomato Delivery,2km,"1 x Cheesy Garlic Bread, 2 x Makhani Paneer Pizza",,Buy 1 Get 1 - ₹749.00,988.0,49.4,0.0,0.0,0.0,0.0,1037.4,,,,,,23.98,13.3,Correctly,,0fde605a872b2ef9d501c56fd92d0303ff2792423ad99fd120598c854aa88928,3
20659868,Aura Pizzas,Sector 4,Delhi NCR,6306606494,"02:41 PM, October 29 2024",Delivered,Zomato Delivery,7km,"1 x Peri Peri Paneer Pizza, 1 x Tripple Cheese Pizza, 1 x Makhani Paneer Pizza",,Buy 1 Get 1 - ₹749.00,1518.0,75.9,0.0,0.0,0.0,0.0,1593.9,,,,,,13.07,1.0,Correctly,,78a9b5511121b3ddcbc48789668218f905a5ec70cd473f4e3087ca82d87199b5,3
20659868,Aura Pizzas,Sector 4,Delhi NCR,6308212950,"09:19 PM, October 28 2024",Delivered,Zomato Delivery,6km,"1 x Peri Peri Paneer Pizza, 1 x All About Chicken Pizza, 1 x Jamaican Chicken Melt",,Flat 15% off,1776.0,75.48,266.4,0.0,0.0,0.0,1585.08,,,,,,19.9,10.4,Correctly,,c79c4e61b7e01439a9f296bc0a74ecb4f4f1f3a1c0fe4aece741fc8f8b5c12f9,3
20659868,Aura Pizzas,Sector 4,Delhi NCR,6307613121,"08:41 PM, October 28 2024",Delivered,Zomato Delivery,7km,"1 x Bageecha Pizza, 1 x Chilli Cheese Garlic Bread, 1 x All About Chicken Pizza",,Flat 15% off,1837.0,78.07,275.55,0.0,0.0,0.0,1639.52,,,,,,15.12,4.3,Correctly,,eeb1cf4213bdc41f80827eb9ee886f88e33c5df2307afd70faac4d5a59d8ea64,3
20659868,Aura Pizzas,Sector 4,Delhi NCR,6306540892,"10:06 PM, October 27 2024",Delivered,Zomato Delivery,7km,"1 x Margherita Pizza, 1 x Peri Peri Paneer Melt, 1 x Spinach Sumac Pide",,,1307.0,65.35,0.0,0.0,0.0,0.0,1372.35,,,,,,23.52,14.5,Correctly,,47233b70bd760cc5683aa6954ae5369387d5d5816175bdec25aa3dedfb54d020,3
20659868,Aura Pizzas,Sector 4,Delhi NCR,6305976111,"07:31 PM, October 27 2024",Delivered,Zomato Delivery,4km,"1 x Makhani Paneer Pizza, 1 x Cheesy Garlic Bread, 1 x Bellpepper Onion Pizza",,Flat Rs.200 off,1397.0,60.85,180.0,0.0,0.0,0.0,1277.85,,,,,,14.9,2.0,Correctly,,b7325a051d9e0e953a9b2f6f5d2de39c4b66a98f086f188ee60870dc8be3f18f,3
20659868,Aura Pizzas,Sector 4,Delhi NCR,6293363192,"03:42 AM, October 27 2024",Delivered,Zomato Delivery,10km,"1 x Murgh Amritsari Seekh Melt, 2 x Makhani Paneer Pizza",,,1977.0,98.85,0.0,0.0,0.0,0.0,2075.85,,,,,,22.08,1.5,Correctly,,6aa4ef5b10b052ea4a1db1f8177abaa63692e9b94db0dbffb47fa9f421ef065c,3
20659868,Aura Pizzas,Sector 4,Delhi NCR,6301538746,"09:43 PM, October 26 2024",Delivered,Zomato Delivery,7km,"1 x Makhani Paneer Pizza, 1 x Bageecha Pizza, 1 x Cheesy Garlic Bread",,50% off upto Rs.100,1417.0,65.85,100.0,0.0,0.0,0.0,1382.85,,,,,,12.58,13.7,Incorrectly,,adc9d56f8d13d677146ca8a137c7c7273a1bfffc3e4d7b2c3978e04bf51084ed,3
20659868,Aura Pizzas,Sector 4,Delhi NCR,6302223297,"08:05 PM, October 26 2024",Delivered,Zomato Delivery,5km,"1 x Desi Chicken Pepperoni Pizza, 1 x All About Chicken Pizza, 1 x Cheesy Garlic Bread",,Flat 15% off,1507.0,64.05,226.05,0.0,0.0,0.0,1345.0,,,,,,14.75,11.0,Correctly,,f904c1ebf357ab56822aa31f642bb1e83c75bd0c7a1962823827b5c23d671e80,3
20659868,Aura Pizzas,Sector 4,Delhi NCR,6300078187,"07:17 PM, October 26 2024",Delivered,Zomato Delivery,5km,"1 x Murgh Amritsari Seekh Pide, 1 x Cheesy Garlic Bread, 1 x Murgh Amritsari Garlic Bread",,50% off upto Rs.100,877.0,38.85,100.0,0.0,0.0,0.0,815.85,5.0,,,,,15.02,5.0,Correctly,,fb6ac8c19217c5e09a0e16d3cd4597152fececccfbfa8e2bbefe361a55ec6e2b,3
20659868,Aura Pizzas,Sector 4,Delhi NCR,6299297909,"07:59 PM, October 25 2024",Delivered,Zomato Delivery,7km,"1 x Onion Rings, 1 x Herbed Potato, 1 x Peri Peri Paneer Melt",,,836.0,41.8,0.0,0.0,0.0,0.0,877.8,,,,,,25.48,19.0,Correctly,,dbc347020b6791309da16c8ab87a5d227a332253029a270407978dd5b1787a79,3
20659868,Aura Pizzas,Sector 4,Delhi NCR,6300706097,"07:08 PM, October 25 2024",Delivered,Zomato Delivery,13km,"2 x Cheesy Garlic Bread, 1 x Bageecha Pizza",,50% off upto Rs.100,1077.0,48.85,100.0,0.0,0.0,0.0,1025.85,,,,,,11.53,6.8,Correctly,,158de5493bf84fce0074051a46001784be952355bbe6446ec5e7f54facd60147,3
20659868,Aura Pizzas,Sector 4,Delhi NCR,6294634302,"04:14 PM, October 25 2024",Delivered,Zomato Delivery,10km,"1 x Margherita Pizza, 1 x Chilli Cheese Garlic Bread, 1 x All About Chicken Pizza",,Flat 15% off,1695.0,72.04,254.25,0.0,0.0,0.0,1512.79,,,,,,19.0,14.2,Incorrectly,,9b70fbddb41d2835b235d58447052aa81f3af3d8d30a71c7bb142e6289c6b6e0,3
20659868,Aura Pizzas,Sector 4,Delhi NCR,6295090984,"11:12 PM, October 24 2024",Delivered,Zomato Delivery,4km,"1 x Bageecha Pizza, 2 x Cheesy Garlic Bread",,50% off upto Rs.100,1077.0,48.85,100.0,0.0,0.0,0.0,1025.85,,,,,,13.98,8.1,Correctly,,513008920835687d059c700fd9c18d2274190473ecb74df3025f64ee8103ce90,3
20659868,Aura Pizzas,Sector 4,Delhi NCR,6294719997,"10:10 PM, October 24 2024",Delivered,Zomato Delivery,3km,"2 x Grilled Tangdis, 1 x Murgh Amritsari Seekh Melt",,60% off upto Rs.120,1096.0,49.85,99.0,0.0,0.0,0.0,1046.85,,,,,,15.6,14.4,Incorrectly,,c6da039a5f47286e1d33922773d8e6943c5c128aeb4da53a9e079b154eab746a,3
20659868,Aura Pizzas,Sector 4,Delhi NCR,6278588554,"07:07 PM, October 24 2024",Delivered,Zomato Delivery,4km,"1 x Onion Rings, 1 x Margherita Pizza, 1 x Indian Pico De-Gallo",,,938.0,46.9,0.0,0.0,0.0,0.0,984.9,,,,,,16.13,5.6,Correctly,,166e59820d4de4e975ed1c2a7e880b02125ae6ca7dcd765a285d0d007a1186cb,3
20659868,Aura Pizzas,Sector 4,Delhi NCR,6293343310,"09:13 PM, October 23 2024",Delivered,Zomato Delivery,2km,"1 x All About Chicken Pizza, 1 x Bageecha Pizza, 1 x Cheesy Garlic Bread",,Flat 15% off,1697.0,72.12,254.55,0.0,0.0,0.0,1514.57,,,,,,24.92,5.5,Correctly,,3adce5c02222ebe393c36622bcb3c4fd8716e3506adb82dec2d0fac1da2d8e3b,3
20659868,Aura Pizzas,Sector 4,Delhi NCR,6291061674,"08:49 PM, October 23 2024",Delivered,Zomato Delivery,10km,"1 x Masala Potato Pide, 1 x Chilli Cheese Garlic Bread, 1 x Masala Paneer Pide",,50% off upto Rs.100,877.0,38.85,100.0,0.0,0.0,0.0,815.85,,,,,,19.75,13.8,Correctly,,03c5d5e38f427369ce86c6657db28f4df3b6b1779755f08dd30a77019a09fdad,3
20659868,Aura Pizzas,Sector 4,Delhi NCR,6290537171,"01:16 PM, October 23 2024",Delivered,Zomato Delivery,2km,"1 x Makhani Paneer Pizza, 1 x Peri Peri Paneer Pizza, 1 x Mushroom Pizza",,Flat 15% off,1767.0,75.1,265.05,0.0,0.0,0.0,1577.05,5.0,,,,,20.15,12.4,Correctly,,b4124167273d8eefa529c09c930532ac00be74cd872438deac3915b68c9dd4ee,3
20659868,Aura Pizzas,Sector 4,Delhi NCR,6261194316,"08:15 PM, October 21 2024",Delivered,Zomato Delivery,4km,"1 x Peri Peri Paneer Pizza, 1 x Malai Gud Pide, 1 x Chilli Cheese Garlic Bread",,50% off upto Rs.100,1255.0,57.75,100.0,0.0,0.0,0.0,1212.75,,,,,,21.8,7.4,Incorrectly,,6265216ff2911bbf9861fdec1d0f7b5b44f69236e45ea748a8e5a13a0723fd13,3
20882652,Aura Pizzas,DLF Phase 1,Delhi NCR,6317600052,"11:26 PM, October 31 2024",Delivered,Zomato Delivery,1km,"1 x Bageecha Pizza, 1 x Garlic Aioli, 1 x Chilli Cheese Garlic Bread",,50% off upto Rs.100,918.0,40.9,100.0,0.0,0.0,0.0,858.9,,,,,,20.37,16.3,Correctly,,e41bb50d15f5d53273ca067da5b959476166b9dd13bc75d8214eb7af025082c5,3
20882652,Aura Pizzas,DLF Phase 1,Delhi NCR,6313653762,"11:12 PM, October 30 2024",Delivered,Zomato Delivery,4km,"1 x Mushroom Pizza, 1 x Spinach Sumac Pide, 1 x OG Cheese Pide",,Flat Rs.200 off,1347.0,58.35,180.0,0.0,0.0,0.0,1225.35,,,,,,11.63,1.6,Correctly,,c8d1120968f26a0736f00a8d593a4f99961724996a88486d1dc9f84b63e762f3,3
20882652,Aura Pizzas,DLF Phase 1,Delhi NCR,6313898154,"05:26 PM, October 30 2024",Delivered,Zomato Delivery,4km,"1 x Herbed Potato, 1 x All About Chicken Pizza, 1 x Grilled Tangdis",,Flat Rs.200 off,1076.0,43.8,200.0,0.0,0.0,0.0,919.8,,,,,,20.13,6.8,Incorrectly,,579728210af0eb557273e8cf5cc86ca8be1cc300fdcf228200cffd32f738d28e,3
20882652,Aura Pizzas,DLF Phase 1,Delhi NCR,6308571209,"07:16 PM, October 29 2024",Delivered,Zomato Delivery,2km,"1 x Herbed Potato, 1 x Bageecha Pizza, 1 x Cheesy Garlic Bread",,Buy 1 Get 1 - ₹239.00,826.0,41.3,0.0,0.0,0.0,0.0,867.3,5.0,Loved it! please maintain this quality and quantity. ,,,,14.08,6.0,Correctly,,715038e29252b58a80c09bce2295da31564b94dcbad1b49422fd634e161facb7,3
20882652,Aura Pizzas,DLF Phase 1,Delhi NCR,6309321217,"08:03 PM, October 28 2024",Delivered,Zomato Delivery,10km,"1 x Peri Peri Paneer Melt, 1 x Tipsy Tiger Ginger Ale, 1 x Bageecha Pizza",,Flat Rs.200 off,1177.05,48.85,200.0,0.0,0.0,0.0,1025.9,,,,,,15.67,0.4,Correctly,,5717547b99f6fc149dc6e0e68e2a9af708e2002c0e3dabe88bcfe552c320ab79,3
20882652,Aura Pizzas,DLF Phase 1,Delhi NCR,6304795745,"10:07 PM, October 26 2024",Delivered,Zomato Delivery,2km,"1 x Bacon Pepperoni Melt, 1 x Chilli Cheese Garlic Bread, 1 x Makhani Paneer Pizza",,Flat Rs.200 off,1437.0,61.85,200.0,0.0,0.0,0.0,1298.85,,,,,,0.08,10.2,Incorrectly,,707a8d3aeaef9e0552204fa578b2a2cb51300c2e0287cefefdcddf09b3da91b1,3
20882652,Aura Pizzas,DLF Phase 1,Delhi NCR,6303600629,"09:42 PM, October 26 2024",Delivered,Zomato Delivery,5km,"1 x Peri Peri Paneer Pizza, 1 x Chilli Cheese Garlic Bread, 1 x Just Pepperoni Pizza",,Flat Rs.200 off,1887.0,84.35,200.0,0.0,0.0,0.0,1771.35,,,,,,22.13,5.6,Correctly,,938e845647d75c3400b5a099c868ed4e67e9dd0a061629e764ba087951b17188,3
20882652,Aura Pizzas,DLF Phase 1,Delhi NCR,6294135791,"12:17 PM, October 26 2024",Delivered,Zomato Delivery,5km,"1 x Indian Masala Cripser Fries, 1 x Bageecha Pizza, 1 x Peri Peri Grilled Chicken Pizza",,,1617.0,80.85,0.0,0.0,0.0,0.0,1697.85,,,,,,22.5,10.4,Correctly,,fe769c404b5e30b4225d94eb51d8906732c304a53d19057c622bcf24237415e1,3
20882652,Aura Pizzas,DLF Phase 1,Delhi NCR,6298596868,"04:32 PM, October 25 2024",Delivered,Zomato Delivery,1km,"1 x Chilli Cheese Garlic Bread ., 1 x Herbed Potato, 1 x Bageecha Pizza",,Flat Rs.200 off,1206.0,50.3,200.0,0.0,0.0,0.0,1056.3,,,,,,24.73,5.8,Correctly,,354ec27fdcbae4ead2f606b6923419b1a41d4ae6246dc9ea69103c07d0836f88,3
20882652,Aura Pizzas,DLF Phase 1,Delhi NCR,6288149174,"09:23 PM, October 21 2024",Delivered,Zomato Delivery,4km,"1 x Mushroom Pizza, 1 x Makhani Paneer Pizza, 1 x Just Pepperoni Pizza",,Flat Rs.200 off,1837.0,81.85,200.0,0.0,0.0,0.0,1718.85,,,,,,20.88,9.2,Correctly,,dab72562c2bb4cb9da609d722fb156831f2b03406cef7a5990fe43e416eb650f,3
20882713,Swaad,DLF Phase 1,Delhi NCR,6318798687,"11:47 PM, October 31 2024",Delivered,Zomato Delivery,5km,"1 x Salted Crisper Fries, 1 x Bone in Jamaican Grilled Chicken, 1 x Fried Chicken Classic Tender .",,Flat Rs.175 off,814.0,31.95,175.0,0.0,0.0,0.0,670.95,,,,,,16.54,10.4,Correctly,,fe45ad84db50ec08c251db47e6ef3dc530a876f4ac5786540987b85fcbba1844,3
20882713,Swaad,DLF Phase 1,Delhi NCR,6316130600,"11:17 AM, October 31 2024",Delivered,Zomato Delivery,3km,"1 x Fried Chicken Classic Tender ., 1 x Salted Fries, 1 x Smoky BBQ Sauce",,,554.0,27.7,0.0,0.0,0.0,0.0,581.7,,,,,,31.89,17.9,Incorrectly,,6eb0219ecd74bc8f8207adefdb47756d3793a6cd019a99ba6555ba73e4535896,3
20882713,Swaad,DLF Phase 1,Delhi NCR,6313312046,"07:12 PM, October 30 2024",Delivered,Zomato Delivery,4km,"1 x Bone in Smoky Bbq Grilled Chicken, 1 x Salted Crisper Fries, 1 x Grilled Chicken Smoky BBQ Tender",,Flat Rs.200 off,1199.0,50.95,180.0,0.0,0.0,0.0,1069.95,,,,,,24.19,2.7,Correctly,,0056a6c4dbe87d35717d9bcaa9aaa5533d9d23e0ef8a7480c3bf1a89b8132c0a,3
20882713,Swaad,DLF Phase 1,Delhi NCR,6285187655,"08:32 PM, October 21 2024",Delivered,Zomato Delivery,8km,"1 x Animal Fries, 1 x Fried Chicken Peri Peri Tender, 1 x Fried Chicken Classic Tender",,Flat Rs.175 off,1005.0,41.5,175.0,0.0,0.0,0.0,871.5,,,,,,23.05,1.9,Correctly,,07e9e0b8a4149549c3868898215b543e56ee4d474822d42afef4e686ac6c9ee2,3
20882713,Swaad,DLF Phase 1,Delhi NCR,6282246814,"01:08 AM, October 21 2024",Delivered,Zomato Delivery,4km,"1 x Animal Fries, 1 x Bone in Jamaican Grilled Chicken, 1 x Grilled Chicken Jamaican Tender",,Flat Rs.175 off,1085.0,45.5,175.0,0.0,0.0,0.0,955.5,,,,,,20.43,6.3,Correctly,,98602021511461653717b1faebf6bb948c1f4111cd9e3681728bb8a60bd91f7e,3
20968206,Dilli Burger Adda,Greater Kailash 2 (GK2),Delhi NCR,6302794268,"03:53 PM, October 26 2024",Delivered,Zomato Delivery,2km,"1 x Tenderloin Smashed Burger, 1 x Classic Bacon Melt Tenderloin Burger, 1 x Salted Fries",,,958.0,43.11,0.0,0.0,95.8,0.0,905.31,,,,,,32.55,1.3,Correctly,,cb520a20bb2624cdb518becca63778aa862176837340542140c50fbfb090d7c2,3
21077127,Aura Pizzas,Sector 135,Delhi NCR,6313255351,"11:50 PM, October 31 2024",Delivered,Zomato Delivery,3km,"1 x Herbed Potato, 1 x Mushroom Pizza, 1 x All About Chicken Pizza",,Flat Rs.200 off,1806.0,81.3,180.0,0.0,0.0,0.0,1707.3,,,,,,15.72,0.2,Correctly,,9149cf98e9eda6a2d875166aa85cae12c63d9b78fc8cacae304873698c1c61a1,3
21077127,Aura Pizzas,Sector 135,Delhi NCR,6316489172,"08:50 PM, October 31 2024",Delivered,Zomato Delivery,6km,"1 x Bageecha Pizza, 1 x Mushroom Mozzarella Melt, 1 x Cheesy Garlic Bread",,Flat Rs.200 off,1287.0,55.35,180.0,0.0,0.0,0.0,1162.35,,,,,,14.05,0.5,Correctly,,8c057ebd9e18c6c6de0952fe39be09046050b7a72bc37e7bb5eabd13c0694a90,3
21077127,Aura Pizzas,Sector 135,Delhi NCR,6316926967,"08:31 PM, October 31 2024",Delivered,Zomato Delivery,1km,"1 x Peri Peri Crisper Fries, 1 x Bageecha Pizza, 1 x Chilli Cheese Garlic Bread",,Flat Rs.200 off,1117.0,46.85,180.0,0.0,0.0,0.0,983.85,,,,,,20.42,1.2,Correctly,,8c2152a327d5abf6f89cc7260ed30612a9696ed798726095fd6b407e5d03719b,3
21077127,Aura Pizzas,Sector 135,Delhi NCR,6313525680,"11:05 PM, October 30 2024",Delivered,Zomato Delivery,1km,"1 x Chicken Pepperoni Pizza, 1 x Jamaican Chicken Melt, 1 x Murgh Amritsari Garlic Bread",,Flat Rs.200 off,1367.0,59.35,180.0,0.0,0.0,0.0,1246.35,,,,,,15.12,0.8,Correctly,,7d6325af634061dd485dbe846c64990a9b33bc1d17580cba41d61491da55d9ec,3
21077127,Aura Pizzas,Sector 135,Delhi NCR,6307223999,"11:38 PM, October 29 2024",Delivered,Zomato Delivery,7km,"1 x Cheesy Garlic Bread, 1 x Masala Paneer Pide, 1 x Bageecha Pizza",,Buy 1 Get 1 - ₹319.00,838.0,41.9,0.0,0.0,0.0,0.0,879.9,,,,,,17.23,6.0,Correctly,,ec18a47444b45563dc1144eea96a7215f29e738fa397f51262b20e3a38cee89d,3
21077127,Aura Pizzas,Sector 135,Delhi NCR,6312332011,"09:26 PM, October 29 2024",Delivered,Zomato Delivery,1km,"1 x Herbed Potato, 1 x Bageecha Pizza, 1 x Peri Peri Paneer Pizza",,Buy 1 Get 1 - ₹579.00,747.0,37.35,0.0,0.0,0.0,0.0,784.35,,,,,,17.98,7.5,Correctly,,269d84e79267d36dbabeb02fd9715260e0a7e64d33c8f85db8259442341f7991,3
21077127,Aura Pizzas,Sector 135,Delhi NCR,6310714036,"11:48 PM, October 28 2024",Delivered,Zomato Delivery,3km,"1 x Cheesy Garlic Bread, 1 x Bageecha Pizza, 1 x Makhani Paneer Pizza",,Flat Rs.200 off,1666.0,73.3,200.0,0.0,0.0,0.0,1539.3,,,,,,16.87,0.3,Correctly,,bd4eb623a75c033ab349300307f6661167d04e0f042a03517cbf1dcc6d017aff,3
21077127,Aura Pizzas,Sector 135,Delhi NCR,6308573554,"01:27 PM, October 28 2024",Delivered,Zomato Delivery,4km,"1 x Makhani Paneer Pizza, 1 x Bageecha Pizza, 1 x Chilli Cheese Garlic Bread",,Flat Rs.200 off,1437.0,62.85,180.0,0.0,0.0,0.0,1319.85,,,,,,15.98,6.1,Correctly,,90c534a157300e93e2833754a283b8e48642767ea01bdaccbf085e6814d63794,3
21077127,Aura Pizzas,Sector 135,Delhi NCR,6303131712,"07:21 PM, October 27 2024",Delivered,Zomato Delivery,1km,"1 x Bageecha Pizza, 1 x Cheesy Garlic Bread, 1 x All About Chicken Pizza",,Flat Rs.200 off,1697.0,75.85,180.0,0.0,0.0,0.0,1592.85,,,,,,14.83,2.4,Correctly,,dccfe5986984a87c9421489bd789875483171b36c163c14b9bfedb91da0d1475,3
21077127,Aura Pizzas,Sector 135,Delhi NCR,6303227844,"09:30 PM, October 26 2024",Delivered,Zomato Delivery,1km,"1 x Grilled Tangdis, 1 x Garlic Aioli, 1 x Chicken Pepperoni Pizza",,Flat Rs.200 off,928.0,36.4,200.0,0.0,0.0,0.0,764.4,,,,,,16.32,8.3,Correctly,,10e113950364d0d58f3afa862526fd5e5ee1039be323a59fdc83f4bb244c0b49,3
21077127,Aura Pizzas,Sector 135,Delhi NCR,6300534743,"09:11 PM, October 25 2024",Delivered,Zomato Delivery,13km,"1 x Peri Peri Crisper Fries, 1 x Peri Peri Paneer Pizza, 1 x OG Cheese Pide",,Flat Rs.200 off,1127.0,46.35,200.0,0.0,0.0,0.0,973.35,,,,,,15.77,2.7,Correctly,,7404c1811b7f42e47b795b84d127e90acc5b01fb5868c02459ad2757ab0a52e5,3
21077127,Aura Pizzas,Sector 135,Delhi NCR,6297640110,"05:49 PM, October 25 2024",Delivered,Zomato Delivery,1km,"1 x Chilli Cheese Garlic Bread ., 1 x Bageecha Pizza ., 1 x Makhani Paneer Pizza .",,Flat Rs.200 off,1437.0,61.85,200.0,0.0,0.0,0.0,1298.85,,,,,,15.03,6.8,Correctly,,304cc439b1d1b3cdb4117f832715d6e666d3b1d56364b47107e7261fdf735ce2,3
21077127,Aura Pizzas,Sector 135,Delhi NCR,6290176698,"10:19 PM, October 24 2024",Delivered,Zomato Delivery,5km,"1 x Mushroom Mozzarella Melt, 1 x Angara Paneer Melt, 1 x Chilli Cheese Garlic Bread",,Flat Rs.200 off,1157.0,47.85,200.0,0.0,0.0,0.0,1004.85,,,,,,16.32,1.8,Correctly,,8e56b7c74635ff7a0e9925873505fb8fc070c1ca79e14eaa6345ad85e9f72f3f,3
21077127,Aura Pizzas,Sector 135,Delhi NCR,6295237930,"09:06 PM, October 24 2024",Delivered,Zomato Delivery,1km,"1 x Peri Peri Crisper Fries, 1 x Chilli Cheese Garlic Bread, 1 x Bageecha Pizza",,Flat Rs.200 off,1317.0,55.85,200.0,0.0,0.0,0.0,1172.85,,,,,,19.9,0.3,Correctly,,a681f1bd2d46fb99b7a25e774dbfea01db0d119fe752c80e4192b5888f07ff82,3
21077127,Aura Pizzas,Sector 135,Delhi NCR,6269532812,"09:47 PM, October 23 2024",Delivered,Zomato Delivery,1km,"1 x Chilli Cheese Garlic Bread, 1 x Tipsy Tiger Fresh Lime Soda, 1 x Masala Paneer Pide",,50% off upto Rs.100,697.05,29.85,100.0,0.0,0.0,0.0,626.9,,,,,,18.92,8.7,Correctly,,1c8c88deea2493b97ec02085c516ace4133b396863f50d1aab1201bb1acd1962,3
21077127,Aura Pizzas,Sector 135,Delhi NCR,6280362901,"08:56 PM, October 23 2024",Delivered,Zomato Delivery,6km,"1 x Chilli Cheese Garlic Bread, 1 x Herbed Potato, 1 x All About Chicken Pizza",,Flat Rs.200 off,1066.0,43.3,200.0,0.0,0.0,0.0,909.3,,,,,,20.3,11.8,Correctly,,3f189d1820045c1060c7f5f157c31abff95e867e9db6030dc84c6407b8c5edc6,3
21077127,Aura Pizzas,Sector 135,Delhi NCR,6288207136,"09:44 PM, October 22 2024",Delivered,Zomato Delivery,1km,"1 x Makhani Paneer Pizza, 1 x Bellpepper Onion Pizza, 1 x Chilli Cheese Garlic Bread",,Flat Rs.200 off,1417.0,60.85,200.0,0.0,0.0,0.0,1277.85,,,,,,17.72,10.4,Correctly,,1f734ab79dc6bcb44dbdf0d50bae3ee12b25df2355dd204b2640789f73f931ee,3
21077127,Aura Pizzas,Sector 135,Delhi NCR,6292200107,"07:25 PM, October 22 2024",Delivered,Zomato Delivery,2km,"1 x Bageecha Pizza, 1 x Murgh Amritsari Seekh Pide, 1 x Harisa Mayo",,Flat Rs.200 off,1008.0,40.4,200.0,0.0,0.0,0.0,848.4,5.0,,,,,14.07,5.2,Correctly,,20247a7c2a2630c65fd387c627e17a6a7328f0ee47b7ef5831089bbb0d865232,3
21143186,Tandoori Junction,Greater Kailash 2 (GK2),Delhi NCR,6289992016,"06:22 PM, October 24 2024",Delivered,Zomato Delivery,9km,"1 x Grlld Masala Fries, 1 x Peri Peri Boneless Grilled Chicken Breast, 1 x Angara Boneless Grilled Chicken Breast",,,1637.0,98.22,0.0,0.0,0.0,0.0,1735.22,5.0,,,,,22.18,0.5,Correctly,,389e6424c75d3a8f76575060789f5098b4b8e1a1cfcc0ca58e59f678698d7e1e,3
21145152,Tandoori Junction,Sector 4,Delhi NCR,6315527765,"01:39 AM, October 31 2024",Delivered,Zomato Delivery,6km,"1 x Smoky BBQ dip, 1 x Coleslaw, 1 x Carribean Jerk dip",,,299.0,17.94,0.0,0.0,0.0,0.0,316.94,,,,,,10.88,1.8,Correctly,,83649e9e10d05e8fbaf559dbd37be11be9dff9301ded08ede8a8c11c5ea5f210,3
21173951,Aura Pizzas,Vasant Kunj,Delhi NCR,6313402048,"10:48 PM, October 31 2024",Delivered,Zomato Delivery,4km,"1 x Bageecha Pizza, 1 x Peri Peri Crisper Fries, 1 x Tipsy Tiger Fresh Lime Soda",,,1045.05,52.25,0.0,0.0,0.0,0.0,1097.3,,,,,,13.23,4.9,Correctly,,18fdb83280438555b7f3b83f14c204d3c858ff92d594338b7fd858495d0ceef5,3
21173951,Aura Pizzas,Vasant Kunj,Delhi NCR,6311195093,"09:07 PM, October 31 2024",Delivered,Zomato Delivery,3km,"1 x Bageecha Pizza, 1 x Margherita Pizza, 1 x Cheesy Garlic Bread",,Flat Rs.200 off,1435.0,62.75,180.0,0.0,0.0,0.0,1317.75,,,,,,24.97,20.9,Incorrectly,,2616d24e7d516e59b27dabf6efb80bcd27ed78b21fe43e42b95f12fe115116b5,3
21173951,Aura Pizzas,Vasant Kunj,Delhi NCR,6316279876,"10:57 PM, October 30 2024",Delivered,Zomato Delivery,2km,"1 x Bageecha Pizza, 1 x Tripple Cheese Pizza, 1 x All About Chicken Pizza",,Flat Rs.200 off,2207.0,101.35,180.0,0.0,0.0,0.0,2128.35,,,,,,26.83,9.5,Correctly,,13f066d2598f6c4ff3e82280cabc12f579d7e2aca147a39289bed1d98eaaffb2,3
21173951,Aura Pizzas,Vasant Kunj,Delhi NCR,6307693868,"10:40 PM, October 27 2024",Delivered,Zomato Delivery,2km,"1 x Bageecha Pizza, 1 x Makhani Paneer Pizza, 1 x Tripple Cheese Pizza",,Flat Rs.200 off,2297.0,105.85,180.0,0.0,0.0,0.0,2222.85,,,,,,18.55,2.3,Correctly,,69dc1faf5fea943f35140bf5978a6f9d21c93982d2525a5d43212da5e2c5b99b,3
21173951,Aura Pizzas,Vasant Kunj,Delhi NCR,6297203068,"10:16 PM, October 24 2024",Delivered,Zomato Delivery,3km,"1 x Herbed Potato, 1 x Chilli Cheese Garlic Bread, 1 x Bageecha Pizza",,,1206.0,60.3,0.0,0.0,0.0,0.0,1266.3,,,,,,20.57,10.2,Correctly,,7162f3da39459958d0da8b5c82b4e4ecd7978bfc7cde226096bf267687324c4f,3
21173951,Aura Pizzas,Vasant Kunj,Delhi NCR,6292042188,"07:26 PM, October 23 2024",Delivered,Zomato Delivery,6km,"1 x Bageecha Pizza, 1 x Mushroom Pizza, 1 x Chilli Cheese Garlic Bread",,Flat Rs.200 off,1625.0,71.25,200.0,0.0,0.0,0.0,1496.25,,,,,,18.72,2.5,Correctly,,9e9f8ebf2bb6f71bbf13978653a2800077b14dec4d9b5c396592ae4ab6784333,3
21309083,Swaad,Sector 135,Delhi NCR,6298948968,"07:08 PM, October 25 2024",Delivered,Zomato Delivery,8km,"1 x Tipsy Tiger Fresh Lime Soda, 2 x Bone in Jamaican Grilled Chicken Quarter + Angara Rice",,Buy 1 Get 1 - ₹415.00,534.05,26.7,0.0,0.0,0.0,0.0,560.75,5.0,,,,,16.73,0.6,Correctly,,a81b8f2804ae3b9e173b2ba4564a1019f260a48249c5ce5b782dd0a61796dc8d,3
21309083,Swaad,Sector 135,Delhi NCR,6294568773,"07:06 PM, October 24 2024",Delivered,Zomato Delivery,4km,"1 x Grilled Chicken Smoky BBQ Tender, 1 x Fried Chicken Angara Tender, 1 x Grilled Chicken Jamaican Tender",,,945.0,47.25,0.0,0.0,0.0,0.0,992.25,5.0,,,,,16.4,1.1,Correctly,,7b1c0a170a11769dea7315383c1c250b1625224a5939d42abc42a683674e4b65,3
21309083,Swaad,Sector 135,Delhi NCR,6293346514,"10:07 PM, October 23 2024",Delivered,Zomato Delivery,4km,"2 x Grilled Chicken Peri Peri Tangdi, 1 x Animal Fries",,Buy 1 Get 1 - ₹405.00,760.0,38.0,0.0,0.0,0.0,0.0,798.0,,,,,,17.3,0.3,Correctly,,71518fd90d064d21a757b056f774a298a5734c3f6c29a456f3ecca520de9b009,3
21309083,Swaad,Sector 135,Delhi NCR,6292876191,"08:16 PM, October 23 2024",Delivered,Zomato Delivery,4km,"1 x Salted Crisper Fries, 1 x Fried Chicken Classic Tender, 1 x Iced Green Tea - Peach",,Buy 1 Get 1 - ₹179.00,480.24,24.01,0.0,0.0,0.0,0.0,504.25,,,,,,16.07,0.4,Correctly,,60e01537463c210193bb72537b9ecd9a02872574d89f9c4a0246dc9fedbc34a1,3
20320607,Swaad,Sector 4,Delhi NCR,6302776749,"06:13 PM, November 10 2024",Delivered,Zomato Delivery,6km,"1 x Animal Fries ., 2 x Bone in Smoky Bbq Grilled Chicken",,Buy 1 Get 1 - ₹1045.00,1400.0,70.0,0.0,0.0,0.0,0.0,1470.0,5.0,,,,,23.83,7.7,Incorrectly,,f74df749d0f9b3058f7077e8a29dcffa4b060891594d979589835191348130b4,3
20320607,Swaad,Sector 4,Delhi NCR,6341771868,"05:37 PM, November 10 2024",Delivered,Zomato Delivery,6km,"2 x Grilled Chicken Smoky BBQ Tender, 1 x AAC Saucy Fries",,Buy 1 Get 1 - ₹310.00,585.0,29.25,0.0,0.0,0.0,0.0,614.25,,,,,,16.98,2.1,Correctly,,77c7f8739a2422dc1a245d578ade7cad4a54394bba2b96ff578028e368eb7090,3
20320607,Swaad,Sector 4,Delhi NCR,6344411915,"04:47 PM, November 10 2024",Delivered,Zomato Delivery,2km,"1 x Fried Chicken Peri Peri Tenders + Peri Peri Fries, 1 x Grilled Chicken Jamaican Tender, 1 x Bone in Smoky Bbq Grilled Chicken",,Buy 1 Get 1 - ₹310.00,775.0,38.75,0.0,0.0,0.0,0.0,813.75,,,,,,22.43,8.1,Correctly,,e1efb8fcfcc60523dc14d551eab5c448af5910cdbc22ebb67c7eb327c8c498db,3
20320607,Swaad,Sector 4,Delhi NCR,6341187876,"08:22 PM, November 09 2024",Delivered,Zomato Delivery,1km,"1 x AAC Grilled Chicken Burger, 1 x Peri Peri Crisper Fries, 1 x Bone in Peri Peri Grilled Chicken",,Flat Rs.200 off,884.0,34.2,200.0,0.0,0.0,0.0,718.2,,,,,,23.75,4.3,Correctly,,2784890bafbf9f2624b418f2a7b0833f54934a5fd4c686ce828881f03bbace96,3
20320607,Swaad,Sector 4,Delhi NCR,6340143784,"09:11 PM, November 08 2024",Delivered,Zomato Delivery,4km,"1 x India Dynamite sauce, 1 x Bone in Angara Grilled Chicken, 1 x Bone in Smoky Bbq Grilled Chicken",,Flat Rs.200 off,790.0,29.5,200.0,0.0,0.0,0.0,619.5,,,,,,19.2,2.4,Correctly,,1c07088111a7251b69daca1560bd1f49d47c0d82e93ff5fc274b92c5776efa47,3
20320607,Swaad,Sector 4,Delhi NCR,6327668733,"03:04 PM, November 06 2024",Delivered,Zomato Delivery,7km,"1 x Bone in Angara Grilled Chicken, 1 x Bone in Smoky Bbq Grilled Chicken ., 1 x Bone in Jamaican Grilled Chicken .",,Flat Rs.80 off,930.0,42.5,80.0,0.0,0.0,0.0,892.5,,,,,,29.32,15.9,Correctly,,d133d70da76d9bdef0e305ee366507465bc6f677033ec88ae9ce3f3dfa8cb7c4,3
20320607,Swaad,Sector 4,Delhi NCR,6330181657,"10:10 PM, November 04 2024",Delivered,Zomato Delivery,3km,3 x Bone in Peri Peri Grilled Chicken .,,,930.0,46.5,0.0,0.0,0.0,0.0,976.5,,,,,,16.77,2.2,Correctly,,fcbd6b219bc7a45ab71bbe13aa6750f353794623ca781ac297cf2fe8be7a2fde,3
20320607,Swaad,Sector 4,Delhi NCR,6311889649,"04:09 PM, November 01 2024",Delivered,Zomato Delivery,2km,"1 x Bone in Smoky Bbq Grilled Chicken, 1 x Onion Rings, 1 x Bone in Kabuli Grilled Chicken",,Flat Rs.175 off,1294.0,55.95,175.0,0.0,0.0,0.0,1174.95,,,,,,21.68,11.8,Correctly,,8220f327f41edba252265aa2be2ff70dff71a80157134861b2ce8b6b238812cf,3
20320607,Swaad,Sector 4,Delhi NCR,6309408099,"01:20 AM, November 01 2024",Delivered,Zomato Delivery,4km,"1 x Salted Fries ., 1 x Fried Chicken Angara Tender, 1 x Garlic Aioli",,Flat Rs.80 off,689.0,30.45,80.0,0.0,0.0,0.0,639.45,,,,,,24.97,0.6,Correctly,,2aab4060d41744e060fa9cf2a01c52c613c5d3f30036e282d16575e5646e497d,3
20554001,Swaad,Greater Kailash 2 (GK2),Delhi NCR,6342126224,"03:52 AM, November 10 2024",Delivered,Zomato Delivery,3km,"1 x Fried Chicken Ghostbuster Tender, 2 x Tipsy Tiger Ginger Ale",,,563.1,28.16,0.0,0.0,0.0,0.0,591.26,,,,,,8.05,1.0,Correctly,,70d5b389d7821a8167b83a30e0a093a274dd441ad59565e9f499734fb37e62fd,3
20554001,Swaad,Greater Kailash 2 (GK2),Delhi NCR,6340762548,"08:39 PM, November 09 2024",Delivered,Zomato Delivery,1km,"1 x Bone in Peri Peri Grilled Chicken, 2 x Salted Fries",,Flat Rs.200 off,1103.0,45.15,200.0,0.0,0.0,0.0,948.15,,,,,,23.8,10.0,Incorrectly,,9b6d8a322e51650bbdb24c43ce856a0606e26b7469f8689755c1a70ecb071583,3
20554001,Swaad,Greater Kailash 2 (GK2),Delhi NCR,6342102220,"07:46 PM, November 09 2024",Delivered,Zomato Delivery,3km,3 x Grilled Chicken Jamaican Tender,,Flat Rs.200 off,1305.0,55.25,200.0,0.0,0.0,0.0,1160.25,,,,,,16.68,0.6,Correctly,,12b07b9c3370baa5dd15fbfbc43c3dbc379fe66f73dbda9526c651d3fe501507,3
20554001,Swaad,Greater Kailash 2 (GK2),Delhi NCR,6341491685,"06:24 PM, November 09 2024",Delivered,Zomato Delivery,1km,"1 x Animal Fries, 1 x Fried Chicken Peri Peri Tender, 1 x Grilled Chicken Angara Tangdi",,Flat Rs.200 off,1510.0,65.5,200.0,0.0,0.0,0.0,1375.5,,,,,,21.32,1.6,Correctly,,800c026da58cf4f9668119100611153a8a935de3985be177d0ac17702750d484,3
20554001,Swaad,Greater Kailash 2 (GK2),Delhi NCR,6340444411,"09:14 PM, November 08 2024",Delivered,Zomato Delivery,2km,"1 x Grilled Chicken Jamaican Tangdi, 1 x Grilled Chicken Peri Peri Tangdi, 1 x Onion Rings",,Flat Rs.200 off,1149.0,47.45,200.0,0.0,0.0,0.0,996.45,2.0,,,,,27.82,1.7,Correctly,,985b774c3b488ebca399da621e4b2dec95227115d8948b92f897d1bf848d02c5,3
20554001,Swaad,Greater Kailash 2 (GK2),Delhi NCR,6334572687,"07:42 PM, November 08 2024",Delivered,Zomato Delivery,3km,"1 x Grilled Chicken Jamaican Tangdi, 1 x Cafreal dip, 1 x Smoky BBQ Sauce",,50% off upto Rs.100,525.0,21.25,100.0,0.0,0.0,0.0,446.25,,,,,,22.6,6.7,Correctly,,cc95be289dbd8ab144bcd0b7db5e7b20ba7acd4db3bdba154aa96402247c3fef,3
20554001,Swaad,Greater Kailash 2 (GK2),Delhi NCR,6324592299,"07:49 PM, November 07 2024",Delivered,Zomato Delivery,5km,"1 x Salted Crisper Fries, 2 x AAC Grilled Chicken Burger",,,929.0,46.45,0.0,0.0,0.0,0.0,975.45,,,,,,24.48,2.6,Correctly,,4f4fdebdc08cffef74c0a6753c048aa38da958bbe5923f0e6a741c4665bd7986,3
20554001,Swaad,Greater Kailash 2 (GK2),Delhi NCR,6332474354,"02:41 PM, November 07 2024",Delivered,Zomato Delivery,5km,"1 x Grilled Chicken Jamaican Tender, 1 x Harisa Mayo, 1 x Fried Chicken Peri Peri Tender",,50% off upto Rs.100,830.0,36.5,100.0,0.0,0.0,0.0,766.5,,,,,,18.02,4.5,Incorrectly,,0d372c57645c12ce7c1b3bed9c2821080fb635e7c20059ecec883ed8bcbd421e,3
20554001,Swaad,Greater Kailash 2 (GK2),Delhi NCR,6335975118,"02:11 AM, November 07 2024",Delivered,Zomato Delivery,2km,"1 x Grilled Chicken Peri Peri Tender, 1 x Fried Chicken Peri Peri Tender, 1 x Fried Chicken Angara Tender",,,1608.0,80.4,0.0,0.0,0.0,0.0,1688.4,,,,,,24.57,10.5,Correctly,,c92113c3d08d88db0e5ba8ead7422f4d5c1e2a4219d8fd453d72889b669c7707,3
20554001,Swaad,Greater Kailash 2 (GK2),Delhi NCR,6332266732,"11:55 AM, November 06 2024",Delivered,Zomato Delivery,4km,"1 x Fried Chicken Kabuli Tender, 1 x Smoky BBQ Sauce, 1 x Onion Rings",,40% off upto Rs.80,614.0,26.7,80.0,0.0,0.0,0.0,560.7,,,,,,13.73,0.4,Correctly,,60dcbb712f5ca4e11778d3fba37ef270c46d323c2bb4588fe6788dcf8afa688a,3
20554001,Swaad,Greater Kailash 2 (GK2),Delhi NCR,6329419380,"10:47 PM, November 05 2024",Delivered,Zomato Delivery,4km,"1 x Tipsy Tiger Ginger Ale, 1 x Salted Crisper Fries, 1 x Bone in Angara Grilled Chicken",,,1113.05,55.65,0.0,0.0,0.0,0.0,1168.7,,,,,,19.27,0.8,Correctly,,cb4adea0d16408ff6392235e7d599ec65e5fbff9e3c02d9c4d660a21d9112c04,3
20554001,Swaad,Greater Kailash 2 (GK2),Delhi NCR,6308295208,"09:57 PM, November 03 2024",Delivered,Zomato Delivery,6km,"1 x Bone in Smoky Bbq Grilled Chicken, 1 x Fried Chicken Classic Tender ., 1 x Salted Crisper Fries",,,984.0,49.2,0.0,0.0,0.0,0.0,1033.2,,,,,,27.13,16.2,Correctly,,c3a91b7d7e2292550b9c5edea1c05134fcac7366870483a8ec0260706450555d,3
20554001,Swaad,Greater Kailash 2 (GK2),Delhi NCR,6318639532,"01:54 AM, November 03 2024",Delivered,Zomato Delivery,1km,"1 x Peri Peri Crisper Fries, 1 x Grilled Chicken Jamaican Tender, 1 x Grilled Chicken Smoky BBQ Tangdi",,Flat Rs.175 off,914.0,41.8,78.0,0.0,0.0,0.0,877.8,,,,,,14.95,0.6,Correctly,,50569695e3aaca4181314ce31b62d403372d92fccc5f94b8b07f41d384597677,3
20554001,Swaad,Greater Kailash 2 (GK2),Delhi NCR,6324544256,"12:18 AM, November 03 2024",Delivered,Zomato Delivery,8km,"1 x Grilled Chicken Jamaican Tender ., 1 x GhostBuster Sauce, 1 x India Dynamite sauce",,50% off upto Rs.100,430.0,16.5,100.0,0.0,0.0,0.0,346.5,,,,,,12.88,0.4,Correctly,,d65d4ef0fb644e14150774339435de5e97b7fcbe2fb0f6fbe3fd29a0565594fb,3
20554001,Swaad,Greater Kailash 2 (GK2),Delhi NCR,6318386312,"01:56 AM, November 02 2024",Delivered,Zomato Delivery,9km,"1 x Grilled Chicken Peri Peri Tender, 1 x Fried Chicken Ghostbuster Tender, 1 x Fried Chicken Classic Tender",,Flat Rs.200 off,1475.0,64.75,180.0,0.0,0.0,0.0,1359.75,,,,,,17.43,0.9,Correctly,,2ff79092678eb421f66358decdfcbcc7fd2a9d0024faa2126d92ca57f2c3ab37,3
20554001,Swaad,Greater Kailash 2 (GK2),Delhi NCR,6315460144,"01:31 AM, November 01 2024",Delivered,Zomato Delivery,<1km,"1 x Grilled Chicken Smoky BBQ Tender ., 1 x Grilled Chicken Angara Tender ., 1 x Peri Peri Fries .",,Flat Rs.175 off,809.0,36.55,78.0,0.0,0.0,0.0,767.55,,,,,,35.15,16.8,Correctly,,1f94a2a47d5313518445f351987b335430a36f3adc4aa7ba0cd4911b742842f7,3
20635699,Aura Pizzas,Greater Kailash 2 (GK2),Delhi NCR,6347124582,"11:29 PM, November 10 2024",Delivered,Zomato Delivery,9km,"2 x Murgh Amritsari Seekh Pide, 1 x Spinach Sumac Pide",,Flat Rs.200 off,1205.0,50.25,200.0,0.0,0.0,0.0,1055.25,,,,,,17.13,0.3,Correctly,,552aead501beaca4119716add400865c34163cf80c238b511841a470041776e4,3
20635699,Aura Pizzas,Greater Kailash 2 (GK2),Delhi NCR,6341376434,"11:05 PM, November 10 2024",Delivered,Zomato Delivery,14km,"1 x Mushroom Mozzarella Melt, 1 x Chilli Cheese Garlic Bread, 1 x Tripple Cheese Pizza",,Flat Rs.200 off,1257.0,52.85,200.0,0.0,0.0,0.0,1109.85,,,,,,14.67,0.5,Correctly,,ba9c8972ae3ae15b26865a85933b49edcb8c6c447c6fd93d0e134c188564fd6d,3
20635699,Aura Pizzas,Greater Kailash 2 (GK2),Delhi NCR,6338082233,"10:27 PM, November 10 2024",Delivered,Zomato Delivery,2km,"1 x Chilli Cheese Garlic Bread, 1 x Bageecha Pizza, 1 x All About Chicken Pizza",,Flat Rs.200 off,1517.0,65.85,200.0,0.0,0.0,0.0,1382.85,,,,,,20.82,2.8,Correctly,,e40f6edba4673cb55046954dc6f3352e8faaf5df486b1917008da195befc2441,3
20635699,Aura Pizzas,Greater Kailash 2 (GK2),Delhi NCR,6347328246,"10:07 PM, November 10 2024",Delivered,Zomato Delivery,3km,"1 x Fried Chicken Strips, 1 x Chilli Cheese Garlic Bread, 1 x Jamaican Chicken Melt",,50% off upto Rs.100,927.0,41.35,100.0,0.0,0.0,0.0,868.35,,,,,,19.67,0.9,Correctly,,b94e63db01374bf5831056ec195433b644a9808d3ee4c5aaa9cfdf941e78d895,3
20635699,Aura Pizzas,Greater Kailash 2 (GK2),Delhi NCR,6342730668,"06:33 PM, November 10 2024",Delivered,Zomato Delivery,<1km,"1 x Cheesy Garlic Bread, 1 x Margherita Pizza, 1 x Bellpepper Onion Pizza",,Flat Rs.200 off,1467.0,63.35,200.0,0.0,0.0,0.0,1330.35,,,,,,17.75,3.8,Correctly,,2a72df244055c2a6b44c5fe18f26abfc9f7cfe7ea0728cc14d9c9a39044036fb,3
20635699,Aura Pizzas,Greater Kailash 2 (GK2),Delhi NCR,6345916473,"05:42 PM, November 10 2024",Delivered,Zomato Delivery,5km,"1 x Murgh Amritsari Seekh Pizza, 1 x Jamaican Chicken Melt, 1 x Angara Paneer Melt",,Flat Rs.200 off,1557.0,67.85,200.0,0.0,0.0,0.0,1424.85,,,,,,21.02,1.6,Correctly,,0e5ad9a4d88fed9df37f5e4583451dc9f529e796702f5847b9fe01b0a9811066,3
20635699,Aura Pizzas,Greater Kailash 2 (GK2),Delhi NCR,6343611840,"10:56 PM, November 09 2024",Delivered,Zomato Delivery,2km,"1 x Murgh Amritsari Garlic Bread, 1 x All About Chicken Pizza, 1 x Peri Peri Crisper Fries",,Flat Rs.200 off,1207.0,50.35,200.0,0.0,0.0,0.0,1057.35,,,,,,20.18,2.7,Correctly,,6e547e606084f4dc091492adf076aedac00febd2a81da684ca07b590fa4248a8,3
20635699,Aura Pizzas,Greater Kailash 2 (GK2),Delhi NCR,6338205635,"09:44 PM, November 09 2024",Delivered,Zomato Delivery,6km,"1 x Bageecha Pizza, 1 x Chilli Cheese Garlic Bread, 1 x All About Chicken Pizza",,Flat Rs.200 off,1517.0,65.85,200.0,0.0,0.0,0.0,1382.85,,,,,,36.25,16.6,Incorrectly,,c8146174cdd72ba03f6cd4deae8f810c4d5cef89021127242d07335ccbf61302,3
20635699,Aura Pizzas,Greater Kailash 2 (GK2),Delhi NCR,6334175687,"09:42 PM, November 09 2024",Delivered,Zomato Delivery,3km,"1 x Grilled Tangdis, 1 x Cafreal Sauce, 1 x All About Chicken Pizza",,Flat Rs.200 off,988.0,39.4,200.0,0.0,0.0,0.0,827.4,,,,,,21.63,0.2,Correctly,,c6fa5375bd9544a4575b67518f7f07728b4d29f3ab63c033b04a961352e89731,3
20635699,Aura Pizzas,Greater Kailash 2 (GK2),Delhi NCR,6335266177,"09:36 PM, November 09 2024",Delivered,Zomato Delivery,2km,"1 x Herbed Potato, 1 x Margherita Pizza, 1 x Spinach Sumac Pide",,Flat Rs.200 off,1126.0,46.3,200.0,0.0,0.0,0.0,972.3,,,,,,23.45,8.0,Correctly,,1fe3dfe64e1a33c18bb0f1f09fe309f596907d18be8e8d1449a7dcdb27c08642,3
20635699,Aura Pizzas,Greater Kailash 2 (GK2),Delhi NCR,6337443877,"11:06 AM, November 08 2024",Delivered,Zomato Delivery,5km,"1 x Bageecha Pizza, 1 x Salted Crisper Fries, 1 x Herbed Potato",,,926.0,46.3,0.0,0.0,0.0,0.0,972.3,,,,,,24.6,8.8,Incorrectly,,51cb282b430a04042d89634fc6d4d543616a4fa6f92cc013dd9c499d55ddc422,3
20635699,Aura Pizzas,Greater Kailash 2 (GK2),Delhi NCR,6332659845,"03:31 AM, November 06 2024",Delivered,Zomato Delivery,2km,"1 x Garlic Aioli, 1 x Jamaican Chicken Melt, 1 x Tipsy Tiger Ginger Ale",,,777.05,38.85,0.0,0.0,0.0,0.0,815.9,,,,,,18.45,0.7,Correctly,,17d098d618c54239230c0028ec50ac5d3b540190bf5a1aa435ebdd7b16e200be,3
20635699,Aura Pizzas,Greater Kailash 2 (GK2),Delhi NCR,6327658823,"10:02 PM, November 05 2024",Delivered,Zomato Delivery,1km,"1 x Bageecha Pizza, 2 x Grilled Tangdis",,Flat Rs.100 off,1137.0,51.85,100.0,0.0,0.0,0.0,1088.85,,,,,,18.47,1.4,Correctly,,8557bc8120106af4db4739272b29b7548efaa17072210c7e590ed55016bcae2b,3
20635699,Aura Pizzas,Greater Kailash 2 (GK2),Delhi NCR,6332171218,"09:02 PM, November 05 2024",Delivered,Zomato Delivery,2km,"1 x Indian Masala Cripser Fries, 1 x Murgh Amritsari Garlic Bread, 1 x Bellpepper Onion Pizza",,50% off upto Rs.100,1067.0,48.35,100.0,0.0,0.0,0.0,1015.35,,,,,,16.1,0.5,Correctly,,82da0c9b1981730df050857ef0bb56eef0f31f48d72281e9ab7f495d3e7b29b0,3
20635699,Aura Pizzas,Greater Kailash 2 (GK2),Delhi NCR,6329222536,"07:43 PM, November 04 2024",Delivered,Zomato Delivery,2km,"1 x Jamaican Chicken Melt, 1 x Murgh Amritsari Garlic Bread, 1 x All About Chicken Pizza",,,1506.0,75.3,0.0,0.0,0.0,0.0,1581.3,,,,,,26.27,5.5,Correctly,,48c8ac5da34675db599531e7635b127a4feb3e35a8f68d833d0c693f0a336dc9,3
20635699,Aura Pizzas,Greater Kailash 2 (GK2),Delhi NCR,6329783061,"05:30 PM, November 04 2024",Delivered,Zomato Delivery,6km,"1 x Mushroom Mozzarella Melt, 1 x Cheesy Garlic Bread, 1 x Peri Peri Paneer Pizza",,50% off upto Rs.100,1267.0,58.35,100.0,0.0,0.0,0.0,1225.35,,,,,,20.75,0.7,Correctly,,61e9fe215a99a7b163acc3ca9e24c5131d9f2964e5e5ab3bf9c9fd0d5d497a1a,3
20635699,Aura Pizzas,Greater Kailash 2 (GK2),Delhi NCR,6302956856,"09:46 PM, November 03 2024",Delivered,Zomato Delivery,2km,"1 x Chilli Cheese Garlic Bread, 1 x Murgh Amritsari Seekh Pizza, 1 x Indian Masala Cripser Fries",,50% off upto Rs.100,1087.0,49.35,100.0,0.0,0.0,0.0,1036.35,,,,,,14.52,2.4,Correctly,,b9e2e3a1d4c1304f5bf32e746690c6b5dc655590f350eafada85c2cd70affb9e,3
20635699,Aura Pizzas,Greater Kailash 2 (GK2),Delhi NCR,6321110440,"06:26 PM, November 03 2024",Delivered,Zomato Delivery,9km,"1 x Makhani Paneer Pizza, 1 x Chilli Cheese Garlic Bread, 1 x Malai Gud Pide",,Flat Rs.200 off,1346.0,58.3,180.0,0.0,0.0,0.0,1224.3,,,,,,14.75,6.7,Correctly,,4be14296454276b992aa14bfb8e5c6bfc22af69b5b596a62e18ddfe7c5a65490,3
20635699,Aura Pizzas,Greater Kailash 2 (GK2),Delhi NCR,6323164870,"06:03 PM, November 03 2024",Delivered,Zomato Delivery,4km,"1 x Cheesy Garlic Bread, 1 x Angara Paneer Melt, 1 x All About Chicken Pizza",,50% off upto Rs.100,1347.0,62.35,100.0,0.0,0.0,0.0,1309.35,,,,,,16.7,4.5,Correctly,,7879d1b6d2d68c7da65e19511cadb67cf8f00253628e03d568eb858fd7f1bdb2,3
20635699,Aura Pizzas,Greater Kailash 2 (GK2),Delhi NCR,6318696620,"03:41 PM, November 03 2024",Delivered,Zomato Delivery,5km,"1 x Chilli Cheese Garlic Bread, 1 x Salted Crisper Fries, 1 x Bageecha Pizza",,50% off upto Rs.100,1037.0,46.85,100.0,0.0,0.0,0.0,983.85,,,,,,17.78,4.8,Correctly,,96fa7d00759235df8b820eb39688742d162556cd264e93911a954a3ccdebe0cb,3
20635699,Aura Pizzas,Greater Kailash 2 (GK2),Delhi NCR,6320377371,"12:24 AM, November 03 2024",Delivered,Zomato Delivery,9km,"1 x Chilli Cheese Garlic Bread, 2 x Murgh Amritsari Seekh Pide",,,1075.0,53.75,0.0,0.0,0.0,0.0,1128.75,5.0,,,,,13.97,0.5,Correctly,,552aead501beaca4119716add400865c34163cf80c238b511841a470041776e4,3
20635699,Aura Pizzas,Greater Kailash 2 (GK2),Delhi NCR,6322086675,"08:09 PM, November 02 2024",Delivered,Zomato Delivery,16km,"1 x Jamaican Chicken Melt, 1 x Murgh Amritsari Seekh Melt, 1 x Cheesy Garlic Bread",,Flat Rs.200 off,1317.0,56.85,180.0,0.0,0.0,0.0,1193.85,,,,,,31.88,0.6,Correctly,,52a6cced725a9088190628a4308debbc97f99a9386189045f410125ba1bc2ddb,3
20635699,Aura Pizzas,Greater Kailash 2 (GK2),Delhi NCR,6309278129,"08:07 PM, November 02 2024",Delivered,Zomato Delivery,2km,"1 x Murgh Amritsari Garlic Bread, 1 x All About Chicken Pizza, 1 x Fried Chicken Strips",,Flat Rs.200 off,1397.0,60.85,180.0,0.0,0.0,0.0,1277.85,,,,,,30.68,7.6,Correctly,,c85a4bd0fa43d630e01e789035b886c5b791c58a1e6809793d243fc9d0f393f9,3
20635699,Aura Pizzas,Greater Kailash 2 (GK2),Delhi NCR,6322688892,"07:55 PM, November 02 2024",Delivered,Zomato Delivery,14km,"2 x Chilli Cheese Garlic Bread, 1 x Bageecha Pizza",,Flat Rs.200 off,1317.0,56.85,180.0,0.0,0.0,0.0,1193.85,5.0,,,,,20.42,1.4,Correctly,,1529c8f9e2abd7c9347d11409c2dcf5c0b7a6ba75252ebfbc00769796162c67e,3
20635699,Aura Pizzas,Greater Kailash 2 (GK2),Delhi NCR,6321404420,"07:24 PM, November 02 2024",Delivered,Zomato Delivery,6km,"1 x All About Chicken Pizza, 1 x Bageecha Pizza, 1 x Chilli Cheese Garlic Bread",,,1917.0,95.85,0.0,0.0,0.0,0.0,2012.85,,,,,,19.47,1.1,Correctly,,b62b969a87c3f027261bd5c2e78c6c37a14107ef8d37385dbbd917565ab53ffb,3
20635699,Aura Pizzas,Greater Kailash 2 (GK2),Delhi NCR,6321456791,"06:41 PM, November 02 2024",Delivered,Zomato Delivery,6km,"1 x Murgh Amritsari Garlic Bread, 1 x Grilled Tangdis, 1 x All About Chicken Pizza",,Flat Rs.200 off,1417.0,61.85,180.0,0.0,0.0,0.0,1298.85,,,,,,22.18,8.2,Correctly,,0e26c11dc2a9865dcdc40bbbe857698364aef59099cee423a932cc8876d7e3d9,3
20635699,Aura Pizzas,Greater Kailash 2 (GK2),Delhi NCR,6321085224,"03:45 PM, November 02 2024",Delivered,Zomato Delivery,1km,"1 x Angara Paneer Melt, 1 x Fried Chicken Strips, 1 x Cheesy Garlic Bread",,,937.0,46.85,0.0,0.0,0.0,0.0,983.85,,,,,,17.53,1.3,Correctly,,d6afe1e0607129294f286ee619fa053f7912fcb31684b11f269dd113ff87ad2b,3
20635699,Aura Pizzas,Greater Kailash 2 (GK2),Delhi NCR,6316794395,"03:35 PM, November 02 2024",Delivered,Zomato Delivery,3km,"1 x Chicken Pepperoni Pizza, 1 x Mushroom Pizza, 1 x Garlic Aioli",,,1366.0,68.3,0.0,0.0,0.0,0.0,1434.3,,,,,,16.57,8.0,Correctly,,8f0338f1080ddb32339860faeeca2cbfb8f5e4a00f337df812a7f57d75fe6eed,3
20635699,Aura Pizzas,Greater Kailash 2 (GK2),Delhi NCR,6320709744,"01:51 PM, November 02 2024",Delivered,Zomato Delivery,1km,"1 x Herbed Potato, 1 x Cheesy Garlic Bread, 1 x Chicken Pepperoni Pizza",,50% off upto Rs.100,986.0,44.3,100.0,0.0,0.0,0.0,930.3,,,,,,21.08,8.8,Correctly,,5c186f776fb7138ab71acef5a67ed3e361859fa301b471e5de0c7ff21cd1db55,3
20635699,Aura Pizzas,Greater Kailash 2 (GK2),Delhi NCR,6316314118,"09:25 PM, November 01 2024",Rejected,Zomato Delivery,2km,"1 x Cheesy Garlic Bread, 2 x Jamaican Chicken Melt",,Flat Rs.200 off,1475.0,64.75,180.0,0.0,0.0,0.0,1359.75,,,Cancelled by Zomato,959.72,,15.15,0.6,Correctly,,c85a4bd0fa43d630e01e789035b886c5b791c58a1e6809793d243fc9d0f393f9,3
20635699,Aura Pizzas,Greater Kailash 2 (GK2),Delhi NCR,6320885190,"05:19 PM, November 01 2024",Delivered,Zomato Delivery,5km,"1 x Peri Peri Paneer Pizza, 1 x Masala Paneer Pide, 1 x Masala Omelette Pide",,Flat Rs.200 off,1217.0,51.85,180.0,0.0,0.0,0.0,1088.85,,,,,,24.47,16.9,Correctly,,f913ef2f17ff132908cd855498b4731c2c9d0499b6d6d11861350b024c28ac9c,3
20635699,Aura Pizzas,Greater Kailash 2 (GK2),Delhi NCR,6315940207,"12:07 AM, November 01 2024",Delivered,Zomato Delivery,4km,"1 x Bellpepper Onion Pizza, 1 x Margherita Pizza, 1 x Chilli Cheese Garlic Bread",,,1487.0,74.35,0.0,0.0,0.0,0.0,1561.35,,,,,,20.12,3.6,Correctly,,44b8b5469e4cfcfc803d322a064cc2e4370a40273ed179a2878819e501a75215,3
20659868,Aura Pizzas,Sector 4,Delhi NCR,6340779861,"09:48 PM, November 09 2024",Delivered,Zomato Delivery,7km,"1 x Cheesy Garlic Bread, 1 x Makhani Paneer Pizza, 1 x Salted Crisper Fries",,Flat Rs.200 off,1167.0,48.35,200.0,0.0,0.0,0.0,1015.35,,,,,,15.28,1.7,Correctly,,cb9522f27b27206f333f7d5ea342768b0da8adcb72c3b44e75cf4a0171ce0e1b,3
20659868,Aura Pizzas,Sector 4,Delhi NCR,6343112584,"08:52 PM, November 09 2024",Delivered,Zomato Delivery,6km,"1 x Tipsy Tiger Ginger Ale, 1 x Chilli Cheese Garlic Bread, 1 x Bageecha Pizza",,Flat Rs.200 off,977.05,38.85,200.0,0.0,0.0,0.0,815.9,,,,,,11.55,1.1,Correctly,,6d29c5da4cb2a22d9e15a2cdf6d53231db42183f4e329b5dc02c3224f1c1bb28,3
20659868,Aura Pizzas,Sector 4,Delhi NCR,6337394170,"06:26 PM, November 09 2024",Delivered,Zomato Delivery,3km,"1 x Indian Masala Cripser Fries, 1 x Bageecha Pizza, 1 x Makhani Paneer Pizza",,Flat Rs.200 off,1377.0,58.85,200.0,0.0,0.0,0.0,1235.85,,,,,,14.72,9.6,Correctly,,5500d920777cd84ffb994051801eeb58453ca899bc5233ba72086b2984d1fb6f,3
20659868,Aura Pizzas,Sector 4,Delhi NCR,6333726433,"12:42 PM, November 08 2024",Delivered,Zomato Delivery,2km,"1 x Chilli Cheese Garlic Bread, 1 x Mushroom Mozzarella Melt, 1 x Peri Peri Crisper Fries",,Flat Rs.200 off,907.0,35.35,200.0,0.0,0.0,0.0,742.35,,,,,,12.8,2.6,Correctly,,58fe883ddf3acbf0edb2655037203b33d4fa328cb2b80efcb1e67ba2169a7f24,3
20659868,Aura Pizzas,Sector 4,Delhi NCR,6330587213,"03:33 PM, November 07 2024",Delivered,Zomato Delivery,2km,"1 x Murgh Amritsari Garlic Bread, 1 x Chilli Cheese Garlic Bread, 1 x Cheesy Garlic Bread",,50% off upto Rs.100,787.0,34.35,100.0,0.0,0.0,0.0,721.35,,,,,,17.93,9.2,Correctly,,9ad89b31f92ba76ba8787d542502368aae96da0957b1c6553fa4bb19d1c1a011,3
20659868,Aura Pizzas,Sector 4,Delhi NCR,6331841323,"12:58 AM, November 07 2024",Delivered,Zomato Delivery,16km,"1 x Margherita Pizza, 2 x Tipsy Tiger Fresh Lime Soda",Order: Serve fresh and hot pizza,Flat Rs.100 off,936.1,41.81,100.0,0.0,0.0,0.0,877.91,,,,,,,8.0,Missed,,0208ce88bb99d1b3bb99a63a506bc0fbf08715e383e14707e3576e8b09902aa7,3
20659868,Aura Pizzas,Sector 4,Delhi NCR,6332572332,"11:58 PM, November 05 2024",Delivered,Zomato Delivery,1km,"1 x Cheesy Garlic Bread, 1 x Herbed Potato, 1 x Murgh Amritsari Garlic Bread",,50% off upto Rs.100,736.0,31.8,100.0,0.0,0.0,0.0,667.8,,,,,,9.27,1.4,Correctly,,59c03e1e6ccd50d053d07d8f73bedd56b75a2d7839a37b198b5a5f7cb6b61066,3
20659868,Aura Pizzas,Sector 4,Delhi NCR,6332418120,"09:52 PM, November 05 2024",Delivered,Zomato Delivery,6km,"1 x Murgh Amritsari Seekh Pide, 1 x Makhani Paneer Pizza, 1 x All About Chicken Pizza",,50% off upto Rs.100,1587.0,74.35,100.0,0.0,0.0,0.0,1561.35,,,,,,16.07,1.4,Correctly,,07e5e4544a741214a9a2e8ac7b5d5e3911ea7320bd83a1f4e9a75d41a26889ff,3
20659868,Aura Pizzas,Sector 4,Delhi NCR,6327786629,"08:33 PM, November 05 2024",Delivered,Zomato Delivery,7km,"1 x Bageecha Pizza, 1 x Masala Paneer Pide, 1 x Makhani Paneer Pizza",,,1497.0,74.85,0.0,0.0,0.0,0.0,1571.85,,,,,,13.57,4.5,Correctly,,72aff9211fb833d6cd3b6413e7ceb3cbe36ccbc87ce19322f3ac1eb1035e25a9,3
20659868,Aura Pizzas,Sector 4,Delhi NCR,6324626319,"03:10 AM, November 05 2024",Delivered,Zomato Delivery,6km,"1 x Cheesy Garlic Bread, 1 x Bellpepper Onion Pizza, 1 x Peri Peri Paneer Pizza",,Flat 15% off,1587.0,67.45,238.05,0.0,0.0,0.0,1416.4,,,,,,16.42,1.4,Correctly,,b26880ae7b7f0eb68e6c63dad5ba87946ee492b832c801cae6e412ceb5a2d391,3
20659868,Aura Pizzas,Sector 4,Delhi NCR,6325969528,"11:10 PM, November 03 2024",Delivered,Zomato Delivery,7km,"2 x Fried Chicken Strips, 1 x Bageecha Pizza",,Flat Rs.200 off,1177.0,49.85,180.0,0.0,0.0,0.0,1046.85,,,,,,13.82,1.1,Correctly,,7aeb5bf98feac0be46e5577bd9c9893e0dd94467a38f8a6e19161526296e5eb6,3
20659868,Aura Pizzas,Sector 4,Delhi NCR,6325881838,"09:47 PM, November 03 2024",Delivered,Zomato Delivery,9km,"1 x All About Chicken Pizza, 1 x Grilled Tangdis, 1 x Murgh Amritsari Garlic Bread",,Flat Rs.200 off,1217.0,51.85,180.0,0.0,0.0,0.0,1088.85,5.0,,,,,18.02,1.1,Correctly,,4a6e0d5d47e35818f8da998385aa16f1106158af20d397064c860bfd0485aa97,3
20659868,Aura Pizzas,Sector 4,Delhi NCR,6313542030,"07:49 PM, November 03 2024",Delivered,Zomato Delivery,8km,"1 x Spinach Sumac Pide, 1 x Makhani Paneer Pizza, 1 x Bageecha Pizza",,Flat 15% off,1707.0,72.55,256.05,0.0,0.0,0.0,1523.5,,,,,,25.18,10.3,Correctly,,375ed6252c7208c7fe47a1d6068f03fdcf99916acdce4ecf654e67b00632cba3,3
20659868,Aura Pizzas,Sector 4,Delhi NCR,6321698048,"03:36 PM, November 03 2024",Delivered,Zomato Delivery,2km,"1 x All About Chicken Pizza, 1 x Murgh Amritsari Seekh Melt, 1 x Margherita Pizza",,Flat 15% off,1797.0,76.37,269.55,0.0,0.0,0.0,1603.82,,,,,,20.33,12.2,Correctly,,9ad89b31f92ba76ba8787d542502368aae96da0957b1c6553fa4bb19d1c1a011,3
20659868,Aura Pizzas,Sector 4,Delhi NCR,6326592133,"01:49 PM, November 03 2024",Delivered,Zomato Delivery,5km,"1 x Spinach Sumac Pide, 1 x Mushroom Pizza, 1 x Bageecha Pizza",,,1976.0,98.8,0.0,0.0,0.0,0.0,2074.8,,,,,,15.92,4.6,Incorrectly,,ff3d45725a84956b667a3af2de2557ed17a56c8995975e0d9fc6dba672ee962e,3
20659868,Aura Pizzas,Sector 4,Delhi NCR,6324322249,"08:15 PM, November 02 2024",Delivered,Zomato Delivery,7km,"1 x Murgh Amritsari Seekh Pizza, 1 x Fried Chicken Strips, 1 x Makhani Paneer Pizza",,Flat 15% off,1577.0,67.02,236.55,0.0,0.0,0.0,1407.47,,,,,,20.97,5.6,Correctly,,47b508403da43d9f16adc2bf891d52a15ca4e067afcd49937ee4e0bcd2b8b7a8,3
20659868,Aura Pizzas,Sector 4,Delhi NCR,6311820320,"07:03 PM, November 02 2024",Delivered,Zomato Delivery,12km,"2 x Jamaican Chicken Melt, 1 x Pepperoni Garlic Bread",,Flat Rs.200 off,1355.0,58.75,180.0,0.0,0.0,0.0,1233.75,,,,,,16.9,12.4,Correctly,,f0d7ec47a65cabd6ec17c5f85bf3dca082f5523f5845ca636680f4ad8a4257dc,3
20659868,Aura Pizzas,Sector 4,Delhi NCR,6323142261,"03:51 PM, November 02 2024",Delivered,Zomato Delivery,2km,"1 x OG Cheese Pide, 1 x Peri Peri Paneer Pizza, 1 x Cheesy Garlic Bread",,Flat Rs.200 off,1246.0,53.3,180.0,0.0,0.0,0.0,1119.3,,,,,,15.3,5.7,Correctly,,cbf07dfb9c2d62649a0151930daec1a879d1e21fc9490f389aad5fed18acefa4,3
20659868,Aura Pizzas,Sector 4,Delhi NCR,6322916410,"02:17 PM, November 02 2024",Delivered,Zomato Delivery,2km,"1 x Chilli Cheese Garlic Bread, 1 x Bageecha Pizza, 1 x Makhani Paneer Pizza",,Flat Rs.200 off,1437.0,62.85,180.0,0.0,0.0,0.0,1319.85,,,,,,16.55,13.5,Incorrectly,,c554b11cef83b1309736f5eca8dceb46f46a371516fb79ace35ca279c7f476a4,3
20659868,Aura Pizzas,Sector 4,Delhi NCR,6319832449,"03:15 AM, November 02 2024",Delivered,Zomato Delivery,3km,"1 x All About Chicken Pizza, 1 x Jamaican Chicken Melt, 1 x Chicken Pepperoni Pizza",,Flat Rs.200 off,2147.0,98.35,180.0,0.0,0.0,0.0,2065.35,,,,,,19.75,2.0,Correctly,,eb7ab63154dafa3206098b0b8e5ab2bceddd6daae17bf030942fd7a30d6441c1,3
20659868,Aura Pizzas,Sector 4,Delhi NCR,6314009904,"09:18 PM, November 01 2024",Delivered,Zomato Delivery,11km,"1 x Tripple Cheese Pizza, 1 x Masala Potato Pide, 1 x Bageecha Pizza",,Flat 15% off,1507.0,64.05,226.05,0.0,0.0,0.0,1345.0,,,,,,14.97,2.4,Correctly,,28b19c8e64176d4296a896a5716a5c052faf88f502e4cdfed0771bc4c833aecd,3
20659868,Aura Pizzas,Sector 4,Delhi NCR,6320298149,"11:37 AM, November 01 2024",Delivered,Zomato Delivery,8km,"1 x Tipsy Tiger Fresh Lime Soda, 1 x Chilli Cheese Garlic Bread, 1 x Margherita Pizza",,Flat Rs.175 off,837.05,36.9,99.0,0.0,0.0,0.0,774.95,,,,,,12.57,4.2,Correctly,,f6773797c24cc58a7b36211533167920c94d093dc24523c0a7425e4d42523644,3
20882652,Aura Pizzas,DLF Phase 1,Delhi NCR,6346267264,"09:30 PM, November 10 2024",Delivered,Zomato Delivery,1km,"1 x Herbed Potato, 1 x Margherita Pizza, 1 x Chilli Cheese Garlic Bread",,,926.0,46.3,0.0,0.0,0.0,0.0,972.3,,,,,,19.67,2.4,Correctly,Item(s) missing or not delivered,0bf24b66598e833eed3cac221e00b58d9dfd7450e7652814262a9f74e876c603,3
20882652,Aura Pizzas,DLF Phase 1,Delhi NCR,6341483895,"06:46 PM, November 09 2024",Delivered,Zomato Delivery,4km,"1 x Murgh Amritsari Seekh Pizza, 1 x Bageecha Pizza, 1 x Cheesy Garlic Bread",,50% off upto Rs.100,1467.0,68.35,100.0,0.0,0.0,0.0,1435.35,,,,,,24.47,8.0,Correctly,,c08742e587d11f02194c15e0d082b5bb5720fb594b096a0f2d912bb93294e2f9,3
20882652,Aura Pizzas,DLF Phase 1,Delhi NCR,6339178282,"12:57 AM, November 09 2024",Rejected,Zomato Delivery,1km,"1 x Masala Omelette Pide, 1 x Herbed Potato, 1 x Chilli Cheese Garlic Bread",,50% off upto Rs.100,726.0,31.3,100.0,0.0,0.0,0.0,657.3,,,Cancelled by Zomato,377.91,,17.13,,Missed,,7629012d0eb01fe4642a879cab072943b98562252f9bd86e901593f5c03dd5d3,3
20882652,Aura Pizzas,DLF Phase 1,Delhi NCR,6330443964,"08:10 PM, November 06 2024",Delivered,Zomato Delivery,4km,"1 x Jamaican Chicken Melt, 1 x Chilli Cheese Garlic Bread, 1 x Herbed Potato",,50% off upto Rs.100,886.0,39.3,100.0,0.0,0.0,0.0,825.3,,,,,,20.72,3.3,Correctly,,956268b7cba183d9e7a44e998a2346a377fb80aef08f9aff2d62fabb4c72224e,3
20882652,Aura Pizzas,DLF Phase 1,Delhi NCR,6324902520,"07:51 PM, November 06 2024",Delivered,Zomato Delivery,5km,"1 x Masala Paneer Pide, 1 x Mayonnaise, 1 x Angara Paneer Melt",,,818.0,40.9,0.0,0.0,0.0,0.0,858.9,,,,,,19.28,12.7,Correctly,,2de53a58a913e0fe0a176c93bc7a0274916c9797b19d7d8a255120a7f8db0b4e,3
20882652,Aura Pizzas,DLF Phase 1,Delhi NCR,6333624307,"01:25 PM, November 06 2024",Delivered,Zomato Delivery,4km,"1 x Chilli Cheese Garlic Bread, 1 x Makhani Paneer Pizza, 1 x Bageecha Pizza",Order: Send extra cutlery,50% off upto Rs.100,1557.0,72.85,100.0,0.0,0.0,0.0,1529.85,,,,,,19.58,4.3,Correctly,,48d38c6af74445ccc9123d2efb19a46a440368df24b208eada510bc1b1cefaa2,3
20882652,Aura Pizzas,DLF Phase 1,Delhi NCR,6330346926,"01:19 AM, November 05 2024",Delivered,Zomato Delivery,16km,"1 x Salted Crisper Fries, 1 x Tipsy Tiger Fresh Lime Soda, 1 x All About Chicken Pizza",,50% off upto Rs.100,957.05,42.85,100.0,0.0,0.0,0.0,899.9,,,,,,20.05,11.8,Incorrectly,,1fa029d6116b6dd594ab1fa41f7fc57a9366dff1000c6d6d6699346d89e1fab7,3
20882652,Aura Pizzas,DLF Phase 1,Delhi NCR,6326495278,"11:36 PM, November 03 2024",Delivered,Zomato Delivery,5km,"1 x Bellpepper Onion Pizza, 1 x Salted Crisper Fries, 1 x Cheesy Garlic Bread",,50% off upto Rs.100,997.0,44.85,100.0,0.0,0.0,0.0,941.85,,,,,,15.98,2.7,Correctly,,44fdffbf408f5567ba8729d04b71e825cf005e13127a96f4fbb51632f19ebf03,3
20882652,Aura Pizzas,DLF Phase 1,Delhi NCR,6314223537,"06:15 PM, November 03 2024",Delivered,Zomato Delivery,1km,"1 x Just Pepperoni Pizza, 1 x Tripple Cheese Pizza, 1 x Murgh Amritsari Seekh Melt",,Flat Rs.200 off,2087.0,95.35,180.0,0.0,0.0,0.0,2002.35,,,,,,16.12,16.8,Incorrectly,,a107412cdfc2b31c49c7b63145b6195c7b40a4014c7e80246d484d7419646821,3
20882652,Aura Pizzas,DLF Phase 1,Delhi NCR,6317933389,"08:21 PM, November 01 2024",Delivered,Zomato Delivery,2km,"1 x Jamaican Chicken Melt, 1 x Chicken Pepperoni Pizza, 1 x All About Chicken Pizza",,Flat Rs.200 off,2147.0,98.35,180.0,0.0,0.0,0.0,2065.35,,,,,,17.8,4.9,Correctly,,cd0f0ecb14549edad9cf70572e596e5dc7d9b014a68e246d29c0703707127329,3
20882652,Aura Pizzas,DLF Phase 1,Delhi NCR,6317806803,"07:59 PM, November 01 2024",Delivered,Zomato Delivery,7km,"1 x Jamaican Chicken Melt, 1 x Spinach Sumac Pide, 1 x Murgh Amritsari Seekh Pide",,Flat Rs.200 off,1217.0,51.85,180.0,0.0,0.0,0.0,1088.85,,,,,,16.32,6.4,Correctly,,33f45c24a0a0188b9be03c3f9bbd5b542f3e63f42dcb13f14179227a5c540e20,3
20882652,Aura Pizzas,DLF Phase 1,Delhi NCR,6317149777,"01:24 PM, November 01 2024",Delivered,Zomato Delivery,8km,"1 x Chilli Cheese Garlic Bread, 1 x Bageecha Pizza, 1 x Tipsy Tiger Ginger Ale",,,1036.05,51.8,0.0,0.0,0.0,0.0,1087.85,,,,,,16.48,1.7,Correctly,,36d4d6797287b658321f0dd3a344bfda734ea5da51a189eb30f93451cf0698e7,3
20882713,Swaad,DLF Phase 1,Delhi NCR,6340008938,"10:34 PM, November 09 2024",Delivered,Zomato Delivery,4km,"1 x AAC Fried Chicken Burger, 1 x Grilled Chicken Smoky BBQ Tangdi, 1 x Bone in Smoky Bbq Grilled Chicken",,Flat Rs.175 off,1595.0,71.0,175.0,0.0,0.0,0.0,1491.0,,,,,,30.0,0.2,Correctly,,24771907b27aad2aa1da5480512ad924afb290344668348428f6e41aca3d3ede,3
20882713,Swaad,DLF Phase 1,Delhi NCR,6339116624,"08:16 PM, November 08 2024",Delivered,Zomato Delivery,2km,"1 x Bone in Kabuli Grilled Chicken, 1 x Bone in Jamaican Grilled Chicken, 1 x Fried Chicken Classic Tender .",,Flat Rs.175 off,945.0,38.5,175.0,0.0,0.0,0.0,808.5,,,,,,28.43,2.9,Correctly,,80a612939fb8e7d637f1e3d29f5045294a00766d0a12e6821558323acd73c76a,3
20882713,Swaad,DLF Phase 1,Delhi NCR,6339915855,"07:56 PM, November 08 2024",Delivered,Zomato Delivery,2km,"1 x AAC Saucy Fries, 1 x Bone in Jamaican Grilled Chicken, 1 x Fried Chicken Classic Tender",Order: Pls give leg piece in chicken and pls do not put bell peppers or capsicum in side vegetables thanks,Flat Rs.175 off,1155.0,49.0,175.0,0.0,0.0,0.0,1029.0,,,,,,25.94,8.3,Correctly,,29666614749888c014c0dfc87718fd0999fc7c5deb20a3b6916d6e1c683f88bc,3
20882713,Swaad,DLF Phase 1,Delhi NCR,6336987433,"08:48 PM, November 07 2024",Delivered,Zomato Delivery,4km,"1 x Grilled Chicken Jamaican Tender ., 1 x Smoky BBQ Sauce, 1 x Animal Fries",,50% off upto Rs.100,725.0,31.25,100.0,0.0,0.0,0.0,656.25,,,,,,27.06,10.7,Correctly,,289c1c1af381f37a5cb246d4ebc588fc0130d968e789db908abcd0cf4c016129,3
20882713,Swaad,DLF Phase 1,Delhi NCR,6334363295,"02:42 PM, November 06 2024",Delivered,Zomato Delivery,3km,"1 x Grilled Chicken Jamaican Tender, 1 x Bone in Angara Grilled Chicken, 1 x Grilled Chicken Smoky BBQ Tender .",,Flat Rs.175 off,1040.0,43.25,175.0,0.0,0.0,0.0,908.25,,,,,,24.57,1.8,Correctly,,5afb2832e16eb3bcc51beaf83307d414135de0d153e4987982c45c9a710e4f6b,3
20882713,Swaad,DLF Phase 1,Delhi NCR,6327657732,"06:56 PM, November 04 2024",Delivered,Zomato Delivery,4km,"1 x Bone in Jamaican Grilled Chicken, 1 x Bone in Peri Peri Grilled Chicken ., 1 x Bone in Kabuli Grilled Chicken",,Flat Rs.175 off,1205.0,51.5,175.0,0.0,0.0,0.0,1081.5,,,,,,21.54,7.4,Incorrectly,,cd11d283ead584f11e5ec99aed2822d9ff4f9eb4267191f4bc4c797d75292114,3
20882713,Swaad,DLF Phase 1,Delhi NCR,6324418329,"08:50 PM, November 02 2024",Delivered,Zomato Delivery,6km,"1 x GhostBuster Sauce, 1 x Fried Chicken Ghostbuster Tender, 1 x Indian Pico De-Gallo",,40% off upto Rs.80,445.0,18.25,80.0,0.0,0.0,0.0,383.25,,,,,,15.59,6.5,Incorrectly,,a60e9f7fc52a859135753256a33fb24d0518e37753e4fb77aa4597488d81c612,3
20882713,Swaad,DLF Phase 1,Delhi NCR,6319958779,"02:29 PM, November 01 2024",Delivered,Zomato Delivery,4km,"1 x Jamaican Sauce, 1 x Peri Peri Fries ., 1 x Bone in Jamaican Grilled Chicken",,Flat Rs.175 off,834.0,32.95,175.0,0.0,0.0,0.0,691.95,,,,,,19.87,7.9,Correctly,,24771907b27aad2aa1da5480512ad924afb290344668348428f6e41aca3d3ede,3
20968206,Dilli Burger Adda,Greater Kailash 2 (GK2),Delhi NCR,6343881372,"02:17 AM, November 10 2024",Delivered,Zomato Delivery,2km,"1 x Korean Fried Chicken Burger, 1 x Fried Chicken Tenders, 1 x Dirty Saucy Chicken Loaded Fries .",,Flat Rs.125 off,910.0,31.79,125.0,0.0,78.5,70.65,667.64,,,,,,31.45,0.4,Correctly,,4bdf31e1d4f71eeb19a4ec46a7b96542050c87a6083bcb7833da51c7c2d3050a,3
20968206,Dilli Burger Adda,Greater Kailash 2 (GK2),Delhi NCR,6341687492,"09:24 PM, November 09 2024",Delivered,Zomato Delivery,1km,"1 x Chicken Smashed Burgers ., 1 x Peri Peri Fries, 1 x Classic Bacon Melt Tenderloin Burger .",,Flat Rs.125 off,1018.0,36.17,125.0,0.0,89.3,80.37,759.5,,,,,,26.55,3.7,Correctly,Poor taste or quality,d185644193d37fbf7f3a46897a6f7f204b8be12e0da96851b335d19be81174e4,3
21077127,Aura Pizzas,Sector 135,Delhi NCR,6341372352,"09:34 PM, November 10 2024",Delivered,Zomato Delivery,4km,"1 x Indian Pico De-Gallo, 1 x Tripple Cheese Pizza, 1 x Peri Peri Crisper Fries",,Flat Rs.100 off,808.0,35.4,100.0,0.0,0.0,0.0,743.4,,,,,,18.4,1.6,Correctly,,df8a1b9d267f86076f10c54f54d2f2a011e9d2737cc8d2e272a58eb011033e0d,3
21077127,Aura Pizzas,Sector 135,Delhi NCR,6335939543,"08:59 PM, November 07 2024",Delivered,Zomato Delivery,4km,"1 x Onion Rings, 1 x Peri Peri Paneer Pizza, 1 x Peri Peri Crisper Fries",,Flat Rs.100 off,1007.0,45.35,100.0,0.0,0.0,0.0,952.35,,,,,,17.53,0.3,Correctly,,d1ed4ea03245b87e6e27579ad4c8e622a2212ecca339e25d39b7da2cabe9f224,3
21077127,Aura Pizzas,Sector 135,Delhi NCR,6334000373,"07:26 PM, November 07 2024",Delivered,Zomato Delivery,16km,"1 x Cheesy Garlic Bread, 1 x Peri Peri Paneer Pizza, 1 x Malai Gud Pide",,50% off upto Rs.100,1077.0,48.85,100.0,0.0,0.0,0.0,1025.85,,,,,,17.42,1.3,Correctly,,74debf25237fe437cc90c28a258933fdd1f7681c210d0ff22b0e51403ad3d371,3
21077127,Aura Pizzas,Sector 135,Delhi NCR,6329699485,"02:02 PM, November 07 2024",Delivered,Zomato Delivery,2km,"1 x Peri Peri Chicken Melt, 1 x Chilli Cheese Garlic Bread, 1 x Margherita Pizza",,50% off upto Rs.100,1207.0,55.35,100.0,0.0,0.0,0.0,1162.35,5.0,,,,,21.07,3.5,Correctly,,013135e30653501a3447d17a5ee194580bafa44d43b0830e57bd0ab28c865162,3
21077127,Aura Pizzas,Sector 135,Delhi NCR,6330124453,"07:45 PM, November 06 2024",Delivered,Zomato Delivery,3km,"1 x Onion Rings, 1 x Bageecha Pizza, 1 x Mushroom Pizza",,,1516.0,75.8,0.0,0.0,0.0,0.0,1591.8,,,,,,13.58,1.0,Correctly,,5700c08c04b5e6522380b66dbb35b4b5d05e4b629114a3a0578148dac686a80f,3
21077127,Aura Pizzas,Sector 135,Delhi NCR,6318022544,"08:01 PM, November 05 2024",Delivered,Zomato Delivery,4km,"1 x Bageecha Pizza, 1 x Herbed Potato, 1 x Chilli Cheese Garlic Bread",,50% off upto Rs.100,1266.0,58.3,100.0,0.0,0.0,0.0,1224.3,,,,,,27.2,3.3,Correctly,,9e05c497124ce0926bf4652e7fba1185ff4a3fec15bee43f2565e2ec293ce968,3
21077127,Aura Pizzas,Sector 135,Delhi NCR,6332160670,"07:41 PM, November 05 2024",Delivered,Zomato Delivery,4km,"1 x All About Chicken Pizza, 1 x Murgh Amritsari Seekh Pizza, 1 x Masala Omelette Pide",,50% off upto Rs.100,1987.0,94.35,100.0,0.0,0.0,0.0,1981.35,,,,,,15.93,5.1,Correctly,,e79a9fd111fc9167d2e378b94f27bf87f9ef6653427be01f872c83ca7c3b7544,3
21077127,Aura Pizzas,Sector 135,Delhi NCR,6326614664,"08:16 PM, November 03 2024",Delivered,Zomato Delivery,4km,"1 x Bageecha Pizza, 1 x Indian Masala Cripser Fries, 1 x Chilli Cheese Garlic Bread",,Flat Rs.200 off,1257.0,53.85,180.0,0.0,0.0,0.0,1130.85,,,,,,14.85,0.8,Correctly,,0f9c3b8d87f3849fe3a6e33bbe685319ade185376005ecbc18c64ed9783fe438,3
21077127,Aura Pizzas,Sector 135,Delhi NCR,6327129581,"05:37 PM, November 03 2024",Delivered,Zomato Delivery,11km,"1 x Masala Paneer Pide, 1 x Mushroom Mozzarella Melt, 1 x Brocolli Onion Pizza",,Flat Rs.200 off,1317.0,56.85,180.0,0.0,0.0,0.0,1193.85,5.0,one pizza was sent incorrect. instad of broccoli i recvd onion capsicum,,,,13.35,0.7,Correctly,Wrong item(s) delivered,f1fbcf4837cbfbdc74d99cc12a6f118793bc2cda6a15027173c74c2b901837c6,3
21077127,Aura Pizzas,Sector 135,Delhi NCR,6325653241,"01:14 PM, November 03 2024",Delivered,Zomato Delivery,6km,"1 x Herbed Potato, 1 x Chilli Cheese Garlic Bread, 1 x Bageecha Pizza",,Flat Rs.100 off,1006.0,45.3,100.0,0.0,0.0,0.0,951.3,,,,,,14.75,2.4,Correctly,,3f2d2719c2da89e43b2f88dea980085233982b7778eaae19cc812add89bdc0af,3
21077127,Aura Pizzas,Sector 135,Delhi NCR,6324441841,"11:20 PM, November 02 2024",Delivered,Zomato Delivery,1km,"1 x Murgh Amritsari Garlic Bread, 1 x Jamaican Chicken Melt, 1 x Grilled Tangdis",,Flat Rs.200 off,1234.0,52.7,180.0,0.0,0.0,0.0,1106.7,,,,,,22.83,18.7,Correctly,,822eb6e50d908dcad7234cb34748231840dbb25b9ee19705ba61716d173dec03,3
21077127,Aura Pizzas,Sector 135,Delhi NCR,6324007101,"09:53 PM, November 02 2024",Delivered,Zomato Delivery,16km,"1 x Peri Peri Paneer Pizza, 1 x Margherita Pizza, 1 x Peri Peri Crisper Fries",,Flat Rs.200 off,1617.0,71.85,180.0,0.0,0.0,0.0,1508.85,,,,,,17.38,2.0,Correctly,,3a1f73655887e30787063b5baa3bf22db45ee15f2ea79bc7a59188962f2b0120,3
21077127,Aura Pizzas,Sector 135,Delhi NCR,6318371701,"08:22 PM, November 02 2024",Delivered,Zomato Delivery,6km,"1 x Murgh Amritsari Seekh Pizza, 1 x Bageecha Pizza, 1 x Makhani Paneer Pizza",,Flat Rs.200 off,1807.0,81.35,180.0,0.0,0.0,0.0,1708.35,,,,,,13.78,0.3,Correctly,,1d79d893b686c718289727ff53e7e6fe0901b545a3b74b8e3742d92238e8162b,3
21077127,Aura Pizzas,Sector 135,Delhi NCR,6320449374,"09:41 PM, November 01 2024",Delivered,Zomato Delivery,7km,"1 x Cheesy Garlic Bread, 1 x Masala Potato Pide, 1 x Makhani Paneer Pizza",,Flat Rs.200 off,1287.0,55.35,180.0,0.0,0.0,0.0,1162.35,,,,,,18.3,4.4,Correctly,,297e41ab74b693a9ed2ef6cf156f527dce1e836da838ef1520b957bc12868b8f,3
21077127,Aura Pizzas,Sector 135,Delhi NCR,6315776454,"08:22 PM, November 01 2024",Delivered,Zomato Delivery,<1km,"1 x Herbed Potato, 1 x Peri Peri Crisper Fries, 1 x Bageecha Pizza",,Flat Rs.200 off,1195.0,50.75,180.0,0.0,0.0,0.0,1065.75,,,,,,15.23,1.9,Correctly,,8be61e17a311cf11ad6651c72c5e547bee5a1d5ae1fded4b0da59e8a58031ed5,3
21077127,Aura Pizzas,Sector 135,Delhi NCR,6320681426,"06:13 PM, November 01 2024",Delivered,Zomato Delivery,3km,"1 x All About Chicken Pizza, 1 x Bageecha Pizza, 1 x Cheesy Garlic Bread",,Flat Rs.200 off,1897.0,85.85,180.0,0.0,0.0,0.0,1802.85,,,,,,18.73,10.1,Correctly,,6acb016fa38c9f813cf134bd92d2122572edc39ba1da1a81958f91a5afa3343d,3
21077127,Aura Pizzas,Sector 135,Delhi NCR,6317487911,"05:34 PM, November 01 2024",Delivered,Zomato Delivery,1km,"1 x Chilli Cheese Garlic Bread, 1 x All About Chicken Pizza, 1 x Peri Peri Paneer Pizza",,Flat Rs.200 off,1655.0,73.75,180.0,0.0,0.0,0.0,1548.75,,,,,,17.72,8.9,Correctly,,4a8289d491c5da20c882401a3725bc530e4e8fe7c86eb309fa93f0fc63c69b10,3
21173951,Aura Pizzas,Vasant Kunj,Delhi NCR,6317654963,"07:43 PM, November 04 2024",Delivered,Zomato Delivery,2km,"1 x Bageecha Pizza, 1 x Makhani Paneer Pizza, 1 x Bellpepper Onion Pizza",,,2416.0,120.8,0.0,0.0,0.0,0.0,2536.8,,,,,,23.63,1.0,Correctly,,ef0aa8d9e3242bc4375532376ed1950ef33edcc43b2a1c3aa814cedf595a127e,3
21173951,Aura Pizzas,Vasant Kunj,Delhi NCR,6325396015,"02:33 PM, November 03 2024",Delivered,Zomato Delivery,2km,"1 x Angara Paneer Melt, 1 x Bageecha Pizza, 1 x Harisa Mayo",,Flat Rs.200 off,1108.0,46.4,180.0,0.0,0.0,0.0,974.4,,,,,,15.88,1.3,Correctly,,581f6bcf5f8d55abaadf2f388c0efce59de8b45701a29d05083a206da368fe60,3
21173951,Aura Pizzas,Vasant Kunj,Delhi NCR,6310657831,"07:34 PM, November 01 2024",Delivered,Zomato Delivery,7km,"1 x Herbed Potato, 1 x Peri Peri Grilled Chicken Pizza, 1 x Bageecha Pizza",,Flat Rs.200 off,1366.0,59.3,180.0,0.0,0.0,0.0,1245.3,5.0,,,,,16.85,3.9,Incorrectly,,f660f5e3708e9ed5f5d89c46e76d3bb62f2745b28194a579106f7b55a6649288,3
21309083,Swaad,Shahdara,Delhi NCR,6343387535,"08:09 PM, November 09 2024",Delivered,Zomato Delivery,7km,"1 x Fried Chicken Ghostbuster Tender, 1 x Grilled Chicken Angara Tangdi, 1 x Fried Chicken Ghostbuster Tender",,,1420.0,71.0,0.0,0.0,0.0,0.0,1491.0,,,,,,19.25,0.5,Correctly,,71f7f27560c802cff04bd5f6725ab971b84b60bce1259ea9edb2e2e6cee53456,3
21309083,Swaad,Shahdara,Delhi NCR,6330765770,"03:13 PM, November 08 2024",Delivered,Zomato Delivery,10km,3 x Grilled Chicken Peri Peri Tender,,,1305.0,65.25,0.0,0.0,0.0,0.0,1370.25,,,,,,23.98,0.3,Correctly,,592fa2b48db63e7e28d6aa7cae283018342f6832f7537a6e5eefaa39eca18010,3
21309083,Swaad,Shahdara,Delhi NCR,6334725644,"02:43 PM, November 07 2024",Delivered,Zomato Delivery,1km,"1 x Animal Fries, 1 x Tipsy Tiger Fresh Lime Soda, 1 x AAC Grilled Chicken Burger .",,,1029.05,51.45,0.0,0.0,0.0,0.0,1080.5,5.0,,,,,21.25,2.8,Correctly,,e977ab7f782c5346983f78697763abb54db451a9e68538390d4ee2ff5b1e17d6,3
21309083,Swaad,Shahdara,Delhi NCR,6331625384,"04:21 PM, November 05 2024",Delivered,Zomato Delivery,1km,"1 x Animal Fries ., 2 x Garlic Aioli",,,475.0,23.75,0.0,0.0,0.0,0.0,498.75,,,,,,17.92,2.0,Correctly,,c9766608a38ef70ae70744bdce37142d9b233877dfbc26981ac73e611d2eddb4,3
21309083,Swaad,Shahdara,Delhi NCR,6299111254,"01:49 PM, November 04 2024",Delivered,Zomato Delivery,1km,"1 x Indian Pico De-Gallo, 2 x Animal Fries .",,,770.0,38.5,0.0,0.0,0.0,0.0,808.5,,,,,,20.42,6.2,Incorrectly,,430757c503328493d4962947abb273b5b2a2455d2c63c76068f41f9929edcc90,3
21309083,Swaad,Shahdara,Delhi NCR,6325240618,"12:18 PM, November 03 2024",Delivered,Zomato Delivery,<1km,"1 x Grilled Chicken Smoky BBQ Tender ., 1 x Fried Chicken Kabuli Tender ., 1 x Grilled Chicken Angara Tender .",,,945.0,47.25,0.0,0.0,0.0,0.0,992.25,,,,,,22.9,5.9,Correctly,,30105e64f4b681eac5e72cceb0418f9d45af61c11cd54d17242cf3fee00af9ac,3
21309083,Swaad,Shahdara,Delhi NCR,6315598573,"01:30 PM, November 02 2024",Delivered,Zomato Delivery,1km,"1 x Bone in Jamaican Grilled Chicken, 1 x Fried Chicken Ghostbuster Tender, 1 x Bone in Smoky Bbq Grilled Chicken",,Flat Rs.200 off,1815.0,81.75,180.0,0.0,0.0,0.0,1716.75,,,,,,25.05,4.9,Correctly,,979e1680c41fff9757b1ec623d02492d059043ea0802ddba26add13ea21ee4e7,3
21309083,Swaad,Shahdara,Delhi NCR,6317188950,"03:28 PM, November 01 2024",Delivered,Zomato Delivery,4km,"1 x GhostBuster Sauce, 1 x Bone in Jamaican Grilled Chicken, 1 x Fried Chicken Ghostbuster Tender",,Flat Rs.200 off,1105.0,46.25,180.0,0.0,0.0,0.0,971.25,,,,,,20.78,1.7,Correctly,,24ee2c2b8b9e035abaa07d4e4882d6f2e71490567626ee0ae5e8f6e12e120976,3
21350931,Tandoori Junction,DLF Phase 1,Delhi NCR,6337022871,"06:52 PM, November 07 2024",Delivered,Zomato Delivery,2km,"1 x Angara Boneless Grilled Chicken Breast, 1 x Chicken 65 Boneless Grilled Chicken Breast, 1 x Smoky BBQ Boneless Grilled Chicken Breast",,,2067.0,124.02,0.0,0.0,0.0,0.0,2191.02,,,,,,28.05,3.0,Correctly,,d66e9b9e322afa74ff7d3af827ffa21d7de03aca2653592091d9e7d75f60672c,3
20320607,Swaad,Sector 4,Delhi NCR,6372320133,"10:05 PM, November 20 2024",Delivered,Zomato Delivery,6km,"1 x Bone in Smoky Bbq Grilled Chicken, 1 x Peri Peri Crisper Fries, 1 x AAC Grilled Chicken Burger",,Flat Rs.175 off,884.0,35.45,175.0,0.0,0.0,0.0,744.45,,,,,,,1.1,Missed,,797c4003bab267761d2b2565519c1a736c036d1a8cdcd1c73f716849d996a5b6,3
20320607,Swaad,Sector 4,Delhi NCR,6349544757,"02:07 AM, November 18 2024",Delivered,Zomato Delivery,8km,"1 x Bone in Smoky Bbq Grilled Chicken, 1 x Grilled Chicken Peri Peri Tangdi, 1 x Bone in Angara Grilled Chicken",,Flat Rs.200 off,1255.0,52.75,200.0,0.0,0.0,0.0,1107.75,,,,,,21.17,0.1,Correctly,,f7148e378942b47140b2d68b70952a8e0b547c18cd9febdefffc5bb39c86f474,3
20320607,Swaad,Sector 4,Delhi NCR,6361080428,"09:33 PM, November 16 2024",Delivered,Zomato Delivery,3km,"1 x Grilled Chicken Peri Peri Tangdi, 1 x Grilled Chicken Peri Peri Tangdi, 1 x Grilled Chicken Jamaican Tender",,Flat Rs.200 off,1475.0,63.75,200.0,0.0,0.0,0.0,1338.75,,,,,,20.67,1.7,Correctly,,fd56d07da4d9937b3e25357aa4674141e8528a0b8ad55dc1f30ae692497d2f5c,3
20320607,Swaad,Sector 4,Delhi NCR,6362816020,"09:27 PM, November 16 2024",Delivered,Zomato Delivery,10km,"1 x Bone in Smoky Bbq Grilled Chicken, 1 x Grilled Chicken Peri Peri Tangdi, 1 x Bone in Angara Grilled Chicken",,,1805.0,90.25,0.0,0.0,0.0,0.0,1895.25,5.0,,,,,23.68,5.9,Correctly,,2aa6c4431c8330040d673a498d2b4da3324f2d9ae1333dbfe19b4c9fd0470fcc,3
20320607,Swaad,Sector 4,Delhi NCR,6362571718,"07:04 PM, November 16 2024",Delivered,Zomato Delivery,1km,"1 x Grilled Chicken Smoky BBQ Tender, 1 x Grilled Chicken Jamaican Tender, 1 x Fried Chicken Peri Peri Tender",,Flat Rs.200 off,1080.0,44.0,200.0,0.0,0.0,0.0,924.0,,,,,,27.55,10.3,Correctly,,29dc5e511973a1dbe86e034bd1f70c9ef8020e913b5579345d6dfb0aad79b67f,3
20320607,Swaad,Sector 4,Delhi NCR,6359439818,"08:13 PM, November 15 2024",Delivered,Zomato Delivery,3km,"1 x Fried Chicken Angara Tender, 1 x Salted Fries, 1 x Fried Chicken Peri Peri Tender",,Flat Rs.200 off,1089.0,44.45,200.0,0.0,0.0,0.0,933.45,,,,,,15.28,3.5,Incorrectly,,50dd746e3720c0a8cf0b9cbbef66f7e40492694fc42cca19ac58541c216e4e7c,3
20320607,Swaad,Sector 4,Delhi NCR,6355479404,"08:27 PM, November 14 2024",Delivered,Zomato Delivery,5km,"1 x Bone in Peri Peri Grilled Chicken, 1 x Garlic Aioli, 1 x Fried Chicken Classic Tender",,40% off upto Rs.80,1090.0,50.5,80.0,0.0,0.0,0.0,1060.5,,,,,,3.28,9.0,Incorrectly,,6bca3651d56657738c117690e82d0cb0debd1c83cd377e4ab466e25aebb513d0,3
20320607,Swaad,Sector 4,Delhi NCR,6348454914,"02:15 PM, November 14 2024",Delivered,Zomato Delivery,7km,"1 x Grilled Chicken Smoky BBQ Tangdi, 1 x Jamaican Sauce, 1 x Onion Rings",,50% off upto Rs.100,694.0,29.7,100.0,0.0,0.0,0.0,623.7,,,,,,19.85,2.6,Correctly,,1796cb85543cd2f06c9d62da093b1437ac80a924d2c0d33f4b81317c571c60cb,3
20320607,Swaad,Sector 4,Delhi NCR,6344156364,"09:25 PM, November 13 2024",Delivered,Zomato Delivery,2km,"1 x Grilled Chicken Smoky BBQ Tangdi, 1 x Tipsy Tiger Ginger Ale, 1 x Bone in Jamaican Grilled Chicken",,Flat Rs.175 off,1109.05,46.7,175.0,0.0,0.0,0.0,980.75,,,,,,19.15,1.0,Correctly,,cb516c20279b99c5a49f2458564e485d2cdf6c14913d99bd4d53b817bc745bc0,3
20320607,Swaad,Sector 4,Delhi NCR,6348830390,"12:25 AM, November 13 2024",Delivered,Zomato Delivery,6km,"1 x Fried Chicken Angara Tender, 1 x Fried Chicken Classic Tender, 1 x Grilled Chicken Jamaican Tender",,Flat Rs.175 off,960.0,39.25,175.0,0.0,0.0,0.0,824.25,,,,,,18.33,2.4,Correctly,,be1b0875931c0b9e62c89ae4bb7f0aedfd3883eef72f10957f3ae8852d1b611d,3
20320607,Swaad,Sector 4,Delhi NCR,6347406166,"04:34 PM, November 12 2024",Delivered,Zomato Delivery,3km,"1 x Bone in Kabuli Grilled Chicken, 1 x Grilled Chicken Tangdi Jamaican + Salted Krispers, 1 x Bone in Smoky Bbq Grilled Chicken",,Flat Rs.175 off,1650.0,73.75,175.0,0.0,0.0,0.0,1548.75,,,,,,26.0,14.0,Correctly,,d9019a7cfe74d6a310d1155f57da8ff0809c498b7e00e3471fb2b78a1da1353c,3
20554001,Swaad,Greater Kailash 2 (GK2),Delhi NCR,6368543337,"10:19 PM, November 20 2024",Delivered,Zomato Delivery,2km,"1 x AAC Grilled Paneer Burger, 1 x AAC Fried Chicken Burger, 1 x Kabuli Grilled Paneer (8 pcs)",,Flat Rs.150 off,1015.0,46.8,79.0,0.0,0.0,0.0,982.8,,,,,,40.25,20.9,Correctly,,aff68ccda94a0fb352012b34fcfc2f9860909e5d65ee3e8bf781a7210db4c9b3,3
20554001,Swaad,Greater Kailash 2 (GK2),Delhi NCR,6368206794,"11:36 PM, November 18 2024",Delivered,Zomato Delivery,6km,"1 x AAC Fried Chicken Burger, 1 x Peri Peri Crisper Fries, 1 x Fried Chicken Peri Peri Tender",,,1019.0,50.95,0.0,0.0,0.0,0.0,1069.95,,,,,,21.68,0.7,Correctly,,13cd1ebf29a1cd481e0b88c7340edc087fe6d88cc1053c6d0174afc6bdb1a840,3
20554001,Swaad,Greater Kailash 2 (GK2),Delhi NCR,6366154421,"01:40 AM, November 18 2024",Delivered,Zomato Delivery,1km,"1 x Raw Masala Lemon Shikanji, 1 x Animal Fries, 1 x Grilled Chicken Jamaican Tender",,,820.24,41.01,0.0,0.0,0.0,0.0,861.25,,,,,,18.17,0.5,Correctly,,cb5ea628002c2068cf023966946f7c99e697a8dc4eaa62568433dba535a34c5d,3
20554001,Swaad,Greater Kailash 2 (GK2),Delhi NCR,6363762990,"08:27 PM, November 17 2024",Delivered,Zomato Delivery,4km,"1 x Fried Chicken Peri Peri Tender, 1 x Grilled Chicken Jamaican Tender, 1 x Peri Peri Fries",,Flat Rs.200 off,1144.0,47.2,200.0,0.0,0.0,0.0,991.2,,,,,,23.22,4.0,Correctly,,fa0ac6783ffda40c683a86bbff6dbe4e6fdb5e410457392243c6c752e35cbed5,3
20554001,Swaad,Greater Kailash 2 (GK2),Delhi NCR,6358741950,"05:39 PM, November 17 2024",Delivered,Zomato Delivery,2km,"1 x Peri Peri Crisper Fries, 1 x Fried Chicken Peri Peri Tender, 1 x Grilled Chicken Jamaican Tender",,,1343.0,67.15,0.0,0.0,0.0,0.0,1410.15,,,,,,16.27,0.2,Correctly,,94c7f795e3c302390a3668a70ab5184d682ccdd1e3528920705c367339c86e0b,3
20554001,Swaad,Greater Kailash 2 (GK2),Delhi NCR,6365307068,"05:16 PM, November 17 2024",Delivered,Zomato Delivery,1km,"1 x Grilled Chicken Smoky BBQ Tangdi, 1 x Peri Peri Crisper Fries, 1 x Grilled Chicken Jamaican Tender",,Flat Rs.200 off,914.0,35.7,200.0,0.0,0.0,0.0,749.7,,,,,,22.82,1.3,Correctly,,50569695e3aaca4181314ce31b62d403372d92fccc5f94b8b07f41d384597677,3
20554001,Swaad,Greater Kailash 2 (GK2),Delhi NCR,6360957533,"01:34 PM, November 16 2024",Delivered,Zomato Delivery,1km,"1 x Bone in Jamaican Grilled Chicken, 1 x Bone in Peri Peri Grilled Chicken, 1 x AAC Special Slaw",,Flat Rs.200 off,998.0,39.9,200.0,0.0,0.0,0.0,837.9,,,,,,21.48,1.7,Correctly,,605a080a0ada9fec8b6be3a586c73817f079827f6adcede346323f658b13e008,3
20554001,Swaad,Greater Kailash 2 (GK2),Delhi NCR,6350845592,"01:20 AM, November 16 2024",Delivered,Zomato Delivery,4km,"1 x AAC Saucy Fries, 1 x Bone in Peri Peri Grilled Chicken, 1 x Grilled Chicken Jamaican Tender",,Flat Rs.200 off,895.0,34.75,200.0,0.0,0.0,0.0,729.75,5.0,,,,,19.35,0.2,Correctly,,da0122a9cc545f6419ec7a8d5757f16d08a30168a226f40f3b4efc782620f2b5,3
20554001,Swaad,Greater Kailash 2 (GK2),Delhi NCR,6354929632,"10:22 PM, November 14 2024",Delivered,Zomato Delivery,4km,"1 x Bone in Kabuli Grilled Chicken, 1 x AAC Signature Crisper Fries, 1 x Bone in Peri Peri Grilled Chicken",,,1429.0,71.45,0.0,0.0,0.0,0.0,1500.45,,,,,,23.78,0.4,Correctly,,cb4adea0d16408ff6392235e7d599ec65e5fbff9e3c02d9c4d660a21d9112c04,3
20554001,Swaad,Greater Kailash 2 (GK2),Delhi NCR,6344796879,"08:05 PM, November 13 2024",Delivered,Zomato Delivery,4km,"1 x Bone in Kabuli Grilled Chicken, 1 x Bone in Jamaican Grilled Chicken, 1 x Animal Fries",,Flat Rs.125 off,1525.0,72.25,80.0,0.0,0.0,0.0,1517.25,,,,,,28.9,6.0,Correctly,,21624d146c4024b0c338bcf86824b4f17a0bffc3f4b45131a81fb7ef752f1232,3
20554001,Swaad,Greater Kailash 2 (GK2),Delhi NCR,6350330044,"08:00 PM, November 13 2024",Delivered,Zomato Delivery,1km,"1 x Bone in Jamaican Grilled Chicken, 2 x Animal Fries",,,1500.0,75.0,0.0,0.0,0.0,0.0,1575.0,,,,,,31.05,9.1,Correctly,,7bd3fdefee485271cdc0d2cc0e2fef3b3c145c27d273fe63c6de001ff3e7d8d0,3
20554001,Swaad,Greater Kailash 2 (GK2),Delhi NCR,6339286773,"10:32 PM, November 12 2024",Delivered,Zomato Delivery,4km,"1 x Grilled Chicken Jamaican Tender, 1 x Salted Fries, 1 x Bone in Jamaican Grilled Chicken",,Flat Rs.150 off,1524.0,72.25,79.0,0.0,0.0,0.0,1517.25,,,,,,26.5,0.4,Correctly,,011ce568a7667d505ec85d058beb76cdfdadfdc55dfa32ca382bd8b86e5223dd,3
20554001,Swaad,Greater Kailash 2 (GK2),Delhi NCR,6349079962,"08:43 PM, November 11 2024",Delivered,Zomato Delivery,1km,"1 x Fried Chicken Ghostbuster Tender, 1 x Grilled Chicken Peri Peri Tender, 1 x Grilled Chicken Jamaican Tangdi",,Flat Rs.125 off,1395.0,65.75,80.0,0.0,0.0,0.0,1380.75,,,,,,16.5,0.3,Correctly,,6be9b7c6617c17ca646a6044684616c1125ebfbc3ae62e715aec25a1dfff5e85,3
20635699,Aura Pizzas,Greater Kailash 2 (GK2),Delhi NCR,6373516309,"07:35 PM, November 20 2024",Delivered,Zomato Delivery,2km,"1 x Angara Paneer Melt, 1 x Chilli Cheese Garlic Bread, 1 x Bageecha Pizza",,50% off upto Rs.100,1567.0,73.35,100.0,0.0,0.0,0.0,1540.35,,,,,,19.9,0.5,Correctly,,c80d936e5e94fc6672965e9f08eae46c1ed33d9ea8e9810a73d58165ae3f3f91,3
20635699,Aura Pizzas,Greater Kailash 2 (GK2),Delhi NCR,6367671570,"03:27 AM, November 19 2024",Delivered,Zomato Delivery,14km,"1 x Malai Gud Pide, 1 x Harisa Mayo, 1 x Herbed Potato",,,527.0,26.35,0.0,0.0,0.0,0.0,553.35,,,,,,15.55,1.0,Correctly,,407c6280533e9ec9d53961ec611762936966c902da04deed88178487d6b6b72a,3
20635699,Aura Pizzas,Greater Kailash 2 (GK2),Delhi NCR,6360980190,"08:38 PM, November 17 2024",Delivered,Zomato Delivery,3km,"2 x Peri Peri Crisper Fries, 1 x Makhani Paneer Pizza",,Flat Rs.200 off,977.0,38.85,200.0,0.0,0.0,0.0,815.85,,,,,,18.52,0.6,Correctly,,5b6967ca844033ee941190231d957dc6a8477899a9aa7359c93d7b9aee44fd99,3
20635699,Aura Pizzas,Greater Kailash 2 (GK2),Delhi NCR,6357040945,"06:36 PM, November 17 2024",Delivered,Zomato Delivery,1km,"1 x Bageecha Pizza, 1 x Margherita Pizza, 1 x Jamaican Chicken Melt",,Flat Rs.200 off,1727.0,76.35,200.0,0.0,0.0,0.0,1603.35,,,,,,22.83,0.6,Correctly,,b0181d7f2633d7276fbb6f7d788239745ce4a7c00ad915e6b2f9d0539bcc10ee,3
20635699,Aura Pizzas,Greater Kailash 2 (GK2),Delhi NCR,6355586067,"08:56 PM, November 16 2024",Delivered,Zomato Delivery,6km,"1 x Just Pepperoni Pizza, 1 x Margherita Pizza, 1 x Tripple Cheese Pizza",,,1687.0,84.35,0.0,0.0,0.0,0.0,1771.35,,,,,,24.67,2.1,Correctly,,3c04153f8be9ca1333cc1a49176125c17ca6fea328261e69870f0299ddf166a2,3
20635699,Aura Pizzas,Greater Kailash 2 (GK2),Delhi NCR,6361961137,"07:49 PM, November 16 2024",Delivered,Zomato Delivery,4km,"1 x Mushroom Pizza, 1 x Makhani Paneer Pizza, 1 x Bageecha Pizza",,Flat Rs.200 off,1987.0,89.35,200.0,0.0,0.0,0.0,1876.35,,,,,,23.47,1.4,Correctly,,d3658e110131ed905dbe6d29f14a310955ec69b853ea5277f9b347d1e8f9668b,3
20635699,Aura Pizzas,Greater Kailash 2 (GK2),Delhi NCR,6343658454,"01:56 PM, November 16 2024",Delivered,Zomato Delivery,10km,"1 x All About Chicken Pizza, 1 x Fried Chicken Strips, 1 x Peri Peri Crisper Fries",,Flat Rs.200 off,1096.0,44.8,200.0,0.0,0.0,0.0,940.8,,,,,,21.97,0.4,Correctly,,92650a9c10c3ed0def703bb068e0c4123f685016d4b290684bc49f65b4040cb3,3
20635699,Aura Pizzas,Greater Kailash 2 (GK2),Delhi NCR,6359643653,"01:18 AM, November 16 2024",Delivered,Zomato Delivery,2km,"2 x Salted Crisper Fries, 1 x Indian Masala Cripser Fries",,50% off upto Rs.100,557.0,22.85,100.0,0.0,0.0,0.0,479.85,,,,,,14.6,5.2,Incorrectly,,0f5f1dc93fde897612170ea4faa193695fdac02455a4688209f322095f1123a7,3
20635699,Aura Pizzas,Greater Kailash 2 (GK2),Delhi NCR,6357503387,"12:48 AM, November 16 2024",Delivered,Zomato Delivery,14km,"1 x Jamaican Chicken Melt, 1 x Just Pepperoni Pizza, 1 x Herbed Potato",,Flat Rs.200 off,1276.0,53.8,200.0,0.0,0.0,0.0,1129.8,,,,,,27.08,8.3,Correctly,,ded0c941145921fb0b13d9caabd264393b659eb2b998b4113862a6b1c876fb9a,3
20635699,Aura Pizzas,Greater Kailash 2 (GK2),Delhi NCR,6357198520,"11:35 PM, November 15 2024",Delivered,Zomato Delivery,3km,"1 x Desi Chicken Pepperoni Pizza, 1 x Murgh Amritsari Seekh Pizza, 1 x Bacon Pepperoni Melt",,Buy 1 Get 1 - ₹609.00,1228.0,61.4,0.0,0.0,0.0,0.0,1289.4,,,,,,19.1,0.3,Correctly,,f9cbaffb8fb71967171555d154e58e919d1014181b10fb6987af81b5e4fd4964,3
20635699,Aura Pizzas,Greater Kailash 2 (GK2),Delhi NCR,6355947540,"08:10 PM, November 14 2024",Delivered,Zomato Delivery,1km,"1 x Chilli Cheese Garlic Bread, 1 x Herbed Potato, 1 x Mushroom Mozzarella Melt",,50% off upto Rs.100,915.0,40.75,100.0,0.0,0.0,0.0,855.75,,,,,,25.73,6.7,Correctly,,f6861177604882f72e5af2fc9d4c9810dfdeb9c6e23bbed093dd16fbb4efa9f3,3
20635699,Aura Pizzas,Greater Kailash 2 (GK2),Delhi NCR,6352562091,"07:01 PM, November 14 2024",Delivered,Zomato Delivery,9km,"1 x Chilli Cheese Garlic Bread, 1 x Bageecha Pizza, 1 x Makhani Paneer Pizza",,50% off upto Rs.100,1437.0,66.85,100.0,0.0,0.0,0.0,1403.85,,,,,,16.17,0.6,Correctly,,83c52bb95feac974762e0d1a796f980752c5ff51b9380f51c110b62b2e6deec9,3
20635699,Aura Pizzas,Greater Kailash 2 (GK2),Delhi NCR,6350766523,"10:14 PM, November 13 2024",Delivered,Zomato Delivery,1km,"1 x All About Chicken Pizza, 1 x Peri Peri Crisper Fries, 1 x Bacon Pepperoni Melt",,,1457.0,72.85,0.0,0.0,0.0,0.0,1529.85,,,,,,29.15,9.2,Correctly,,6efd687778bf01ed924cc5a21c6f3e097bc52a0916fcf85523d0d66394e7caa8,3
20635699,Aura Pizzas,Greater Kailash 2 (GK2),Delhi NCR,6350293026,"03:58 AM, November 13 2024",Delivered,Zomato Delivery,11km,"1 x Peanut Butter Chocolate Pide, 1 x Bageecha Pizza, 1 x Chilli Cheese Garlic Bread",,50% off upto Rs.100,1357.0,62.85,100.0,0.0,0.0,0.0,1319.85,,,,,,10.52,0.3,Correctly,,78792db2175fea9a59f7b5a3d1e9245fc1a8bbe8585831f0c7d3f41f074844f2,3
20635699,Aura Pizzas,Greater Kailash 2 (GK2),Delhi NCR,6351338350,"09:41 PM, November 12 2024",Delivered,Zomato Delivery,2km,"1 x Tripple Cheese Pizza, 1 x Indian Masala Cripser Fries, 1 x Garlic Aioli",,50% off upto Rs.100,808.0,35.4,100.0,0.0,0.0,0.0,743.4,,,,,,14.85,6.2,Incorrectly,,293bf9dc9a1694cb0dd4d03f73c07f7f6b25698f100de824474e170ea81228cb,3
20635699,Aura Pizzas,Greater Kailash 2 (GK2),Delhi NCR,6350710548,"09:19 PM, November 12 2024",Delivered,Zomato Delivery,4km,"1 x Herbed Potato, 1 x Just Pepperoni Pizza, 1 x Mutton Seekh Pide",,Flat Rs.100 off,1196.0,54.8,100.0,0.0,0.0,0.0,1150.8,5.0,,,,,20.85,2.7,Correctly,,d4901bc78b08d9a91304a2a4e8cee8879466c65e219165ba734b5b343646781f,3
20635699,Aura Pizzas,Greater Kailash 2 (GK2),Delhi NCR,6345222241,"07:19 PM, November 11 2024",Delivered,Zomato Delivery,6km,"1 x Bageecha Pizza, 1 x Peri Peri Paneer Pizza, 1 x Cheesy Garlic Bread",,,1417.0,70.85,0.0,0.0,0.0,0.0,1487.85,,,,,,17.3,7.2,Correctly,,147effbde57e5c0a9fddec079091f011e05d7e1e84ba0ebebc20a315170c9d11,3
20635699,Aura Pizzas,Greater Kailash 2 (GK2),Delhi NCR,6347190763,"03:44 PM, November 11 2024",Delivered,Zomato Delivery,1km,"1 x Murgh Amritsari Garlic Bread, 1 x All About Chicken Pizza, 1 x Malai Gud Pide",,50% off upto Rs.100,1207.0,55.35,100.0,0.0,0.0,0.0,1162.35,,,,,,23.67,0.3,Correctly,,afdd2ff7ab3fdc06eee538e0de787ea7fc8826383303260e0334bde3deaf9c6d,3
20635699,Aura Pizzas,Greater Kailash 2 (GK2),Delhi NCR,6340847870,"11:19 AM, November 11 2024",Delivered,Zomato Delivery,5km,"1 x Peri Peri Grilled Chicken Pizza, 1 x Murgh Amritsari Garlic Bread, 1 x Bacon Pepperoni Melt",,50% off upto Rs.100,1507.0,70.35,100.0,0.0,0.0,0.0,1477.35,,,,,,23.35,10.3,Correctly,,f54eac5f81a232cc90a948d13877bd001d5f4171dc4c6556dfe7ffdbb9866a73,3
20659868,Aura Pizzas,Sector 4,Delhi NCR,6371105448,"02:31 PM, November 20 2024",Delivered,Zomato Delivery,8km,"1 x Masala Potato Pide, 1 x Makhani Paneer Pizza, 1 x Bageecha Pizza",,Flat 15% off,1726.0,73.36,258.9,0.0,0.0,0.0,1540.46,,,,,,30.57,8.2,Correctly,,b893d08c4c6ec28fdb2a3a4a17c126c9a39d67d7b4c8c43d3c7f6245b0d40b70,3
20659868,Aura Pizzas,Sector 4,Delhi NCR,6364458565,"06:43 PM, November 19 2024",Delivered,Zomato Delivery,4km,"1 x Murgh Amritsari Garlic Bread, 1 x Cheesy Garlic Bread, 1 x Margherita Pizza",,Flat Rs.125 off,987.0,44.35,100.0,0.0,0.0,0.0,931.35,,,,,,13.18,2.0,Correctly,,4bc202185709e16a3b76aeca50546b8d5d675d6761d0162d5d1a22b437871a1d,3
20659868,Aura Pizzas,Sector 4,Delhi NCR,6366101942,"05:03 PM, November 19 2024",Delivered,Zomato Delivery,12km,"1 x Margherita Pizza, 1 x Mushroom Mozzarella Melt, 1 x Cheesy Garlic Bread",,Flat Rs.125 off,1337.0,61.85,100.0,0.0,0.0,0.0,1298.85,,,,,,20.83,11.5,Correctly,,a16f56ab9884b4e765a25d5ecc131201e550609fb04fa4b015871f947048cba9,3
20659868,Aura Pizzas,Sector 4,Delhi NCR,6365594887,"08:27 PM, November 18 2024",Delivered,Zomato Delivery,3km,"2 x Peri Peri Crisper Fries, 1 x Just Pepperoni Pide",,,797.0,39.85,0.0,0.0,0.0,0.0,836.85,,,,,,15.57,11.7,Incorrectly,,e5be9235f9105729221e9b42738a8b2f81b97ff4fdd4fd86147402512c393b3d,3
20659868,Aura Pizzas,Sector 4,Delhi NCR,6366173687,"08:03 PM, November 18 2024",Delivered,Zomato Delivery,7km,"1 x Bageecha Pizza, 1 x Murgh Amritsari Garlic Bread, 1 x Murgh Amritsari Seekh Melt",,Flat Rs.125 off,1367.0,63.35,100.0,0.0,0.0,0.0,1330.35,,,,,,24.73,7.1,Correctly,,dbc347020b6791309da16c8ab87a5d227a332253029a270407978dd5b1787a79,3
20659868,Aura Pizzas,Sector 4,Delhi NCR,6366805518,"11:18 PM, November 17 2024",Delivered,Zomato Delivery,6km,"1 x Desi Chicken Pepperoni Pizza, 1 x Murgh Amritsari Garlic Bread, 1 x All About Chicken Pizza",,Flat 15% off,1606.0,68.26,240.9,0.0,0.0,0.0,1433.36,5.0,,,,,16.92,0.2,Correctly,,a9eec94f4b5abac2079ea26d789e1036966ee9ef99b011baaafbe67a8a385d46,3
20659868,Aura Pizzas,Sector 4,Delhi NCR,6358748889,"02:36 PM, November 17 2024",Delivered,Zomato Delivery,7km,"1 x Salted Crisper Fries, 1 x Harisa Mayo, 1 x Murgh Amritsari Seekh Pizza",,Flat Rs.200 off,947.0,37.35,200.0,0.0,0.0,0.0,784.35,,,,,,14.43,4.3,Correctly,,f89ca9d953a2998f29c8dd387dbc22a17fb8405c47e15fee574b4217d41b498a,3
20659868,Aura Pizzas,Sector 4,Delhi NCR,6359663881,"09:57 PM, November 16 2024",Delivered,Zomato Delivery,9km,"1 x All About Chicken Pizza, 2 x Herbed Potato",,,1034.0,51.7,0.0,0.0,0.0,0.0,1085.7,,,,,,16.0,1.4,Correctly,,38ebcdfade9c02bbd8a566f41875f85fb0b938026df87450adfb1bb57bab3e57,3
20659868,Aura Pizzas,Sector 4,Delhi NCR,6361931779,"09:03 PM, November 16 2024",Delivered,Zomato Delivery,6km,"1 x Bageecha Pizza, 1 x Salted Crisper Fries, 1 x OG Cheese Pide",,Flat Rs.200 off,1127.0,46.35,200.0,0.0,0.0,0.0,973.35,,,,,,11.43,6.5,Incorrectly,,d5b54cf38645d997ac4a13bb0b09ab9e6c8b0fcfa2efecaf0a3c748e14452f57,3
20659868,Aura Pizzas,Sector 4,Delhi NCR,6354915411,"11:38 PM, November 15 2024",Delivered,Zomato Delivery,3km,"1 x Masala Paneer Pide, 1 x Just Pepperoni Pide, 1 x Tipsy Tiger Fresh Lime Soda",,Buy 1 Get 1 - ₹379.00,578.05,28.9,0.0,0.0,0.0,0.0,606.95,,,,,,21.07,5.8,Incorrectly,,39079d591122e7cab51a1d0f40109a461a40414d4412dab21c6d61a7e27e5567,3
20659868,Aura Pizzas,Sector 4,Delhi NCR,6359970361,"10:26 PM, November 15 2024",Delivered,Zomato Delivery,5km,"1 x Murgh Amritsari Seekh Pide, 1 x Pepperoni Garlic Bread, 1 x Jamaican Chicken Melt",,Buy 1 Get 1 - ₹349.00,817.0,40.85,0.0,0.0,0.0,0.0,857.85,,,,,,17.07,2.7,Correctly,,d3034d1aec6439eb88ee5f89a8c84781308128c7c017c73bdf1c531797d39d07,3
20659868,Aura Pizzas,Sector 4,Delhi NCR,6351319667,"08:39 PM, November 13 2024",Delivered,Zomato Delivery,1km,"1 x All About Chicken Pizza, 1 x Bageecha Pizza, 1 x Murgh Amritsari Seekh Melt",,Flat 15% off,2216.0,94.18,332.4,0.0,0.0,0.0,1977.78,,,,,,22.08,5.1,Correctly,,ab6b6838cd819fa8625f5db92beb214dde1f1bfafb01ea12c066cb1b8f9271da,3
20659868,Aura Pizzas,Sector 4,Delhi NCR,6353089032,"08:06 PM, November 13 2024",Delivered,Zomato Delivery,6km,"1 x Jamaican Chicken Melt, 1 x Pepperoni Garlic Bread, 1 x Murgh Amritsari Garlic Bread",,Flat Rs.125 off,1047.0,47.35,100.0,0.0,0.0,0.0,994.35,,,,,,22.27,6.4,Correctly,,4fceca2df1f6728fe2e26c8ba3ca3a17a10d4a4a0c387356fefd918f332f0eeb,3
20659868,Aura Pizzas,Sector 4,Delhi NCR,6352771713,"04:12 PM, November 13 2024",Delivered,Zomato Delivery,10km,"1 x Peri Peri Crisper Fries, 1 x Onion Rings, 1 x Margherita Pizza",,,1077.0,53.85,0.0,0.0,0.0,0.0,1130.85,,,,,,12.72,1.1,Correctly,,fd36dbe0906062cf879a4d91895dc681233707d96cac11a4e2a655d531130a2a,3
20659868,Aura Pizzas,Sector 4,Delhi NCR,6349815830,"02:37 PM, November 12 2024",Delivered,Zomato Delivery,1km,"1 x Bageecha Pizza, 1 x Onion Rings, 1 x Harisa Mayo",,Flat Rs.125 off,888.0,39.4,100.0,0.0,0.0,0.0,827.4,,,,,,9.13,1.7,Correctly,,d5880d40bd04398e90698a6d4bd5eacc562872c0baf9c9fd572a08258443ec67,3
20659868,Aura Pizzas,Sector 4,Delhi NCR,6342180689,"06:58 PM, November 11 2024",Delivered,Zomato Delivery,7km,"1 x Tipsy Tiger Ginger Ale, 1 x Cheesy Garlic Bread, 1 x Bellpepper Onion Pizza",,Flat Rs.125 off,1285.05,59.25,100.0,0.0,0.0,0.0,1244.3,,,,,,13.97,1.6,Correctly,,af2f30d3e881180a9231b0af7305e8d8e3738ab59e3fba77ef9d4c3afa5e98ba,3
20659868,Aura Pizzas,Sector 4,Delhi NCR,6337406868,"12:16 AM, November 11 2024",Delivered,Zomato Delivery,2km,"1 x Fried Chicken Strips, 1 x Murgh Amritsari Garlic Bread, 1 x Jamaican Chicken Melt",,,1154.0,57.7,0.0,0.0,0.0,0.0,1211.7,,,,,,29.45,11.3,Correctly,,8948290f185badb761c44c7f24835656e3fe06ada00057c1ec62f8fa7caf7928,3
20882652,Aura Pizzas,DLF Phase 1,Delhi NCR,6359195470,"11:18 PM, November 18 2024",Delivered,Zomato Delivery,13km,"1 x Bageecha Pizza, 1 x Chilli Cheese Garlic Bread, 1 x Peri Peri Crisper Fries",,50% off upto Rs.100,1257.0,57.85,100.0,0.0,0.0,0.0,1214.85,,,,,,16.08,2.1,Correctly,,9de9e29d9c81ee3f2df81588c616d2563c63f29629402ebeccade5c56dc1b83a,3
20882652,Aura Pizzas,DLF Phase 1,Delhi NCR,6364840800,"08:02 PM, November 17 2024",Delivered,Zomato Delivery,2km,"1 x Bageecha Pizza, 1 x Tripple Cheese Pizza, 1 x Jamaican Chicken Melt",,50% off upto Rs.100,1627.0,76.35,100.0,0.0,0.0,0.0,1603.35,,,,,,18.27,1.9,Correctly,,7f04e4661bcaaaa5198156321f8359ac8581fbcc12271a1e563e8cb36b6aa82c,3
20882652,Aura Pizzas,DLF Phase 1,Delhi NCR,6363977588,"12:58 AM, November 17 2024",Delivered,Zomato Delivery,7km,"1 x Makhani Paneer Pizza, 1 x Murgh Amritsari Seekh Pizza, 1 x All About Chicken Pizza",,50% off upto Rs.100,2047.0,97.35,100.0,0.0,0.0,0.0,2044.35,,,,,,20.6,0.6,Correctly,,a63f9c2cc6f4e176fe2fe9502a88f514e7483a11dca47adb396ee1234ae142f9,3
20882652,Aura Pizzas,DLF Phase 1,Delhi NCR,6359648328,"08:17 PM, November 16 2024",Delivered,Zomato Delivery,16km,"1 x Makhani Paneer Pizza, 1 x Masala Paneer Pide, 1 x Peri Peri Chicken Melt",,,1387.0,69.35,0.0,0.0,0.0,0.0,1456.35,,,,,,20.42,0.4,Correctly,,69e1eb57cd95df9e370162e56c495b98eaf4b27fae0b439e16f1bbd3917ecf71,3
20882652,Aura Pizzas,DLF Phase 1,Delhi NCR,6353915031,"12:08 AM, November 14 2024",Delivered,Zomato Delivery,5km,"1 x Grilled Tangdis, 1 x Murgh Amritsari Seekh Melt, 1 x Fried Chicken Strips",,Flat Rs.100 off,996.0,44.8,100.0,0.0,0.0,0.0,940.8,,,,,,23.18,1.4,Correctly,Non-refunded complaint,ef7065db0a8bf778dcbd0cf14c7d68c4cf442090dbc79f9b941b273bd5a2087a,3
20882652,Aura Pizzas,DLF Phase 1,Delhi NCR,6353104330,"10:42 PM, November 13 2024",Delivered,Zomato Delivery,8km,"1 x Makhani Paneer Pizza, 1 x Just Pepperoni Pide, 1 x Bageecha Pizza",,,1656.0,82.8,0.0,0.0,0.0,0.0,1738.8,,,,,,19.92,2.2,Correctly,,8d293f8f75e80de5445372b713e4468ca98582fab9995cfc8812bc4e833e9bc8,3
20882652,Aura Pizzas,DLF Phase 1,Delhi NCR,6353942123,"07:31 PM, November 13 2024",Delivered,Zomato Delivery,10km,"1 x Makhani Paneer Pizza, 1 x Malai Gud Pide, 1 x Masala Paneer Pide",,,1327.0,66.35,0.0,0.0,0.0,0.0,1393.35,,,,,,23.43,14.4,Correctly,,28453f67df307a9992bead47c8c54f818f2d0ee7a077c123aaf026e5f6727ca9,3
20882652,Aura Pizzas,DLF Phase 1,Delhi NCR,6339916537,"07:27 PM, November 12 2024",Delivered,Zomato Delivery,4km,"1 x Herbed Potato, 1 x Makhani Paneer Pizza, 1 x Bageecha Pizza",,,1496.0,74.8,0.0,0.0,0.0,0.0,1570.8,,,,,,27.0,10.8,Correctly,,c55ab5f26bd356dd7681489bd4591549df4d9fd8d6b8b2658bb74b4649b14761,3
20882652,Aura Pizzas,DLF Phase 1,Delhi NCR,6347312870,"01:08 AM, November 12 2024",Delivered,Zomato Delivery,2km,"1 x Herbed Potato, 1 x Makhani Paneer Pizza, 1 x Malai Gud Pide",,,986.0,49.3,0.0,0.0,0.0,0.0,1035.3,,,,,,21.38,11.4,Correctly,,bf06f67cc21229d1fb0df5eea378331885c5a55909c938fd4763c1c64ab0e718,3
20882713,Swaad,DLF Phase 1,Delhi NCR,6373965195,"09:12 PM, November 20 2024",Delivered,Zomato Delivery,3km,"1 x Bone in Jamaican Grilled Chicken, 1 x AAC Special Slaw, 1 x Bone in Peri Peri Grilled Chicken",,Flat Rs.175 off,1378.0,60.15,175.0,0.0,0.0,0.0,1263.15,,,,,,23.2,0.4,Correctly,,d7acfb8ef0f80c1dbfa0fa5bd47557be2fa59b9759490c4b432b2b69cbde0253,3
20882713,Swaad,DLF Phase 1,Delhi NCR,6365296131,"11:30 PM, November 19 2024",Delivered,Zomato Delivery,4km,"1 x AAC Saucy Fries, 2 x Fried Chicken Angara Tender",,Buy 1 Get 1 - ₹460.00,735.0,36.75,0.0,0.0,0.0,0.0,771.75,,,,,,23.1,2.2,Correctly,,242f73a0c1f36650dc24a4b2d061e62a028a71b0487b87b5adbb580258df6898,3
20882713,Swaad,DLF Phase 1,Delhi NCR,6366719029,"08:18 PM, November 18 2024",Delivered,Zomato Delivery,3km,"1 x Bone in Jamaican Grilled Chicken, 1 x Bone in Angara Grilled Chicken, 1 x Bone in Peri Peri Grilled Chicken",,Flat Rs.175 off,1205.0,51.5,175.0,0.0,0.0,0.0,1081.5,,,,,,28.27,6.6,Incorrectly,,15fa562758fd2b43576a5b899a1be3fe26a3a8b3019778705d2b0de0a4adacbd,3
20882713,Swaad,DLF Phase 1,Delhi NCR,6353296777,"10:58 PM, November 16 2024",Delivered,Zomato Delivery,6km,"1 x Raw Masala Lemon Shikanji, 1 x Bone in Kabuli Grilled Chicken, 1 x Garlic Aioli",,Flat Rs.175 off,850.24,33.76,175.0,0.0,0.0,0.0,709.0,,,,,,17.37,9.1,Correctly,,f6c69679399abe05558836eabb4ae8aa51377e05cb3336551da35fcad3775cf5,3
20882713,Swaad,DLF Phase 1,Delhi NCR,6350209275,"08:39 PM, November 16 2024",Delivered,Zomato Delivery,2km,"1 x Bone in Angara Grilled Chicken, 1 x Bone in Jamaican Grilled Chicken, 1 x Bone in Peri Peri Grilled Chicken",Order: Please send leg pc and thigh pc only. Thank you,50% off upto Rs.100,930.0,41.5,100.0,0.0,0.0,0.0,871.5,,,,,,24.42,4.4,Correctly,,f636f5963e835d5a742d8b845608305bcafd1c0eb48ede83a8024aef99a11111,3
20882713,Swaad,DLF Phase 1,Delhi NCR,6357017703,"07:41 PM, November 14 2024",Delivered,Zomato Delivery,9km,"1 x Angara Aloo Tuk Tuki, 1 x Tipsy Tiger Fresh Lime Soda, 1 x Onion Bombs",,Flat Rs.80 off,435.05,17.75,80.0,0.0,0.0,0.0,372.8,,,,,,31.65,16.7,Correctly,,76d62fda10b6310abf89aac15f7f3fab1cc4fd7ac865b9878b3e67fe17a3ec53,3
21077127,Aura Pizzas,Sector 135,Delhi NCR,6371478439,"07:30 PM, November 20 2024",Delivered,Zomato Delivery,6km,"1 x Murgh Amritsari Seekh Melt, 1 x Margherita Pizza, 1 x Bageecha Pizza",,,2063.0,103.15,0.0,0.0,0.0,0.0,2166.15,,,,,,16.15,10.0,Correctly,,e0b06e0d07a223c86b7f61f348c3aa72a56d3b4ff59d7a7231e7508ff4f20384,3
21077127,Aura Pizzas,Sector 135,Delhi NCR,6372088570,"05:43 PM, November 20 2024",Delivered,Zomato Delivery,1km,"1 x Peri Peri Crisper Fries, 1 x Herbed Potato, 1 x Masala Paneer Pide",,Flat Rs.100 off,666.0,28.3,100.0,0.0,0.0,0.0,594.3,,,,,,15.62,5.9,Correctly,,5e1df7f56150566def5bc309913c5883959ab832e9606398a9c277ee68532731,3
21077127,Aura Pizzas,Sector 135,Delhi NCR,6371658453,"09:50 PM, November 19 2024",Delivered,Zomato Delivery,5km,"1 x Bageecha Pizza, 1 x Margherita Pizza, 1 x Chilli Cheese Garlic Bread",,50% off upto Rs.100,1517.0,70.85,100.0,0.0,0.0,0.0,1487.85,,,,,,17.57,4.9,Correctly,,35c25453d579f5753824759fb3cc4e5455ea03b0ab99d0371d9acdafd3f7ca6c,3
21077127,Aura Pizzas,Sector 135,Delhi NCR,6368680292,"07:50 PM, November 18 2024",Delivered,Zomato Delivery,4km,"1 x Peri Peri Grilled Chicken Pizza, 1 x Murgh Amritsari Seekh Melt, 1 x Tripple Cheese Pizza",,,1647.0,82.35,0.0,0.0,0.0,0.0,1729.35,,,,,,18.75,9.0,Correctly,,f2dabd3689745f20a4e0c366ddd58ff60adb9683072c7b0d1f9af0d1626d3a2e,3
21077127,Aura Pizzas,Sector 135,Delhi NCR,6364143126,"05:11 PM, November 18 2024",Delivered,Zomato Delivery,8km,"1 x Margherita Pizza, 1 x Chilli Cheese Garlic Bread, 1 x Garlic Aioli",,50% off upto Rs.100,968.0,43.4,100.0,0.0,0.0,0.0,911.4,,,,,,14.65,8.1,Correctly,,8972ed692d0de3fa42862a2a78cf75a105d3b5ce8bd0d75b50739908deb76ccb,3
21077127,Aura Pizzas,Sector 135,Delhi NCR,6363019825,"08:46 PM, November 17 2024",Delivered,Zomato Delivery,1km,"1 x All About Chicken Pizza, 1 x Herbed Potato, 1 x Malai Gud Pide",,50% off upto Rs.100,1266.0,58.3,100.0,0.0,0.0,0.0,1224.3,,,,,,19.98,0.5,Correctly,,98d0d2136a1133d85cd676b5850c2cd3a7534ede1fd46d6e30aba8a12670b537,3
21077127,Aura Pizzas,Sector 135,Delhi NCR,6360024304,"08:24 PM, November 16 2024",Delivered,Zomato Delivery,3km,"1 x Jamaican Chicken Melt, 2 x Mushroom Mozzarella Melt",,,1377.0,68.85,0.0,0.0,0.0,0.0,1445.85,,,,,,17.87,0.2,Correctly,,2f701d8fb85663bdb45fdb81777fd4568fbe8da1f69c2dae15a36301f8b63f99,3
21077127,Aura Pizzas,Sector 135,Delhi NCR,6353415760,"07:59 PM, November 16 2024",Delivered,Zomato Delivery,8km,"1 x Chilli Cheese Garlic Bread, 1 x Bageecha Pizza, 1 x Cheesy Garlic Bread",,,1297.0,64.85,0.0,0.0,0.0,0.0,1361.85,,,,,,23.13,6.3,Correctly,,be7265bf259d3d9e9347ecaba906b4d981b240aa542336d9e7aef97b7c64643d,3
21077127,Aura Pizzas,Sector 135,Delhi NCR,6354685255,"07:56 PM, November 16 2024",Delivered,Zomato Delivery,6km,"1 x Chilli Cheese Garlic Bread, 1 x Bageecha Pizza, 1 x All About Chicken Pizza",,,1717.0,85.85,0.0,0.0,0.0,0.0,1802.85,5.0,,,,,19.13,7.2,Correctly,,1d79d893b686c718289727ff53e7e6fe0901b545a3b74b8e3742d92238e8162b,3
21077127,Aura Pizzas,Sector 135,Delhi NCR,6361816245,"01:44 PM, November 16 2024",Delivered,Zomato Delivery,1km,"1 x Bageecha Pizza, 1 x Makhani Paneer Pizza, 1 x Masala Paneer Pide",,,1814.0,90.7,0.0,0.0,0.0,0.0,1904.7,,,,,,17.02,11.5,Incorrectly,,a486382a14118fbc2238abcfb5fbb8303dfcda73161a80912b1f9b42f1aa9d8d,3
21077127,Aura Pizzas,Sector 135,Delhi NCR,6356439975,"08:53 PM, November 15 2024",Delivered,Zomato Delivery,4km,"1 x Tipsy Tiger Fresh Lime Soda, 1 x Murgh Amritsari Seekh Pizza, 1 x Chicken Pepperoni Pizza",,Buy 1 Get 1 - ₹599.00,748.05,37.4,0.0,0.0,0.0,0.0,785.45,,,,,,9.28,0.9,Correctly,,b608896ae1860fd45df0febade6d0f29e86301498b074f2bbd3d6db350d318c5,3
21077127,Aura Pizzas,Sector 135,Delhi NCR,6350713638,"07:33 PM, November 14 2024",Delivered,Zomato Delivery,4km,"1 x Peri Peri Crisper Fries, 1 x Peri Peri Paneer Pizza, 1 x Chilli Cheese Garlic Bread",,50% off upto Rs.100,1116.0,50.8,100.0,0.0,0.0,0.0,1066.8,,,,,,15.17,3.6,Correctly,,42b97c47d8b06798d6fd788a2bab7a226b0fe32e48bec1f4c82bacbb4a888edf,3
21077127,Aura Pizzas,Sector 135,Delhi NCR,6319990873,"07:23 PM, November 14 2024",Delivered,Zomato Delivery,1km,"1 x Peanut Butter Chocolate Pide, 1 x Tipsy Tiger Fresh Lime Soda, 1 x Makhani Paneer Pizza",,50% off upto Rs.100,997.05,44.85,100.0,0.0,0.0,0.0,941.9,2.0,,,,,0.3,13.0,Incorrectly,,2e0ba26909ae86433d4366c4ac422284a1bd31ed275d23a1f7e5c43278e14d31,3
21077127,Aura Pizzas,Sector 135,Delhi NCR,6349163256,"02:37 PM, November 14 2024",Delivered,Zomato Delivery,7km,"1 x Peri Peri Grilled Chicken Pizza, 1 x Murgh Amritsari Garlic Bread, 1 x Fried Chicken Strips",,50% off upto Rs.100,1097.0,49.85,100.0,0.0,0.0,0.0,1046.85,3.0,Portion size too small,,,,24.02,6.1,Correctly,,63030f28b445e2c30c5bbcd8a93304cc9a7866305640f5b772e6cadf0795e47a,3
21077127,Aura Pizzas,Sector 135,Delhi NCR,6348261407,"08:49 PM, November 11 2024",Delivered,Zomato Delivery,5km,"1 x Just Pepperoni Pizza, 1 x Bageecha Pizza, 1 x Chilli Cheese Garlic Bread",,50% off upto Rs.100,1717.0,80.85,100.0,0.0,0.0,0.0,1697.85,,,,,,14.75,0.4,Correctly,,d348ccacc498b0816e34a119923c18274a7923d5045f81e8cda39dec6cfb8116,3
21145152,Tandoori Junction,Sector 4,Delhi NCR,6365656702,"09:10 PM, November 18 2024",Delivered,Zomato Delivery,2km,"1 x Carribean Jerk Boneless Grilled Chicken Breast, 1 x Grlld Potatoes, 1 x Grlld Vegetables",,,1027.0,61.62,0.0,0.0,0.0,0.0,1088.62,,,,,,36.25,10.0,Correctly,,a01223ed8609714238fd4699f04d088d350484ab9f5a489697e1160a01c6a34b,3
21173951,Aura Pizzas,Vasant Kunj,Delhi NCR,6372070417,"10:01 PM, November 20 2024",Delivered,Zomato Delivery,3km,"1 x Masala Potato Pide, 1 x Herbed Potato, 1 x Salted Crisper Fries",,,626.0,31.3,0.0,0.0,0.0,0.0,657.3,,,,,,16.85,0.7,Correctly,,1c273e33ff738219cb76409261c1c9a33dd370810ede26f2195047894d2e9a06,3
21173951,Aura Pizzas,Vasant Kunj,Delhi NCR,6363839716,"06:36 PM, November 17 2024",Delivered,Zomato Delivery,8km,"1 x Bellpepper Onion Pizza, 1 x Margherita Pizza, 1 x Bageecha Pizza",,,2037.0,101.85,0.0,0.0,0.0,0.0,2138.85,,,,,,19.18,0.3,Correctly,,eb9163e6e3382076d9cd71d95a0bad45511d20c67954d1957d32f13e91445357,3
21173951,Aura Pizzas,Vasant Kunj,Delhi NCR,6353682341,"09:24 PM, November 16 2024",Delivered,Zomato Delivery,3km,"1 x Bageecha Pizza, 1 x Murgh Amritsari Seekh Melt, 1 x Salted Crisper Fries",,,1257.0,62.85,0.0,0.0,0.0,0.0,1319.85,,,,,,22.22,6.7,Incorrectly,,1d52aef51fc873d9847b00d95d010fc88aaa414fd619ef3ba721f912d011c222,3
21173951,Aura Pizzas,Vasant Kunj,Delhi NCR,6345452684,"02:56 PM, November 16 2024",Delivered,Zomato Delivery,2km,"1 x Jamaican Chicken Melt, 1 x Bageecha Pizza, 1 x Peri Peri Crisper Fries",,,1277.0,63.85,0.0,0.0,0.0,0.0,1340.85,,,,,,19.57,2.1,Correctly,,f6abe811bf4df4a4f28d6e21cf4cfc7b4edf13582e0947b6b942533f3a472cac,3
21173951,Aura Pizzas,Vasant Kunj,Delhi NCR,6332018889,"08:06 PM, November 13 2024",Delivered,Zomato Delivery,3km,"1 x Cheesy Garlic Bread, 1 x Just Pepperoni Pide, 1 x Peri Peri Grilled Chicken Pizza",,,1527.0,76.35,0.0,0.0,0.0,0.0,1603.35,,,,,,18.93,2.8,Correctly,,da5fc925fb7e88c4d77d569914ff175c9d5c96e8296afc328922d73cffe3e3b7,3
21173951,Aura Pizzas,Vasant Kunj,Delhi NCR,6352352018,"11:04 PM, November 12 2024",Delivered,Zomato Delivery,5km,"1 x Indian Pico De-Gallo, 1 x Tripple Cheese Pizza, 1 x Peri Peri Crisper Fries",,,857.0,42.85,0.0,0.0,0.0,0.0,899.85,,,,,,14.75,1.0,Correctly,,6686cc035ccf3316509a0761e8b439f72fa0fe976daacc84943bfc97a5025fa8,3
21309083,Swaad,Shahdara,Delhi NCR,6354387648,"08:16 PM, November 13 2024",Delivered,Zomato Delivery,1km,"1 x Animal Fries, 1 x Garlic Aioli, 1 x Grilled Chicken Smoky BBQ Tender",,,845.0,42.25,0.0,0.0,0.0,0.0,887.25,,,,,,22.35,2.1,Correctly,,c9766608a38ef70ae70744bdce37142d9b233877dfbc26981ac73e611d2eddb4,3
21309083,Swaad,Shahdara,Delhi NCR,6348589638,"08:32 PM, November 12 2024",Delivered,Zomato Delivery,3km,"1 x Angara Rice, 1 x Bone in Jamaican Grilled Chicken, 1 x India Dynamite sauce",,,793.0,39.65,0.0,0.0,0.0,0.0,832.65,,,,,,20.85,0.4,Correctly,,773e9ece51b4e986e418758250a0819fc9fca61e43d8d23d6a5fafa39f105464,3
20320607,Swaad,Sector 4,Delhi NCR,6383913999,"02:21 AM, November 28 2024",Delivered,Zomato Delivery,3km,"1 x Peri Peri Sauce, 1 x Garlic Aioli, 1 x Bone in Jamaican Grilled Chicken",,50% off upto Rs.100,430.0,17.0,90.0,0.0,0.0,0.0,357.0,,,,,,19.75,8.7,Correctly,,07ed36b0816ab95138e842af2601c63f6c27eaf0ecffb1e47446e3d49d4af85f,3
20320607,Swaad,Sector 4,Delhi NCR,6383200469,"04:24 PM, November 27 2024",Delivered,Zomato Delivery,6km,"1 x Grilled Chicken Peri Peri Tangdi, 1 x Fried Chicken Peri Peri Tender, 1 x Onion Rings",,50% off upto Rs.100,959.0,42.95,100.0,0.0,0.0,0.0,901.95,,,,,,16.3,1.2,Correctly,,9c1018f783b94410dd03bd329c12b343ecb04c23854215ccc0c79689bd3820c4,3
20320607,Swaad,Sector 4,Delhi NCR,6375093436,"06:36 PM, November 22 2024",Delivered,Zomato Delivery,5km,"1 x Bone in Smoky Bbq Grilled Chicken, 1 x Fried Chicken Peri Peri Tender, 1 x Fried Chicken Classic Tender",,Flat Rs.200 off,1235.0,51.75,200.0,0.0,0.0,0.0,1086.75,,,,,,16.85,7.1,Correctly,,d90ce221c4ef77b1b3e77a2e202cd69f9d1464ed7887b2615f726c25e40669f3,3
20320607,Swaad,Sector 4,Delhi NCR,6376011163,"05:32 PM, November 22 2024",Delivered,Zomato Delivery,11km,"1 x Fried Chicken Kabuli Tender, 1 x Grilled Chicken Angara Tender, 1 x Grilled Chicken Jamaican Tender",,Flat Rs.200 off,945.0,37.25,200.0,0.0,0.0,0.0,782.25,,,,,,22.4,1.7,Correctly,,bfdffb5c57ffbb22a6e73334b596f3583bee9e687c1b306237305ccbef6b9c5d,3
20320607,Swaad,Sector 4,Delhi NCR,6377702214,"01:43 PM, November 22 2024",Delivered,Zomato Delivery,3km,"1 x Bone in Angara Grilled Chicken, 1 x Animal Fries, 1 x Fried Chicken Peri Peri Tender",,Flat Rs.200 off,1400.0,60.0,200.0,0.0,0.0,0.0,1260.0,,,,,,22.35,4.5,Correctly,,7ecba12675df48b9b8c245c81a354abc2c6a4a8dd4d28be92f2b955fae0c8150,3
20554001,Swaad,Greater Kailash 2 (GK2),Delhi NCR,6398615336,"08:08 PM, November 30 2024",Delivered,Zomato Delivery,1km,"1 x Bone in Peri Peri Grilled Chicken, 1 x Grilled Chicken Angara Tender, 1 x Salted Fries",,Flat Rs.175 off,1124.0,48.35,157.0,0.0,0.0,0.0,1015.35,,,,,,26.7,0.3,Correctly,,2de02535cad939d3a42faafbea396454376474c26f6b30bc5362a59015bc7509,3
20554001,Swaad,Greater Kailash 2 (GK2),Delhi NCR,6398142086,"08:02 PM, November 30 2024",Delivered,Zomato Delivery,1km,"1 x Fried Chicken Peri Peri Tender, 1 x Fried Chicken Ghostbuster Tender, 1 x Bone in Jamaican Grilled Chicken",,Flat 15% off,1080.0,46.71,145.8,0.0,0.0,0.0,980.91,,,,,,20.7,0.3,Correctly,,47c7baeaf94a4fa67bf0f6281ff95ee78985ba1c7e3f5b9265febc3fe2795dd9,3
20554001,Swaad,Greater Kailash 2 (GK2),Delhi NCR,6388341282,"04:37 PM, November 30 2024",Delivered,Zomato Delivery,2km,"1 x Fried Chicken Ghostbuster Tender, 1 x Bone in Kabuli Grilled Chicken, 1 x Fried Chicken Beast AAC Burger",,,1010.0,25.25,0.0,505.0,0.0,0.0,530.25,3.0,,,,,18.85,0.5,Correctly,,b2572d0fe0fc43bd609283ff4bd1d6390fd75c2d7595569a116f169fabef25c0,3
20554001,Swaad,Greater Kailash 2 (GK2),Delhi NCR,6395984979,"03:08 AM, November 30 2024",Delivered,Zomato Delivery,2km,"1 x Animal Fries, 1 x Fried Chicken Beast AAC Burger, 1 x Fried Chicken Peri Peri Tender",,Flat Rs.175 off,1055.0,44.9,157.0,0.0,0.0,0.0,942.9,,,,,,29.5,19.7,Correctly,,4bdf31e1d4f71eeb19a4ec46a7b96542050c87a6083bcb7833da51c7c2d3050a,3
20554001,Swaad,Greater Kailash 2 (GK2),Delhi NCR,6398273682,"08:52 PM, November 29 2024",Delivered,Zomato Delivery,1km,"1 x Grilled Chicken Jamaican Tender, 2 x Fried Chicken Classic Tender",,Flat 20% off,1355.0,55.56,243.9,0.0,0.0,0.0,1166.66,,,,,,21.73,0.4,Correctly,,686254e5a45c147e7a1c233b423b93b181e1a3beb6cfac2847621100c1408995,3
20554001,Swaad,Greater Kailash 2 (GK2),Delhi NCR,6383828686,"05:57 PM, November 29 2024",Delivered,Zomato Delivery,2km,"1 x Grilled Chicken Peri Peri Tender, 1 x Grilled Chicken Ghostbuster Tangdi, 1 x Peri Peri Crisper Fries",,40% off upto Rs.80,914.0,33.95,80.0,155.0,0.0,0.0,712.95,,,,,,22.58,3.2,Correctly,,6c5db7128ef17da9f1fa58dec12eace9fba76b87a75973f1dab2bffbf8653f27,3
20554001,Swaad,Greater Kailash 2 (GK2),Delhi NCR,6394839851,"08:17 PM, November 28 2024",Delivered,Zomato Delivery,1km,"1 x Fried Chicken Classic Tender, 1 x Salted Fries, 1 x Bone in Smoky Bbq Grilled Chicken",,Flat Rs.125 off,1079.0,49.95,80.0,0.0,0.0,0.0,1048.95,,,,,,19.35,0.3,Correctly,,1fc58a0f5fe10ac8731111d04832355605b45f1de3bee5ca282363f860c70272,3
20554001,Swaad,Greater Kailash 2 (GK2),Delhi NCR,6391057798,"03:31 PM, November 28 2024",Delivered,Zomato Delivery,2km,"1 x Grilled Chicken Ghostbuster Tangdi, 1 x Garlic Aioli, 1 x AAC Signature Fries",,Flat Rs.125 off,884.0,40.2,80.0,0.0,0.0,0.0,844.2,,,,,,24.23,6.2,Correctly,,8262aff58673f392152c2e19f57ffb62b40d990add339ee28ad9cbf9efde3f8d,3
20554001,Swaad,Greater Kailash 2 (GK2),Delhi NCR,6389636881,"12:53 PM, November 27 2024",Delivered,Zomato Delivery,6km,"1 x Onion Rings, 1 x Bone in Smoky Bbq Grilled Chicken, 1 x Honey Mustard sauce",,Flat Rs.125 off,874.0,39.7,80.0,0.0,0.0,0.0,833.7,,,,,,17.48,0.6,Correctly,,98c6c0d1197f9abc6c21038c5bb05c9a2ccf7c4adf82ca4830d7219690c17f44,3
20554001,Swaad,Greater Kailash 2 (GK2),Delhi NCR,6389896063,"08:56 PM, November 26 2024",Delivered,Zomato Delivery,1km,"1 x Grilled Chicken Angara Tender, 1 x Fried Chicken Kabuli Tender, 1 x Fried Chicken Angara Tender",,Flat Rs.125 off,1095.0,50.75,80.0,0.0,0.0,0.0,1065.75,,,,,,25.4,0.8,Correctly,,ca3e4a1ecb6327aabf908fee4c5c1cea0e54e79b711e7b64e6ed7c8a73517f9f,3
20554001,Swaad,Greater Kailash 2 (GK2),Delhi NCR,6376053398,"06:25 PM, November 24 2024",Delivered,Zomato Delivery,1km,"1 x Bone in Jamaican Grilled Chicken, 1 x Bone in Peri Peri Grilled Chicken, 1 x Animal Fries",,Flat Rs.200 off,1215.0,50.75,200.0,0.0,0.0,0.0,1065.75,,,,,,29.7,10.2,Correctly,,d7556bdb9220e802bdc5f1ecb09fdbe96356b1fd9400135bd3064c44653da889,3
20554001,Swaad,Greater Kailash 2 (GK2),Delhi NCR,6379458939,"07:23 PM, November 23 2024",Delivered,Zomato Delivery,1km,"1 x Fried Chicken Classic Tender, 1 x Grilled Chicken Jamaican Tender, 1 x Grilled Chicken Smoky BBQ Tangdi",,Flat Rs.200 off,1300.0,55.0,200.0,0.0,0.0,0.0,1155.0,,,,,,18.82,0.6,Correctly,,84dc5b1835b07ac1958cec670f0c76a23cf9f15bd34e24ad0a1d8b10a49af290,3
20554001,Swaad,Greater Kailash 2 (GK2),Delhi NCR,6373642294,"03:06 PM, November 23 2024",Delivered,Zomato Delivery,6km,"1 x Honey Mustard sauce, 1 x Bone in Jamaican Grilled Chicken, 1 x Bone in Smoky Bbq Grilled Chicken",,Flat Rs.200 off,800.0,30.0,200.0,0.0,0.0,0.0,630.0,,,,,,31.25,9.4,Correctly,,67af1e24f322c95e469e01c37edc18c7c22662676040b805f2ef50438d64f485,3
20554001,Swaad,Greater Kailash 2 (GK2),Delhi NCR,6375475302,"03:33 AM, November 23 2024",Delivered,Zomato Delivery,2km,"1 x AAC Grilled Chicken Burger, 1 x Raw Masala Lemon Shikanji, 1 x Grilled Chicken Jamaican Tender",,,780.24,39.01,0.0,0.0,0.0,0.0,819.25,,,,,,18.6,0.7,Correctly,,0f701e042645c824ad5cbb61363d5decc4d7d2aae347fef8c930a2ce8b293aea,3
20554001,Swaad,Greater Kailash 2 (GK2),Delhi NCR,6364916470,"02:14 AM, November 22 2024",Delivered,Zomato Delivery,1km,"1 x Salted Fries, 1 x Grilled Chicken Angara Tender, 1 x Grilled Chicken Smoky BBQ Tangdi",,Flat Rs.200 off,884.0,34.2,200.0,0.0,0.0,0.0,718.2,,,,,,16.18,8.3,Correctly,,50455fd6abd2618fe53954c7d1db0b419ec1381d1a081aaf12c1cbda9f1eb799,3
20554001,Swaad,Greater Kailash 2 (GK2),Delhi NCR,6375875036,"10:00 PM, November 21 2024",Delivered,Zomato Delivery,3km,"1 x Animal Fries, 1 x Fried Chicken Beast AAC Burger, 1 x AAC Grilled Chicken Burger",,Flat Rs.125 off,1105.0,51.25,80.0,0.0,0.0,0.0,1076.25,,,,,,21.35,5.1,Correctly,,14b74c1bf51a7c73c8f6fe7da7cf1b28bb01ce11e78f90d2aecea9dfdf7a4822,3
20554001,Swaad,Greater Kailash 2 (GK2),Delhi NCR,6374485089,"02:23 AM, November 21 2024",Delivered,Zomato Delivery,4km,"1 x Bone in Angara Grilled Chicken, 1 x Angara Grilled Paneer (8 pcs), 1 x Salted Crisper Fries",,,904.0,45.2,0.0,0.0,0.0,0.0,949.2,,,,,,21.35,6.4,Correctly,,cb4adea0d16408ff6392235e7d599ec65e5fbff9e3c02d9c4d660a21d9112c04,3
20635699,Aura Pizzas,Greater Kailash 2 (GK2),Delhi NCR,6400205735,"11:01 PM, November 30 2024",Delivered,Zomato Delivery,3km,"1 x Chilli Cheese Garlic Bread, 1 x Herbed Potato, 1 x Onion Rings",,,756.0,34.02,0.0,0.0,0.0,75.6,714.42,,,,,,27.37,0.3,Correctly,,0b56e5f9f248b1ba05f0f1ce0c21d38a5423c8713940c464df484c8ca542bfa5,3
20635699,Aura Pizzas,Greater Kailash 2 (GK2),Delhi NCR,6397080336,"11:01 PM, November 30 2024",Delivered,Zomato Delivery,3km,"1 x Salted Fries, 1 x Indian Masala Cripser Fries, 1 x Bageecha Pizza",,Flat 15% off,976.0,38.06,131.76,0.0,0.0,82.96,799.34,,,,,,21.17,0.6,Correctly,,4b009995211ef6a8b76a3772d6314e91b273c7ce723c399f58aac1a2de88aea5,3
20635699,Aura Pizzas,Greater Kailash 2 (GK2),Delhi NCR,6400016769,"09:26 PM, November 30 2024",Delivered,Zomato Delivery,3km,"1 x Cheesy Garlic Bread, 1 x Salted Fries, 1 x Bageecha Pizza",,Flat Rs.175 off,1016.0,42.95,157.0,0.0,0.0,0.0,901.95,,,,,,17.48,1.0,Correctly,,e477d6e62055cafa5b7435e5a0a84df1c68fba659b2c61cd4fc8d5d8b0c33ba7,3
20635699,Aura Pizzas,Greater Kailash 2 (GK2),Delhi NCR,6401053793,"08:40 PM, November 30 2024",Delivered,Zomato Delivery,2km,"1 x Cheesy Garlic Bread, 1 x Makhani Paneer Pizza, 1 x Bageecha Pizza",,Flat 15% off,1417.0,61.29,191.3,0.0,0.0,0.0,1286.99,,,,,,16.3,0.3,Correctly,,f77759e6d17d05ee5628cf574fbd87644aa687d5cfd61900d089c4075d5fe713,3
20635699,Aura Pizzas,Greater Kailash 2 (GK2),Delhi NCR,6390185827,"02:34 PM, November 30 2024",Delivered,Zomato Delivery,<1km,"1 x Makhani Paneer Pizza, 1 x Tipsy Tiger Fresh Lime Soda, 1 x Herbed Potato",,,846.05,42.3,0.0,0.0,0.0,0.0,888.35,,,,,,15.9,1.3,Correctly,,0f46ee57a46a009c7abc0c574aac4048c5d150add66e3cd9dba0b4e0891354f0,3
20635699,Aura Pizzas,Greater Kailash 2 (GK2),Delhi NCR,6396920021,"04:41 PM, November 29 2024",Delivered,Zomato Delivery,1km,"1 x Herbed Potato, 2 x Chilli Cheese Garlic Bread",,50% off upto Rs.100,666.0,28.3,100.0,0.0,0.0,0.0,594.3,,,,,,15.52,5.4,Correctly,,71c91756102f35b8b435a4ebc1e1e04026880c44de8ba8de4afacfe395b98900,3
20635699,Aura Pizzas,Greater Kailash 2 (GK2),Delhi NCR,6395626401,"01:18 AM, November 29 2024",Delivered,Zomato Delivery,1km,"1 x Fried Chicken Strips, 1 x Cheesy Garlic Bread, 1 x Angara Paneer Melt",,,937.0,46.85,0.0,0.0,0.0,0.0,983.85,,,,,,15.87,1.9,Correctly,,d6afe1e0607129294f286ee619fa053f7912fcb31684b11f269dd113ff87ad2b,3
20635699,Aura Pizzas,Greater Kailash 2 (GK2),Delhi NCR,6394620252,"09:03 PM, November 28 2024",Delivered,Zomato Delivery,1km,"1 x Bageecha Pizza, 1 x Peri Peri Crisper Fries, 1 x Garlic Aioli",,Flat Rs.100 off,1058.0,43.61,90.0,0.0,0.0,95.8,915.81,,,,,,15.45,0.4,Correctly,,2e03230c703f97a6ac10df18eaa33ee27576d59f35108ab2d3c7131a7de28042,3
20635699,Aura Pizzas,Greater Kailash 2 (GK2),Delhi NCR,6388565710,"03:43 AM, November 28 2024",Delivered,Zomato Delivery,3km,"1 x Cheesy Garlic Bread, 1 x Garlic Aioli, 1 x Just Pepperoni Pizza",,50% off upto Rs.100,1158.0,52.9,100.0,0.0,0.0,0.0,1110.9,,,,,,14.4,10.0,Correctly,,d976bcaace9583aaced4b7bdd9325888ab9c82385de8e17360927b30a91b2b81,3
20635699,Aura Pizzas,Greater Kailash 2 (GK2),Delhi NCR,6386726780,"11:18 PM, November 27 2024",Delivered,Zomato Delivery,2km,"2 x Masala Potato Pide, 1 x Peri Peri Grilled Chicken Pizza",,Buy 1 Get 1 - ₹299.00,918.0,45.9,0.0,0.0,0.0,0.0,963.9,,,,,,22.03,4.0,Correctly,,2daa13f5f301b5a4bde21acff290c1c280f82d713ae16ff6c6f191c99eb75cf8,3
20635699,Aura Pizzas,Greater Kailash 2 (GK2),Delhi NCR,6372464429,"07:34 PM, November 26 2024",Delivered,Zomato Delivery,3km,"1 x Jamaican Chicken Melt, 1 x Tripple Cheese Pizza, 1 x Margherita Pizza",,,1956.0,97.8,0.0,0.0,0.0,0.0,2053.8,,,,,,19.07,0.9,Correctly,,03da70567d6cfe84ef87a836079d4de9e6ee4c2813d99dfd9555d297b97be6e0,3
20635699,Aura Pizzas,Greater Kailash 2 (GK2),Delhi NCR,6380501473,"12:29 AM, November 26 2024",Delivered,Zomato Delivery,6km,"1 x Peri Peri Crisper Fries, 1 x Spinach Sumac Pide, 1 x Masala Paneer Pide",,50% off upto Rs.100,907.0,40.35,100.0,0.0,0.0,0.0,847.35,,,,,,15.95,2.4,Correctly,,6da4740ea5d91d0f90f08c51e1fbd3a0813125cf38382f38c15c7deae7ca1d1a,3
20635699,Aura Pizzas,Greater Kailash 2 (GK2),Delhi NCR,6384221383,"10:49 PM, November 25 2024",Delivered,Zomato Delivery,2km,"1 x Masala Potato Pide, 2 x Murgh Amritsari Seekh Pide",,,997.0,49.85,0.0,0.0,0.0,0.0,1046.85,,,,,,23.43,7.1,Correctly,,c4f7b4088ceddfb9611ec710be51f41a1537ff1c22778423c56c5cf3d5d0dd2a,3
20635699,Aura Pizzas,Greater Kailash 2 (GK2),Delhi NCR,6386289214,"12:02 AM, November 25 2024",Delivered,Zomato Delivery,5km,"1 x Bageecha Pizza, 1 x Chilli Cheese Garlic Bread, 1 x Herbed Potato",,Flat Rs.200 off,1006.0,40.3,200.0,0.0,0.0,0.0,846.3,,,,,,28.08,9.1,Correctly,,e2f1cea06652e3945478a03994705f6f9209e94a455c97830b9e9f282e10f313,3
20635699,Aura Pizzas,Greater Kailash 2 (GK2),Delhi NCR,6378427039,"08:59 PM, November 24 2024",Delivered,Zomato Delivery,5km,"1 x Murgh Amritsari Garlic Bread, 1 x Bageecha Pizza, 1 x Herbed Potato",,Flat Rs.200 off,1036.0,41.8,200.0,0.0,0.0,0.0,877.8,,,,,,21.05,0.9,Correctly,,210aef94c907af5e941ccf419ee9ed77b7d99906b080288c4c405534d1d0d51d,3
20635699,Aura Pizzas,Greater Kailash 2 (GK2),Delhi NCR,6384825494,"08:51 PM, November 24 2024",Delivered,Zomato Delivery,1km,"1 x Garlic Aioli, 1 x Salted Crisper Fries, 1 x Margherita Pizza",,50% off upto Rs.100,698.0,29.9,100.0,0.0,0.0,0.0,627.9,,,,,,13.65,0.2,Correctly,,595d3e3dd3b322f2a56a7881242d4e9118178a3177668822398291496789732e,3
20635699,Aura Pizzas,Greater Kailash 2 (GK2),Delhi NCR,6375551822,"01:02 PM, November 24 2024",Delivered,Zomato Delivery,8km,"1 x Herbed Potato, 1 x Murgh Amritsari Seekh Pide, 1 x Fried Chicken Strips",,50% off upto Rs.100,686.0,29.3,100.0,0.0,0.0,0.0,615.3,,,,,,16.98,2.2,Correctly,,968aaad3270712fcb739b75c0ac51f0707be27cdee187324c236d8bd6e6a86bd,3
20635699,Aura Pizzas,Greater Kailash 2 (GK2),Delhi NCR,6381758851,"07:10 PM, November 23 2024",Delivered,Zomato Delivery,1km,"1 x Just Pepperoni Pizza, 1 x Margherita Pizza, 1 x Bageecha Pizza",,Buy 1 Get 1 - ₹799.00,1318.0,65.9,0.0,0.0,0.0,0.0,1383.9,,,,,,21.33,2.5,Correctly,,b0181d7f2633d7276fbb6f7d788239745ce4a7c00ad915e6b2f9d0539bcc10ee,3
20635699,Aura Pizzas,Greater Kailash 2 (GK2),Delhi NCR,6378189491,"07:59 PM, November 22 2024",Delivered,Zomato Delivery,2km,"1 x Jamaican Chicken Melt, 2 x Angara Paneer Melt",,Flat Rs.200 off,1377.0,58.85,200.0,0.0,0.0,0.0,1235.85,,,,,,23.85,0.6,Correctly,,87914cdf29e9abadd81682bc1f10c5060e5ef20a11a3afa9ecf8b6f48d4fe98c,3
20635699,Aura Pizzas,Greater Kailash 2 (GK2),Delhi NCR,6378279393,"04:40 PM, November 22 2024",Delivered,Zomato Delivery,2km,"1 x Tipsy Tiger Fresh Lime Soda, 1 x Bellpepper Onion Pizza, 1 x Chilli Cheese Garlic Bread",,Flat Rs.200 off,957.05,37.85,200.0,0.0,0.0,0.0,794.9,,,,,,15.17,3.8,Correctly,,40a5ab972d6abbcf14d2797a672ff3d4b8fd8a25b84e9167493b3edfe0ab53fa,3
20635699,Aura Pizzas,Greater Kailash 2 (GK2),Delhi NCR,6376342578,"12:07 AM, November 22 2024",Delivered,Zomato Delivery,3km,"1 x Cheesy Garlic Bread, 1 x Onion Rings, 1 x Salted Crisper Fries",,,647.0,32.35,0.0,0.0,0.0,0.0,679.35,,,,,,9.57,1.0,Correctly,,74f2e080f6b0779df14917017442a4112806b13528e1c38dea9d0815986de66e,3
20635699,Aura Pizzas,Greater Kailash 2 (GK2),Delhi NCR,6373081167,"10:41 PM, November 21 2024",Delivered,Zomato Delivery,1km,3 x Jamaican Chicken Melt,,,1437.0,71.85,0.0,0.0,0.0,0.0,1508.85,,,,,,27.85,0.5,Correctly,,6efd687778bf01ed924cc5a21c6f3e097bc52a0916fcf85523d0d66394e7caa8,3
20635699,Aura Pizzas,Greater Kailash 2 (GK2),Delhi NCR,6376333304,"06:54 PM, November 21 2024",Delivered,Zomato Delivery,3km,3 x Cheesy Garlic Bread,,,894.0,44.7,0.0,0.0,0.0,0.0,938.7,,,,,,12.13,0.9,Correctly,,b64eade2d814bda0a3b16234e44400a4a9c0c44e5d6738a42e9e3c62b3d25723,3
20635699,Aura Pizzas,Greater Kailash 2 (GK2),Delhi NCR,6374860931,"12:06 AM, November 21 2024",Delivered,Zomato Delivery,13km,"1 x Angara Paneer Melt, 1 x Salted Crisper Fries, 1 x Spinach Sumac Pide",,50% off upto Rs.100,1016.0,45.8,100.0,0.0,0.0,0.0,961.8,,,,,,25.67,11.2,Correctly,,971d1256ae17dcb82fe281c3a7ffbbc2296b40d9e5c6f5b96071c6f723b14bc0,3
20659868,Aura Pizzas,Sector 4,Delhi NCR,6391163921,"09:59 PM, November 30 2024",Delivered,Zomato Delivery,9km,"1 x Garlic Aioli, 1 x Peri Peri Paneer Pizza, 1 x Cheesy Garlic Bread",,Flat 15% off,878.0,34.24,118.53,0.0,0.0,74.63,719.08,,,,,,17.07,3.1,Incorrectly,,919d705006fc35324d4d81794078671d457d9472c1bee9422f106cd966f4c03c,3
20659868,Aura Pizzas,Sector 4,Delhi NCR,6392206601,"07:32 PM, November 30 2024",Delivered,Zomato Delivery,9km,"1 x Cheesy Garlic Bread, 1 x Herbed Potato, 1 x Bageecha Pizza",,Flat 15% off,1106.0,47.84,149.31,0.0,0.0,0.0,1004.53,,,,,,10.88,1.8,Correctly,,5fb46c8269fc258a948931acb024887a76ad75587a6d105688a081428ec57c05,3
20659868,Aura Pizzas,Sector 4,Delhi NCR,6397923030,"02:50 PM, November 30 2024",Delivered,Zomato Delivery,2km,"1 x Peri Peri Paneer Pizza, 1 x Makhani Paneer Pizza, 1 x Chilli Cheese Garlic Bread",,Flat Rs.300 off,1836.0,78.3,270.0,0.0,0.0,0.0,1644.3,,,,,,25.13,6.2,Correctly,,d9d30e5a945d170442d51aef750296f623018a76d54c2731bd7745477723d9af,3
20659868,Aura Pizzas,Sector 4,Delhi NCR,6396724235,"12:05 AM, November 30 2024",Delivered,Zomato Delivery,12km,"1 x Makhani Paneer Pizza, 1 x Herbed Potato, 1 x Masala Potato Pide",,Flat Rs.175 off,1026.0,39.2,157.0,0.0,0.0,85.1,823.1,,,,,,12.48,1.2,Correctly,,758b0ecd384395370bc16b49551b10c35d1fcfb4a8f74a8b750722fd2d092760,3
20659868,Aura Pizzas,Sector 4,Delhi NCR,6397833048,"11:01 PM, November 29 2024",Delivered,Zomato Delivery,7km,"1 x Chilli Cheese Garlic Bread, 1 x All About Chicken Pizza, 1 x Bageecha Pizza",,Flat Rs.300 off,1517.0,56.27,270.0,0.0,0.0,121.7,1181.57,,,,,,17.98,1.0,Correctly,,55cfe82ae1000602e6f194fe00b7eb7dab56851c4a1b7c72fe219f1bac1791e1,3
20659868,Aura Pizzas,Sector 4,Delhi NCR,6394601555,"10:18 PM, November 29 2024",Delivered,Zomato Delivery,7km,"1 x Jamaican Chicken Melt, 1 x Cheesy Garlic Bread, 1 x Makhani Paneer Pizza",,Flat 15% off,1297.0,50.58,175.1,0.0,0.0,110.25,1062.23,,,,,,17.63,1.1,Correctly,,de9b66573081d4b889d3175d0e9ac0efffddd715867e3623e0225e582809c409,3
20659868,Aura Pizzas,Sector 4,Delhi NCR,6397071122,"08:42 PM, November 29 2024",Delivered,Zomato Delivery,15km,"1 x Margherita Pizza, 1 x All About Chicken Pizza, 1 x Murgh Amritsari Garlic Bread",,Flat Rs.300 off,1607.0,60.32,270.0,0.0,0.0,130.7,1266.62,,,,,,22.3,0.7,Correctly,,c68c13f1eb75e695725d9699d760d1010e373c3bfb440c7cdc55b6598075528f,3
20659868,Aura Pizzas,Sector 4,Delhi NCR,6394217918,"07:56 PM, November 29 2024",Delivered,Zomato Delivery,7km,"1 x Indian Masala Cripser Fries, 1 x Herbed Potato, 1 x Tripple Cheese Pizza",,Flat 15% off,896.0,38.75,120.96,0.0,0.0,0.0,813.79,,,,,,17.43,0.8,Correctly,,9e281d001ea29f1f9953667330b95519b15680acdbe06296254dce98ff688199,3
20659868,Aura Pizzas,Sector 4,Delhi NCR,6389064810,"04:23 PM, November 29 2024",Delivered,Zomato Delivery,6km,"1 x Makhani Paneer Pizza, 1 x Salted Crisper Fries, 1 x Herbed Potato",,50% off upto Rs.100,906.0,36.27,100.0,0.0,0.0,80.6,761.67,,,,,,24.15,15.1,Correctly,,231701a4989e2555fc869e000b951850fdfc6c190b5583310c6b95c22e8f65b9,3
20659868,Aura Pizzas,Sector 4,Delhi NCR,6388793218,"07:57 PM, November 28 2024",Delivered,Zomato Delivery,2km,"1 x Jamaican Chicken Melt, 1 x Makhani Paneer Pizza, 1 x Chilli Cheese Garlic Bread",,Flat Rs.125 off,1376.0,57.55,100.0,0.0,0.0,125.1,1208.45,,,,,,15.67,3.4,Correctly,,dc627071b3877757b4f1bfb039c5979fdf98e23d27f7246c4246fc5da0fe7b06,3
20659868,Aura Pizzas,Sector 4,Delhi NCR,6388786530,"12:54 PM, November 28 2024",Delivered,Zomato Delivery,1km,"1 x Bageecha Pizza, 1 x Makhani Paneer Pizza, 1 x All About Chicken Pizza",,Flat 15% off,2407.0,102.3,361.05,0.0,0.0,0.0,2148.25,,,,,,26.05,18.3,Incorrectly,,6d9334e3fee3ef7217c014bac219a16647eba183c496aade7f0294ad1a1e9aca,3
20659868,Aura Pizzas,Sector 4,Delhi NCR,6393753187,"02:23 AM, November 28 2024",Delivered,Zomato Delivery,3km,"1 x Margherita Pizza, 2 x Herbed Potato",,50% off upto Rs.100,945.0,42.25,100.0,0.0,0.0,0.0,887.25,,,,,,17.55,9.6,Correctly,,70d6a42d66572aa9a4e285c88556b33d53de4f14ca17b52b64f6b67b28ac29cb,3
20659868,Aura Pizzas,Sector 4,Delhi NCR,6388100638,"09:41 PM, November 26 2024",Delivered,Zomato Delivery,12km,"2 x Jamaican Chicken Melt, 1 x Pepperoni Garlic Bread",,Flat Rs.125 off,1355.0,62.75,100.0,0.0,0.0,0.0,1317.75,,,,,,20.92,6.4,Correctly,,f0d7ec47a65cabd6ec17c5f85bf3dca082f5523f5845ca636680f4ad8a4257dc,3
20659868,Aura Pizzas,Sector 4,Delhi NCR,6371425821,"07:38 PM, November 26 2024",Delivered,Zomato Delivery,6km,"1 x Mushroom Pizza, 1 x Cheesy Garlic Bread, 1 x Just Pepperoni Pizza",,Flat Rs.125 off,1497.0,69.85,100.0,0.0,0.0,0.0,1466.85,,,,,,18.68,14.9,Incorrectly,,93d52eda203c71d5d06005ba90ae6e365996cf746da609896aac87ed3c7c4d27,3
20659868,Aura Pizzas,Sector 4,Delhi NCR,6378688056,"06:54 PM, November 26 2024",Delivered,Zomato Delivery,6km,"1 x Bageecha Pizza, 1 x Harisa Mayo, 1 x Chilli Cheese Garlic Bread",,,1238.0,61.9,0.0,0.0,0.0,0.0,1299.9,,,,,,21.13,14.4,Correctly,,85487b900a7c54ec8b9ee783ad490f0fb0ee7619013b7f4eb0452add65876df4,3
20659868,Aura Pizzas,Sector 4,Delhi NCR,6379045287,"09:58 PM, November 25 2024",Delivered,Zomato Delivery,6km,"1 x Peanut Butter Chocolate Pide, 1 x Peri Peri Crisper Fries, 1 x Angara Paneer Melt",,50% off upto Rs.100,947.0,42.35,100.0,0.0,0.0,0.0,889.35,,,,,,23.57,1.9,Correctly,,2129285ae64fdd3a7a1d4bf60c16b8bae6b73af49978898dfd2f9049e648509a,3
20659868,Aura Pizzas,Sector 4,Delhi NCR,6371297070,"09:50 PM, November 25 2024",Delivered,Zomato Delivery,14km,"1 x Tipsy Tiger Ginger Ale, 1 x Chilli Cheese Garlic Bread, 1 x Makhani Paneer Pizza",,Flat Rs.125 off,1215.05,55.75,100.0,0.0,0.0,0.0,1170.8,,,,,,16.0,4.6,Correctly,,44a1baac0d21e3b9cd6ffc9612eb73df030985ac9c2889d2ae0a1b56022d69ad,3
20659868,Aura Pizzas,Sector 4,Delhi NCR,6385013714,"08:25 PM, November 25 2024",Delivered,Zomato Delivery,8km,"1 x Spinach Sumac Pide, 1 x Bageecha Pizza, 1 x Makhani Paneer Pizza",,,1877.0,93.85,0.0,0.0,0.0,0.0,1970.85,,,,,,19.33,4.9,Correctly,,375ed6252c7208c7fe47a1d6068f03fdcf99916acdce4ecf654e67b00632cba3,3
20659868,Aura Pizzas,Sector 4,Delhi NCR,6383531000,"08:04 PM, November 24 2024",Delivered,Zomato Delivery,7km,"1 x Bageecha Pizza, 1 x Murgh Amritsari Garlic Bread, 1 x All About Chicken Pizza",,,1947.0,97.35,0.0,0.0,0.0,0.0,2044.35,5.0,,,,,14.17,1.3,Correctly,,2f9afb07e40c94a75eea7d10a75e36de6cb6f8b885815398f4f5ad09c1338853,3
20659868,Aura Pizzas,Sector 4,Delhi NCR,6383768706,"02:39 PM, November 24 2024",Delivered,Zomato Delivery,10km,"1 x Murgh Amritsari Seekh Pizza, 1 x Grilled Tangdis, 1 x Harisa Mayo",,Flat Rs.200 off,958.0,37.9,200.0,0.0,0.0,0.0,795.9,,,,,,13.28,0.9,Correctly,,d633803619912cbe346404911d77410e7614db3cf7dce6d4aca81afa4b3a3250,3
20659868,Aura Pizzas,Sector 4,Delhi NCR,6375956578,"05:47 PM, November 23 2024",Delivered,Zomato Delivery,1km,"2 x Peri Peri Grilled Chicken Pizza, 1 x Chilli Cheese Garlic Bread",Order: Give extra oregano and chilli flakes.,Buy 1 Get 1 - ₹619.00,878.0,43.9,0.0,0.0,0.0,0.0,921.9,,,,,,17.77,1.0,Correctly,,983d82dbbc5636ce754988260e62bb8a36d25fb92a209d0a56bbe0e5b87dc7f2,3
20659868,Aura Pizzas,Sector 4,Delhi NCR,6379654860,"10:13 PM, November 22 2024",Delivered,Zomato Delivery,8km,"1 x Chilli Cheese Garlic Bread, 1 x Bageecha Pizza, 1 x All About Chicken Pizza",,,1675.0,83.75,0.0,0.0,0.0,0.0,1758.75,5.0,,,,,15.58,2.0,Correctly,,55216164e2f7d8c154e99436a5ec0c01d022c61928cb357f7f18153e6ecdb355,3
20659868,Aura Pizzas,Sector 4,Delhi NCR,6373571021,"04:26 PM, November 22 2024",Delivered,Zomato Delivery,4km,"2 x Iced Green Tea - Peach, 1 x Tripple Cheese Pizza",,,739.48,36.97,0.0,0.0,0.0,0.0,776.45,,,,,,20.12,12.5,Correctly,,3efe41346c9fc26b6db599c0b6cb9c0b492373027dc624a324dc7981eed0d3f0,3
20659868,Aura Pizzas,Sector 4,Delhi NCR,6374730632,"01:43 PM, November 22 2024",Delivered,Zomato Delivery,8km,"1 x Fried Chicken Strips, 1 x All About Chicken Pizza, 1 x Crushed Papad",,Flat Rs.200 off,908.0,35.4,200.0,0.0,0.0,0.0,743.4,4.0,,,,,17.62,1.8,Correctly,,6d67c6716b65a5699d2187b9704fbfddaedc7bf7947b70a1aac341a0e70b9fa0,3
20659868,Aura Pizzas,Sector 4,Delhi NCR,6364986558,"07:11 PM, November 21 2024",Delivered,Zomato Delivery,12km,"1 x All About Chicken Pizza, 1 x Makhani Paneer Pizza, 1 x Bageecha Pizza",,Flat 15% off,1837.0,78.07,275.55,0.0,0.0,0.0,1639.52,,,,,,17.4,0.3,Correctly,,dd29abb8b7a7f6c413350f34f90f139365127778f8318e420ad0a94fbcf6fbb7,3
20659868,Aura Pizzas,Sector 4,Delhi NCR,6363586671,"12:24 PM, November 21 2024",Delivered,Zomato Delivery,7km,"1 x Chilli Cheese Garlic Bread, 1 x Grilled Tangdis, 1 x Bageecha Pizza",,Flat Rs.125 off,1266.0,58.3,100.0,0.0,0.0,0.0,1224.3,5.0,,,,,26.58,14.9,Correctly,,6bdb962a7ef420da98066a6044226d416db750b56df9c04502c3a5bbd65eb3c3,3
20659868,Aura Pizzas,Sector 4,Delhi NCR,6368585527,"03:39 AM, November 21 2024",Delivered,Zomato Delivery,3km,"1 x Iced Green Tea - Peach, 1 x All About Chicken Pizza, 1 x Malai Gud Pide",,Flat Rs.125 off,1013.24,45.66,100.0,0.0,0.0,0.0,958.9,,,,,,21.58,11.8,Correctly,,1d4484276b71dba390a45a3a6c84be066c90d3553c18e3f8b0ee248517eb5d10,3
20882652,Aura Pizzas,DLF Phase 1,Delhi NCR,6397928967,"09:47 PM, November 30 2024",Delivered,Zomato Delivery,2km,"2 x Garlic Aioli, 1 x OG Cheese Pide",,,469.0,21.11,0.0,0.0,0.0,46.9,443.21,,,,,,13.48,1.4,Correctly,,0cf53eabcb8781c12b1ef6004325fcbcb188a6532c276ea645b3ccf07df06157,3
20882652,Aura Pizzas,DLF Phase 1,Delhi NCR,6394091372,"07:52 PM, November 30 2024",Delivered,Zomato Delivery,3km,"1 x Margherita Pizza, 1 x All About Chicken Pizza, 1 x Mushroom Pizza",,Flat 15% off,2117.0,91.56,285.8,0.0,0.0,0.0,1922.76,,,,,,21.65,4.7,Correctly,,2b678728d717caa32ac63aa68d471d1beb16f7b482d1ecd6dafb84c86ceb13e2,3
20882652,Aura Pizzas,DLF Phase 1,Delhi NCR,6400588090,"07:11 PM, November 30 2024",Delivered,Zomato Delivery,1km,"1 x Cheesy Garlic Bread, 1 x All About Chicken Pizza, 1 x Tripple Cheese Pizza",,Flat Rs.100 off,1847.0,87.35,100.0,0.0,0.0,0.0,1834.35,,,,,,21.83,6.7,Correctly,,a107412cdfc2b31c49c7b63145b6195c7b40a4014c7e80246d484d7419646821,3
20882652,Aura Pizzas,DLF Phase 1,Delhi NCR,6396879904,"05:54 PM, November 30 2024",Delivered,Zomato Delivery,5km,"1 x Margherita Pizza, 1 x Cheesy Garlic Bread, 1 x Indian Masala Cripser Fries",,Flat Rs.175 off,1087.0,46.5,157.0,0.0,0.0,0.0,976.5,,,,,,19.53,2.6,Correctly,,881a1eb785b6094d1a02770d82bab3db061d2c60d97f2717bf7fc84f0838b3ae,3
20882652,Aura Pizzas,DLF Phase 1,Delhi NCR,6396141338,"12:45 PM, November 30 2024",Delivered,Zomato Delivery,13km,"1 x Bageecha Pizza, 1 x Salted Crisper Fries, 1 x Chilli Cheese Garlic Bread",,,1176.0,37.67,0.0,339.0,0.0,83.7,790.97,,,,,,17.92,11.6,Correctly,,bbe99b86c1e6ec5a117980cc9a2bbf5afc26e4b2fd4fceb2560fe648404f626d,3
20882652,Aura Pizzas,DLF Phase 1,Delhi NCR,6394848950,"11:47 PM, November 29 2024",Delivered,Zomato Delivery,4km,"2 x Murgh Amritsari Seekh Melt, 1 x Salted Crisper Fries",,Flat 15% off,1413.0,61.11,190.76,0.0,0.0,0.0,1283.35,,,,,,19.43,9.2,Correctly,,f89ca9d953a2998f29c8dd387dbc22a17fb8405c47e15fee574b4217d41b498a,3
20882652,Aura Pizzas,DLF Phase 1,Delhi NCR,6392440922,"08:27 PM, November 28 2024",Delivered,Zomato Delivery,6km,"1 x Iced Green Tea - Mojito, 1 x Murgh Amritsari Garlic Bread, 1 x All About Chicken Pizza",,,1360.24,68.01,0.0,0.0,0.0,0.0,1428.25,5.0,,,,,16.13,1.3,Correctly,,523d60581ebb19b36db030c2597275d6e4a3ae6215caec2b6a2b82b440fe94a6,3
20882652,Aura Pizzas,DLF Phase 1,Delhi NCR,6382100893,"09:38 PM, November 27 2024",Delivered,Zomato Delivery,2km,"1 x Chilli Cheese Garlic Bread, 1 x Bageecha Pizza, 1 x Peri Peri Paneer Pizza",,Buy 1 Get 1 - ₹769.00,1058.0,52.9,0.0,0.0,0.0,0.0,1110.9,,,,,,19.22,7.8,Incorrectly,,10e466a581dea20f9c9bfd16d5367355d362589af8bb5336e7e351e764888c0b,3
20882652,Aura Pizzas,DLF Phase 1,Delhi NCR,6392355083,"08:35 PM, November 27 2024",Delivered,Zomato Delivery,3km,"1 x Tipsy Tiger Fresh Lime Soda, 1 x Murgh Amritsari Seekh Pizza, 1 x Bageecha Pizza",,Buy 1 Get 1 - ₹599.00,748.05,37.4,0.0,0.0,0.0,0.0,785.45,3.0,,,,,16.52,1.5,Correctly,,9f24102ccb0a80309295551db81b4c72a0329afe06ca9c1e6f031dc8e02c68ae,3
20882652,Aura Pizzas,DLF Phase 1,Delhi NCR,6386471778,"09:54 PM, November 25 2024",Delivered,Zomato Delivery,2km,"2 x Garlic Aioli, 1 x OG Cheese Pide",,,469.0,23.45,0.0,0.0,0.0,0.0,492.45,,,,,,6.82,2.9,Correctly,,0cf53eabcb8781c12b1ef6004325fcbcb188a6532c276ea645b3ccf07df06157,3
20882652,Aura Pizzas,DLF Phase 1,Delhi NCR,6385267288,"07:51 PM, November 24 2024",Delivered,Zomato Delivery,9km,"1 x Bellpepper Onion Pizza, 1 x Salted Crisper Fries, 1 x Cheesy Garlic Bread",,50% off upto Rs.100,1056.0,47.8,100.0,0.0,0.0,0.0,1003.8,,,,,,20.93,2.5,Correctly,,8d19650a401a920efe630b5f2527751fc923e64cfc7169230fa10edcebda9c37,3
20882652,Aura Pizzas,DLF Phase 1,Delhi NCR,6380426198,"06:58 PM, November 23 2024",Delivered,Zomato Delivery,12km,"1 x Makhani Paneer Pizza, 1 x Masala Omelette Pide, 1 x Margherita Pizza",,Buy 1 Get 1 - ₹459.00,898.0,44.9,0.0,0.0,0.0,0.0,942.9,,,,,,20.7,2.0,Correctly,,15d1026a6a93a16a376b5eae284f4f03c900f67615bec0602da7b10bb9ba27fd,3
20882652,Aura Pizzas,DLF Phase 1,Delhi NCR,6379873232,"12:58 AM, November 23 2024",Delivered,Zomato Delivery,4km,"1 x Raw Masala Lemon Shikanji, 1 x Makhani Paneer Pizza, 1 x OG Cheese Pide",,50% off upto Rs.100,1023.24,46.16,100.0,0.0,0.0,0.0,969.4,,,,,,12.95,2.0,Correctly,,b8534608f6decb871bed9e903c7435be38e8332bef4dd25a87ad16e5329307b7,3
20882652,Aura Pizzas,DLF Phase 1,Delhi NCR,6380041885,"12:20 AM, November 23 2024",Delivered,Zomato Delivery,14km,"1 x Murgh Amritsari Seekh Pizza, 1 x Crushed Papad, 1 x Fried Chicken Strips",,50% off upto Rs.100,878.0,38.9,100.0,0.0,0.0,0.0,816.9,,,,,,20.33,7.2,Correctly,,a1af956cb8c18ef211a8c9f5b26e6fcd1d6b344606ab4380f95b14f37f07a10c,3
20882652,Aura Pizzas,DLF Phase 1,Delhi NCR,6372040326,"08:13 PM, November 22 2024",Delivered,Zomato Delivery,10km,"1 x Masala Paneer Pide, 1 x Malai Gud Pide, 1 x Makhani Paneer Pizza",,,1327.0,66.35,0.0,0.0,0.0,0.0,1393.35,,,,,,18.53,0.5,Correctly,,28453f67df307a9992bead47c8c54f818f2d0ee7a077c123aaf026e5f6727ca9,3
20882652,Aura Pizzas,DLF Phase 1,Delhi NCR,6378847723,"06:54 PM, November 22 2024",Delivered,Zomato Delivery,3km,"1 x All About Chicken Pizza, 1 x Murgh Amritsari Garlic Bread, 1 x Fried Chicken Strips",,50% off upto Rs.100,1137.0,51.85,100.0,0.0,0.0,0.0,1088.85,,,,,,21.98,10.2,Correctly,,963ca379ebb0e3e8086563f193adf67485ce6a2bbfaa529a2a07c161b0517a72,3
20882652,Aura Pizzas,DLF Phase 1,Delhi NCR,6370211684,"10:11 PM, November 21 2024",Delivered,Zomato Delivery,9km,"1 x Murgh Amritsari Seekh Melt, 1 x Angara Paneer Melt, 1 x Harisa Mayo",,Flat Rs.100 off,1244.0,57.2,100.0,0.0,0.0,0.0,1201.2,1.0,,,,,24.98,0.3,Correctly,Wrong item(s) delivered,4f0c8bb49d63ece05f5a6e04183b590b0add9efc83dbd4179e2960d917920216,3
20882652,Aura Pizzas,DLF Phase 1,Delhi NCR,6357877259,"07:42 PM, November 21 2024",Delivered,Zomato Delivery,19km,"1 x Tripple Cheese Pizza, 1 x Mushroom Mozzarella Melt, 1 x Cheesy Garlic Bread",,,1296.0,64.8,0.0,0.0,0.0,0.0,1360.8,,,,,,21.03,2.3,Correctly,,571e527b833a280c6b016d9ce023e0b14d3cd53f34ef3f412adc35aebb1e03fb,3
20882713,Swaad,DLF Phase 1,Delhi NCR,6397172554,"06:41 PM, November 30 2024",Delivered,Zomato Delivery,3km,"1 x Fried Chicken Classic Tender, 1 x Smoky BBQ Sauce, 1 x Salted Fries",,Flat 15% off,554.0,23.96,74.79,0.0,0.0,0.0,503.17,5.0,,,,,11.93,2.8,Correctly,,6eb0219ecd74bc8f8207adefdb47756d3793a6cd019a99ba6555ba73e4535896,3
20882713,Swaad,DLF Phase 1,Delhi NCR,6393806077,"05:52 PM, November 30 2024",Delivered,Zomato Delivery,2km,"1 x AAC Signature Fries, 1 x Grilled Chicken Peri Peri Tender, 1 x Bone in Kabuli Grilled Chicken",,50% off upto Rs.100,1729.0,44.95,90.0,740.0,0.0,0.0,943.95,,,,,,21.4,4.7,Incorrectly,,96cb04878382bde7aaac6758654d1de56b8d7f35ac9cddc77dbb9cb1403993da,3
20882713,Swaad,DLF Phase 1,Delhi NCR,6391459136,"10:01 PM, November 28 2024",Delivered,Zomato Delivery,5km,"1 x Salted Crisper Fries, 1 x Fried Chicken Peri Peri Tender, 1 x Salted Fries",,50% off upto Rs.100,673.0,28.65,100.0,0.0,0.0,0.0,601.65,,,,,,18.18,0.3,Correctly,,cf4519cb2e52d67e833db7ffdcd95aa6e55976e72906ec0292dd4eb34619f582,3
20882713,Swaad,DLF Phase 1,Delhi NCR,6390606690,"10:20 PM, November 26 2024",Delivered,Zomato Delivery,4km,"1 x Fried Chicken Peri Peri Tender, 1 x Bone in Jamaican Grilled Chicken, 1 x Peri Peri Crisper Fries",,Flat Rs.175 off,834.0,32.95,175.0,0.0,0.0,0.0,691.95,,,,,,15.02,0.9,Correctly,,f6abe811bf4df4a4f28d6e21cf4cfc7b4edf13582e0947b6b942533f3a472cac,3
20882713,Swaad,DLF Phase 1,Delhi NCR,6379336604,"01:17 AM, November 23 2024",Delivered,Zomato Delivery,3km,"1 x Grilled Chicken Peri Peri Tender, 1 x Grilled Chicken Jamaican Tender, 1 x Grilled Chicken Angara Tenders + Salted Fries",,Flat Rs.175 off,1055.0,44.0,175.0,0.0,0.0,0.0,924.0,,,,,,18.37,2.4,Correctly,,de0361f73b32fd24bce06a09eac3c78870a0b52fd61b44332a18bc5b160ab49f,3
20882713,Swaad,DLF Phase 1,Delhi NCR,6377019706,"09:35 PM, November 22 2024",Delivered,Zomato Delivery,4km,"1 x Grilled Chicken Smoky BBQ Tender, 1 x Grilled Chicken Jamaican Tender, 1 x AAC Grilled Chicken Burger",,Flat Rs.175 off,995.0,41.0,175.0,0.0,0.0,0.0,861.0,,,,,,20.0,1.3,Correctly,,289c1c1af381f37a5cb246d4ebc588fc0130d968e789db908abcd0cf4c016129,3
20882713,Swaad,DLF Phase 1,Delhi NCR,6375612659,"04:25 PM, November 21 2024",Delivered,Zomato Delivery,9km,"1 x Grilled Chicken Smoky BBQ Tender, 1 x AAC Signature Fries, 1 x Grilled Chicken Jamaican Tender",,Flat Rs.175 off,869.0,34.7,175.0,0.0,0.0,0.0,728.7,,,,,,17.13,5.8,Correctly,,ca49c563a55a1b007eb303b189392ab5edf3b970df7f6979fef76ffaf7256363,3
20968194,Dilli Burger Adda,Sector 4,Delhi NCR,6378182380,"04:16 PM, November 24 2024",Delivered,Zomato Delivery,4km,"1 x Raw Mint Mojito Iced Tea, 1 x Tipsy Tiger Ginger Ale, 1 x Raw Peach Iced Tea",,50% off upto Rs.100,309.53,9.64,95.24,0.0,0.0,21.43,202.5,,,,,,1.95,1.7,Correctly,,bbbafb381528c35cad40918bf514a07a6a30f09270b694107603859b2e9f0e1b,3
20968194,Dilli Burger Adda,Sector 4,Delhi NCR,6377523773,"02:06 PM, November 24 2024",Delivered,Zomato Delivery,3km,"1 x Butter Chicken Grilled Burger, 1 x Dirty Indian Masala Fries, 1 x Classic Bacon Melt Tenderloin Burger",,Flat Rs.125 off,1078.0,38.6,125.0,0.0,95.3,85.77,810.53,,,,,,28.52,21.3,Correctly,,93b3ae84a3f4930f6119202fecc289a3b80d00f45b91bde7436bd36042137a48,3
21077127,Aura Pizzas,Sector 135,Delhi NCR,6398886869,"09:20 PM, November 30 2024",Delivered,Zomato Delivery,5km,"1 x Masala Paneer Pide, 1 x Bageecha Pizza, 1 x Harissa Mayo",,,978.0,48.9,0.0,0.0,0.0,0.0,1026.9,,,,,,14.95,0.5,Correctly,,e6a9476ee0b109d51fad4a3bcdb41860c9aa5257320ed02f7591df1725436082,3
21077127,Aura Pizzas,Sector 135,Delhi NCR,6400637590,"08:30 PM, November 30 2024",Delivered,Zomato Delivery,3km,"1 x Bageecha Pizza, 1 x Onion Rings, 1 x Cheesy Garlic Bread",,,1067.0,48.02,0.0,0.0,0.0,106.7,1008.32,,,,,,14.12,0.6,Correctly,,fdd1528293e7f52477b2edd14b4707c5fc1bdd122eb2ca3c504711cc39615df1,3
21077127,Aura Pizzas,Sector 135,Delhi NCR,6398024135,"07:20 PM, November 30 2024",Delivered,Zomato Delivery,18km,"1 x Murgh Amritsari Seekh Pizza, 1 x All About Chicken Pizza, 1 x Margherita Pizza",,,1747.0,78.62,0.0,0.0,0.0,174.7,1650.92,,,,,,13.25,1.2,Correctly,,e733524765f00f05bfd020bec7c52c5135d37482e9ea1c4f3f836a53d1f1a8fa,3
21077127,Aura Pizzas,Sector 135,Delhi NCR,6397202058,"11:40 PM, November 29 2024",Delivered,Zomato Delivery,5km,"1 x Herbed Potato, 1 x Makhani Paneer Pizza, 1 x Onion Rings",,,1155.0,51.98,0.0,0.0,0.0,115.5,1091.48,5.0,,,,,24.13,1.5,Correctly,,0b0160d65e117e3d73a6a4b6e8d99102fddfa76df2290d4db0eafac23003d8c2,3
21077127,Aura Pizzas,Sector 135,Delhi NCR,6379101942,"08:10 PM, November 28 2024",Delivered,Zomato Delivery,1km,"1 x Bageecha Pizza, 1 x Peri Peri Crisper Fries, 1 x Chilli Cheese Garlic Bread",,,1057.0,47.57,0.0,0.0,0.0,105.7,998.87,2.0,,,,,22.02,17.0,Correctly,,5297bf7465e755357dc75e5bf47d1865d381e03fd6753e479ab8c13920579e74,3
21077127,Aura Pizzas,Sector 135,Delhi NCR,6380771712,"11:09 PM, November 27 2024",Delivered,Zomato Delivery,3km,"1 x Mushroom Mozzarella Melt, 2 x Peri Peri Crisper Fries",,Buy 1 Get 1 - ₹199.00,648.0,32.4,0.0,0.0,0.0,0.0,680.4,,,,,,15.17,7.3,Correctly,,2b4865d8d492326d05e60f14d926c62ef7dffb0dcc290293b1b0517fc966791a,3
21077127,Aura Pizzas,Sector 135,Delhi NCR,6393039126,"09:13 PM, November 27 2024",Delivered,Zomato Delivery,1km,"1 x Mushroom Pizza, 1 x Peri Peri Grilled Chicken Pizza, 1 x Fried Chicken Strips",,Buy 1 Get 1 - ₹609.00,808.0,40.4,0.0,0.0,0.0,0.0,848.4,2.0,This was my third or fourth time order. It became my fav restaurant by today's order was below average. Both pizzas were so dry and chicken strips was also not good. Why you power down your quality. Didn't expect. I was planning to invite guest and feed them your artisanal pizza but now I am canceling the plan. Sorry for this feedback team.,,,,23.63,5.6,Correctly,,2040d23a49ed8f667ab3d91797dd46c4ab05ed944c0765b52676e3307b68d8ed,3
21077127,Aura Pizzas,Sector 135,Delhi NCR,6386654252,"08:31 PM, November 26 2024",Delivered,Zomato Delivery,5km,"1 x Bageecha Pizza, 1 x Masala Paneer Pide, 1 x Chilli Cheese Garlic Bread",,,1436.0,71.8,0.0,0.0,0.0,0.0,1507.8,,,,,,16.92,7.7,Correctly,,67f356ed74a0da24a84d8cd9cf8557fd970a6228175206d3589d60728b62166a,3
21077127,Aura Pizzas,Sector 135,Delhi NCR,6378262849,"10:13 PM, November 24 2024",Delivered,Zomato Delivery,4km,"1 x Tipsy Tiger Fresh Lime Soda, 1 x Chilli Cheese Garlic Bread, 1 x All About Chicken Pizza",,,1237.05,61.85,0.0,0.0,0.0,0.0,1298.9,,,,,,21.02,14.2,Correctly,,f004598102119b69d1f6a4c3cc9f0529497fcd6bfca120c13e3e0842396e58f1,3
21077127,Aura Pizzas,Sector 135,Delhi NCR,6380815519,"08:12 PM, November 23 2024",Delivered,Zomato Delivery,2km,"1 x All About Chicken Pizza, 1 x Bageecha Pizza, 1 x Herbed Potato",,Buy 1 Get 1 - ₹599.00,867.0,43.35,0.0,0.0,0.0,0.0,910.35,5.0,,,,,17.23,13.1,Incorrectly,,00f319a1a9153e59e2d42992a551dcc6c912dfc32dd508e258be9031ba7ce380,3
21077127,Aura Pizzas,Sector 135,Delhi NCR,6378999462,"07:57 PM, November 22 2024",Delivered,Zomato Delivery,4km,"1 x Peri Peri Grilled Chicken Pizza, 1 x Makhani Paneer Pizza, 1 x Fried Chicken Strips",,,1466.0,73.3,0.0,0.0,0.0,0.0,1539.3,,,,,,19.4,7.9,Correctly,,a1b854496e2b805bd10d9d506f50d19bb18ac5c52c288d1c43fd0455f8469907,3
21173951,Aura Pizzas,Vasant Kunj,Delhi NCR,6392261437,"09:36 PM, November 28 2024",Delivered,Zomato Delivery,4km,"1 x Mushroom Pizza, 1 x Raw Masala Lemon Shikanji, 1 x Tipsy Tiger Fresh Lime Soda",,Flat Rs.100 off,1013.29,41.6,90.0,0.0,0.0,91.33,873.56,,,,,,15.13,1.2,Correctly,,96056aea803b4fa86e80860ce6bb73d096f36d1d0fe2b44e8ab94e300675eca9,3
21173951,Aura Pizzas,Vasant Kunj,Delhi NCR,6388984000,"05:47 PM, November 27 2024",Delivered,Zomato Delivery,1km,"1 x Peri Peri Crisper Fries, 1 x Masala Paneer Pide, 1 x Murgh Amritsari Seekh Pide",,Buy 1 Get 1 - ₹319.00,548.0,27.4,0.0,0.0,0.0,0.0,575.4,,,,,,18.23,1.5,Correctly,,7560b9e98d60fcb9c775296dc313714a34d0d50aea85a31697285cc4ad4c6de9,3
21173951,Aura Pizzas,Vasant Kunj,Delhi NCR,6384090499,"11:05 PM, November 24 2024",Delivered,Zomato Delivery,7km,"1 x Herbed Potato, 1 x Salted Crisper Fries, 1 x Bageecha Pizza",Order: please send extra oregano and tissue,,926.0,46.3,0.0,0.0,0.0,0.0,972.3,,,,,,17.63,0.6,Correctly,,29250682c42a56552eee0d029f6f710ebd6edb2fc2de61726a1ed69fa716f5ef,3
21173951,Aura Pizzas,Vasant Kunj,Delhi NCR,6378273207,"01:41 PM, November 24 2024",Delivered,Zomato Delivery,3km,"1 x Jamaican Chicken Melt, 1 x All About Chicken Pizza, 1 x Desi Pepperoni Pizza",,,2237.0,111.85,0.0,0.0,0.0,0.0,2348.85,,,,,,25.7,0.4,Correctly,,8638462c6c60e84a2ee81eb942b49268a23cc68eaf14b2eb5ba50edf9d56e21a,3
21173951,Aura Pizzas,Vasant Kunj,Delhi NCR,6376554468,"08:57 PM, November 21 2024",Delivered,Zomato Delivery,5km,"2 x Angara Paneer Melt, 1 x Margherita Pizza",,,1475.0,73.75,0.0,0.0,0.0,0.0,1548.75,1.0,,,,,11.78,0.9,Correctly,Item(s) missing or not delivered,d5e641a816143836f31596f02cf72cc86a31b53ff44e8f7f4720e13965b9b091,3
21309083,Swaad,Shahdara,Delhi NCR,6392422521,"11:47 PM, November 30 2024",Delivered,Zomato Delivery,3km,"1 x Bone in Jamaican Grilled Chicken, 1 x Bone in Angara Grilled Chicken, 1 x Iced Green Tea - Peach",,Flat Rs.700 off,715.24,30.93,96.56,0.0,0.0,0.0,649.61,,,,,,13.88,0.1,Correctly,Wrong item(s) delivered,42177f1a12fa8fb9872d744bf41b2ac4310e176465f4942f068c5f0599a7d099,3
21309083,Swaad,Shahdara,Delhi NCR,6400001042,"03:51 PM, November 30 2024",Delivered,Zomato Delivery,1km,"1 x Jamaican Sauce, 1 x Fried Chicken Ghostbuster Tender, 1 x Onion Rings",,Flat 15% off,674.0,29.15,90.99,0.0,0.0,0.0,612.16,,,,,,15.98,5.5,Correctly,,f6b334b4da146bb7b6f0d05f4bd72e4a15b4336fc3613952d44ec62ecb200840,3
21309083,Swaad,Shahdara,Delhi NCR,6399532820,"02:39 PM, November 30 2024",Delivered,Zomato Delivery,1km,"1 x Grilled Chicken Angara Tangdi, 1 x AAC Signature Crisper Fries, 1 x Grilled Chicken Jamaican Tender",,Flat Rs.175 off,1099.0,47.1,157.0,0.0,0.0,0.0,989.1,,,,,,23.73,11.0,Correctly,,88e554d1aca79956787571669fc19495255bfbdd5926d8dc555b83acee9e0e0f,3
21309083,Swaad,Shahdara,Delhi NCR,6389733740,"10:18 PM, November 26 2024",Delivered,Zomato Delivery,2km,"1 x Bone in Peri Peri Grilled Chicken, 1 x Fried Chicken Classic Tender, 1 x Grilled Chicken Jamaican Tender",,,1815.0,90.75,0.0,0.0,0.0,0.0,1905.75,,,,,,22.9,17.3,Correctly,,e64df622ca1335d79db69bfcf07a7e9b1f63d9a55734f7367de6f62213eea5ae,3
21309083,Swaad,Shahdara,Delhi NCR,6375160944,"08:16 PM, November 24 2024",Delivered,Zomato Delivery,4km,"1 x Fried Chicken Kabuli Tender, 1 x Onion Rings, 1 x Grilled Chicken Angara Tangdi",,,1358.0,67.9,0.0,0.0,0.0,0.0,1425.9,,,,,,25.2,8.9,Correctly,,3bf5989d631d33eb4b3da7aee555a690a7d3409e15415fc2523515d18620c88f,3
21309083,Swaad,Shahdara,Delhi NCR,6372398857,"12:43 PM, November 24 2024",Delivered,Zomato Delivery,7km,"1 x Angara Rice, 2 x Grilled Chicken Angara Tender",,,1258.0,62.9,0.0,0.0,0.0,0.0,1320.9,,,,,,24.72,6.1,Correctly,,0075fd932e9c3b880c370e2ca2e6303d70cc46696b4293e911db681faa55abc2,3
21309083,Swaad,Shahdara,Delhi NCR,6378129507,"07:57 PM, November 23 2024",Delivered,Zomato Delivery,7km,"1 x Grilled Chicken Ghostbuster Tangdi, 1 x Peri Peri Crisper Fries, 1 x Bone in Jamaican Grilled Chicken",,,1154.0,57.7,0.0,0.0,0.0,0.0,1211.7,,,,,,19.53,5.9,Correctly,,21f570ff6db6be84f793c28deb288604bf2b773bf2babd39cdd5195ab7e96559,3
21309083,Swaad,Shahdara,Delhi NCR,6374896504,"08:29 PM, November 21 2024",Delivered,Zomato Delivery,1km,"1 x Bone in Jamaican Grilled Chicken, 1 x Bone in Peri Peri Grilled Chicken, 1 x Grilled Chicken Jamaican Tangdi",,,1025.0,51.25,0.0,0.0,0.0,0.0,1076.25,,,,,,16.65,8.7,Incorrectly,,fc7527731299f81450352974019356e02a85f1a0c8043a7cbb2557545c1aeb9e,3
20320607,Swaad,Sector 4,Delhi NCR,6423405451,"12:55 PM, December 09 2024",Delivered,Zomato Delivery,4km,"1 x Grilled Chicken Jamaican Tender, 1 x AAC Grilled Chicken Burger, 1 x Bone in Angara Grilled Chicken",,Flat Rs.175 off,1455.0,64.9,157.0,0.0,0.0,0.0,1362.9,,,,,,24.97,3.3,Correctly,,002afbd83626f0c699892fcb07b2ddf3858911482647b6111ecb44ed50fb6d5e,3
20320607,Swaad,Sector 4,Delhi NCR,6421399539,"09:16 PM, December 08 2024",Delivered,Zomato Delivery,3km,"1 x Grilled Chicken Jamaican Tender, 1 x Bone in Smoky Bbq Grilled Chicken, 1 x Bone in Angara Grilled Chicken",,,1760.0,88.0,0.0,0.0,0.0,0.0,1848.0,5.0,,,,,22.58,3.2,Incorrectly,,17dcf47b0f63427fc263a135d8e6803f86b8c9321df1847ec421a6b1dd9ba4d5,3
20320607,Swaad,Sector 4,Delhi NCR,6418110993,"01:46 AM, December 08 2024",Delivered,Zomato Delivery,2km,"1 x Grilled Chicken Angara Tender, 2 x Garlic Aioli",,Flat 15% off,555.0,24.0,74.93,0.0,0.0,0.0,504.07,,,,,,15.65,2.3,Correctly,,0781815deb4a10a574e9fee4fa0b86b074d4a0b36175d5a626dbc4710568bff4,3
20320607,Swaad,Sector 4,Delhi NCR,6411541534,"07:49 PM, December 07 2024",Delivered,Zomato Delivery,3km,"1 x Peri Peri Crisper Fries, 1 x Grilled Chicken Smoky BBQ Tender, 1 x Grilled Chicken Jamaican Tender",,Flat Rs.175 off,1069.0,45.6,157.0,0.0,0.0,0.0,957.6,,,,,,14.42,1.1,Correctly,,58f25b50a6be88c4a2fdfafe7d5c18d3e4d6ba365726fdc445e80b041430da4b,3
20320607,Swaad,Sector 4,Delhi NCR,6414856006,"05:56 PM, December 07 2024",Delivered,Zomato Delivery,3km,"1 x Fried Chicken Ghostbuster Tender, 2 x Bone in Kabuli Grilled Chicken",,,1630.0,40.75,0.0,815.0,0.0,0.0,855.75,,,,,,21.7,7.3,Correctly,,7ecba12675df48b9b8c245c81a354abc2c6a4a8dd4d28be92f2b955fae0c8150,3
20320607,Swaad,Sector 4,Delhi NCR,6413871212,"01:18 PM, December 07 2024",Delivered,Zomato Delivery,1km,"1 x AAC Grilled Paneer Burger, 1 x Fried Chicken Peri Peri Tender, 1 x Fried Chicken Beast AAC Burger",,Flat 20% off,1479.0,60.64,266.22,0.0,0.0,0.0,1273.42,,,,,,29.38,22.9,Correctly,,4426b1a9591a5dbaba3e8bbedb9c31116e57d309e6d2c971902abe5efa8811e8,3
20320607,Swaad,Sector 4,Delhi NCR,6415763397,"03:00 AM, December 07 2024",Delivered,Zomato Delivery,4km,"1 x Fried Chicken Angara Tender, 1 x Garlic Aioli, 1 x Peri Peri Fries",,Flat 15% off,574.0,24.83,77.49,0.0,0.0,0.0,521.34,,,,,,13.68,8.8,Correctly,,2aab4060d41744e060fa9cf2a01c52c613c5d3f30036e282d16575e5646e497d,3
20320607,Swaad,Sector 4,Delhi NCR,6414751557,"08:03 PM, December 06 2024",Delivered,Zomato Delivery,2km,"1 x AAC Signature Fries, 1 x Fried Chicken Classic Tender, 1 x AAC Grilled Chicken Burger",,Flat 15% off,889.0,38.45,120.02,0.0,0.0,0.0,807.43,,,,,,19.38,5.4,Incorrectly,,65826fe1de38848c024e77c5bf23ca9dfddbcf0fedf4def8dcaf414167e9efc5,3
20320607,Swaad,Sector 4,Delhi NCR,6410069935,"05:10 PM, December 06 2024",Delivered,Zomato Delivery,7km,"1 x Grilled Chicken Peri Peri Tender, 1 x Fried Chicken Ghostbuster Tender, 1 x Dynamite sauce",Order: Fresh tender chicken,,695.0,18.88,0.0,317.5,0.0,0.0,396.38,,,,,,13.22,1.4,Correctly,,ceb526e787cd801f16a69cea7950db738d16e4e8792e980420807271b1d08b0a,3
20320607,Swaad,Sector 4,Delhi NCR,6404301845,"07:35 PM, December 02 2024",Delivered,Zomato Delivery,5km,"1 x Bone in Smoky Bbq Grilled Chicken, 1 x Bone in Peri Peri Grilled Chicken, 1 x Fried Chicken Peri Peri Tender",,,1640.0,82.0,0.0,0.0,0.0,0.0,1722.0,,,,,,18.83,1.4,Correctly,,fbb1419138a54dd887a06b89cb3530b797f3092f94efec8c1a65c13e050b468a,3
20320607,Swaad,Sector 4,Delhi NCR,6395457992,"01:15 PM, December 02 2024",Delivered,Zomato Delivery,3km,"1 x Fried Chicken Angara Tender, 1 x Bone in Jamaican Grilled Chicken, 1 x Grilled Chicken Smoky BBQ Tangdi",,Flat Rs.175 off,1040.0,44.15,157.0,0.0,0.0,0.0,927.15,,,,,,24.25,9.1,Correctly,,ef6d92983fd3ad66734c7cb2a8a7c2e9b8599faeba85f156d6284ccec8e62e06,3
20320607,Swaad,Sector 4,Delhi NCR,6400685754,"09:46 PM, December 01 2024",Delivered,Zomato Delivery,7km,"1 x Fried Chicken Classic Tender, 1 x Fried Chicken Peri Peri Tender, 1 x Animal Fries",,Flat Rs.175 off,1005.0,42.4,157.0,0.0,0.0,0.0,890.4,,,,,,13.62,1.7,Correctly,,566caf6b824311eaaa170437cced961a217a6f490f63a058f92c0c47e78c7dfc,3
20320607,Swaad,Sector 4,Delhi NCR,6404433805,"08:54 PM, December 01 2024",Delivered,Zomato Delivery,1km,"2 x Fried Chicken Classic Tender, 1 x Grilled Chicken Smoky BBQ Tender",,Flat 15% off,960.0,41.52,129.6,0.0,0.0,0.0,871.92,,,,,,15.02,1.7,Correctly,,c521ccf21e7bb2207c3f08d578b6e028d2c3b25986cb35dd5930ede1d8a643da,3
20320607,Swaad,Sector 4,Delhi NCR,6391434856,"05:03 PM, December 01 2024",Delivered,Zomato Delivery,4km,"1 x Animal Fries, 1 x Tipsy Tiger Fresh Lime Soda, 1 x Fried Chicken Classic Tender",,Flat 15% off,799.05,35.36,91.8,0.0,0.0,0.0,742.61,,,,,,15.37,1.5,Correctly,,096a4daaf2c167cbce3354897d98338299075d4cd7392ccfee96276b64e0273b,3
20554001,Swaad,Greater Kailash 2 (GK2),Delhi NCR,6425597637,"11:35 PM, December 10 2024",Delivered,Zomato Delivery,5km,"1 x Bone in Kabuli Grilled Chicken, 2 x AAC Grilled Chicken Burger",,Flat 20% off,1335.0,54.74,240.3,0.0,0.0,0.0,1149.44,,,,,,23.72,0.5,Correctly,,f4c44872a1d6ac068f0e900d715a521b9222430ddd1a4e2088c006ad57a62b1e,3
20554001,Swaad,Greater Kailash 2 (GK2),Delhi NCR,6424251800,"11:17 AM, December 09 2024",Delivered,Zomato Delivery,2km,"1 x Fried Chicken Ghostbuster Tender, 1 x Fried Chicken Kabuli Tender, 1 x Animal Fries",,Flat Rs.175 off,1005.0,42.4,157.0,0.0,0.0,0.0,890.4,,,,,,36.67,14.6,Correctly,,566caf6b824311eaaa170437cced961a217a6f490f63a058f92c0c47e78c7dfc,3
20554001,Swaad,Greater Kailash 2 (GK2),Delhi NCR,6418246334,"07:14 PM, December 08 2024",Delivered,Zomato Delivery,3km,"1 x Peri Peri Fries, 1 x Fried Chicken Classic Tender, 1 x Grilled Chicken Jamaican Tender",,Flat 15% off,1084.0,46.88,146.34,0.0,0.0,0.0,984.54,,,,,,17.8,0.5,Correctly,,07d9ad41232ccdd3a0f4436f6a52e233e7e55996d0e6f402cf499ddc16ace9a7,3
20554001,Swaad,Greater Kailash 2 (GK2),Delhi NCR,6420486808,"12:51 AM, December 08 2024",Delivered,Zomato Delivery,2km,"1 x Fried Chicken Ghostbuster Tender, 1 x Grilled Chicken Jamaican Tender, 1 x Fried Chicken Peri Peri Tender",,Flat 20% off,1595.0,65.4,287.1,0.0,0.0,0.0,1373.3,,,,,,27.22,0.8,Correctly,,0841c5533c618bd6361b49a4d434380e54a7fc5fcf8abc7375bd5b4b8d67a67b,3
20554001,Swaad,Greater Kailash 2 (GK2),Delhi NCR,6416364782,"07:56 PM, December 07 2024",Delivered,Zomato Delivery,1km,"1 x Bone in Jamaican Grilled Chicken, 1 x Bone in Jamaican Grilled Chicken, 1 x Peri Peri Crisper Fries",,Flat Rs.175 off,1094.0,46.85,157.0,0.0,0.0,0.0,983.85,,,,,,24.32,0.3,Correctly,,752f0a180b45a07682332cbc3e94bb12e653b897aad7c47a1edbbad525783bd3,3
20554001,Swaad,Greater Kailash 2 (GK2),Delhi NCR,6411454993,"12:45 PM, December 07 2024",Delivered,Zomato Delivery,1km,"1 x Peri Peri Crisper Fries, 1 x Grilled Chicken Jamaican Tender, 1 x Grilled Chicken Smoky BBQ Tangdi",,Flat Rs.175 off,1034.0,43.85,157.0,0.0,0.0,0.0,920.85,,,,,,21.07,15.8,Incorrectly,,50569695e3aaca4181314ce31b62d403372d92fccc5f94b8b07f41d384597677,3
20554001,Swaad,Greater Kailash 2 (GK2),Delhi NCR,6413764421,"06:41 PM, December 05 2024",Delivered,Zomato Delivery,2km,"1 x AAC Signature Fries, 1 x Grilled Chicken Peri Peri Tangdi, 1 x Jamaican Sauce",,Flat 15% off,654.0,28.29,88.29,0.0,0.0,0.0,594.0,,,,,,17.77,4.3,Correctly,,8262aff58673f392152c2e19f57ffb62b40d990add339ee28ad9cbf9efde3f8d,3
20554001,Swaad,Greater Kailash 2 (GK2),Delhi NCR,6406045849,"10:51 PM, December 04 2024",Delivered,Zomato Delivery,4km,"1 x Fried Chicken Peri Peri Tender, 1 x Grilled Chicken Jamaican Tender, 1 x Dynamite sauce",,Flat 15% off,830.0,35.9,112.05,0.0,0.0,0.0,753.85,,,,,,29.12,10.0,Correctly,,fa0ac6783ffda40c683a86bbff6dbe4e6fdb5e410457392243c6c752e35cbed5,3
20554001,Swaad,Greater Kailash 2 (GK2),Delhi NCR,6405503762,"07:47 PM, December 03 2024",Delivered,Zomato Delivery,2km,"1 x AAC Grilled Paneer Burger, 1 x Fried Chicken Beast AAC Burger, 1 x Animal Fries",,Flat Rs.200 off,1075.0,45.75,160.0,0.0,0.0,0.0,960.75,,,,,,26.98,0.2,Correctly,,3af1bd21b2ac653ee7a6c3d0cab3956b335253910dab0b8ee512c796d807b174,3
20554001,Swaad,Greater Kailash 2 (GK2),Delhi NCR,6406499962,"07:23 PM, December 03 2024",Delivered,Zomato Delivery,4km,"1 x Bone in Jamaican Grilled Chicken, 1 x Grilled Chicken Angara Tender, 1 x Animal Fries",,Flat 20% off,1375.0,56.38,247.5,0.0,0.0,0.0,1183.88,,,,,,22.15,0.8,Correctly,,0efceda42b9fbb206df0c89b32e5b59b6fefc3312cc6e0b619e5199941348703,3
20554001,Swaad,Greater Kailash 2 (GK2),Delhi NCR,6408424612,"04:35 PM, December 03 2024",Delivered,Zomato Delivery,3km,"1 x AAC Signature Fries, 2 x Fried Chicken Beast AAC Burger",,,939.0,28.2,0.0,375.0,0.0,0.0,592.2,5.0,,,,,23.75,2.0,Correctly,,6bcb25bb6ef940a573a4e1cc419e0bb7ff546727141bfae30f566b1455b84c4d,3
20554001,Swaad,Greater Kailash 2 (GK2),Delhi NCR,6399965739,"08:05 PM, December 01 2024",Delivered,Zomato Delivery,<1km,"1 x Fried Chicken Peri Peri Tender, 2 x Animal Fries",,Flat 15% off,1035.0,44.76,139.73,0.0,0.0,0.0,940.03,,,,,,21.58,4.9,Correctly,,e0136932f0391838652e08c53d705b0c6c6c740212bf61729e677d04ea633381,3
20635699,Aura Pizzas,Greater Kailash 2 (GK2),Delhi NCR,6427891106,"04:58 PM, December 10 2024",Delivered,Zomato Delivery,5km,"1 x Chilli Cheese Garlic Bread, 1 x Masala Paneer Pide, 1 x Margherita Pizza",,Flat Rs.175 off,1037.0,39.69,157.0,0.0,0.0,86.2,833.49,5.0,"Thank god I found this joint after many many years, was fed up eating the branded pizza's. ",,,,24.88,4.3,Incorrectly,,16e4e8d24793c8521c240b3486f16f474bdc9e2639e37ef52885f29aca566295,3
20635699,Aura Pizzas,Greater Kailash 2 (GK2),Delhi NCR,6419124957,"12:23 PM, December 10 2024",Delivered,Zomato Delivery,2km,"1 x Bageecha Pizza, 1 x Herbed Potato, 1 x Masala Potato Pide",,Flat Rs.500 off,1046.0,26.15,0.0,523.0,0.0,0.0,549.15,,,,,,27.68,10.3,Correctly,,a576059f29a1f9774bd58ca44adb8531d648de4dc8c52c6919b9dabff542fcaf,3
20635699,Aura Pizzas,Greater Kailash 2 (GK2),Delhi NCR,6424349607,"01:46 AM, December 09 2024",Delivered,Zomato Delivery,2km,"1 x Herbed Potato, 1 x Cheesy Garlic Bread, 1 x Jamaican Chicken Melt",,Flat 15% off,866.0,33.77,116.91,0.0,0.0,73.61,709.25,,,,,,22.67,0.7,Correctly,,412e1c1b1bc49de555e958781dd442a4b4ff879cd5bfdb70a6a343b0a5daee1e,3
20635699,Aura Pizzas,Greater Kailash 2 (GK2),Delhi NCR,6416328419,"11:41 PM, December 08 2024",Delivered,Zomato Delivery,1km,"1 x All About Chicken Pizza, 2 x Mushroom Pizza",,Flat Rs.300 off,1877.0,72.47,270.0,0.0,0.0,157.7,1521.77,,,,,,20.47,4.8,Correctly,,1c26e638d4a40a784def215a1f4a6f0f55d2b73c4a43d8200172b8420dcbc22b,3
20635699,Aura Pizzas,Greater Kailash 2 (GK2),Delhi NCR,6419767306,"07:49 PM, December 08 2024",Delivered,Zomato Delivery,6km,"1 x Bageecha Pizza, 1 x All About Chicken Pizza, 1 x Chilli Cheese Garlic Bread",,,1517.0,75.85,0.0,0.0,0.0,0.0,1592.85,,,,,,30.02,0.3,Correctly,,b62b969a87c3f027261bd5c2e78c6c37a14107ef8d37385dbbd917565ab53ffb,3
20635699,Aura Pizzas,Greater Kailash 2 (GK2),Delhi NCR,6422048493,"02:33 PM, December 08 2024",Delivered,Zomato Delivery,4km,"1 x Cheesy Garlic Bread, 1 x Salted Fries, 1 x Bageecha Pizza",,Flat Rs.175 off,1016.0,38.75,157.0,0.0,0.0,84.1,813.65,,,,,,13.6,0.3,Correctly,,f8720cca550da6e870d4c556a5a0370b7a5888fa77d2197d050a3dc850cfc215,3
20635699,Aura Pizzas,Greater Kailash 2 (GK2),Delhi NCR,6417886502,"12:36 AM, December 08 2024",Delivered,Zomato Delivery,2km,"1 x Mushroom Pizza, 1 x Malai Gud Pide, 1 x Herbed Potato",,Flat 15% off,1494.0,64.62,201.69,0.0,0.0,0.0,1356.93,,,,,,28.8,0.2,Correctly,,6cdf77311f4cfe758a0343627c7c9c8bbf41c9a65fa55d5cf9edda1320f06597,3
20635699,Aura Pizzas,Greater Kailash 2 (GK2),Delhi NCR,6419437580,"10:07 PM, December 07 2024",Delivered,Zomato Delivery,5km,"1 x Margherita Pizza, 1 x Onion Rings, 1 x Peri Peri Crisper Fries",,Flat 15% off,987.0,38.49,133.25,0.0,0.0,83.9,808.34,,,,,,20.33,1.0,Correctly,,4d64bfe10939e38c5da29ad5c35b77d713c013ef508d1fed77b9156fb6c9c728,3
20635699,Aura Pizzas,Greater Kailash 2 (GK2),Delhi NCR,6420442841,"08:41 PM, December 07 2024",Delivered,Zomato Delivery,1km,"1 x Peri Peri Paneer Pizza, 1 x Chilli Cheese Garlic Bread, 1 x Mushroom Pizza",Order: Please make the pizzas crispy.,,1447.0,65.12,0.0,0.0,0.0,144.7,1367.42,,,,,,33.93,1.1,Correctly,,b3d39f4dcfb983160a78691de6bfd1e94e7b65375eee5527ecf085c8a054881d,3
20635699,Aura Pizzas,Greater Kailash 2 (GK2),Delhi NCR,6396915329,"06:25 PM, December 07 2024",Delivered,Zomato Delivery,6km,"1 x Margherita Pizza, 1 x Angara Paneer Melt, 1 x Masala Potato Pide",,,1397.0,69.85,0.0,0.0,0.0,0.0,1466.85,5.0,,,,,16.45,7.7,Correctly,,6868574834903025b9f91a738eeab4964d188be154245c21f515515d70cfb757,3
20635699,Aura Pizzas,Greater Kailash 2 (GK2),Delhi NCR,6418897948,"05:44 PM, December 07 2024",Delivered,Zomato Delivery,1km,"1 x Just Pepperoni Pizza, 1 x Bageecha Pizza, 1 x Margherita Pizza",,Flat 15% off,2117.0,91.56,285.8,0.0,0.0,0.0,1922.76,,,,,,16.28,0.5,Correctly,,b0181d7f2633d7276fbb6f7d788239745ce4a7c00ad915e6b2f9d0539bcc10ee,3
20635699,Aura Pizzas,Greater Kailash 2 (GK2),Delhi NCR,6415349629,"04:16 PM, December 07 2024",Delivered,Zomato Delivery,5km,"1 x Murgh Amritsari Seekh Pizza, 1 x Angara Paneer Melt, 1 x Jamaican Chicken Melt",,Flat Rs.300 off,1557.0,64.35,270.0,0.0,0.0,0.0,1351.35,,,,,,21.93,0.7,Correctly,,dc8e35edf598be5a7859015ea82b8cd0c9ded231faf36d141bc762ef2292934b,3
20635699,Aura Pizzas,Greater Kailash 2 (GK2),Delhi NCR,6414961856,"01:05 AM, December 07 2024",Delivered,Zomato Delivery,4km,"1 x Onion Rings, 1 x Salted Crisper Fries, 1 x Peri Peri Fries",,,606.0,30.3,0.0,0.0,0.0,0.0,636.3,,,,,,15.38,0.4,Correctly,,a881d441baeb60cabb6b06491607392db2006e8df0be30b8f406ccc3ff95bb1c,3
20635699,Aura Pizzas,Greater Kailash 2 (GK2),Delhi NCR,6415328384,"09:40 PM, December 06 2024",Delivered,Zomato Delivery,6km,"1 x Murgh Amritsari Seekh Pizza, 1 x Margherita Pizza, 1 x Just Pepperoni Pizza",,Flat Rs.300 off,1917.0,82.35,270.0,0.0,0.0,0.0,1729.35,,,,,,24.02,1.8,Correctly,,288768840d06004537b058c7b2ebad21bd2a1484b35b7a7b1ed6a16915c1fd77,3
20635699,Aura Pizzas,Greater Kailash 2 (GK2),Delhi NCR,6412953390,"09:02 PM, December 06 2024",Delivered,Zomato Delivery,4km,"1 x Margherita Pizza, 1 x Tipsy Tiger Ginger Ale, 1 x Bageecha Pizza",,,1177.05,58.85,0.0,0.0,0.0,0.0,1235.9,,,,,,16.73,0.4,Correctly,,44b8b5469e4cfcfc803d322a064cc2e4370a40273ed179a2878819e501a75215,3
20635699,Aura Pizzas,Greater Kailash 2 (GK2),Delhi NCR,6413026784,"01:11 PM, December 06 2024",Delivered,Zomato Delivery,<1km,"1 x Bageecha Pizza, 1 x Masala Potato Pide, 1 x Herbed Potato",,,1046.0,26.15,0.0,523.0,0.0,0.0,549.15,,,,,,14.83,0.6,Correctly,,70d274d8368c01b9210b3a613bb876af3e5e3798152b0d0ed7be134d81646197,3
20635699,Aura Pizzas,Greater Kailash 2 (GK2),Delhi NCR,6408073474,"02:52 AM, December 06 2024",Delivered,Zomato Delivery,1km,"1 x Murgh Amritsari Seekh Pizza, 1 x Tipsy Tiger Fresh Lime Soda, 1 x Indian Masala Fries",,Flat 15% off,1006.05,39.95,119.75,0.0,0.0,87.3,838.95,1.0,,,,,21.17,0.9,Correctly,,89617a179b6362565ffd2c319f217d6592471708d40a77b4bf1ac0fb4d4e34d7,3
20635699,Aura Pizzas,Greater Kailash 2 (GK2),Delhi NCR,6413590253,"03:37 PM, December 05 2024",Delivered,Zomato Delivery,1km,"1 x Spinach Sumac Pide, 1 x Murgh Amritsari Seekh Melt, 1 x Mutton Seekh Pide",,Flat 15% off,1267.0,54.8,171.05,0.0,0.0,0.0,1150.75,5.0,,,,,13.7,0.5,Correctly,,ccea7543ae63b620a0d00a3e7a6a70c2f53b31292856d27dfaab2f3a42a8d999,3
20635699,Aura Pizzas,Greater Kailash 2 (GK2),Delhi NCR,6411093527,"02:53 PM, December 04 2024",Delivered,Zomato Delivery,10km,"1 x Indian Masala Fries, 1 x Malai Gud Pide, 1 x Murgh Amritsari Seekh Pizza",,Flat Rs.175 off,1146.0,44.6,157.0,0.0,0.0,97.1,936.5,,,,,,14.0,1.2,Correctly,,2a935b2dd1eecffdeb82c4dadeb7947cc319c03cd17f74238c0325afb5a24bd8,3
20635699,Aura Pizzas,Greater Kailash 2 (GK2),Delhi NCR,6407941246,"02:04 AM, December 04 2024",Delivered,Zomato Delivery,3km,"1 x Murgh Amritsari Seekh Pide, 1 x Salted Crisper Fries, 1 x Chilli Cheese Garlic Bread",,Flat 15% off,906.0,35.33,122.31,0.0,0.0,77.01,742.01,,,,,,13.03,1.0,Correctly,,20e1da0293d67cde6f0beb529f106a6446692f60165cc01ba274f6c68c9b2746,3
20635699,Aura Pizzas,Greater Kailash 2 (GK2),Delhi NCR,6403517798,"01:38 PM, December 02 2024",Delivered,Zomato Delivery,4km,"1 x Bageecha Pizza, 1 x Herbed Potato, 1 x Masala Potato Pide",,,1046.0,23.54,0.0,523.0,0.0,52.3,494.24,5.0,,,,,22.18,0.5,Correctly,,a31ab03bfae645977277cf6c77f355e53a4eccb467577dac8cb7a95369eafa59,3
20635699,Aura Pizzas,Greater Kailash 2 (GK2),Delhi NCR,6405064088,"11:55 PM, December 01 2024",Delivered,Zomato Delivery,7km,"1 x Salted Fries, 1 x Bageecha Pizza, 1 x Cheesy Garlic Bread",,,1076.0,53.8,0.0,0.0,0.0,0.0,1129.8,,,,,,18.72,1.2,Correctly,,6f20a2371ac95c76ec61b85bd8c86f3826637a831154f0d830d11d2907417f7c,3
20635699,Aura Pizzas,Greater Kailash 2 (GK2),Delhi NCR,6400724489,"09:01 PM, December 01 2024",Delivered,Zomato Delivery,1km,"1 x Malai Gud Pide, 1 x Tripple Cheese Pizza, 1 x Peanut Butter Chocolate Pide",,Flat Rs.175 off,1107.0,47.5,157.0,0.0,0.0,0.0,997.5,,,,,,24.27,9.1,Correctly,,061709c8ce79bfa1c343c5015d8f91dee4c854c19e01fbf288035d558b6b11be,3
20635699,Aura Pizzas,Greater Kailash 2 (GK2),Delhi NCR,6400999433,"03:44 AM, December 01 2024",Delivered,Zomato Delivery,1km,"1 x Garlic Aioli, 1 x Indian Masala Fries, 1 x Jamaican Chicken Melt",,Flat Rs.100 off,737.0,36.85,0.0,0.0,0.0,0.0,773.85,,,,,,24.85,8.7,Correctly,,c88e49d9d5836881e3f8911066642e372e14526779d4129f13094b8412f32186,3
20635699,Aura Pizzas,Greater Kailash 2 (GK2),Delhi NCR,6396145788,"02:27 AM, December 01 2024",Delivered,Zomato Delivery,3km,"1 x All About Chicken Pizza, 1 x Peri Peri Chicken Melt, 1 x Jamaican Chicken Melt",,,1827.0,91.35,0.0,0.0,0.0,0.0,1918.35,,,,,,30.68,13.7,Correctly,,80aaa42c7312c80b050260af44bee2ef2de0c3e3f018ae5663cb3c1152ece978,3
20659868,Aura Pizzas,Sector 4,Delhi NCR,6427383998,"07:48 PM, December 10 2024",Delivered,Zomato Delivery,2km,"1 x Raw Masala Lemon Shikanji, 1 x Tripple Cheese Pizza, 1 x Tipsy Tiger Ginger Ale",,Flat Rs.175 off,1042.29,44.27,157.0,0.0,0.0,0.0,929.56,,,,,,13.88,1.4,Correctly,,97e6812c7ebfbb5f05efe48d78abe0fd07f575f405a289d3541aa9d81417ba92,3
20659868,Aura Pizzas,Sector 4,Delhi NCR,6419131732,"10:23 PM, December 09 2024",Delivered,Zomato Delivery,2km,"1 x Makhani Paneer Pizza, 1 x Peri Peri Paneer Pizza, 1 x Chilli Cheese Garlic Bread",,Flat 15% off,1417.0,61.29,191.3,0.0,0.0,0.0,1286.99,,,,,,16.45,1.0,Correctly,,09d59054e34d69446ea3b85cd99e885287e2e3b58e62e54cfc25bfccd84b7659,3
20659868,Aura Pizzas,Sector 4,Delhi NCR,6422956288,"12:24 PM, December 09 2024",Delivered,Zomato Delivery,8km,"1 x Bageecha Pizza, 1 x Herbed Potato, 1 x Masala Potato Pide",,,1106.0,24.89,0.0,553.0,0.0,55.3,522.59,,,,,,16.8,7.7,Correctly,,f6773797c24cc58a7b36211533167920c94d093dc24523c0a7425e4d42523644,3
20659868,Aura Pizzas,Sector 4,Delhi NCR,6421809339,"11:11 PM, December 08 2024",Delivered,Zomato Delivery,6km,"1 x Chilli Cheese Garlic Bread, 1 x Cheesy Garlic Bread, 1 x Mushroom Mozzarella Melt",,Flat 15% off,947.0,36.93,127.85,0.0,0.0,80.5,775.58,,,,,,22.28,1.1,Correctly,,baf429d02f20bbd8b4e5557e267f9297ece93110812370269f2706931226d9cc,3
20659868,Aura Pizzas,Sector 4,Delhi NCR,6422135987,"07:58 PM, December 08 2024",Delivered,Zomato Delivery,8km,"1 x Chilli Cheese Garlic Bread, 1 x Margherita Pizza, 1 x Bageecha Pizza",,Flat 15% off,1317.0,51.36,177.8,0.0,0.0,111.95,1078.61,,,,,,21.08,1.4,Correctly,,38e6cb7edb5b36071b90448199bb4a9f77a066b8a0fcd0cad5bff01eb042dd3f,3
20659868,Aura Pizzas,Sector 4,Delhi NCR,6418232186,"06:38 PM, December 08 2024",Delivered,Zomato Delivery,7km,"1 x Chilli Cheese Garlic Bread, 1 x Salted Fries, 1 x All About Chicken Pizza",,Flat Rs.175 off,1096.0,46.95,157.0,0.0,0.0,0.0,985.95,,,,,,24.23,8.4,Correctly,,34226e832fce097991d85c986c4bcb78daac02d1d984b61e5a37bd819bd013e4,3
20659868,Aura Pizzas,Sector 4,Delhi NCR,6418705432,"02:19 PM, December 08 2024",Delivered,Zomato Delivery,7km,"1 x Bellpepper Onion Pizza, 1 x Angara Paneer Melt, 1 x Jamaican Chicken Melt",,Flat Rs.300 off,1507.0,61.85,270.0,0.0,0.0,0.0,1298.85,,,,,,23.93,8.9,Incorrectly,,043fe7e0f66fc50f5063282e6db52111d482ee7e78ed0ccfd05bcb4f73770cf4,3
20659868,Aura Pizzas,Sector 4,Delhi NCR,6418914057,"11:36 AM, December 08 2024",Delivered,Zomato Delivery,5km,"1 x Indian Masala Cripser Fries, 1 x Cafreal Sauce, 1 x Masala Potato Pide",,,558.0,27.9,0.0,0.0,0.0,0.0,585.9,,,,,,18.17,9.8,Correctly,,d85a47a0d470b3d48a2425519e3229b2610bfeaab8929aed64ec561774ed8977,3
20659868,Aura Pizzas,Sector 4,Delhi NCR,6420223122,"01:38 AM, December 08 2024",Delivered,Zomato Delivery,2km,"1 x Bageecha Pizza, 1 x Peri Peri Fries, 1 x Indian Salsa",,Flat 15% off,857.0,33.42,115.7,0.0,0.0,72.85,701.87,,,,,,11.23,1.6,Correctly,,8d0216df0e87769b2ddac476ffcd781da2f42f6cebfa407470691282411b47a1,3
20659868,Aura Pizzas,Sector 4,Delhi NCR,6419663869,"01:36 AM, December 08 2024",Delivered,Zomato Delivery,6km,"1 x Cheesy Garlic Bread, 1 x Malai Gud Pide, 1 x Angara Paneer Melt",,Flat 15% off,947.0,36.93,127.85,0.0,0.0,80.5,775.58,,,,,,19.63,7.4,Correctly,,80388a6579d4e57aa2044032f63a571a2e06643c55d010fc9c6f0fb2537a18bf,3
20659868,Aura Pizzas,Sector 4,Delhi NCR,6417429867,"11:41 PM, December 07 2024",Delivered,Zomato Delivery,3km,"1 x Peri Peri Fries, 1 x All About Chicken Pizza, 1 x Bageecha Pizza",,Flat Rs.300 off,1516.0,62.3,270.0,0.0,0.0,0.0,1308.3,,,,,,12.5,1.0,Correctly,,2c171885c5edbb612c577348ad64df445e0d413e2fb339d9879de2408df64202,3
20659868,Aura Pizzas,Sector 4,Delhi NCR,6415732762,"08:17 PM, December 07 2024",Delivered,Zomato Delivery,2km,"1 x Salted Fries, 1 x Mushroom Mozzarella Melt, 1 x All About Chicken Pizza",,,1546.0,77.3,0.0,0.0,0.0,0.0,1623.3,,,,,,18.55,1.2,Correctly,,45c1751eb34a6bbff553150a0e9f332062eadd2ebc236ac4298a5dee19dcd226,3
20659868,Aura Pizzas,Sector 4,Delhi NCR,6418340955,"01:47 PM, December 07 2024",Delivered,Zomato Delivery,1km,"1 x Peri Peri Chicken Melt, 1 x OG Cheese Pide, 1 x Bageecha Pizza",,,1635.0,49.6,0.0,643.0,0.0,0.0,1041.6,,,,,,26.03,6.8,Correctly,,4426b1a9591a5dbaba3e8bbedb9c31116e57d309e6d2c971902abe5efa8811e8,3
20659868,Aura Pizzas,Sector 4,Delhi NCR,6417442380,"09:35 PM, December 06 2024",Delivered,Zomato Delivery,5km,"1 x Peri Peri Paneer Pizza, 2 x Bageecha Pizza",,Flat 15% off,2367.0,102.37,319.55,0.0,0.0,0.0,2149.82,,,,,,22.33,15.0,Incorrectly,,b9717a9912600a8fe20c3bd0d82c904e549d8ed159aca460227b55bbc2d6a6d6,3
20659868,Aura Pizzas,Sector 4,Delhi NCR,6416099796,"08:59 PM, December 06 2024",Delivered,Zomato Delivery,5km,"1 x Cheesy Garlic Bread, 1 x Peri Peri Crisper Fries, 1 x Margherita Pizza",,,1087.0,48.92,0.0,0.0,0.0,108.7,1027.22,,,,,,14.73,1.4,Correctly,,2e27f55d52a26f0218b61e75e3ccd973fbd279d9310f42d89b33df68eb9094b2,3
20659868,Aura Pizzas,Sector 4,Delhi NCR,6413592860,"06:47 PM, December 06 2024",Delivered,Zomato Delivery,6km,"1 x Just Pepperoni Pizza, 1 x Bageecha Pizza, 1 x Fried Chicken Tenders",,,1667.0,83.35,0.0,0.0,0.0,0.0,1750.35,5.0,,,,,30.15,12.0,Correctly,,6bd9d2a22ced3c8d3466c08c0570a30c671b1f8a837c51f788966332398a6a45,3
20659868,Aura Pizzas,Sector 4,Delhi NCR,6414452100,"01:05 AM, December 06 2024",Delivered,Zomato Delivery,1km,"1 x Cheesy Garlic Bread, 1 x Bageecha Pizza, 1 x Salted Fries",,Flat Rs.175 off,1016.0,42.95,157.0,0.0,0.0,0.0,901.95,,,,,,15.52,12.8,Correctly,,c8a741239b2018f860c067d905f5a251ec9d4588ea3a6457594cb792a8dc4205,3
20659868,Aura Pizzas,Sector 4,Delhi NCR,6409603582,"08:41 PM, December 05 2024",Delivered,Zomato Delivery,9km,"1 x Makhani Paneer Pizza, 1 x All About Chicken Pizza, 1 x Peanut Butter Chocolate Pide",,Flat Rs.300 off,1707.0,71.85,270.0,0.0,0.0,0.0,1508.85,4.0,,,,,27.3,10.9,Correctly,,b620a09f8dd9343d0fe604c64cb9c8f8edc14df3cc00fbc9c8ed656c05f13a87,3
20659868,Aura Pizzas,Sector 4,Delhi NCR,6400274257,"07:30 PM, December 05 2024",Delivered,Zomato Delivery,3km,"1 x Peri Peri Paneer Pizza, 1 x Fried Chicken Tenders, 1 x All About Chicken Pizza",,Flat 15% off,1423.0,61.55,192.11,0.0,0.0,0.0,1292.44,,,,,,20.88,10.4,Correctly,,186c70602b2b7ec290df144638c6a86ca9fe81206170e7a18c915b8769281592,3
20659868,Aura Pizzas,Sector 4,Delhi NCR,6413668440,"06:26 PM, December 05 2024",Delivered,Zomato Delivery,2km,"1 x Bageecha Pizza, 1 x Tipsy Tiger Fresh Lime Soda, 1 x Cheesy Garlic Bread",,Flat 15% off,957.05,37.33,129.2,0.0,0.0,81.35,783.83,,,,,,19.22,6.7,Correctly,,c73de225060c4d8ee28485a4f96fa7901af01fea6d2079ffcd4f687e734f3faf,3
20659868,Aura Pizzas,Sector 4,Delhi NCR,6404150112,"03:17 PM, December 05 2024",Delivered,Zomato Delivery,3km,"1 x Malai Gud Pide, 1 x Fried Chicken Tenders, 1 x Bacon Pepperoni Melt",,Flat Rs.175 off,1043.0,39.96,157.0,0.0,0.0,86.8,839.16,,,,,,24.98,8.4,Correctly,,0fca670ab45f88650ca47e62c496c4186751054b6d8b9a9a15b7a1dff7ac3b51,3
20659868,Aura Pizzas,Sector 4,Delhi NCR,6400410057,"09:00 PM, December 04 2024",Delivered,Zomato Delivery,9km,"1 x All About Chicken Pizza, 1 x Peri Peri Chicken Melt, 1 x Murgh Amritsari Seekh Pizza",,Flat Rs.300 off,1777.0,67.97,270.0,0.0,0.0,147.7,1427.27,,,,,,20.75,0.6,Correctly,,bbe2934e1ccdf1913c0b4e5692d41d636cbb1dae228dd0d27424a85a845258c8,3
20659868,Aura Pizzas,Sector 4,Delhi NCR,6406520518,"03:10 PM, December 03 2024",Delivered,Zomato Delivery,11km,"1 x All About Chicken Pizza, 1 x Grilled Chicken Tangdi, 1 x Mushroom Pizza",,Buy 1 Get 1 - ₹609.00,1128.0,56.4,0.0,0.0,0.0,0.0,1184.4,,,,,,17.93,2.7,Correctly,,1bb38b58749982ba7bc6b358a00cea689874f9e5bab6ba6c57d8159a9d1fe8b4,3
20659868,Aura Pizzas,Sector 4,Delhi NCR,6400237222,"07:15 PM, December 02 2024",Delivered,Zomato Delivery,5km,"1 x Bageecha Pizza, 1 x Makhani Paneer Pizza, 1 x Chilli Cheese Garlic Bread",,Flat 15% off,1437.0,62.15,194.0,0.0,0.0,0.0,1305.15,,,,,,15.17,3.6,Correctly,,bae6d6e341c543e90854ad58e68a355f386c4230e6a9e77e36b64a6e5b99b900,3
20659868,Aura Pizzas,Sector 4,Delhi NCR,6405316626,"05:38 PM, December 02 2024",Delivered,Zomato Delivery,6km,"1 x Herbed Potato, 1 x Tipsy Tiger Fresh Lime Soda, 1 x Murgh Amritsari Seekh Melt",,,746.05,37.3,0.0,0.0,0.0,0.0,783.35,,,,,,27.73,19.0,Correctly,,2a9d4abda0be26f6ef8396ada0f47bd9f4f30babb40729b2a50ebb4bd7d86e23,3
20659868,Aura Pizzas,Sector 4,Delhi NCR,6398565786,"12:18 PM, December 02 2024",Delivered,Zomato Delivery,7km,"1 x Chilli Cheese Garlic Bread, 2 x Bageecha Pizza",,,1457.0,38.61,0.0,599.0,0.0,85.8,810.81,,,,,,19.45,8.5,Correctly,,ac8f4ecaecb13aa8a2db8f89b1cae7321ee5fc454322e121fe5488bd47c626bb,3
20659868,Aura Pizzas,Sector 4,Delhi NCR,6404494548,"11:40 PM, December 01 2024",Delivered,Zomato Delivery,6km,"1 x Jamaican Chicken Melt, 1 x Murgh Amritsari Garlic Bread, 1 x Fried Chicken Tenders",,Flat Rs.175 off,1071.0,45.7,157.0,0.0,0.0,0.0,959.7,,,,,,17.27,7.5,Correctly,,834ffe3a5fd9d583c822eb3041973f94a8f054451446307759be0228278924a8,3
20659868,Aura Pizzas,Sector 4,Delhi NCR,6403850980,"08:12 PM, December 01 2024",Delivered,Zomato Delivery,4km,"1 x Peri Peri Chicken Melt, 1 x Fried Chicken Tenders, 1 x Grilled Chicken Tangdi",,,1257.0,62.85,0.0,0.0,0.0,0.0,1319.85,,,,,,19.42,3.4,Correctly,,bbb87dbb0670be5165066b6d6921f0a8011309996f96e559919e82de20d59349,3
20659868,Aura Pizzas,Sector 4,Delhi NCR,6401839537,"05:53 PM, December 01 2024",Delivered,Zomato Delivery,1km,"1 x Cheesy Garlic Bread, 1 x Makhani Paneer Pizza, 1 x Bageecha Pizza",,Flat Rs.300 off,1837.0,78.35,270.0,0.0,0.0,0.0,1645.35,,,,,,21.35,10.2,Correctly,,97bf8993de5f65084b399f050120801faa6b3ef7412444172b84b861a1fe0b2d,3
20659868,Aura Pizzas,Sector 4,Delhi NCR,6398675500,"03:11 PM, December 01 2024",Delivered,Zomato Delivery,6km,"1 x Crushed Papad, 1 x Indian Masala Fries, 1 x Peri Peri Paneer Pizza",,50% off upto Rs.100,837.0,33.67,90.0,0.0,0.0,73.7,706.97,,,,,,15.3,5.2,Incorrectly,,0a0ef31fa8d77e38185d3aba6d1bda1f34f62a0badb8b9cc434e338573534943,3
20659868,Aura Pizzas,Sector 4,Delhi NCR,6401589424,"01:35 PM, December 01 2024",Delivered,Zomato Delivery,2km,"1 x Jamaican Chicken Melt, 1 x Murgh Amritsari Seekh Melt, 1 x Indian Masala Cripser Fries",,,1315.0,65.75,0.0,0.0,0.0,0.0,1380.75,,,,,,16.58,1.6,Correctly,,8d0fbe2378a0f248e68cf3c1d542df324a09332bc47b056d2636a57693d71033,3
20882652,Aura Pizzas,DLF Phase 1,Delhi NCR,6425825338,"11:32 PM, December 10 2024",Delivered,Zomato Delivery,15km,"1 x Grilled Chicken Tangdi, 1 x Crushed Papad, 1 x Just Pepperoni Pizza",,Flat 15% off,1188.0,46.33,160.38,0.0,0.0,100.98,972.97,,,,,,13.68,0.4,Correctly,,a1af956cb8c18ef211a8c9f5b26e6fcd1d6b344606ab4380f95b14f37f07a10c,3
20882652,Aura Pizzas,DLF Phase 1,Delhi NCR,6414903077,"10:10 PM, December 10 2024",Delivered,Zomato Delivery,3km,"1 x Peri Peri Grilled Chicken Pizza, 1 x Peri Peri Crisper Fries, 1 x Bageecha Pizza",,Flat Rs.300 off,1617.0,60.77,270.0,0.0,0.0,131.7,1276.07,,,,,,20.08,0.7,Correctly,,eeb1cf4213bdc41f80827eb9ee886f88e33c5df2307afd70faac4d5a59d8ea64,3
20882652,Aura Pizzas,DLF Phase 1,Delhi NCR,6421824119,"08:13 PM, December 09 2024",Delivered,Zomato Delivery,10km,"1 x Murgh Amritsari Seekh Melt, 1 x Herbed Potato, 1 x Bageecha Pizza",,Flat Rs.175 off,1226.0,53.45,157.0,0.0,0.0,0.0,1122.45,5.0,,,,,20.18,0.5,Correctly,,1798163e391e618ff03ccfe3f3837c26af9c8e0a645e8a429ece9fc987784fca,3
20882652,Aura Pizzas,DLF Phase 1,Delhi NCR,6419935617,"06:19 PM, December 09 2024",Delivered,Zomato Delivery,3km,"1 x Fried Chicken Tenders, 1 x Murgh Amritsari Seekh Pide, 1 x All About Chicken Pizza",,Flat 15% off,1193.0,51.6,161.06,0.0,0.0,0.0,1083.54,5.0,,,,,20.12,7.1,Correctly,,2cbdc990203feae4741f6beccbb25893c43643d46072dceb24e076a99f50b281,3
20882652,Aura Pizzas,DLF Phase 1,Delhi NCR,6421991609,"03:23 PM, December 09 2024",Delivered,Zomato Delivery,4km,"1 x Mayonnaise, 1 x Peri Peri Grilled Chicken Pizza, 1 x Salted Crisper Fries",,Flat 15% off,1167.0,45.51,157.55,0.0,0.0,99.2,955.77,,,,,,22.02,4.7,Correctly,,2509b525ae291f16ad4b1b5867774d39855beea5d68c5c4a5c5d9e8374a89bfc,3
20882652,Aura Pizzas,DLF Phase 1,Delhi NCR,6419435821,"07:36 PM, December 08 2024",Delivered,Zomato Delivery,8km,"1 x Indian Masala Cripser Fries, 1 x Murgh Amritsari Seekh Pide, 1 x Chilli Cheese Garlic Bread",,Flat 15% off,867.0,33.81,117.05,0.0,0.0,73.7,710.06,,,,,,22.2,1.6,Correctly,,c1e3dcf0f49728455267154e1f5a3577753d756057b7fc3e1586cf6357aa75aa,3
20882652,Aura Pizzas,DLF Phase 1,Delhi NCR,6422534277,"06:27 PM, December 08 2024",Delivered,Zomato Delivery,5km,"1 x Murgh Amritsari Garlic Bread, 1 x Peri Peri Fries, 1 x Chicken Pepperoni Pizza",,Flat Rs.175 off,1086.0,46.45,157.0,0.0,0.0,0.0,975.45,,,,,,16.67,2.5,Correctly,,d27c1593400e0767e1733cf17e3a0edd3d0a19f8065fb10bd5d18fc7b3fffd7a,3
20882652,Aura Pizzas,DLF Phase 1,Delhi NCR,6349907339,"09:17 PM, December 07 2024",Delivered,Zomato Delivery,1km,"1 x Bageecha Pizza, 1 x Chilli Cheese Garlic Bread, 1 x Bellpepper Onion Pizza",,Flat 15% off,1437.0,56.04,194.0,0.0,0.0,122.15,1176.9,,,,,,13.98,1.1,Correctly,,18eed44eb0776f80181d0a37ddf8916d9dcab98c954eccc6b0e53f495bf3a07d,3
20882652,Aura Pizzas,DLF Phase 1,Delhi NCR,6418901053,"01:16 PM, December 07 2024",Delivered,Zomato Delivery,6km,"1 x Herbed Potato, 1 x Masala Potato Pide, 1 x Bageecha Pizza",,,1246.0,28.04,0.0,623.0,0.0,62.3,588.74,5.0,,,,,28.4,12.8,Correctly,,7f21c3c31913f8567fb5ce8ebecea1d1b799375a44adf197064f47494265dc42,3
20882652,Aura Pizzas,DLF Phase 1,Delhi NCR,6415345670,"10:17 PM, December 06 2024",Delivered,Zomato Delivery,1km,"1 x Bacon Pepperoni Melt, 1 x Just Pepperoni Pizza, 1 x Mutton Seekh Pizza",,Flat Rs.300 off,2357.0,104.35,270.0,0.0,0.0,0.0,2191.35,,,,,,18.78,0.2,Correctly,,2ab6e992b894d404cf06e708b50a9dd9922035f9edee7b358e3890cd09d41e74,3
20882652,Aura Pizzas,DLF Phase 1,Delhi NCR,6416337663,"08:45 PM, December 06 2024",Delivered,Zomato Delivery,6km,"1 x Just Pepperoni Pizza, 2 x Murgh Amritsari Seekh Pizza",,Flat 15% off,2477.0,107.13,334.4,0.0,0.0,0.0,2249.73,,,,,,20.23,2.2,Correctly,,441aaf56f4cc52fd844a2b34ee20259b9803875bd36782ef50e07a9ba37c0615,3
20882652,Aura Pizzas,DLF Phase 1,Delhi NCR,6412232412,"01:22 PM, December 06 2024",Delivered,Zomato Delivery,2km,"2 x Bageecha Pizza, 1 x Herbed Potato",,,1346.0,33.65,0.0,673.0,0.0,0.0,706.65,5.0,,,,,20.45,,Correctly,,cd00b929e3348465f97c0ff36fc94899396ff17901b65c0dac924d0393f5fa7f,3
20882652,Aura Pizzas,DLF Phase 1,Delhi NCR,6408411339,"12:53 PM, December 06 2024",Delivered,Zomato Delivery,4km,"1 x Bageecha Pizza, 1 x OG Cheese Pide, 1 x Mushroom Pizza",,Flat 15% off,2067.0,74.82,171.18,399.5,0.0,0.0,1571.14,,,,,,22.62,2.3,Correctly,,48d38c6af74445ccc9123d2efb19a46a440368df24b208eada510bc1b1cefaa2,3
20882652,Aura Pizzas,DLF Phase 1,Delhi NCR,6414466373,"12:46 PM, December 06 2024",Delivered,Zomato Delivery,4km,"1 x Harissa Mayo, 1 x Cheesy Garlic Bread, 1 x Bellpepper Onion Pizza",,Flat Rs.175 off,1088.0,41.99,157.0,0.0,0.0,91.3,881.69,,,,,,16.38,2.6,Correctly,,db379bdbf6835a8692c5309a37a9d16d7f3d3c714ab004d9ca0a6a3b2d35e150,3
20882652,Aura Pizzas,DLF Phase 1,Delhi NCR,6411326773,"09:16 PM, December 04 2024",Delivered,Zomato Delivery,6km,"1 x Murgh Amritsari Seekh Pide, 1 x Masala Paneer Pide, 1 x Masala Potato Pide",,Flat 15% off,967.0,41.82,130.55,0.0,0.0,0.0,878.27,,,,,,19.12,3.7,Correctly,,f2fb597b19a04686a7118922eba816826796f3849a26ace5f269d638518485d9,3
20882652,Aura Pizzas,DLF Phase 1,Delhi NCR,6411895817,"08:53 PM, December 04 2024",Delivered,Zomato Delivery,4km,"1 x Masala Paneer Pide, 1 x Makhani Paneer Pizza, 1 x Angara Paneer Melt",,Flat 15% off,1347.0,58.26,181.85,0.0,0.0,0.0,1223.41,,,,,,18.4,4.9,Correctly,,fd16b474b3a22789c1d866a980cea241f1a1b8d4727b1f42b184e5bf6402abfa,3
20882652,Aura Pizzas,DLF Phase 1,Delhi NCR,6411102653,"08:09 PM, December 04 2024",Delivered,Zomato Delivery,8km,"1 x Masala Paneer Pide, 1 x All About Chicken Pizza, 1 x Bageecha Pizza",,Flat Rs.300 off,1577.0,65.35,270.0,0.0,0.0,0.0,1372.35,5.0,,,,,15.17,13.4,Incorrectly,,d8216554991970491fe236c94949691afb9076b6d1c71579e075f119ea417f30,3
20882652,Aura Pizzas,DLF Phase 1,Delhi NCR,6402050961,"12:52 PM, December 04 2024",Delivered,Zomato Delivery,3km,"1 x Murgh Amritsari Seekh Pide, 1 x Bageecha Pizza, 1 x Peri Peri Chicken Melt",,,1637.0,44.69,0.0,644.0,0.0,99.3,938.39,4.0,,,,,20.02,0.6,Correctly,,f50f0ece44dc35a524918ff88a3462a6e02e3fa29942397d1ff28176681fa37e,3
20882652,Aura Pizzas,DLF Phase 1,Delhi NCR,6403109114,"05:45 PM, December 02 2024",Delivered,Zomato Delivery,9km,"1 x Jamaican Chicken Melt, 1 x Bageecha Pizza, 1 x Cheesy Garlic Bread",,Flat 15% off,1317.0,56.96,177.8,0.0,0.0,0.0,1196.16,,,,,,21.97,2.7,Correctly,,4ff5d85530e757da901a03957e93e5b620aa21c47aeaef2e282c1457b3583fd0,3
20882652,Aura Pizzas,DLF Phase 1,Delhi NCR,6395831621,"08:27 PM, December 01 2024",Delivered,Zomato Delivery,3km,"1 x Indian Masala Cripser Fries, 1 x Salted Fries, 1 x Chilli Cheese Garlic Bread",,,756.0,37.8,0.0,0.0,0.0,0.0,793.8,,,,,,15.95,7.1,Incorrectly,,989e6ec3b20e11e8e9c5406afde95ee642764254cc2cc788b123bf373746c26a,3
20882713,Swaad,DLF Phase 1,Delhi NCR,6424338696,"08:12 PM, December 10 2024",Delivered,Zomato Delivery,2km,"1 x Fried Chicken Classic Tender, 2 x Peri Peri Fries",,Flat 15% off,823.0,35.6,111.11,0.0,0.0,0.0,747.49,,,,,,17.12,2.4,Correctly,,bcac55231e9f18ca7e3a97854561080c0074a36a8df1d632ac079997a3bda0b7,3
20882713,Swaad,DLF Phase 1,Delhi NCR,6402735631,"07:49 PM, December 04 2024",Delivered,Zomato Delivery,4km,"1 x Iced Green Tea - Peach, 1 x Animal Fries, 1 x Smoky BBQ Sauce",,Flat 15% off,570.24,24.66,76.98,0.0,0.0,0.0,517.92,,,,,,15.38,11.0,Correctly,,8aeea5c92e80342d3d882a1939f16b13fbfc924e2c28006988a953fa76397813,3
20882713,Swaad,DLF Phase 1,Delhi NCR,6409074235,"10:49 PM, December 03 2024",Delivered,Zomato Delivery,4km,"1 x Grilled Chicken Peri Peri Tender, 1 x Angara Rice, 1 x Bone in Jamaican Grilled Chicken",,Flat Rs.175 off,1153.0,49.8,157.0,0.0,0.0,0.0,1045.8,,,,,,16.75,11.1,Incorrectly,,98602021511461653717b1faebf6bb948c1f4111cd9e3681728bb8a60bd91f7e,3
20882713,Swaad,DLF Phase 1,Delhi NCR,6393810641,"09:12 PM, December 01 2024",Delivered,Zomato Delivery,2km,"1 x AAC Grilled Chicken Burger, 2 x AAC Grilled Chicken Burger",,Flat 20% off,1314.0,53.87,236.52,0.0,0.0,0.0,1131.35,,,,,,25.68,4.2,Correctly,,2c263392de7adadb07a6a63bd66fbef5f62ee6bb8b288ba112ea3aabc95bec0e,3
20968206,Dilli Burger Adda,Greater Kailash 2 (GK2),Delhi NCR,6404044988,"01:30 AM, December 04 2024",Delivered,Zomato Delivery,2km,"1 x Fried Chicken Tenders, 1 x Chicken Smashed Burger, 1 x Dirty Saucy Chicken Loaded Fries",,Flat Rs.424 off,880.0,35.78,118.8,0.0,0.0,45.6,751.38,,,,,,19.9,0.6,Correctly,,4bdf31e1d4f71eeb19a4ec46a7b96542050c87a6083bcb7833da51c7c2d3050a,3
20968206,Dilli Burger Adda,Greater Kailash 2 (GK2),Delhi NCR,6399110228,"02:09 AM, December 01 2024",Delivered,Zomato Delivery,2km,"1 x Fried Chicken Tenders, 1 x Korean Fried Chicken Burger, 1 x Dirty Saucy Chicken Loaded Fries",,Flat Rs.175 off,910.0,33.98,157.0,0.0,0.0,73.5,713.48,,,,,,40.5,9.6,Correctly,,4bdf31e1d4f71eeb19a4ec46a7b96542050c87a6083bcb7833da51c7c2d3050a,3
21077127,Aura Pizzas,Sector 135,Delhi NCR,6418619970,"06:34 PM, December 08 2024",Delivered,Zomato Delivery,5km,"1 x Makhani Paneer Pizza, 1 x Chilli Cheese Garlic Bread, 1 x Masala Paneer Pide",,,1277.0,57.47,0.0,0.0,0.0,127.7,1206.77,,,,,,14.32,9.6,Correctly,,67f356ed74a0da24a84d8cd9cf8557fd970a6228175206d3589d60728b62166a,3
21077127,Aura Pizzas,Sector 135,Delhi NCR,6419015749,"05:04 PM, December 08 2024",Delivered,Zomato Delivery,16km,"1 x Fried Chicken Tenders, 1 x Chicken Pepperoni Pizza, 1 x Tipsy Tiger Fresh Lime Soda",,,1083.05,54.15,0.0,0.0,0.0,0.0,1137.2,,,,,,17.82,13.1,Correctly,,94a294386e7cb418c77f8c65f1d61142630125a4c9fa089de3c733f0bce4654d,3
21077127,Aura Pizzas,Sector 135,Delhi NCR,6412624227,"10:40 PM, December 07 2024",Delivered,Zomato Delivery,5km,"1 x Indian Masala Fries, 1 x Herbed Potato, 1 x Makhani Paneer Pizza",,Flat Rs.100 off,1124.0,51.08,0.0,0.0,0.0,102.4,1072.68,,,,,,20.48,0.4,Correctly,,0b0160d65e117e3d73a6a4b6e8d99102fddfa76df2290d4db0eafac23003d8c2,3
21077127,Aura Pizzas,Sector 135,Delhi NCR,6410776115,"03:23 PM, December 06 2024",Delivered,Zomato Delivery,15km,"1 x Herbed Potato, 1 x Margherita Pizza, 1 x Bageecha Pizza",,,1206.0,54.27,0.0,0.0,0.0,120.6,1139.67,,,,,,20.25,15.5,Correctly,,e09c562da11a727ce1bc456017f84b7f5ec5749865ca7311ef48161f6fc974ff,3
21077127,Aura Pizzas,Sector 135,Delhi NCR,6400251472,"05:06 PM, December 05 2024",Delivered,Zomato Delivery,16km,"1 x OG Cheese Pide, 1 x All About Chicken Pizza, 1 x Indian Masala Fries",,,1206.0,60.3,0.0,0.0,0.0,0.0,1266.3,,,,,,20.48,18.0,Correctly,,ad9a5fbcb6e6d5ad79e99432953261ca4088163048b37d2c07461d784e4f9241,3
21077127,Aura Pizzas,Sector 135,Delhi NCR,6408248694,"03:48 PM, December 03 2024",Delivered,Zomato Delivery,1km,"1 x Malai Gud Pide, 2 x Makhani Paneer Pizza",,Buy 1 Get 1 - ₹579.00,838.0,41.9,0.0,0.0,0.0,0.0,879.9,,,,,,17.2,15.1,Correctly,,43cdb95f61a63daaafd1ee041a308498699e0dde6168519e0e43ea07cdf64a90,3
21173951,Aura Pizzas,Vasant Kunj,Delhi NCR,6424782206,"08:19 PM, December 10 2024",Delivered,Zomato Delivery,1km,"1 x Bageecha Pizza, 1 x Peri Peri Crisper Fries, 1 x Chilli Cheese Garlic Bread",,Flat Rs.175 off,1057.0,45.0,157.0,0.0,0.0,0.0,945.0,,,,,,19.02,4.6,Incorrectly,,7ccfa425040864cd16aaa0463b456cbb29c32028021b7387cac093408e470fc0,3
21173951,Aura Pizzas,Vasant Kunj,Delhi NCR,6396373254,"08:39 PM, December 02 2024",Delivered,Zomato Delivery,1km,"1 x Chilli Cheese Garlic Bread, 1 x Salted Crisper Fries, 1 x Bageecha Pizza",,,1037.0,51.85,0.0,0.0,0.0,0.0,1088.85,,,,,,17.17,1.6,Correctly,,8df6b814ebbb878905739ff9d2fc15aaa70cc8556954131f644a13a64b1efb81,3
21173951,Aura Pizzas,Vasant Kunj,Delhi NCR,6400215693,"10:21 PM, December 01 2024",Delivered,Zomato Delivery,3km,"1 x Malai Gud Pide, 1 x Peri Peri Crisper Fries, 1 x Bellpepper Onion Pizza",,Flat Rs.175 off,1037.0,44.0,157.0,0.0,0.0,0.0,924.0,,,,,,19.15,1.4,Correctly,,7ce0e2f175f7cc7b9b549f4ad9266f6b6329b1b5f3a3ebeabfd2a0c90e6f3bbc,3
21309083,Swaad,Shahdara,Delhi NCR,6422395474,"11:05 PM, December 08 2024",Delivered,Zomato Delivery,1km,"1 x Grilled Chicken Jamaican Tender, 1 x Animal Fries, 1 x Grilled Chicken Angara Tangdi",Order: NO TOMATOES IN THE ANIMAL FRIES,Flat 15% off,1195.0,51.68,161.33,0.0,0.0,0.0,1085.35,,,,,,19.12,0.4,Correctly,,88e554d1aca79956787571669fc19495255bfbdd5926d8dc555b83acee9e0e0f,3
21309083,Swaad,Shahdara,Delhi NCR,6419055801,"06:37 PM, December 08 2024",Delivered,Zomato Delivery,3km,"1 x Bone in Jamaican Grilled Chicken, 2 x Garlic Aioli",,Flat 20% off,1225.0,50.23,220.5,0.0,0.0,0.0,1054.73,,,,,,15.73,4.3,Correctly,,97658d2bc525a202e07a471b25a339cc2d992516df993dbccad1ff497fdfb579,3
21309083,Swaad,Shahdara,Delhi NCR,6412466621,"04:09 PM, December 08 2024",Delivered,Zomato Delivery,4km,"1 x Fried Chicken Peri Peri Tender, 1 x Fried Chicken Classic Tender, 1 x Grilled Chicken Peri Peri Tender",,Flat 15% off,1250.0,44.21,95.85,270.0,0.0,0.0,928.36,,,,,,16.07,1.3,Correctly,,8c079660a34251ae760fa33eeb119d544eb84fea4cc9d8cde51c93c49530554a,3
21309083,Swaad,Shahdara,Delhi NCR,6416222480,"08:58 PM, December 06 2024",Delivered,Zomato Delivery,6km,"1 x Grilled Chicken Angara Tangdi, 1 x Onion Rings, 1 x Fried Chicken Peri Peri Tender",,Flat 15% off,1154.0,49.91,155.79,0.0,0.0,0.0,1048.12,,,,,,20.42,0.5,Correctly,,99c0bf4591a68805f99050f5f18c002114db6fcfb5a8e518325eb59eb05db08f,3
21309083,Swaad,Shahdara,Delhi NCR,6406581268,"08:25 PM, December 05 2024",Delivered,Zomato Delivery,6km,"1 x Fried Chicken Classic Tenders + AAC Signature Fries, 1 x AAC Grilled Chicken Burger, 1 x Bone in Jamaican Grilled Chicken",,,1160.0,58.0,0.0,0.0,0.0,0.0,1218.0,,,,,,28.65,12.7,Correctly,,9568c0ba2cc6d3ff142b8e3bbaaf46a46e886f4bb6e9e14aaf96895f4650d0cb,3
21424296,Tandoori Junction,Shahdara,Delhi NCR,6404014081,"06:01 PM, December 02 2024",Delivered,Zomato Delivery,14km,"1 x Carribean Jerk Grilled Chicken Quarter, 1 x Coleslaw, 1 x Smoky BBQ Boneless Grilled Chicken Breast",,,1427.0,85.62,0.0,0.0,0.0,0.0,1512.62,,,,,,21.0,12.5,Incorrectly,,b4f09342cda695dc001a923febf6b8d1f9c1e9e70b45f5d1c4a4058bfff22f57,3
20320607,Swaad,Sector 4,Delhi NCR,6448906892,"02:32 PM, December 19 2024",Delivered,Zomato Delivery,4km,"1 x Grilled Chicken Peri Peri Tender, 1 x AAC Grilled Chicken Burger, 1 x Bone in Angara Grilled Chicken",,,1439.0,71.95,0.0,0.0,0.0,0.0,1510.95,,,,,,25.02,7.4,Correctly,,bc905e5052553e3decf7f2b5a51801a13d786de2878d222ecd692966ae2e8751,3
20320607,Swaad,Sector 4,Delhi NCR,6447480628,"09:00 PM, December 17 2024",Delivered,Zomato Delivery,2km,"1 x Fried Chicken Kabuli Tender, 1 x Fried Chicken Beast AAC Burger, 1 x Grilled Chicken Angara Tender",,,1135.0,56.75,0.0,0.0,0.0,0.0,1191.75,,,,,,18.0,0.3,Correctly,,99c0bf4591a68805f99050f5f18c002114db6fcfb5a8e518325eb59eb05db08f,3
20320607,Swaad,Sector 4,Delhi NCR,6443437220,"05:56 PM, December 16 2024",Delivered,Zomato Delivery,2km,"1 x Fried Chicken Ghostbuster Tender, 1 x Fried Chicken Beast AAC Burger, 1 x Grilled Chicken Peri Peri Tender",,,1010.0,25.25,0.0,505.0,0.0,0.0,530.25,,,,,,19.17,10.0,Incorrectly,,35f26f618426be53cc85b6fda3ad44125f773b4353ce1920cdf8c8f276a1b787,3
20320607,Swaad,Sector 4,Delhi NCR,6439437989,"05:47 PM, December 15 2024",Delivered,Zomato Delivery,7km,"1 x Fried Chicken Beast AAC Burger, 1 x Fried Chicken Ghostbuster Tender, 1 x Grilled Chicken Peri Peri Tender",,,1135.0,28.38,0.0,567.5,0.0,0.0,595.88,,,,,,,8.5,Missed,,628c08c90540dbdb74e55eda1ef818c6074855ae6aaa1949c1a1a2773cda0978,3
20320607,Swaad,Sector 4,Delhi NCR,6439410553,"02:22 AM, December 15 2024",Delivered,Zomato Delivery,1km,"1 x Bone in Smoky Bbq Grilled Chicken, 1 x Grilled Chicken Jamaican Tangdi, 1 x Animal Fries",,Flat 20% off,1300.0,53.3,234.0,0.0,0.0,0.0,1119.3,,,,,,19.43,5.0,Correctly,,95b21b9f66266b2e4bcdc72d89fc47084a45d9e973422bb63bfdcbb2300f33d9,3
20320607,Swaad,Sector 4,Delhi NCR,6427082508,"02:45 AM, December 14 2024",Delivered,Zomato Delivery,7km,"1 x Bone in Smoky Bbq Grilled Chicken, 1 x Grilled Chicken Smoky BBQ Tangdi, 1 x Tipsy Tiger Fresh Lime Soda",,Flat 15% off,1109.05,48.77,133.65,0.0,0.0,0.0,1024.17,,,,,,15.45,1.2,Correctly,,1d3ffac4acc4613729b7ea6528d65c3c455248b90ef81922e6dd4a189a679067,3
20320607,Swaad,Sector 4,Delhi NCR,6435726069,"02:39 AM, December 14 2024",Delivered,Zomato Delivery,2km,"1 x Peri Peri Fries, 1 x Grilled Chicken Angara Tender, 1 x Garlic Aioli",,Flat 15% off,744.0,32.18,100.44,0.0,0.0,0.0,675.74,,,,,,13.65,2.4,Correctly,,0781815deb4a10a574e9fee4fa0b86b074d4a0b36175d5a626dbc4710568bff4,3
20320607,Swaad,Sector 4,Delhi NCR,6434158618,"08:41 PM, December 12 2024",Delivered,Zomato Delivery,6km,"1 x AAC Saucy Fries, 1 x Animal Fries, 1 x Bone in Peri Peri Grilled Chicken",Order: Send hard copy of bill,Flat 15% off,940.0,40.66,126.9,0.0,0.0,0.0,853.76,5.0,,,,,11.52,1.4,Correctly,,77c7f8739a2422dc1a245d578ade7cad4a54394bba2b96ff578028e368eb7090,3
20320607,Swaad,Sector 4,Delhi NCR,6430548213,"08:25 PM, December 12 2024",Delivered,Zomato Delivery,11km,"1 x Grilled Chicken Smoky BBQ Tender, 1 x Herbed Potato, 1 x Bone in Jamaican Grilled Chicken Quarter + Angara Rice",,Flat Rs.175 off,1138.0,49.05,157.0,0.0,0.0,0.0,1030.05,,,,,,14.53,1.1,Correctly,,9eca1c8be60b244e383cdf6c57974667d1b631f8d824b1e8c7e531c7a719a271,3
20320607,Swaad,Sector 4,Delhi NCR,6426405385,"07:32 PM, December 12 2024",Delivered,Zomato Delivery,7km,"1 x Animal Fries, 1 x Herbed Potato, 1 x Bone in Jamaican Grilled Chicken",Order: Use less oil please,Flat 15% off,843.0,36.46,113.81,0.0,0.0,0.0,765.65,,,,,,24.25,10.9,Correctly,,6a72e901638151abe8ab5362a7116c790c9520bbed17ed4a35a470800386f7a9,3
20320607,Swaad,Sector 4,Delhi NCR,6430863998,"03:12 PM, December 12 2024",Delivered,Zomato Delivery,4km,"1 x Jamaican Sauce, 1 x Raw Masala Lemon Shikanji, 1 x Fried Chicken Peri Peri Tender",,Flat 15% off,615.24,26.61,83.06,0.0,0.0,0.0,558.79,,,,,,12.1,1.9,Correctly,,f7c8b71d6807cea809b1f960945cc683138711dd199824112608a281c844368b,3
20320607,Swaad,Sector 4,Delhi NCR,6424548215,"01:50 PM, December 11 2024",Delivered,Zomato Delivery,6km,"1 x Harissa Mayo, 1 x Fried Chicken Peri Peri Tender, 1 x Fried Chicken Peri Peri Tender",,Flat 15% off,845.0,36.55,114.08,0.0,0.0,0.0,767.47,,,,,,20.48,1.6,Correctly,Item(s) missing or not delivered,34e87e8740fea16f7b98fd988141a6ffbb4ff2ac13247ba451f87b028f49b047,3
20554001,Swaad,Greater Kailash 2 (GK2),Delhi NCR,6452305232,"07:55 PM, December 20 2024",Delivered,Zomato Delivery,1km,"1 x Bone in Peri Peri Grilled Chicken, 1 x AAC Signature Fries, 1 x Fried Chicken Classic Tender",,Flat 15% off,944.0,40.83,127.44,0.0,0.0,0.0,857.39,5.0,Very good,,,,23.65,0.3,Correctly,,da776ea9275a5d60e3918e233158cf896607ebe857cf402bb51c32a759db9fa1,3
20554001,Swaad,Greater Kailash 2 (GK2),Delhi NCR,6429199619,"07:34 PM, December 20 2024",Delivered,Zomato Delivery,2km,"1 x Grilled Chicken Smoky BBQ Tender, 1 x Grilled Chicken Jamaican Tender, 1 x Grilled Chicken Jamaican Tender",,Flat 20% off,1420.0,58.22,255.6,0.0,0.0,0.0,1222.62,,,,,,28.93,8.8,Correctly,,dda4f8ad35abef6297f6d890a093e6f2b104d84896da9575c2b502f1d6b4e5da,3
20554001,Swaad,Greater Kailash 2 (GK2),Delhi NCR,6452276188,"07:41 PM, December 19 2024",Delivered,Zomato Delivery,7km,"1 x Grilled Chicken Smoky BBQ Tender, 1 x Bone in Smoky Bbq Grilled Chicken, 1 x Animal Fries",,,1250.0,62.5,0.0,0.0,0.0,0.0,1312.5,,,,,,16.88,4.8,Correctly,,2e03b3fd002ca747a236e6ee1133a77110a047ff4e39e02d76d5295f66c1ae5d,3
20554001,Swaad,Greater Kailash 2 (GK2),Delhi NCR,6446062711,"05:36 PM, December 19 2024",Delivered,Zomato Delivery,5km,"1 x Bone in Kabuli Grilled Chicken, 1 x Grilled Chicken Peri Peri Tender, 1 x Fried Chicken Ghostbuster Tender",,,1070.0,26.75,0.0,535.0,0.0,0.0,561.75,,,,,,16.55,0.5,Correctly,,2abf7965e2892a7402c9529160aa5a89984151a0d91983e297fcbf8f443eb183,3
20554001,Swaad,Greater Kailash 2 (GK2),Delhi NCR,6450775769,"05:11 PM, December 19 2024",Delivered,Zomato Delivery,1km,"2 x Fried Chicken Beast AAC Burger, 1 x Herbed Potato",,50% off upto Rs.100,928.0,23.65,80.1,375.0,0.0,0.0,496.55,,,,,,22.85,8.4,Correctly,,7dabfe1f05770e77a9948ca7c015ee5fdb9257cd43cd4368401326da4a6fd977,3
20554001,Swaad,Greater Kailash 2 (GK2),Delhi NCR,6431619466,"12:23 AM, December 16 2024",Delivered,Zomato Delivery,4km,"1 x Grilled Chicken Angara Tenders + Salted Fries, 1 x Grilled Chicken Jamaican Tender, 1 x Fried Chicken Beast AAC Burger",,Flat 15% off,1240.0,53.63,167.4,0.0,0.0,0.0,1126.23,5.0,,,,,29.15,3.7,Correctly,,da0122a9cc545f6419ec7a8d5757f16d08a30168a226f40f3b4efc782620f2b5,3
20554001,Swaad,Greater Kailash 2 (GK2),Delhi NCR,6429947196,"07:55 PM, December 15 2024",Delivered,Zomato Delivery,1km,"1 x Bone in Jamaican Grilled Chicken, 1 x Grilled Chicken Jamaican Tender, 1 x Bone in Jamaican Grilled Chicken",,Flat 20% off,1205.0,49.41,216.9,0.0,0.0,0.0,1037.51,,,,,,26.27,2.8,Correctly,,752f0a180b45a07682332cbc3e94bb12e653b897aad7c47a1edbbad525783bd3,3
20554001,Swaad,Greater Kailash 2 (GK2),Delhi NCR,6437131453,"03:34 AM, December 15 2024",Delivered,Zomato Delivery,4km,"1 x AAC Signature Crisper Fries, 1 x Bone in Kabuli Grilled Chicken, 1 x Iced Green Tea - Mojito",,,894.24,44.71,0.0,0.0,0.0,0.0,938.95,,,,,,,0.6,Missed,,cb4adea0d16408ff6392235e7d599ec65e5fbff9e3c02d9c4d660a21d9112c04,3
20554001,Swaad,Greater Kailash 2 (GK2),Delhi NCR,6434691008,"10:13 PM, December 14 2024",Delivered,Zomato Delivery,2km,"1 x Bone in Smoky Bbq Grilled Chicken, 1 x Grilled Chicken Jamaican Tender, 1 x Fried Chicken Peri Peri Tender",,Flat 15% off,945.0,40.87,127.58,0.0,0.0,0.0,858.29,,,,,,21.25,0.8,Correctly,,de17a3bd7260cdffb33f53ca0cadea2ba989cdb5b06e2378c865468edfed22c6,3
20554001,Swaad,Greater Kailash 2 (GK2),Delhi NCR,6431293844,"05:27 PM, December 14 2024",Delivered,Zomato Delivery,6km,"1 x Fried Chicken Beast AAC Burger, 1 x Animal Fries, 1 x Fried Chicken Ghostbuster Tender",,30% off upto Rs.75,1190.0,38.63,0.0,417.5,0.0,0.0,811.13,,,,,,21.23,1.1,Correctly,Item(s) missing or not delivered,865dc63518a563115626aa6854fe9ab87223d3d5fb02055bf79d70d7870f91f1,3
20554001,Swaad,Greater Kailash 2 (GK2),Delhi NCR,6431521918,"12:43 AM, December 14 2024",Delivered,Zomato Delivery,2km,"1 x Fried Chicken Ghostbuster Tender, 1 x Fried Chicken Peri Peri Tender, 1 x Grilled Chicken Jamaican Tender",,Flat 15% off,960.0,41.52,129.6,0.0,0.0,0.0,871.92,,,,,,25.85,6.2,Correctly,,0841c5533c618bd6361b49a4d434380e54a7fc5fcf8abc7375bd5b4b8d67a67b,3
20554001,Swaad,Greater Kailash 2 (GK2),Delhi NCR,6435076209,"10:37 PM, December 13 2024",Delivered,Zomato Delivery,6km,"1 x Cafreal dip, 1 x Grilled Chicken Peri Peri Tender, 1 x AAC Grilled Paneer Burger",,Buy 1 Get 1 - ₹310.00,405.0,20.25,0.0,0.0,0.0,0.0,425.25,,,,,,22.45,1.3,Correctly,,13316a73bfc061099e72821612ce5b94dd2bce7b97437e1a6a10c871e22b1ca9,3
20554001,Swaad,Greater Kailash 2 (GK2),Delhi NCR,6436396114,"09:46 PM, December 13 2024",Delivered,Zomato Delivery,1km,"1 x Fried Chicken Angara Tender, 1 x Grilled Chicken Jamaican Tender, 1 x Grilled Chicken Smoky BBQ Tender",,Buy 1 Get 1 - ₹435.00,760.0,38.0,0.0,0.0,0.0,0.0,798.0,,,,,,28.45,3.9,Correctly,,d0499cb4c5c78d788c7c1b6b947ff8ee214a2b33a8699d2f5f2ccb1234d5f2d3,3
20554001,Swaad,Greater Kailash 2 (GK2),Delhi NCR,6422461084,"07:56 PM, December 12 2024",Delivered,Zomato Delivery,2km,"1 x Bone in Peri Peri Grilled Chicken, 1 x Bone in Jamaican Grilled Chicken, 1 x Bone in Smoky Bbq Grilled Chicken",,Flat 20% off,1480.0,60.68,266.4,0.0,0.0,0.0,1274.28,5.0,,,,,,1.0,Missed,,967226445e763a4a837328c29fd816afa0bbdacda8997fe9d013d4e0643da30a,3
20554001,Swaad,Greater Kailash 2 (GK2),Delhi NCR,6428000661,"12:47 AM, December 11 2024",Delivered,Zomato Delivery,3km,"1 x Grilled Chicken Jamaican Tender, 1 x Garlic Aioli, 1 x Bone in Jamaican Grilled Chicken Quarter + Angara Rice",,Flat 15% off,785.0,33.95,105.98,0.0,0.0,0.0,712.97,,,,,,18.2,0.6,Correctly,,ac9cc6225843e5178aeff5d15ecf4c6949e970e5c9fbe9005539f21d432401e1,3
20635699,Aura Pizzas,Greater Kailash 2 (GK2),Delhi NCR,6450990225,"11:41 PM, December 20 2024",Delivered,Zomato Delivery,1km,"1 x Peri Peri Fries, 1 x Murgh Amritsari Garlic Bread, 1 x All About Chicken Pizza",,50% off upto Rs.100,1146.0,52.8,90.0,0.0,0.0,0.0,1108.8,,,,,,25.4,4.1,Correctly,,6b4cb85ede4f054db019a22611a0d657c23a3505f08fa90a1551924776381a0e,3
20635699,Aura Pizzas,Greater Kailash 2 (GK2),Delhi NCR,6455000930,"10:09 PM, December 20 2024",Delivered,Zomato Delivery,<1km,"1 x Cheesy Garlic Bread, 1 x Just Pepperoni Pizza, 1 x Indian Masala Cripser Fries",,Flat Rs.300 off,1536.0,63.3,270.0,0.0,0.0,0.0,1329.3,1.0,,,,,21.55,4.6,Correctly,Poor packaging or spillage,1ce920e9d3226a3724a0d2447cb6ea9975d2d2cc62e6acbc7c4e6c8cb6db5a08,3
20635699,Aura Pizzas,Greater Kailash 2 (GK2),Delhi NCR,6456139868,"08:49 PM, December 20 2024",Delivered,Zomato Delivery,1km,"1 x Mushroom Pizza, 1 x Just Pepperoni Pizza, 1 x Chilli Cheese Garlic Bread",,Flat 15% off,1727.0,74.69,233.15,0.0,0.0,0.0,1568.54,4.0,,,,,19.3,0.3,Correctly,,2f442e1c6a7b1867419336c33962b72659cdebf566f27ca94c30388f1dda5843,3
20635699,Aura Pizzas,Greater Kailash 2 (GK2),Delhi NCR,6432218782,"07:31 PM, December 20 2024",Delivered,Zomato Delivery,2km,"1 x Herbed Potato, 1 x Onion Rings, 1 x Bageecha Pizza",,50% off upto Rs.100,1036.0,42.1,90.0,104.0,0.0,0.0,884.1,,,,,,16.48,0.6,Correctly,,f90e4b5ef08048aefd6d2d480e011f0215fb88e91c9ac43a1f834a13bc3799fc,3
20635699,Aura Pizzas,Greater Kailash 2 (GK2),Delhi NCR,6451298992,"04:42 PM, December 19 2024",Delivered,Zomato Delivery,6km,"1 x Herbed Potato, 1 x Murgh Amritsari Garlic Bread, 1 x Masala Potato Pide",,50% off upto Rs.100,796.0,22.63,90.0,253.5,0.0,0.0,475.13,4.0,,,,,15.37,0.4,Correctly,,a4599a50a5f8c5d9210fe9f24940901fb63261069f0f11cc6bbe28f872d1c725,3
20635699,Aura Pizzas,Greater Kailash 2 (GK2),Delhi NCR,6437769115,"01:08 PM, December 19 2024",Delivered,Zomato Delivery,5km,"1 x Makhani Paneer Pizza, 1 x Masala Potato Pide, 1 x Murgh Amritsari Seekh Pide",,,1227.0,53.88,0.0,149.5,0.0,0.0,1131.38,5.0,,,,,30.6,5.9,Correctly,,1099a7e56e2f04e488107f5c2af6297448439c269973c8d5920b8d0692d4d9a2,3
20635699,Aura Pizzas,Greater Kailash 2 (GK2),Delhi NCR,6451627152,"12:49 PM, December 19 2024",Delivered,Zomato Delivery,3km,"2 x Salted Crisper Fries, 1 x Cheesy Garlic Bread",,50% off upto Rs.100,656.0,25.52,90.0,0.0,0.0,55.6,535.92,,,,,,26.5,0.8,Correctly,,b64eade2d814bda0a3b16234e44400a4a9c0c44e5d6738a42e9e3c62b3d25723,3
20635699,Aura Pizzas,Greater Kailash 2 (GK2),Delhi NCR,6447369150,"08:41 PM, December 18 2024",Delivered,Zomato Delivery,6km,"1 x Pepperoni Garlic Bread, 1 x Peri Peri Chicken Melt, 1 x Herbed Potato",,,916.0,22.9,0.0,458.0,0.0,0.0,480.9,4.0,,,,,24.78,6.1,Correctly,,2c3205b4da035314ee1a21ce50c4682fe79b99e230b5cfa4a76a7938dffad289,3
20635699,Aura Pizzas,Greater Kailash 2 (GK2),Delhi NCR,6449996798,"07:35 PM, December 18 2024",Delivered,Zomato Delivery,2km,"1 x All About Chicken Pizza, 1 x Herbed Potato, 1 x Spinach Sumac Pide",Order: Serve hot. with chillies flakes and organo on side,Flat 15% off,1136.0,46.43,133.38,74.0,0.0,0.0,975.05,,,,,,30.08,14.4,Correctly,,aa697dfb6e0d5ce951703041e803e1207f908418d4cad6fd34585913257ad758,3
20635699,Aura Pizzas,Greater Kailash 2 (GK2),Delhi NCR,6444317744,"05:36 PM, December 18 2024",Delivered,Zomato Delivery,6km,"1 x Masala Paneer Pide, 1 x Angara Paneer Melt, 1 x Cheesy Garlic Bread",,Flat Rs.175 off,1007.0,42.5,157.0,0.0,0.0,0.0,892.5,,,,,,21.65,6.1,Correctly,,3949c48329676412fe4e4f89ade6d5889680810e21cbb9ee9f9135921da17337,3
20635699,Aura Pizzas,Greater Kailash 2 (GK2),Delhi NCR,6443642759,"12:58 AM, December 18 2024",Delivered,Zomato Delivery,5km,"1 x Peri Peri Paneer Pizza, 1 x Makhani Paneer Pizza, 1 x Chilli Cheese Garlic Bread",,Flat Rs.300 off,1745.0,73.75,270.0,0.0,0.0,0.0,1548.75,,,,,,33.22,8.4,Correctly,,a30c4ddbe2b05fd2706bc689dbf73b6edb41b870b3827e2f3b5c2d2480ce553c,3
20635699,Aura Pizzas,Greater Kailash 2 (GK2),Delhi NCR,6447233455,"09:07 PM, December 17 2024",Delivered,Zomato Delivery,6km,"1 x Bageecha Pizza, 1 x Herbed Potato, 1 x Murgh Amritsari Seekh Pide",,Flat Rs.175 off,1096.0,46.95,157.0,0.0,0.0,0.0,985.95,,,,,,22.02,0.5,Correctly,,e3b7af6041344442322094e7356ef91edca680639f809ad9e1173d7cb5c7cf79,3
20635699,Aura Pizzas,Greater Kailash 2 (GK2),Delhi NCR,6445092736,"08:33 PM, December 17 2024",Delivered,Zomato Delivery,3km,"1 x Pepperoni Garlic Bread, 1 x Peri Peri Chicken Melt, 1 x Mutton Seekh Pizza",,,1667.0,41.68,0.0,833.5,0.0,0.0,875.18,,,,,,40.28,13.7,Correctly,,f04fba1f4115a10ec6084e0d74e350a3c584884ee00b9fa5887ef446c7709e97,3
20635699,Aura Pizzas,Greater Kailash 2 (GK2),Delhi NCR,6448128514,"08:16 PM, December 17 2024",Delivered,Zomato Delivery,6km,"1 x Tipsy Tiger Fresh Lime Soda, 1 x All About Chicken Pizza, 1 x Garlic Aioli",,50% off upto Rs.100,838.05,37.4,90.0,0.0,0.0,0.0,785.45,,,,,,16.02,0.2,Correctly,,853bfe2adc5f7de88741225694099f00dcfddda2ba384f57d7dd6f97484a53a6,3
20635699,Aura Pizzas,Greater Kailash 2 (GK2),Delhi NCR,6437324007,"07:13 PM, December 17 2024",Delivered,Zomato Delivery,5km,"1 x Mutton Seekh Pizza, 1 x Pepperoni Garlic Bread, 1 x Peri Peri Chicken Melt",,,1447.0,36.18,0.0,723.5,0.0,0.0,759.68,,,,,,17.95,8.9,Correctly,,0689b0d3c91bb87b9250de2764940be1f5c1d9ab622684389a226b1e7f24586e,3
20635699,Aura Pizzas,Greater Kailash 2 (GK2),Delhi NCR,6437839500,"05:28 PM, December 17 2024",Delivered,Zomato Delivery,5km,"1 x Bageecha Pizza, 1 x Spinach Sumac Pide, 1 x Margherita Pizza",,Flat Rs.300 off,1577.0,65.35,270.0,0.0,0.0,0.0,1372.35,5.0,,,,,18.07,2.7,Correctly,,7417a6b75623807cd4a59bdd71c055e6c19129302cc7d3da3f9605f1f63be972,3
20635699,Aura Pizzas,Greater Kailash 2 (GK2),Delhi NCR,6444724377,"05:04 PM, December 17 2024",Delivered,Zomato Delivery,<1km,"1 x Herbed Potato, 2 x Chilli Cheese Garlic Bread",,50% off upto Rs.100,786.0,31.1,90.0,74.0,0.0,0.0,653.1,2.0,,,,,16.48,1.5,Correctly,,7543ed8fd39e20af383bd33c81f126ccbaebaaa69bd7910f6658417f2fcb57d5,3
20635699,Aura Pizzas,Greater Kailash 2 (GK2),Delhi NCR,6435699009,"01:24 PM, December 17 2024",Delivered,Zomato Delivery,1km,3 x Pepperoni Garlic Bread,,,837.0,20.93,0.0,418.5,0.0,0.0,439.43,,,,,,14.77,0.9,Correctly,,3643fc7994a3a660853bf11039c9e9b9364ee37c4578e9a31a837943eca954c8,3
20635699,Aura Pizzas,Greater Kailash 2 (GK2),Delhi NCR,6436076369,"08:36 PM, December 16 2024",Delivered,Zomato Delivery,6km,"1 x Tipsy Tiger Fresh Lime Soda, 1 x Peri Peri Chicken Melt, 1 x Cheesy Garlic Bread",,,847.05,30.13,0.0,244.5,0.0,0.0,632.68,,,,,,,11.7,Missed,,6f9c33464d8f053b715cece31a70ea730c671c949150227c3bdd0839cef6a0f2,3
20635699,Aura Pizzas,Greater Kailash 2 (GK2),Delhi NCR,6445459507,"08:23 PM, December 16 2024",Delivered,Zomato Delivery,2km,"1 x Chilli Cheese Garlic Bread, 1 x Bageecha Pizza, 1 x Tipsy Tiger Fresh Lime Soda",,Flat 15% off,977.05,38.82,115.83,0.0,0.0,84.84,815.2,,,,,,33.45,16.7,Correctly,,2d2f87453b8ef4193f0283a178a1e84097d331a98c263b7086dba95114044d7a,3
20635699,Aura Pizzas,Greater Kailash 2 (GK2),Delhi NCR,6445129288,"07:46 PM, December 16 2024",Delivered,Zomato Delivery,2km,"1 x Loaded Chicken Pepperoni Pizza, 1 x Pepperoni Garlic Bread, 1 x Peri Peri Grilled Chicken Pizza",,Flat Rs.300 off,1857.0,72.38,270.0,139.5,0.0,0.0,1519.88,,,,,,26.15,10.2,Correctly,,8c34afa4e5b32c9f46d28222754417a2d365f8d6fcd344f517be7144343075ee,3
20635699,Aura Pizzas,Greater Kailash 2 (GK2),Delhi NCR,6444907243,"06:39 PM, December 16 2024",Delivered,Zomato Delivery,3km,"1 x Chilli Cheese Garlic Bread, 1 x Bageecha Pizza, 1 x Tripple Cheese Pizza",,Flat Rs.300 off,1586.0,59.37,270.0,0.0,0.0,128.6,1246.77,,,,,,20.18,8.8,Correctly,,77db158d88af99f48bdf412fc99ac1b2cc6d10774a6385e92015e89428c019ef,3
20635699,Aura Pizzas,Greater Kailash 2 (GK2),Delhi NCR,6442382641,"05:38 PM, December 16 2024",Delivered,Zomato Delivery,4km,"1 x Margherita Pizza, 1 x Just Pepperoni Pizza, 1 x Bellpepper Onion Pizza",,,1687.0,84.35,0.0,0.0,0.0,0.0,1771.35,,,,,,14.87,0.5,Correctly,,55f7c4ebbb1ba81bd2442d48e113538db0015ac103ae27a4b077c5f99395b658,3
20635699,Aura Pizzas,Greater Kailash 2 (GK2),Delhi NCR,6442955082,"05:05 PM, December 16 2024",Delivered,Zomato Delivery,1km,"1 x Masala Potato Pide, 2 x Herbed Potato",,,595.0,14.88,0.0,297.5,0.0,0.0,312.38,,,,,,14.25,0.4,Correctly,,25030502ec263858a6746b8f5e2895eb547af8fe511de0b4ad8f9f7ccd4a37f6,3
20635699,Aura Pizzas,Greater Kailash 2 (GK2),Delhi NCR,6441278531,"09:25 PM, December 15 2024",Delivered,Zomato Delivery,10km,"1 x Herbed Potato, 1 x Jamaican Chicken Melt, 1 x Peanut Butter Chocolate Pide",,Flat 15% off,926.0,40.05,125.01,0.0,0.0,0.0,841.04,5.0,,,,,35.5,12.8,Correctly,,4478fe09ae055a2ba25a46facea95cf540de71da2c50428df4e886ca798b25b6,3
20635699,Aura Pizzas,Greater Kailash 2 (GK2),Delhi NCR,6441987045,"08:20 PM, December 15 2024",Rejected,Zomato Delivery,5km,"1 x Bageecha Pizza, 1 x Cheesy Garlic Bread, 1 x Peri Peri Fries",,,1096.0,49.32,0.0,0.0,0.0,109.6,1035.72,,,Cancelled by Zomato,764.48,,16.92,0.2,Correctly,,51cb282b430a04042d89634fc6d4d543616a4fa6f92cc013dd9c499d55ddc422,3
20635699,Aura Pizzas,Greater Kailash 2 (GK2),Delhi NCR,6431396325,"08:06 PM, December 15 2024",Delivered,Zomato Delivery,1km,"1 x Jamaican Chicken Melt, 1 x Cheesy Garlic Bread, 1 x Just Pepperoni Pizza",,,1367.0,68.35,0.0,0.0,0.0,0.0,1435.35,,,,,,21.28,4.1,Correctly,,e4d47323624f4b65a17a17ae8d9f47b71445c7908fd4339e371b38c7287a66ca,3
20635699,Aura Pizzas,Greater Kailash 2 (GK2),Delhi NCR,6420240053,"06:03 PM, December 15 2024",Delivered,Zomato Delivery,1km,"1 x Mushroom Pizza, 1 x Masala Paneer Pide, 1 x Peri Peri Crisper Fries",,Flat 15% off,1127.0,43.95,152.15,0.0,0.0,95.8,923.0,,,,,,16.63,5.5,Correctly,,196e053bea3d12919975bbb6f7c5f5e97e7d2b089d38347f9b494791962702b9,3
20635699,Aura Pizzas,Greater Kailash 2 (GK2),Delhi NCR,6435737929,"11:00 PM, December 14 2024",Delivered,Zomato Delivery,2km,"1 x Indian Masala Fries, 1 x Peri Peri Crisper Fries, 1 x Bageecha Pizza",,Buy 1 Get 1 - ₹199.00,797.0,39.85,0.0,0.0,0.0,0.0,836.85,,,,,,48.55,11.3,Correctly,Poor packaging or spillage,fe40fa401fc008bd983ec1a602d8d63271b6adcbdb14dbfcac5d5bcefdd4787e,3
20635699,Aura Pizzas,Greater Kailash 2 (GK2),Delhi NCR,6438540447,"08:44 PM, December 14 2024",Delivered,Zomato Delivery,2km,"1 x Bageecha Pizza, 1 x Peri Peri Grilled Chicken Pizza, 1 x Herbed Potato",,Buy 1 Get 1 - ₹599.00,767.0,38.35,0.0,0.0,0.0,0.0,805.35,,,,,,35.6,6.4,Correctly,,838f9b3c5b8acaac57de315530d1d43a0393ad0a9b828c501a1f913c9f55d822,3
20635699,Aura Pizzas,Greater Kailash 2 (GK2),Delhi NCR,6432392408,"08:05 PM, December 13 2024",Delivered,Zomato Delivery,6km,"1 x Cheesy Garlic Bread, 1 x Malai Gud Pide, 1 x Angara Paneer Melt",,Flat Rs.175 off,1007.0,42.5,157.0,0.0,0.0,0.0,892.5,,,,,,20.97,0.6,Correctly,,142ddaca98c6af5a4cd09fc789ab76c493ea497e3aad72bd97f5599ab4430cb7,3
20635699,Aura Pizzas,Greater Kailash 2 (GK2),Delhi NCR,6431323102,"11:28 PM, December 12 2024",Delivered,Zomato Delivery,1km,"1 x Bellpepper Onion Pizza, 1 x Onion Rings, 1 x Margherita Pizza",,Flat Rs.175 off,1457.0,65.0,157.0,0.0,0.0,0.0,1365.0,,,,,,17.8,0.3,Correctly,,6fb4d470c72585a386c28f12c22c64f02eef3a102ff6bff2b2efa4a74133c4cc,3
20635699,Aura Pizzas,Greater Kailash 2 (GK2),Delhi NCR,6429594317,"07:21 PM, December 12 2024",Delivered,Zomato Delivery,1km,"1 x Mutton Seekh Pide, 1 x All About Chicken Pizza, 1 x Harissa Mayo",,,1177.0,58.85,0.0,0.0,0.0,0.0,1235.85,,,,,,18.15,3.6,Correctly,,e540e0dc7f52b0394773ec1babbf6f71178e2ea74b74be454f735ff4aad6e3a6,3
20635699,Aura Pizzas,Greater Kailash 2 (GK2),Delhi NCR,6427670311,"11:58 PM, December 11 2024",Delivered,Zomato Delivery,6km,"1 x All About Chicken Pizza, 1 x Murgh Amritsari Garlic Bread, 1 x Peri Peri Fries",,Flat Rs.200 off,1146.0,49.4,158.0,0.0,0.0,0.0,1037.4,,,,,,20.02,0.4,Correctly,,6f9c33464d8f053b715cece31a70ea730c671c949150227c3bdd0839cef6a0f2,3
20635699,Aura Pizzas,Greater Kailash 2 (GK2),Delhi NCR,6428424166,"08:10 PM, December 11 2024",Delivered,Zomato Delivery,4km,"2 x Herbed Potato, 1 x Peri Peri Paneer Melt",,,995.0,49.75,0.0,0.0,0.0,0.0,1044.75,,,,,,27.6,5.5,Correctly,,8ddc96c5c585749c4caf0cd20ebe69aab86f1b4e11d5fa6d3b0e25920325a053,3
20635699,Aura Pizzas,Greater Kailash 2 (GK2),Delhi NCR,6427710183,"06:37 PM, December 11 2024",Delivered,Zomato Delivery,4km,"1 x Masala Paneer Pide, 1 x Bageecha Pizza, 1 x Bellpepper Onion Pizza",,Flat 15% off,1497.0,64.75,202.1,0.0,0.0,0.0,1359.65,,,,,,18.65,8.9,Correctly,,f6526255d97b02b8f02c7012cf479efb381ef5736591c64923fd8cc034e7cbe6,3
20635699,Aura Pizzas,Greater Kailash 2 (GK2),Delhi NCR,6430070024,"12:38 PM, December 11 2024",Delivered,Zomato Delivery,8km,"1 x Bageecha Pizza, 1 x Peri Peri Paneer Pizza, 1 x Masala Paneer Pide",,,1947.0,77.38,0.0,399.5,0.0,0.0,1624.88,,,,,,17.4,0.5,Correctly,,b8e96d90388373a4896af6298497d81a4a480cba454b3b97ae7dd681cd6e4c16,3
20659868,Aura Pizzas,Sector 4,Delhi NCR,6453138533,"09:42 PM, December 20 2024",Delivered,Zomato Delivery,3km,"1 x Salted Crisper Fries, 1 x Indian Masala Cripser Fries, 1 x Bageecha Pizza",,Flat 15% off,977.0,42.26,131.9,0.0,0.0,0.0,887.36,,,,,,18.5,1.3,Correctly,,e4ec311bffea518d98ef58619d645db34b165e7780d00382209966f817be7057,3
20659868,Aura Pizzas,Sector 4,Delhi NCR,6455630131,"08:51 PM, December 20 2024",Delivered,Zomato Delivery,8km,"1 x Murgh Amritsari Garlic Bread, 1 x Bageecha Pizza, 1 x Herbed Potato",,Flat Rs.175 off,1036.0,43.95,157.0,0.0,0.0,0.0,922.95,,,,,,18.2,1.3,Correctly,,69c456cc7f05abaf1184b5cec05f5376e2a77c1b6574ef903eed9b564081b0d3,3
20659868,Aura Pizzas,Sector 4,Delhi NCR,6453619780,"07:44 PM, December 20 2024",Delivered,Zomato Delivery,4km,"2 x Murgh Amritsari Garlic Bread, 1 x All About Chicken Pizza",,Flat 15% off,1437.0,62.15,194.0,0.0,0.0,0.0,1305.15,,,,,,22.33,4.8,Correctly,,613d1449043a142557978087c6188b1316ce2345ae3541fc1df5fbaa66f9d430,3
20659868,Aura Pizzas,Sector 4,Delhi NCR,6450767195,"07:02 PM, December 20 2024",Delivered,Zomato Delivery,4km,"1 x Margherita Pizza, 1 x Chilli Cheese Garlic Bread, 1 x Bageecha Pizza",,Flat 15% off,1376.0,59.51,185.76,0.0,0.0,0.0,1249.75,,,,,,21.07,11.2,Correctly,,10e7e6604aa4f873bb4cc4af653cf51774357269612705a126a105b9d3ace2e1,3
20659868,Aura Pizzas,Sector 4,Delhi NCR,6448885980,"12:50 PM, December 20 2024",Delivered,Zomato Delivery,7km,"1 x Bageecha Pizza, 1 x Chilli Cheese Garlic Bread, 1 x All About Chicken Pizza",,Flat Rs.300 off,1717.0,72.35,270.0,0.0,0.0,0.0,1519.35,,,,,,23.78,8.1,Correctly,,213c06db896de426fca35335c177701a8449ebc323ad06a4f0e2a4bd778898d9,3
20659868,Aura Pizzas,Sector 4,Delhi NCR,6448829510,"03:57 AM, December 20 2024",Delivered,Zomato Delivery,7km,"1 x Makhani Paneer Pizza, 1 x Indian Masala Cripser Fries, 1 x Angara Paneer Melt",,Flat Rs.300 off,1516.0,62.3,270.0,0.0,0.0,0.0,1308.3,,,,,,17.57,13.0,Correctly,,68df39eae29c079727d25e8f5eba9652cc4078ae09dd298d0519fef9a357c3d5,3
20659868,Aura Pizzas,Sector 4,Delhi NCR,6453078635,"01:35 AM, December 20 2024",Delivered,Zomato Delivery,9km,"1 x Murgh Amritsari Garlic Bread, 1 x Peri Peri Crisper Fries, 1 x All About Chicken Pizza",,Flat Rs.175 off,1147.0,49.5,157.0,0.0,0.0,0.0,1039.5,,,,,,22.25,18.0,Incorrectly,Poor packaging or spillage,26e57df7f330deaaac5c6138ede6527ba40142e7006fc8da320b923197c17801,3
20659868,Aura Pizzas,Sector 4,Delhi NCR,6446796680,"09:01 PM, December 19 2024",Delivered,Zomato Delivery,3km,"1 x Murgh Amritsari Seekh Pide, 1 x Peri Peri Grilled Chicken Pizza, 1 x Cheesy Garlic Bread",,Flat 15% off,1207.0,52.2,162.95,0.0,0.0,0.0,1096.25,,,,,,13.82,1.2,Correctly,,4fbc0ed832fddec6f8d0c19916d94ab5c9fd1a5b9935e619e2e9d37d6c5a0d14,3
20659868,Aura Pizzas,Sector 4,Delhi NCR,6449603083,"12:34 PM, December 19 2024",Delivered,Zomato Delivery,1km,"1 x Just Pepperoni Pizza, 1 x Indian Masala Fries, 1 x Garlic Aioli",,,1185.0,59.25,0.0,0.0,0.0,0.0,1244.25,,,,,,15.22,6.5,Correctly,,528ee04bcd2ed7cba7c30a4d4a33a670c4ce179870d88354b7d79c63a4d6220a,3
20659868,Aura Pizzas,Sector 4,Delhi NCR,6443392165,"12:31 PM, December 19 2024",Delivered,Zomato Delivery,4km,"1 x Jamaican Chicken Melt, 1 x Peri Peri Chicken Melt, 1 x Herbed Potato",Order: Please deliver fast as possible,,1175.0,42.83,0.0,318.5,0.0,0.0,899.33,,,,,,20.68,7.6,Correctly,,c212042346bd49318a600cb39f88777cb42c409467ca7cdb12a01a52688d00df,3
20659868,Aura Pizzas,Sector 4,Delhi NCR,6432948509,"06:30 PM, December 18 2024",Delivered,Zomato Delivery,5km,"1 x Cheesy Garlic Bread, 1 x Margherita Pizza, 1 x Herbed Potato",,Flat 15% off,966.0,41.78,130.41,0.0,0.0,0.0,877.37,,,,,,17.27,8.2,Correctly,,41c12fdf082da237ae7da029579a5f9eb6e42bf457cbe6a7c2b5b222be12901b,3
20659868,Aura Pizzas,Sector 4,Delhi NCR,6438903524,"05:03 PM, December 18 2024",Delivered,Zomato Delivery,6km,"1 x Bageecha Pizza, 1 x Tripple Cheese Pizza, 1 x Masala Paneer Pide",,Flat 15% off,1467.0,63.45,198.05,0.0,0.0,0.0,1332.4,,,,,,18.8,7.4,Incorrectly,,a8c35f0be9280e5b364ffb4f29847546626c9a4e766181b518383f9e799f883c,3
20659868,Aura Pizzas,Sector 4,Delhi NCR,6441185656,"09:04 PM, December 17 2024",Delivered,Zomato Delivery,11km,"1 x Chilli Cheese Garlic Bread, 1 x Bageecha Pizza, 1 x Masala Paneer Pide",,Flat 15% off,1377.0,59.56,185.9,0.0,0.0,0.0,1250.66,,,,,,21.62,1.3,Correctly,,c8bd7b26e12c26acc493dee83e1faa478e813de89b8009e63edf12b7bf6a63ea,3
20659868,Aura Pizzas,Sector 4,Delhi NCR,6445396842,"04:14 PM, December 17 2024",Delivered,Zomato Delivery,<1km,"1 x Peri Peri Grilled Chicken Pizza, 1 x Murgh Amritsari Garlic Bread, 1 x Just Pepperoni Pizza",,Flat Rs.300 off,1557.0,64.35,270.0,0.0,0.0,0.0,1351.35,,,,,,23.58,12.5,Correctly,,578e43bdce12bb06a74ad053f4c5e2054f964efd3f7f99dc6c4a6ced94fe2a3d,3
20659868,Aura Pizzas,Sector 4,Delhi NCR,6437656467,"08:35 PM, December 16 2024",Delivered,Zomato Delivery,7km,"2 x All About Chicken Pizza, 1 x Margherita Pizza",,,2177.0,108.85,0.0,0.0,0.0,0.0,2285.85,,,,,,19.43,6.2,Correctly,,8ca82f888fec0899119fd74b771a141f86c7bc950df0e3b702060c8df79458fb,3
20659868,Aura Pizzas,Sector 4,Delhi NCR,6435724575,"06:42 PM, December 16 2024",Delivered,Zomato Delivery,9km,"1 x Bageecha Pizza, 1 x Raw Masala Lemon Shikanji, 1 x Spinach Sumac Pide",,Flat 15% off,1223.24,48.28,152.28,0.0,0.0,105.4,1013.84,5.0,,,,,17.6,4.0,Incorrectly,,681ef7ff5ae42451c941fd1b2c8f5014967839d43849b10e417eac5e95a691f6,3
20659868,Aura Pizzas,Sector 4,Delhi NCR,6443899657,"01:43 AM, December 16 2024",Delivered,Zomato Delivery,3km,"1 x Masala Paneer Pide, 1 x Peri Peri Crisper Fries, 1 x Chilli Cheese Garlic Bread",,,777.0,38.85,0.0,0.0,0.0,0.0,815.85,,,,,,22.78,17.3,Correctly,,95c7c4f8015088555b70b1be5f69bfc1e04580f0efd4c5993d69bab925effef6,3
20659868,Aura Pizzas,Sector 4,Delhi NCR,6443028421,"11:37 PM, December 15 2024",Delivered,Zomato Delivery,6km,"1 x Indian Masala Fries, 1 x Murgh Amritsari Garlic Bread, 1 x All About Chicken Pizza",,Flat 15% off,1464.0,63.32,197.64,0.0,0.0,0.0,1329.68,5.0,,,,,15.98,3.4,Correctly,,834ffe3a5fd9d583c822eb3041973f94a8f054451446307759be0228278924a8,3
20659868,Aura Pizzas,Sector 4,Delhi NCR,6439116717,"08:52 PM, December 15 2024",Delivered,Zomato Delivery,7km,"1 x All About Chicken Pizza, 1 x Cheesy Garlic Bread, 1 x Spinach Sumac Pide",,Flat 15% off,1286.0,50.15,173.61,0.0,0.0,109.31,1053.23,,,,,,20.7,6.0,Correctly,,ebcd9bfdbfad505242d7fc229515b4d580f43a2fab7a0e064250fb2e852910c4,3
20659868,Aura Pizzas,Sector 4,Delhi NCR,6430180636,"06:17 PM, December 15 2024",Delivered,Zomato Delivery,18km,"1 x Margherita Pizza, 1 x Tipsy Tiger Fresh Lime Soda, 1 x Mushroom Mozzarella Melt",,Flat 15% off,1296.05,56.86,158.9,0.0,0.0,0.0,1194.01,,,,,,17.77,3.3,Incorrectly,,a00c657428036f13a36067b040c06dd4390977c6341a413c5bdb42353967ea45,3
20659868,Aura Pizzas,Sector 4,Delhi NCR,6439067561,"01:58 PM, December 15 2024",Delivered,Zomato Delivery,9km,"1 x Herbed Potato, 2 x Bageecha Pizza",,,1346.0,33.65,0.0,673.0,0.0,0.0,706.65,,,,,,19.12,7.0,Correctly,,c80b7113d1d8b0d1038736fcaac7a5d0a4fc6302e867fe2986f6a94f84f29296,3
20659868,Aura Pizzas,Sector 4,Delhi NCR,6429632722,"01:51 AM, December 15 2024",Delivered,Zomato Delivery,1km,"1 x Indian Masala Cripser Fries, 1 x Murgh Amritsari Garlic Bread, 1 x Fried Chicken Tenders",,50% off upto Rs.100,673.0,26.29,90.0,0.0,0.0,57.3,551.99,,,,,,17.72,6.7,Correctly,Wrong item(s) delivered,2fb09390f7487efb87061321847cee13ecd2d867223c7ac01474f9a874192513,3
20659868,Aura Pizzas,Sector 4,Delhi NCR,6431998715,"12:12 AM, December 15 2024",Delivered,Zomato Delivery,6km,"1 x Mutton Seekh Pide, 1 x Just Pepperoni Pide, 1 x Murgh Amritsari Seekh Melt",,Flat Rs.300 off,1651.0,69.05,270.0,0.0,0.0,0.0,1450.05,4.0,,,,,20.77,1.2,Correctly,,95ef50f046e606caadef1cecab28706f80122b1ea1b560bde4572173ab1a86a3,3
20659868,Aura Pizzas,Sector 4,Delhi NCR,6435314561,"10:50 PM, December 14 2024",Rejected,Zomato Delivery,1km,"1 x Mutton Seekh Pide, 1 x Margherita Pizza, 1 x Murgh Amritsari Garlic Bread",,Buy 1 Get 1 - ₹459.00,808.0,40.4,0.0,0.0,0.0,0.0,848.4,,,Cancelled by Customer,,,,,Missed,,305e223405b0c6ee018a20876030fff0c18959f3057c99d155169d222da57112,3
20659868,Aura Pizzas,Sector 4,Delhi NCR,6439378644,"10:07 PM, December 14 2024",Delivered,Zomato Delivery,4km,"1 x Garlic Aioli, 1 x Chilli Cheese Garlic Bread, 1 x Peri Peri Crisper Fries",,Buy 1 Get 1 - ₹199.00,319.0,15.95,0.0,0.0,0.0,0.0,334.95,,,,,,28.08,8.6,Correctly,,a33b09c982542520be89c25fa851775b3c8a12d832ed36379ae8e06346a8187b,3
20659868,Aura Pizzas,Sector 4,Delhi NCR,6437804168,"01:32 PM, December 14 2024",Delivered,Zomato Delivery,3km,"1 x Indian Masala Fries, 1 x Bageecha Pizza, 1 x Makhani Paneer Pizza",,Buy 1 Get 1 - ₹749.00,1057.0,52.85,0.0,0.0,0.0,0.0,1109.85,,,,,,24.33,14.4,Correctly,,0411800b4f75fb1d501b9087841a170b36402136eb0050cf27a5887d752d3510,3
20659868,Aura Pizzas,Sector 4,Delhi NCR,6426323059,"07:40 PM, December 13 2024",Delivered,Zomato Delivery,3km,"1 x Pepperoni Garlic Bread, 1 x Jamaican Chicken Melt, 1 x Cheesy Garlic Bread",,Flat 15% off,997.0,43.12,134.6,0.0,0.0,0.0,905.52,5.0,,,,,16.85,7.7,Correctly,,f33bad4da18373461eae4cde6e8da96129d8988cb20d5cf787305a66db8aedd4,3
20659868,Aura Pizzas,Sector 4,Delhi NCR,6433609215,"03:56 PM, December 13 2024",Delivered,Zomato Delivery,3km,"1 x Bageecha Pizza, 1 x Peri Peri Paneer Pizza, 1 x Tripple Cheese Pizza",,Flat 15% off,2127.0,91.99,287.15,0.0,0.0,0.0,1931.84,5.0,,,,,26.88,5.6,Correctly,,6a7aa22bbaf4a0d5225bdb886d346f08211839481969a3f0d51d275b35ed635b,3
20659868,Aura Pizzas,Sector 4,Delhi NCR,6425705050,"12:31 AM, December 13 2024",Delivered,Zomato Delivery,3km,"1 x Angara Paneer Melt, 1 x Peri Peri Paneer Pizza, 1 x Masala Paneer Pide",,Flat 15% off,1347.0,52.53,181.85,0.0,0.0,114.5,1103.19,,,,,,18.85,1.8,Correctly,,18577481ff2c0634bd8d1bb1646c9376ac5bfa08276f215c4145b848944c9dcb,3
20659868,Aura Pizzas,Sector 4,Delhi NCR,6433533611,"07:33 PM, December 12 2024",Delivered,Zomato Delivery,6km,"1 x Bageecha Pizza, 1 x Peri Peri Crisper Fries, 1 x Peanut Butter Chocolate Pide",,Flat Rs.175 off,1097.0,42.39,157.0,0.0,0.0,92.2,890.19,2.0,,,,,22.98,9.8,Correctly,,56121363eddef6d08a8093f12a975fed55e238265c457b289594449191a48413,3
20659868,Aura Pizzas,Sector 4,Delhi NCR,6432046852,"06:58 PM, December 12 2024",Delivered,Zomato Delivery,11km,"1 x Tipsy Tiger Fresh Lime Soda, 2 x Masala Paneer Pide",,Flat 15% off,877.05,37.93,118.4,0.0,0.0,0.0,796.58,,,,,,17.52,5.2,Correctly,,32e63654a698f533e018bf589f307e99c8d94649f59aec97a4c6b27694e0580c,3
20882652,Aura Pizzas,DLF Phase 1,Delhi NCR,6455644683,"11:40 PM, December 20 2024",Delivered,Zomato Delivery,7km,"1 x Tipsy Tiger Ginger Ale, 1 x Peri Peri Crisper Fries, 1 x Jamaican Chicken Melt",,,797.05,39.85,0.0,0.0,0.0,0.0,836.9,,,,,,24.67,2.8,Correctly,,15b18ecf3d27cb5e134093908d367a8815d195e734177da9ba94edadca3f053c,3
20882652,Aura Pizzas,DLF Phase 1,Delhi NCR,6449868710,"10:39 PM, December 20 2024",Delivered,Zomato Delivery,2km,"1 x Pepperoni Garlic Bread, 1 x Peri Peri Chicken Melt, 1 x Jamaican Chicken Melt",,,1247.0,43.15,0.0,384.0,0.0,0.0,906.15,,,,,,27.68,12.7,Correctly,,09162ddadf4553d8ce2c2bf96c66690f9528647b4e40b02adeb2c98d77a3093e,3
20882652,Aura Pizzas,DLF Phase 1,Delhi NCR,6443533134,"04:33 PM, December 20 2024",Delivered,Zomato Delivery,14km,"1 x Murgh Amritsari Seekh Pizza, 1 x Herbed Potato, 1 x Crushed Papad",,,837.0,38.15,0.0,74.0,0.0,0.0,801.15,,,,,,22.5,13.7,Correctly,,64c657a93dce2dda244f1a0f1a4bb6bdeb642c9dfc8a09e4cbf20eb22fb5926d,3
20882652,Aura Pizzas,DLF Phase 1,Delhi NCR,6442342230,"11:20 PM, December 19 2024",Delivered,Zomato Delivery,<1km,"1 x Herbed Potato, 1 x Just Pepperoni Pizza, 1 x Fried Chicken Tenders",,,982.0,45.4,0.0,74.0,0.0,0.0,953.4,,,,,,17.8,0.4,Correctly,,f9d01daa92255bf16c1f5166b02bda7efb6827355a70433e4eb02d4b4cfa0bad,3
20882652,Aura Pizzas,DLF Phase 1,Delhi NCR,6449461062,"12:59 PM, December 19 2024",Delivered,Zomato Delivery,<1km,"1 x Mutton Seekh Pizza, 1 x All About Chicken Pizza, 1 x Tipsy Tiger Ginger Ale",,,1457.05,55.88,0.0,339.5,0.0,0.0,1173.43,,,,,,23.17,15.8,Correctly,,91cb7a1bb0d5db92bfe9be1d47b543e87d081c3ce77a20c889b6afb077a338e3,3
20882652,Aura Pizzas,DLF Phase 1,Delhi NCR,6436054860,"10:49 PM, December 18 2024",Delivered,Zomato Delivery,10km,"1 x Herbed Potato, 1 x Peri Peri Chicken Melt, 1 x Pepperoni Garlic Bread",,,916.0,22.9,0.0,458.0,0.0,0.0,480.9,5.0,delicious sourdough pizza and garlic brea. the accompanying dips were also very nice.,,,,19.12,2.5,Correctly,,54af5e32d54240030e195a8818d574d8dbbc1dfdbb9b6704bf888ff0c37af299,3
20882652,Aura Pizzas,DLF Phase 1,Delhi NCR,6447994155,"09:50 PM, December 18 2024",Delivered,Zomato Delivery,3km,"1 x Bageecha Pizza, 1 x Makhani Paneer Pizza, 1 x Chilli Cheese Garlic Bread",,Flat Rs.300 off,1607.0,66.85,270.0,0.0,0.0,0.0,1403.85,,,,,,22.4,1.2,Correctly,,c6153cee4bf406ee5cd3d2e35de038eb579032b3baf716415feb30c262895beb,3
20882652,Aura Pizzas,DLF Phase 1,Delhi NCR,6449575416,"05:38 PM, December 18 2024",Delivered,Zomato Delivery,10km,"1 x Tripple Cheese Pizza, 1 x Herbed Potato, 1 x Murgh Amritsari Seekh Pizza",,Flat 15% off,1326.0,54.65,159.03,74.0,0.0,0.0,1147.62,,,,,,16.53,9.6,Correctly,,f71d31f9c7baf0f0c09c8d0cfd4000ce71923f14523e71b9cf12fd38cc04e4ab,3
20882652,Aura Pizzas,DLF Phase 1,Delhi NCR,6449267468,"01:27 PM, December 18 2024",Delivered,Zomato Delivery,1km,"1 x Pepperoni Garlic Bread, 1 x Herbed Potato, 1 x Peri Peri Chicken Melt",,,916.0,22.9,0.0,458.0,0.0,0.0,480.9,,,,,,22.6,1.4,Correctly,,7c49a65520214b2a7058450b51f79d6d5007d3b1b668ccfee81e425cf7b066e8,3
20882652,Aura Pizzas,DLF Phase 1,Delhi NCR,6447653032,"10:42 PM, December 17 2024",Delivered,Zomato Delivery,7km,"1 x Herbed Potato, 1 x Masala Potato Pide, 1 x Angara Paneer Melt",,,896.0,33.63,0.0,223.5,0.0,0.0,706.13,,,,,,18.25,8.9,Correctly,,df408c6c0fe57b09b77d881db0302b7f48c599dca149e325fc0c8e49ff82c156,3
20882652,Aura Pizzas,DLF Phase 1,Delhi NCR,6446128189,"08:37 PM, December 17 2024",Delivered,Zomato Delivery,5km,"1 x All About Chicken Pizza, 1 x Chilli Cheese Garlic Bread, 1 x Herbed Potato",,Flat 15% off,1385.0,56.11,158.9,104.0,0.0,0.0,1178.21,,,,,,28.77,13.9,Correctly,,9961fe784d96f10a5124ac285d7e279f0a080fa81188e8fd731ed87c4ac96f93,3
20882652,Aura Pizzas,DLF Phase 1,Delhi NCR,6439718403,"11:40 PM, December 16 2024",Delivered,Zomato Delivery,3km,"1 x Peri Peri Chicken Melt, 1 x Herbed Potato, 1 x Pepperoni Garlic Bread",,,916.0,22.9,0.0,458.0,0.0,0.0,480.9,,,,,,22.0,13.3,Correctly,,4bc602db844c650a67a25f812b46fecffc0a286c6c898ed8cc1d299643403b6b,3
20882652,Aura Pizzas,DLF Phase 1,Delhi NCR,6444071513,"10:06 PM, December 16 2024",Delivered,Zomato Delivery,7km,"1 x Mutton Seekh Pizza, 1 x Bageecha Pizza, 1 x Murgh Amritsari Seekh Pizza",,Flat 15% off,1907.0,70.09,165.78,339.5,0.0,0.0,1471.81,,,,,,19.72,3.5,Correctly,,8b829e35ba66d8e8fcf4ce4bb3799292b3468e453a83be59e97871504fc41d0d,3
20882652,Aura Pizzas,DLF Phase 1,Delhi NCR,6426384329,"09:33 PM, December 15 2024",Delivered,Zomato Delivery,3km,"1 x Just Pepperoni Pizza, 1 x Garlic Aioli, 1 x Murgh Amritsari Seekh Pizza",,Flat Rs.300 off,1728.0,72.9,270.0,0.0,0.0,0.0,1530.9,5.0,,,,,19.58,2.3,Correctly,,5cf817ef70a9f19f487969db1cf6c902c7891081aec85dc7d5e8f7f7c972afe2,3
20882652,Aura Pizzas,DLF Phase 1,Delhi NCR,6436062850,"05:27 PM, December 15 2024",Delivered,Zomato Delivery,4km,"1 x Peri Peri Crisper Fries, 1 x Chilli Cheese Garlic Bread, 1 x Angara Paneer Melt",Order: Extra cheese,Flat 15% off,907.0,35.37,122.45,0.0,0.0,77.1,742.82,,,,,,14.87,0.3,Correctly,,d13d5256b464262fdd2a3d9241a2dbff2df26a59596bdf354ede41f8ae101621,3
20882652,Aura Pizzas,DLF Phase 1,Delhi NCR,6416235192,"12:47 PM, December 15 2024",Delivered,Zomato Delivery,7km,"1 x Angara Paneer Melt, 1 x Indian Masala Fries, 1 x Murgh Amritsari Seekh Pide",,Flat 15% off,996.0,43.08,134.46,0.0,0.0,0.0,904.62,,,,,,18.1,2.5,Correctly,,8da404be7e72766f7b85e014c5c7b68a4d5f3e1f3f75846dd340a61d4335ebcb,3
20882652,Aura Pizzas,DLF Phase 1,Delhi NCR,6437964679,"09:01 PM, December 14 2024",Delivered,Zomato Delivery,16km,"1 x Tripple Cheese Pizza, 1 x Chilli Cheese Garlic Bread, 1 x Mushroom Mozzarella Melt",,Buy 1 Get 1 - ₹449.00,808.0,40.4,0.0,0.0,0.0,0.0,848.4,,,,,,16.02,1.9,Correctly,,5df63eea94dcd8c25067d582e87cc93b0004967b379580a54915cfe0eee420a9,3
20882652,Aura Pizzas,DLF Phase 1,Delhi NCR,6435264094,"07:54 PM, December 13 2024",Delivered,Zomato Delivery,13km,"1 x Makhani Paneer Pizza, 1 x Bageecha Pizza, 1 x Just Pepperoni Pizza",,Flat 15% off,1827.0,71.25,246.65,0.0,0.0,155.3,1496.31,,,,,,17.78,0.8,Correctly,,1e989e421f30eaf0b194a6416e406ffe613bdb67d8a5c695dfb7d281d781f056,3
20882652,Aura Pizzas,DLF Phase 1,Delhi NCR,6435003246,"01:22 PM, December 13 2024",Delivered,Zomato Delivery,9km,"1 x Harissa Mayo, 1 x Malai Gud Pide, 1 x Peri Peri Paneer Pizza",,,898.0,44.9,0.0,0.0,0.0,0.0,942.9,,,,,,16.67,1.6,Correctly,,b78808b7fce2d2974d26e8194f440e7d57156a510c2b4016687833183f54af88,3
20882652,Aura Pizzas,DLF Phase 1,Delhi NCR,6430146710,"12:56 PM, December 13 2024",Delivered,Zomato Delivery,2km,"1 x Pepperoni Garlic Bread, 1 x Herbed Potato, 1 x Mutton Seekh Pizza",,,1106.0,27.65,0.0,553.0,0.0,0.0,580.65,,,,,,12.98,,Correctly,,10ef21f2dc815182a878f65390a66ba7741ace7a370dc1f7898793b1dac7f557,3
20882652,Aura Pizzas,DLF Phase 1,Delhi NCR,6429332321,"01:16 PM, December 12 2024",Delivered,Zomato Delivery,6km,"1 x Herbed Potato, 1 x Bageecha Pizza, 1 x Masala Potato Pide",,,1246.0,31.15,0.0,623.0,0.0,0.0,654.15,,,,,,20.7,0.9,Correctly,,7f21c3c31913f8567fb5ce8ebecea1d1b799375a44adf197064f47494265dc42,3
20882652,Aura Pizzas,DLF Phase 1,Delhi NCR,6429072550,"12:47 PM, December 11 2024",Delivered,Zomato Delivery,1km,"1 x Peri Peri Chicken Melt, 1 x Herbed Potato, 1 x Indian Masala Fries",,50% off upto Rs.100,835.0,21.37,89.1,318.5,0.0,0.0,448.77,,,,,,17.18,1.3,Correctly,,47fd8d12373038729a8fe6d66e514ad47d38c3baf9e89815a93a3df215941a80,3
20882713,Swaad,DLF Phase 1,Delhi NCR,6450277597,"08:12 PM, December 20 2024",Delivered,Zomato Delivery,3km,"1 x Fried Chicken Classic Tender, 1 x Grilled Chicken Smoky BBQ Tangdi, 1 x Grilled Chicken Smoky BBQ Tender",,Flat 20% off,1530.0,61.2,306.0,0.0,0.0,0.0,1285.2,,,,,,18.27,3.7,Incorrectly,,800a5d45d019b441b58c4b766eec7e16c09ab41c91f43075458616315b92dd73,3
20882713,Swaad,DLF Phase 1,Delhi NCR,6447791121,"09:18 PM, December 18 2024",Delivered,Zomato Delivery,7km,"1 x Animal Fries, 1 x Tipsy Tiger Fresh Lime Soda, 1 x Fried Chicken Classic Tender",,,799.05,39.95,0.0,0.0,0.0,0.0,839.0,,,,,,15.35,2.0,Correctly,,8aa562f77c4232481c91bd257f0b10b4237322fe08fece1c1743aefaf1962200,3
20882713,Swaad,DLF Phase 1,Delhi NCR,6446094135,"05:16 PM, December 17 2024",Delivered,Zomato Delivery,3km,"1 x Fried Chicken Ghostbuster Tender, 1 x Grilled Chicken Peri Peri Tender, 1 x Bone in Kabuli Grilled Chicken",,,945.0,23.63,0.0,472.5,0.0,0.0,496.13,5.0,,,,,14.85,10.9,Incorrectly,,9e1f5429dc03919059c5b2e17cccf81396282a6ed8843191509b03b26ecb8670,3
20882713,Swaad,DLF Phase 1,Delhi NCR,6413111291,"07:00 PM, December 14 2024",Delivered,Zomato Delivery,3km,"2 x Fried Chicken Beast AAC Burger, 1 x Animal Fries",,Flat Rs.175 off,1165.0,50.4,157.0,0.0,0.0,0.0,1058.4,4.0,,,,,22.68,23.2,Incorrectly,,abc63e78149fdd017cb8c5d998e64ece7e4cc71b388ae5fab448e8ee3f414ebf,3
20882713,Swaad,DLF Phase 1,Delhi NCR,6434320632,"12:54 AM, December 13 2024",Delivered,Zomato Delivery,3km,"1 x Grilled Chicken Angara Tender, 1 x Coleslaw, 1 x Bone in Jamaican Grilled Chicken",,Flat 15% off,848.0,36.68,114.48,0.0,0.0,0.0,770.2,,,,,,18.33,7.4,Correctly,,6d2dc466d3b64bfd743620064c46e9f391367fc88ac2df182b9d6dd3b4474655,3
20968206,Dilli Burger Adda,Greater Kailash 2 (GK2),Delhi NCR,6451049056,"10:06 PM, December 20 2024",Delivered,Zomato Delivery,1km,"1 x Tipsy Tiger Ginger Ale, 1 x Salted Fries, 1 x Chicken Smashed Double Burger",,Flat 15% off,747.05,29.14,100.85,0.0,0.0,63.5,611.84,,,,,,22.88,0.8,Correctly,,e941bb95102340122d4a7bdda4a094d2f9ab339d0c984f493c23642ab495f527,3
21077127,Aura Pizzas,Sector 135,Delhi NCR,6454630608,"08:57 PM, December 20 2024",Delivered,Zomato Delivery,4km,"1 x Masala Potato Pide, 1 x Peri Peri Chicken Melt, 1 x Herbed Potato",,,936.0,23.4,0.0,468.0,0.0,0.0,491.4,5.0,,,,,14.98,1.9,Correctly,,2412f2650ecfdb7af4897cc1c83a1d3cee2a93ba1b2f90efed9c416addcb308c,3
21077127,Aura Pizzas,Sector 135,Delhi NCR,6448633044,"08:46 PM, December 18 2024",Delivered,Zomato Delivery,6km,"1 x Cheesy Garlic Bread, 1 x Bageecha Pizza, 1 x Peri Peri Paneer Pizza",,Flat Rs.175 off,1617.0,72.1,175.0,0.0,0.0,0.0,1514.1,,,,,,35.48,19.1,Correctly,,14229483bd2be41f003721b1838fd59994379c7faf69d0e089282230c2eb9cce,3
21077127,Aura Pizzas,Sector 135,Delhi NCR,6445286548,"08:24 PM, December 18 2024",Delivered,Zomato Delivery,2km,"1 x Pepperoni Garlic Bread, 1 x Peri Peri Chicken Melt, 1 x Mutton Seekh Pizza",,,1447.0,36.18,0.0,723.5,0.0,0.0,759.68,,,,,,27.97,10.1,Correctly,,a94ed06b4fdeb849d98bf78f6ec710e4125cd773eb6b62b3d57cb514891d31bc,3
21077127,Aura Pizzas,Sector 135,Delhi NCR,6445517687,"11:57 PM, December 16 2024",Delivered,Zomato Delivery,1km,"1 x Mutton Seekh Pizza, 1 x Peri Peri Chicken Melt, 1 x Pepperoni Garlic Bread",,,1497.0,37.43,0.0,748.5,0.0,0.0,785.93,,,,,,12.15,4.5,Correctly,,7d6325af634061dd485dbe846c64990a9b33bc1d17580cba41d61491da55d9ec,3
21077127,Aura Pizzas,Sector 135,Delhi NCR,6443377022,"10:05 PM, December 16 2024",Delivered,Zomato Delivery,2km,"1 x Herbed Potato, 1 x Pepperoni Garlic Bread, 1 x All About Chicken Pizza",,,1146.0,45.13,0.0,243.5,0.0,0.0,947.63,,,,,,15.17,0.4,Correctly,,f5e56bd4c43943403d95724eaa1c0d670facb2edd3b1bf72228b07cd733838c6,3
21077127,Aura Pizzas,Sector 135,Delhi NCR,6438746862,"06:54 PM, December 16 2024",Delivered,Zomato Delivery,2km,"1 x Salted Fries, 1 x Mutton Seekh Pide, 1 x Chicken Pepperoni Pizza",,,1176.0,52.92,0.0,0.0,0.0,117.6,1111.32,,,,,,15.4,5.4,Correctly,,53e9124643c055339fcd475892a8e6b91a8eeba736188bfb056967ad1a9aae34,3
21077127,Aura Pizzas,Sector 135,Delhi NCR,6441448649,"02:57 PM, December 15 2024",Delivered,Zomato Delivery,<1km,"1 x Chilli Cheese Garlic Bread, 1 x Bageecha Pizza, 1 x Peri Peri Paneer Melt",,50% off upto Rs.100,1317.0,55.27,90.0,0.0,0.0,121.7,1160.57,,,,,,17.97,8.9,Correctly,,a329190f15737b33f7ed55452b8ab8c5211b8d10becb6db70c0a8357e0b03135,3
21077127,Aura Pizzas,Sector 135,Delhi NCR,6434463698,"01:27 PM, December 15 2024",Delivered,Zomato Delivery,5km,"1 x Onion Rings, 1 x Mushroom Pizza, 1 x Herbed Potato",,Flat Rs.690 off,1185.0,52.55,0.0,134.0,0.0,0.0,1103.55,,,,,,20.83,6.7,Correctly,,0b0160d65e117e3d73a6a4b6e8d99102fddfa76df2290d4db0eafac23003d8c2,3
21077127,Aura Pizzas,Sector 135,Delhi NCR,6437713316,"06:31 PM, December 14 2024",Delivered,Zomato Delivery,6km,"1 x Herbed Potato, 1 x Bageecha Pizza, 1 x Tipsy Tiger Fresh Lime Soda",,Buy 1 Get 1 - ₹148.00,718.05,35.9,0.0,0.0,0.0,0.0,753.95,,,,,,16.03,9.5,Correctly,,4ada54db9298140a30992cde27ef22c598d31fac9e81421a105f173ffb4c2e15,3
21077127,Aura Pizzas,Sector 135,Delhi NCR,6428151396,"09:36 PM, December 13 2024",Delivered,Zomato Delivery,<1km,"1 x Mushroom Mozzarella Melt, 1 x Bageecha Pizza, 1 x Chilli Cheese Garlic Bread",,Flat Rs.100 off,1307.0,60.85,90.0,0.0,0.0,0.0,1277.85,,,,,,14.72,0.7,Correctly,,b092b9bed82d2357f1733be61f96d7e1936d7f46ffe59df106049562602dc11a,3
21077127,Aura Pizzas,Sector 135,Delhi NCR,6435687440,"06:40 PM, December 13 2024",Delivered,Zomato Delivery,3km,"1 x Makhani Paneer Pizza, 2 x Tipsy Tiger Fresh Lime Soda",,,1066.1,53.31,0.0,0.0,0.0,0.0,1119.41,,,,,,16.12,0.7,Correctly,,8975d82fa44e49828335a4b3d26b8de3969b8a409884f9ec4a2cb80e0c468651,3
21077127,Aura Pizzas,Sector 135,Delhi NCR,6434948721,"02:59 PM, December 13 2024",Delivered,Zomato Delivery,4km,"1 x Chilli Cheese Garlic Bread, 1 x Bageecha Pizza, 1 x Peri Peri Paneer Pizza",,,1437.0,71.85,0.0,0.0,0.0,0.0,1508.85,,,,,,22.77,11.9,Correctly,,5ba66291c973d7e67ae634c01941736bac30d5f29df8d10be9a0863c190c943e,3
21077127,Aura Pizzas,Sector 135,Delhi NCR,6432500456,"07:42 PM, December 12 2024",Delivered,Zomato Delivery,2km,"1 x Chilli Cheese Garlic Bread, 1 x Onion Rings, 1 x Peri Peri Paneer Melt",,Flat Rs.200 off,1127.0,56.35,0.0,0.0,0.0,0.0,1183.35,,,,,,16.43,12.2,Correctly,,07b6304fde9292319d5a1624b229b733e834b1477fe430f8b8eefa3b73268b96,3
21077127,Aura Pizzas,Sector 135,Delhi NCR,6428746746,"01:57 PM, December 11 2024",Delivered,Zomato Delivery,5km,"1 x Murgh Amritsari Seekh Pizza, 1 x Peri Peri Fries, 1 x All About Chicken Pizza",,50% off upto Rs.100,1546.0,72.8,90.0,0.0,0.0,0.0,1528.8,,,,,,21.63,9.7,Correctly,,b9271684b4bd3e2c97f57cc34b5d3b7dbf719764d526c27f5ea309531613a44b,3
21077127,Aura Pizzas,Sector 135,Delhi NCR,6418074480,"01:07 PM, December 11 2024",Delivered,Zomato Delivery,2km,"1 x Peri Peri Chicken Melt, 1 x Bageecha Pizza, 1 x Herbed Potato",,,1236.0,30.9,0.0,618.0,0.0,0.0,648.9,,,,,,21.67,12.5,Correctly,,78ecd09b8853f6f250ce5663cda319036e033e64197e70244ad7aa003f7f3e49,3
21143186,Tandoori Junction,Greater Kailash 2 (GK2),Delhi NCR,6440974724,"09:28 PM, December 15 2024",Delivered,Zomato Delivery,5km,"1 x Angara Boneless Grilled Chicken Breast, 1 x Grlld Masala Fries, 1 x Smoky BBQ Grilled Chicken Tangdi (4pcs)",,,1597.0,95.82,0.0,0.0,0.0,0.0,1692.82,,,,,,37.07,9.8,Correctly,,49acaa8f60d1753e246fcdfdbbf643fc780d4dd19859fc13c6cb3078a7fd70e1,3
21173951,Aura Pizzas,Vasant Kunj,Delhi NCR,6431939078,"08:31 PM, December 18 2024",Delivered,Zomato Delivery,6km,"1 x Salted Crisper Fries, 1 x Chilli Cheese Garlic Bread, 1 x Bageecha Pizza",,Flat Rs.175 off,1037.0,44.0,157.0,0.0,0.0,0.0,924.0,,,,,,22.98,1.9,Correctly,,1a85f3fe04ebb58b194ba570f691325707b7252bf30edfe8991cef42101b9f68,3
21173951,Aura Pizzas,Vasant Kunj,Delhi NCR,6438165048,"09:36 PM, December 17 2024",Delivered,Zomato Delivery,1km,"1 x Malai Gud Pide, 1 x Salted Crisper Fries, 1 x Bageecha Pizza",,Flat Rs.175 off,1097.0,47.0,157.0,0.0,0.0,0.0,987.0,,,,,,14.88,0.8,Correctly,,04c919887fd9022380d6944704909fb7345dbc2a414e76df9e917150abb51a50,3
21173951,Aura Pizzas,Vasant Kunj,Delhi NCR,6444350822,"08:27 PM, December 16 2024",Delivered,Zomato Delivery,6km,"1 x Indian Masala Fries, 1 x Chilli Cheese Garlic Bread, 1 x Bageecha Pizza",,Flat 15% off,1375.0,53.63,185.63,0.0,0.0,116.88,1126.13,,,,,,15.23,1.1,Correctly,,368409d8eea35f002657ca38aa3956ec054b6185207ba0365a61e76c33bfca38,3
21173951,Aura Pizzas,Vasant Kunj,Delhi NCR,6431355071,"12:36 PM, December 12 2024",Delivered,Zomato Delivery,3km,"1 x Mutton Seekh Pizza, 1 x Pepperoni Garlic Bread, 1 x Herbed Potato",,,1106.0,27.65,0.0,553.0,0.0,0.0,580.65,4.0,,,,,20.15,0.3,Correctly,,32fae07b2e46685e9d5c5bfe9d4dd833f66d63b06044dd4fedb6aa88e70ebd97,3
21173951,Aura Pizzas,Vasant Kunj,Delhi NCR,6396912489,"12:15 PM, December 12 2024",Delivered,Zomato Delivery,2km,"1 x Bageecha Pizza, 1 x Herbed Potato, 1 x Indian Salsa",,,807.0,21.68,0.0,373.5,0.0,0.0,455.18,,,,,,30.63,9.5,Correctly,,c69a2567055cc6840b74f2d54daefa00a23874ab710f83355264499755dc7380,3
21173951,Aura Pizzas,Vasant Kunj,Delhi NCR,6430695726,"06:23 PM, December 11 2024",Delivered,Zomato Delivery,7km,"1 x Malai Gud Pide, 1 x Chilli Cheese Garlic Bread, 1 x Peri Peri Paneer Pizza",,Flat Rs.175 off,1097.0,42.39,157.0,0.0,0.0,92.2,890.19,4.0,,,,,16.02,2.1,Correctly,,850e90a1a7e06e023be5afbb2a809d3ea845d2bcfdc238cfc231fe52b0a449dc,3
21309083,Swaad,Shahdara,Delhi NCR,6452028067,"05:23 PM, December 19 2024",Delivered,Zomato Delivery,5km,"1 x Grilled Chicken Peri Peri Tender, 1 x Fried Chicken Beast AAC Burger, 1 x Bone in Kabuli Grilled Chicken",,,1390.0,34.75,0.0,695.0,0.0,0.0,729.75,,,,,,20.53,13.2,Correctly,,f119a059fc5556694e76d13e413c7987b3b984797807ef595955fd014b6ab150,3
21309083,Swaad,Shahdara,Delhi NCR,6428621781,"08:52 PM, December 14 2024",Delivered,Zomato Delivery,2km,"1 x Animal Fries, 1 x Herbed Potato, 1 x Bone in Peri Peri Grilled Chicken",,Flat Rs.175 off,1118.0,48.05,157.0,0.0,0.0,0.0,1009.05,,,,,,20.98,1.6,Correctly,,6f8f493a0a4a1fa73f9a20e06c75f901931094224c83642c7da6b08bf4b429d4,3
21309083,Swaad,Shahdara,Delhi NCR,6436586409,"08:48 PM, December 14 2024",Delivered,Zomato Delivery,<1km,"1 x Salted Fries, 1 x Bone in Smoky Bbq Grilled Chicken, 1 x Jamaican Sauce",,Flat 15% off,874.0,37.8,117.99,0.0,0.0,0.0,793.81,,,,,,16.57,0.5,Correctly,,12f044e337feba215aa8a617dbb3c17f39f04620dc65f406435cf0c06a2e94cc,3
21309083,Swaad,Shahdara,Delhi NCR,6428875362,"04:08 PM, December 14 2024",Delivered,Zomato Delivery,6km,"1 x Salted Fries, 1 x Fried Chicken Classic Tender, 1 x Bone in Jamaican Grilled Chicken",,,1334.0,66.7,0.0,0.0,0.0,0.0,1400.7,,,,,,17.07,9.0,Correctly,,9568c0ba2cc6d3ff142b8e3bbaaf46a46e886f4bb6e9e14aaf96895f4650d0cb,3
21309083,Swaad,Shahdara,Delhi NCR,6429136309,"08:26 PM, December 12 2024",Delivered,Zomato Delivery,5km,"1 x Bone in Angara Grilled Chicken, 1 x Herbed Potato, 1 x Bone in Jamaican Grilled Chicken",,,1408.0,70.4,0.0,0.0,0.0,0.0,1478.4,,,,,,24.32,0.3,Correctly,,05f621a8cf0f59823a49f690e3e5276dc0f869a59c58525cd1f3bcb2149eb62f,3
21309083,Swaad,Shahdara,Delhi NCR,6432097139,"07:45 PM, December 12 2024",Delivered,Zomato Delivery,1km,"1 x Angara Rice, 1 x AAC Signature Fries, 1 x Bone in Jamaican Grilled Chicken",,Flat 15% off,647.0,27.98,87.35,0.0,0.0,0.0,587.63,,,,,,20.03,13.1,Correctly,,543c287bc654c7c03260d588985c5a1ab84d45ea62dd9ed113ca64b2781076cf,3
20320607,Swaad,Sector 4,Delhi NCR,6483985857,"03:49 PM, December 31 2024",Delivered,Zomato Delivery,5km,"1 x Fried Chicken Classic Tender, 1 x Fried Chicken Kabuli Tender, 1 x Fried Chicken Angara Tender",,Flat Rs.300 off,1035.0,36.75,300.0,0.0,0.0,0.0,771.75,,,,,,21.47,9.6,Correctly,,d90ce221c4ef77b1b3e77a2e202cd69f9d1464ed7887b2615f726c25e40669f3,3
20320607,Swaad,Sector 4,Delhi NCR,6482308874,"03:27 AM, December 30 2024",Delivered,Zomato Delivery,2km,"1 x Bone in Peri Peri Grilled Chicken, 1 x Grilled Chicken Smoky BBQ Tangdi, 1 x Tipsy Tiger Fresh Lime Soda",,Flat 15% off,834.05,36.88,96.53,0.0,0.0,0.0,774.4,,,,,,15.27,9.0,Correctly,,4663fe3b6082b0db09458446e7616bd2b8f1f191e88fb59782c824aa12781b3f,3
20320607,Swaad,Sector 4,Delhi NCR,6478793132,"10:07 PM, December 29 2024",Delivered,Zomato Delivery,2km,"1 x Fried Chicken Ghostbuster Tender, 1 x Grilled Chicken Angara Boneless Breast, 1 x Grilled Chicken Angara Tangdi",,Flat Rs.175 off,1055.0,44.9,157.0,0.0,0.0,0.0,942.9,,,,,,17.12,1.2,Correctly,,85a69c77e6c73a8f2f36139d4d936cef036bc5057113fe0c56e2cedc952ef551,3
20320607,Swaad,Sector 4,Delhi NCR,6464344869,"01:43 PM, December 28 2024",Delivered,Zomato Delivery,1km,"1 x Fried Chicken Angara Tender, 1 x Salted Fries, 1 x Fried Chicken Peri Peri Tender",,Flat 15% off,819.0,35.42,110.57,0.0,0.0,0.0,743.85,,,,,,14.1,8.4,Correctly,,1111afbf9cd1584eb89e076dee45ad33e2ada568c5d9b44ef23ef9089ad8ff55,3
20320607,Swaad,Sector 4,Delhi NCR,6472377083,"01:32 AM, December 27 2024",Delivered,Zomato Delivery,3km,"1 x Fried Chicken Peri Peri Tender, 1 x Fried Chicken Angara Tender, 1 x Herbed Potato",,Flat 15% off,828.0,35.81,111.78,0.0,0.0,0.0,752.03,,,,,,16.12,11.0,Correctly,,0053e678a098e34efed85bea255c00744929e631f6f39b57f68923296088c24f,3
20320607,Swaad,Sector 4,Delhi NCR,6467429971,"04:55 PM, December 26 2024",Delivered,Zomato Delivery,11km,"1 x Fried Chicken Ghostbuster Tender, 2 x Bone in Kabuli Grilled Chicken",,,2415.0,60.38,0.0,1207.5,0.0,0.0,1267.88,2.0,,,,,20.75,6.7,Incorrectly,,e26e62a1c6a01f539ec6a9a8c2faef8de97cbda63163cc84f8b8a70fc1162a74,3
20320607,Swaad,Sector 4,Delhi NCR,6456612200,"02:38 PM, December 25 2024",Delivered,Zomato Delivery,8km,"1 x Bone in Jamaican Grilled Chicken, 1 x Bone in Kabuli Grilled Chicken, 1 x Grilled Chicken Peri Peri Tangdi",,Flat 20% off,1300.0,53.3,234.0,0.0,0.0,0.0,1119.3,,,,,,30.47,24.0,Correctly,,c9e402b2be88533b7427eba2b648750be6b8e8a989e556d0f48814f8f7892d98,3
20320607,Swaad,Sector 4,Delhi NCR,6468095699,"02:15 AM, December 25 2024",Delivered,Zomato Delivery,3km,"1 x Fried Chicken Peri Peri Tender, 1 x Grilled Chicken Angara Tangdi, 1 x AAC Signature Fries",,Flat 15% off,919.0,39.75,124.07,0.0,0.0,0.0,834.68,,,,,,16.73,7.6,Correctly,,f8c4090ac7ee16cf9c3753402988841ee7b7ceb8b7330dc507e2ddbcd2934ba4,3
20320607,Swaad,Sector 4,Delhi NCR,6461383471,"01:01 AM, December 24 2024",Delivered,Zomato Delivery,4km,"1 x Fried Chicken Peri Peri Tender, 1 x Jamaican Sauce, 1 x Animal Fries",,Flat 15% off,740.0,32.01,99.9,0.0,0.0,0.0,672.11,,,,,,19.28,6.6,Correctly,,f7c8b71d6807cea809b1f960945cc683138711dd199824112608a281c844368b,3
20320607,Swaad,Sector 4,Delhi NCR,6456830132,"04:16 PM, December 23 2024",Delivered,Zomato Delivery,2km,"1 x Grilled Chicken Peri Peri Tender, 1 x Kabuli Grilled Paneer (8 pcs), 1 x AAC Saucy Fries",,Flat Rs.351 off,880.0,32.4,76.95,155.0,0.0,0.0,680.45,5.0,,,,,20.08,1.1,Correctly,,abda36c14168fc239abe2f1354301ece2ece5edad2a31153069e0bc17cea251b,3
20320607,Swaad,Sector 4,Delhi NCR,6462029502,"08:53 PM, December 22 2024",Delivered,Zomato Delivery,3km,"1 x Bone in Smoky Bbq Grilled Chicken, 1 x Fried Chicken Ghostbuster Tender, 1 x Bone in Angara Grilled Chicken",,Flat 20% off,1220.0,50.02,219.6,0.0,0.0,0.0,1050.42,,,,,,22.15,6.3,Correctly,,d4a31bdf10db54d728b8f18addef6239ec6af348d877969ea14b854d3e9fde25,3
20320607,Swaad,Sector 4,Delhi NCR,6456011492,"01:32 AM, December 22 2024",Delivered,Zomato Delivery,2km,"2 x Peri Peri Fries, 1 x Grilled Chicken Angara Tender",,Flat 15% off,993.0,42.95,134.06,0.0,0.0,0.0,901.89,,,,,,23.43,10.6,Correctly,,0781815deb4a10a574e9fee4fa0b86b074d4a0b36175d5a626dbc4710568bff4,3
20320607,Swaad,Sector 4,Delhi NCR,6456283500,"11:48 PM, December 21 2024",Delivered,Zomato Delivery,8km,"1 x Indian Salsa, 1 x Fried Chicken Peri Peri Tender, 1 x Angara Sauce",,,580.0,29.0,0.0,0.0,0.0,0.0,609.0,5.0,Yummy wummy,,,,12.98,1.0,Correctly,,10c3383d384ccabfbb71a1f76d1c55b046940d1cdc162ab99f616b85b1f6ca55,3
20320607,Swaad,Sector 4,Delhi NCR,6449565375,"10:01 PM, December 21 2024",Delivered,Zomato Delivery,6km,"1 x Indian Salsa, 1 x Fried Chicken Peri Peri Tender, 1 x Peri Peri Sauce",,Flat 15% off,580.0,25.09,78.3,0.0,0.0,0.0,526.79,,,,,,18.05,0.9,Correctly,,7a1106332bbcd4683cf6e1a14eb16e8569f72c360d100361db5172c555147dae,3
20554001,Swaad,Greater Kailash 2 (GK2),Delhi NCR,6487107155,"08:19 PM, December 31 2024",Delivered,Zomato Delivery,1km,"2 x Peri Peri Crisper Fries, 1 x Bone in Angara Grilled Chicken",,,1008.0,50.4,0.0,0.0,0.0,0.0,1058.4,,,,,,29.42,13.0,Correctly,,4c1fef9d31d34652fa3ecfa23177598f1759a2ee0d6ccf67d06c2c9844ebd3bf,3
20554001,Swaad,Greater Kailash 2 (GK2),Delhi NCR,6481383087,"10:53 PM, December 30 2024",Delivered,Zomato Delivery,2km,"1 x Bone in Smoky Bbq Grilled Chicken, 1 x Bone in Jamaican Grilled Chicken, 1 x Bone in Peri Peri Grilled Chicken",,Flat 15% off,930.0,40.22,125.55,0.0,0.0,0.0,844.67,,,,,,22.05,4.1,Correctly,,5bdf0b74c6a5add60c0a8d70e65966e7d81992818c4240beb8153ed29df3773e,3
20554001,Swaad,Greater Kailash 2 (GK2),Delhi NCR,6480201072,"05:54 PM, December 29 2024",Delivered,Zomato Delivery,4km,"1 x Grilled Chicken Peri Peri Tender, 1 x Animal Fries, 1 x Bone in Kabuli Grilled Chicken",,50% off upto Rs.100,975.0,28.75,90.0,310.0,0.0,0.0,603.75,,,,,,19.88,9.5,Correctly,,c136b50afb096592a7b181b3805bcc8ae30137b25c15da77da263b0d4f9f65ac,3
20554001,Swaad,Greater Kailash 2 (GK2),Delhi NCR,6463887809,"07:57 PM, December 28 2024",Delivered,Zomato Delivery,5km,"1 x Bone in Angara Grilled Chicken, 1 x Herbed Potato, 1 x Bone in Smoky Bbq Grilled Chicken",,Flat Rs.175 off,1073.0,45.8,157.0,0.0,0.0,0.0,961.8,4.0,,,,,22.55,0.6,Correctly,,877a98e0b3bb94162f3d192cd6503ebff190896a0e7f78c7ace4fa4630473f24,3
20554001,Swaad,Greater Kailash 2 (GK2),Delhi NCR,6474642562,"12:05 AM, December 28 2024",Delivered,Zomato Delivery,2km,"1 x Grilled Chicken Jamaican Tender, 1 x AAC Grilled Chicken Burger, 1 x Tipsy Tiger Ginger Ale",,Flat 15% off,864.05,38.17,100.58,0.0,0.0,0.0,801.64,,,,,,21.25,6.7,Correctly,,a0c864f5fd0c3377066fc7b5e13c78a92c12d0edd0e76fcf935f04bc67db45ea,3
20554001,Swaad,Greater Kailash 2 (GK2),Delhi NCR,6469506866,"02:38 AM, December 27 2024",Delivered,Zomato Delivery,1km,"1 x Peri Peri Fries, 1 x Fried Chicken Angara Tender, 1 x AAC Signature Fries",,Flat 15% off,703.0,30.41,94.91,0.0,0.0,0.0,638.5,,,,,,12.13,0.4,Correctly,,6b494292b2c8b188a99722b273b79ca7b18a1b871c24d76f1739c0375417ff58,3
20554001,Swaad,Greater Kailash 2 (GK2),Delhi NCR,6473983027,"01:21 AM, December 27 2024",Delivered,Zomato Delivery,2km,"1 x Tipsy Tiger Fresh Lime Soda, 1 x Fried Chicken Beast AAC Burger, 1 x Peri Peri Fries",,Flat 15% off,803.05,35.54,92.34,0.0,0.0,0.0,746.25,,,,,,12.17,0.8,Correctly,,3d8d341e8b7e3e2c000be73676716f95837f462f6c287c794d2aad48b90d8276,3
20554001,Swaad,Greater Kailash 2 (GK2),Delhi NCR,6472003420,"11:05 PM, December 26 2024",Delivered,Zomato Delivery,1km,"1 x Angara Grilled Paneer (8 pcs), 1 x Grilled Chicken Smoky BBQ Tender, 1 x Grilled Chicken Jamaican Tender",,Flat 15% off,915.0,39.57,123.53,0.0,0.0,0.0,831.04,,,,,,20.98,3.4,Correctly,,4bb3223297c279ea6a5d7d9d23ff6e00ab46f8247b0963d4a61b1d84cdaee36a,3
20554001,Swaad,Greater Kailash 2 (GK2),Delhi NCR,6470730836,"09:45 PM, December 26 2024",Delivered,Zomato Delivery,5km,"1 x Coleslaw, 1 x Bone in Jamaican Grilled Chicken Quarter + Angara Rice, 1 x Tipsy Tiger Fresh Lime Soda",,50% off upto Rs.100,712.05,31.1,90.0,0.0,0.0,0.0,653.15,,,,,,23.52,8.9,Correctly,,eb82233e570837f5deefba145104d1ac88aaebd9345cc306eec1b60a0afcf9d5,3
20554001,Swaad,Greater Kailash 2 (GK2),Delhi NCR,6471197989,"02:21 AM, December 26 2024",Delivered,Zomato Delivery,1km,"1 x Fried Chicken Peri Peri Tender, 1 x Animal Fries, 1 x Bone in Jamaican Grilled Chicken",Order: Please send extra dip,Flat Rs.175 off,1050.0,44.65,157.0,0.0,0.0,0.0,937.65,,,,,,27.45,23.6,Correctly,,e13e99f9d72069d093fc25fbfbe50283f6e687f2a38ba2a180e599efcafe5aea,3
20554001,Swaad,Greater Kailash 2 (GK2),Delhi NCR,6469179727,"05:38 PM, December 25 2024",Delivered,Zomato Delivery,1km,"1 x Grilled Chicken Peri Peri Tender, 1 x Grilled Chicken Smoky BBQ Tangdi, 1 x Peri Peri Crisper Fries",,50% off upto Rs.100,974.0,36.45,90.0,155.0,0.0,0.0,765.45,,,,,,17.62,1.2,Correctly,,50569695e3aaca4181314ce31b62d403372d92fccc5f94b8b07f41d384597677,3
20554001,Swaad,Greater Kailash 2 (GK2),Delhi NCR,6465585833,"07:01 PM, December 24 2024",Delivered,Zomato Delivery,1km,"1 x Salted Fries, 1 x AAC Grilled Chicken Burger, 1 x Mayonnaise",,50% off upto Rs.100,594.0,25.2,90.0,0.0,0.0,0.0,529.2,5.0,,,,,20.6,7.1,Correctly,,da776ea9275a5d60e3918e233158cf896607ebe857cf402bb51c32a759db9fa1,3
20554001,Swaad,Greater Kailash 2 (GK2),Delhi NCR,6440265469,"10:08 PM, December 23 2024",Delivered,Zomato Delivery,1km,"1 x AAC Saucy Fries, 2 x Animal Fries",,Flat Rs.175 off,1045.0,44.4,157.0,0.0,0.0,0.0,932.4,,,,,,15.97,0.3,Correctly,,8ae625ee975940deaa664aa1d1744e162577ded11db5b7853b46a7289f565868,3
20554001,Swaad,Greater Kailash 2 (GK2),Delhi NCR,6461575815,"08:03 PM, December 23 2024",Delivered,Zomato Delivery,3km,3 x Bone in Jamaican Grilled Chicken,,Flat 20% off,1260.0,51.66,226.8,0.0,0.0,0.0,1084.86,,,,,,20.02,3.9,Correctly,,1167faca2f6e1cf8ce595d7433e161cc8ff598b0e254d5d9d59bb6ba9cb7b094,3
20554001,Swaad,Greater Kailash 2 (GK2),Delhi NCR,6461416194,"02:05 AM, December 23 2024",Delivered,Zomato Delivery,6km,"1 x Bone in Jamaican Grilled Chicken, 1 x Herbed Potato, 1 x Bone in Angara Grilled Chicken",,Flat 20% off,1348.0,55.27,242.64,0.0,0.0,0.0,1160.63,,,,,,24.13,13.7,Correctly,,c8ca3f7a688a6044d031f92b9a82a0e56ebbab591c2ed5a2e222b0fb2db189de,3
20554001,Swaad,Greater Kailash 2 (GK2),Delhi NCR,6460471632,"06:11 PM, December 22 2024",Delivered,Zomato Delivery,7km,"2 x Grilled Chicken Peri Peri Tangdi, 1 x AAC Grilled Paneer Burger",,Flat 15% off,1324.0,57.26,178.74,0.0,0.0,0.0,1202.52,,,,,,21.07,7.3,Correctly,,956a115b0c0ef2aea2223da1dc1110954b75fe6b20651f3868f51bcd16994cc1,3
20554001,Swaad,Greater Kailash 2 (GK2),Delhi NCR,6457096383,"07:59 PM, December 21 2024",Delivered,Zomato Delivery,1km,"1 x Peri Peri Crisper Fries, 1 x Bone in Jamaican Grilled Chicken, 1 x Bone in Jamaican Grilled Chicken",,Flat 20% off,1829.0,74.99,329.22,0.0,0.0,0.0,1574.77,,,,,,23.83,0.4,Correctly,,752f0a180b45a07682332cbc3e94bb12e653b897aad7c47a1edbbad525783bd3,3
20554001,Swaad,Greater Kailash 2 (GK2),Delhi NCR,6449738042,"06:09 PM, December 21 2024",Delivered,Zomato Delivery,1km,"1 x Fried Chicken Angara Tender, 1 x AAC Grilled Chicken Burger, 1 x Animal Fries",,Flat 15% off,1175.0,50.82,158.63,0.0,0.0,0.0,1067.19,,,,,,19.97,1.2,Correctly,,da776ea9275a5d60e3918e233158cf896607ebe857cf402bb51c32a759db9fa1,3
20554001,Swaad,Greater Kailash 2 (GK2),Delhi NCR,6452239657,"06:00 PM, December 21 2024",Delivered,Zomato Delivery,1km,"2 x Fried Chicken Beast AAC Burger, 1 x Bone in Kabuli Grilled Chicken",,,1060.0,26.5,0.0,530.0,0.0,0.0,556.5,,,,,,20.42,3.9,Correctly,,680cfc4fac911cc0084efa113b3087136e3afc57596ef0bffdbbc339fc84743c,3
20554001,Swaad,Greater Kailash 2 (GK2),Delhi NCR,6456221405,"05:40 PM, December 21 2024",Delivered,Zomato Delivery,2km,"1 x Grilled Chicken Peri Peri Tender, 1 x Grilled Chicken Angara Tender, 1 x Bone in Smoky Bbq Grilled Chicken",,50% off upto Rs.100,930.0,34.25,90.0,155.0,0.0,0.0,719.25,,,,,,17.22,5.0,Correctly,,8c80639993d2f5109732654833dd1b6b3208737c5d4a7e6826aec61c9d2e24b3,3
20554001,Swaad,Greater Kailash 2 (GK2),Delhi NCR,6455301856,"01:40 PM, December 21 2024",Delivered,Zomato Delivery,4km,"1 x Angara Grilled Paneer (8 pcs), 1 x Bone in Angara Grilled Chicken, 1 x Bone in Jamaican Grilled Chicken",,Flat 20% off,1250.0,51.25,225.0,0.0,0.0,0.0,1076.25,,,,,,30.38,0.9,Correctly,,a5d179f8a8ec40f20d401b6d605820265c1e23021ddb56072431173b1e6c9adb,3
20635699,Aura Pizzas,Greater Kailash 2 (GK2),Delhi NCR,6482005761,"08:38 PM, December 31 2024",Delivered,Zomato Delivery,3km,"1 x Cheesy Garlic Bread, 1 x Just Pepperoni Pizza, 1 x Peri Peri Grilled Chicken Pizza",,,1507.0,75.35,0.0,0.0,0.0,0.0,1582.35,,,,,,68.92,39.7,Correctly,,d34a7ee22b67aa6fc00176e2deb4b7f1ce61dd2b741209219cea49d6a43fb76b,3
20635699,Aura Pizzas,Greater Kailash 2 (GK2),Delhi NCR,6486435335,"08:28 PM, December 31 2024",Delivered,Zomato Delivery,2km,"1 x Bageecha Pizza, 1 x All About Chicken Pizza, 1 x Herbed Potato",,Flat Rs.300 off,1866.0,79.8,270.0,0.0,0.0,0.0,1675.8,,,,,,30.4,5.2,Incorrectly,,e5d196469db651efcdfc744d2ccccc6fba7ef52843ada0230cfebfa22ab0f28c,3
20635699,Aura Pizzas,Greater Kailash 2 (GK2),Delhi NCR,6475716892,"08:18 PM, December 31 2024",Delivered,Zomato Delivery,3km,"1 x Margherita Pizza, 2 x Jamaican Chicken Melt",,Flat Rs.300 off,1777.0,75.35,270.0,0.0,0.0,0.0,1582.35,,,,,,28.05,4.3,Correctly,,9cd23dcbb7bfa82e66a4687a8293bbbe48815b2e1f3c126c654c7d3046eee478,3
20635699,Aura Pizzas,Greater Kailash 2 (GK2),Delhi NCR,6486630458,"08:02 PM, December 31 2024",Delivered,Zomato Delivery,1km,"1 x Mushroom Mozzarella Melt, 1 x Cheesy Garlic Bread, 1 x Bageecha Pizza",,Flat Rs.300 off,1287.0,49.35,300.0,0.0,0.0,0.0,1036.35,4.0,,,,,16.9,0.5,Correctly,,20d032cb1149c9e25c5640b3d7635983dd54642f2dc57a4e0738c856fda86000,3
20635699,Aura Pizzas,Greater Kailash 2 (GK2),Delhi NCR,6482607230,"08:01 PM, December 31 2024",Delivered,Zomato Delivery,6km,"1 x Chicken Pepperoni Pizza, 1 x Onion Rings, 1 x Bellpepper Onion Pizza",,Flat Rs.300 off,1407.0,49.82,300.0,0.0,0.0,110.7,1046.12,,,,,,30.47,15.6,Correctly,,462826afaecda58abb8c66772bc4a287ea42c76ad48f180dc6565c2e2e3571a2,3
20635699,Aura Pizzas,Greater Kailash 2 (GK2),Delhi NCR,6477322170,"06:57 PM, December 31 2024",Delivered,Zomato Delivery,15km,"1 x Masala Potato Pide, 1 x Mushroom Pizza, 1 x Herbed Potato",,Flat Rs.300 off,1056.0,37.8,300.0,0.0,0.0,0.0,793.8,,,,,,20.88,6.0,Correctly,,d1b589c9bb245e757b0709c117c71321331eee111e23e10d95c15a0a881c2e0e,3
20635699,Aura Pizzas,Greater Kailash 2 (GK2),Delhi NCR,6477721707,"04:27 PM, December 31 2024",Delivered,Zomato Delivery,5km,"1 x Herbed Potato, 1 x Cheesy Garlic Bread, 1 x Makhani Paneer Pizza",,Flat Rs.300 off,1136.0,37.62,300.0,0.0,0.0,83.6,790.02,,,,,,25.63,14.8,Correctly,,6afcfe0a5df37b1d4ebdcdeb1dbac8a3e67a1a6426e2b32f9f7f58d59d891017,3
20635699,Aura Pizzas,Greater Kailash 2 (GK2),Delhi NCR,6476575108,"12:41 PM, December 31 2024",Delivered,Zomato Delivery,8km,"1 x Mutton Seekh Pizza, 1 x Herbed Potato, 1 x All About Chicken Pizza",,Flat 15% off,1906.0,63.33,115.97,523.5,0.0,0.0,1329.86,,,,,,19.98,0.8,Correctly,,804a293c9836e35e9287caa74ec3ac70566ad5689d569bb940fce75b3b7b2624,3
20635699,Aura Pizzas,Greater Kailash 2 (GK2),Delhi NCR,6479535734,"09:10 PM, December 30 2024",Delivered,Zomato Delivery,5km,"1 x All About Chicken Pizza, 1 x Bageecha Pizza, 1 x Loaded Chicken Pepperoni Pizza",,,2407.0,120.35,0.0,0.0,0.0,0.0,2527.35,,,,,,19.5,0.5,Correctly,,356788cbfe5ead28b194aa895b788becb950c7ee5d7c80873d4daaec8edaa890,3
20635699,Aura Pizzas,Greater Kailash 2 (GK2),Delhi NCR,6479717773,"07:23 PM, December 30 2024",Delivered,Zomato Delivery,7km,"1 x Cheesy Garlic Bread, 1 x Bageecha Pizza, 1 x Makhani Paneer Pizza",,Flat 15% off,1417.0,61.29,191.3,0.0,0.0,0.0,1286.99,,,,,,19.8,0.6,Correctly,,bda70149231210d63bc41f6d91fc1c79062aebfb7c216ea7f1b234a1c6f5d459,3
20635699,Aura Pizzas,Greater Kailash 2 (GK2),Delhi NCR,6476757339,"06:37 PM, December 30 2024",Delivered,Zomato Delivery,1km,"1 x All About Chicken Pizza, 1 x Peanut Butter Chocolate Pide, 1 x Murgh Amritsari Garlic Bread",,Flat Rs.200 off,1247.0,54.45,158.0,0.0,0.0,0.0,1143.45,,,,,,20.27,2.2,Correctly,,e48cf7591d07b24f15e3132464846c5aeca7969c304501a5fd0dff4190edf4b7,3
20635699,Aura Pizzas,Greater Kailash 2 (GK2),Delhi NCR,6474591109,"07:40 PM, December 29 2024",Delivered,Zomato Delivery,1km,"1 x Mushroom Pizza, 1 x Spinach Sumac Pide, 1 x OG Cheese Pide",Order: No bell pepper on the pizza,,1287.0,64.35,0.0,0.0,0.0,0.0,1351.35,,,,,,17.3,0.7,Correctly,,ffa4fcee14b0e1d189b41f739963ea2ea74e56bc217cdd0532b7280e843cbab0,3
20635699,Aura Pizzas,Greater Kailash 2 (GK2),Delhi NCR,6469709682,"12:53 PM, December 29 2024",Delivered,Zomato Delivery,1km,"1 x Desi Chicken Pepperoni Pizza, 1 x Indian Masala Cripser Fries, 1 x Murgh Amritsari Seekh Pizza",,Flat 15% off,1827.0,79.02,246.65,0.0,0.0,0.0,1659.37,,,,,,18.38,5.9,Correctly,,080a6ab22ef2987bc62af382df802f9775dad25a34898a98d7ecb91cd904a0ab,3
20635699,Aura Pizzas,Greater Kailash 2 (GK2),Delhi NCR,6478696272,"10:13 PM, December 28 2024",Delivered,Zomato Delivery,9km,"1 x Just Pepperoni Pide, 1 x Murgh Amritsari Seekh Pizza, 1 x Mutton Seekh Pizza",,Flat Rs.300 off,1707.0,71.85,270.0,0.0,0.0,0.0,1508.85,,,,,,24.73,9.3,Correctly,,27d274c452a05eea02818982f97d186b71b2ab5effa1cb64cea1a764c0a86d4e,3
20635699,Aura Pizzas,Greater Kailash 2 (GK2),Delhi NCR,6477873754,"08:17 PM, December 28 2024",Delivered,Zomato Delivery,5km,"1 x Chilli Cheese Garlic Bread, 1 x Makhani Paneer Pizza, 1 x Crushed Papad",,Flat 15% off,898.0,38.84,121.23,0.0,0.0,0.0,815.61,,,,,,19.83,0.5,Correctly,,68baadbb193f9f9de7bdc52551e4a4358294f93dfc9583e5dced1faa6fed6b6e,3
20635699,Aura Pizzas,Greater Kailash 2 (GK2),Delhi NCR,6477845824,"07:13 PM, December 28 2024",Delivered,Zomato Delivery,3km,"1 x Bageecha Pizza, 1 x Angara Paneer Melt, 1 x Chilli Cheese Garlic Bread",,Flat 15% off,1307.0,56.53,176.45,0.0,0.0,0.0,1187.08,,,,,,17.47,21.0,Incorrectly,,8ac2928946afe39af602e7b9c5ba5c1a54ba34797e232214cfb832e39e500c29,3
20635699,Aura Pizzas,Greater Kailash 2 (GK2),Delhi NCR,6468230746,"02:53 PM, December 28 2024",Delivered,Zomato Delivery,5km,"1 x Peri Peri Chicken Melt, 2 x Mutton Seekh Pizza",,,1906.0,47.65,0.0,953.0,0.0,0.0,1000.65,,,,,,20.33,8.3,Correctly,,57cfe9846402690c899fa2c6a69e021d1050195ec8ce0f8351294a55ff5e4d46,3
20635699,Aura Pizzas,Greater Kailash 2 (GK2),Delhi NCR,6465945341,"08:09 PM, December 27 2024",Delivered,Zomato Delivery,2km,"1 x Peri Peri Paneer Pizza, 1 x Masala Paneer Pide, 1 x Murgh Amritsari Seekh Pizza",,Flat Rs.300 off,1527.0,62.85,270.0,0.0,0.0,0.0,1319.85,,,,,,20.93,0.5,Correctly,,62336ca5b2283e19c174b5b762dc3ac25dbcb42860e41388cfb3b4f277590341,3
20635699,Aura Pizzas,Greater Kailash 2 (GK2),Delhi NCR,6464714609,"11:52 PM, December 25 2024",Delivered,Zomato Delivery,2km,"1 x Chilli Cheese Garlic Bread, 1 x Bageecha Pizza, 1 x Indian Salsa",,Flat Rs.200 off,918.0,35.9,200.0,0.0,0.0,0.0,753.9,,,,,,16.15,12.4,Correctly,Non-refunded complaint,e40f6edba4673cb55046954dc6f3352e8faaf5df486b1917008da195befc2441,3
20635699,Aura Pizzas,Greater Kailash 2 (GK2),Delhi NCR,6470399539,"08:01 PM, December 25 2024",Delivered,Zomato Delivery,1km,"1 x Mutton Seekh Pizza, 1 x Chicken Pepperoni Pizza, 1 x Murgh Amritsari Seekh Pizza",,Flat Rs.300 off,1907.0,81.85,270.0,0.0,0.0,0.0,1718.85,,,,,,18.38,0.4,Correctly,,908a951337a2e73a20d118b96a8ae2de0b35e5fc8c89187f3ef7ced127663efd,3
20635699,Aura Pizzas,Greater Kailash 2 (GK2),Delhi NCR,6465174407,"05:35 PM, December 25 2024",Delivered,Zomato Delivery,3km,"2 x Salted Crisper Fries, 1 x Cheesy Garlic Bread",,50% off upto Rs.100,656.0,28.3,90.0,0.0,0.0,0.0,594.3,,,,,,10.35,1.2,Correctly,,b64eade2d814bda0a3b16234e44400a4a9c0c44e5d6738a42e9e3c62b3d25723,3
20635699,Aura Pizzas,Greater Kailash 2 (GK2),Delhi NCR,6459130597,"12:05 PM, December 25 2024",Delivered,Zomato Delivery,6km,"1 x Tripple Cheese Pizza, 1 x Chilli Cheese Garlic Bread, 1 x Peri Peri Crisper Fries",,,1187.0,59.35,0.0,0.0,0.0,0.0,1246.35,,,,,,18.4,7.6,Correctly,,0862a0c0e9904aeb145e6b1e22e8a0b2a9ef7eb7b239b9a307272022d3a922cc,3
20635699,Aura Pizzas,Greater Kailash 2 (GK2),Delhi NCR,6444606168,"02:57 AM, December 22 2024",Delivered,Zomato Delivery,4km,"1 x OG Cheese Pide, 1 x Murgh Amritsari Seekh Melt, 1 x Mutton Seekh Pide",,Flat 15% off,1227.0,53.07,165.65,0.0,0.0,0.0,1114.42,,,,,,16.77,3.5,Correctly,,b4abf62773105cb663d885e1bfb2834d422fe5a08b715560236974d26f8a57e4,3
20635699,Aura Pizzas,Greater Kailash 2 (GK2),Delhi NCR,6456470093,"01:35 AM, December 22 2024",Delivered,Zomato Delivery,6km,"1 x Margherita Pizza, 1 x Peri Peri Paneer Pizza, 1 x Jamaican Chicken Melt",,Flat 15% off,1517.0,65.61,204.8,0.0,0.0,0.0,1377.81,,,,,,35.5,14.1,Correctly,,f61f1339dc5673215925fdcee71a675e675556ce68aa44330968750053f7866e,3
20635699,Aura Pizzas,Greater Kailash 2 (GK2),Delhi NCR,6457978389,"01:22 AM, December 22 2024",Delivered,Zomato Delivery,4km,"1 x Peri Peri Crisper Fries, 1 x All About Chicken Pizza, 1 x Bageecha Pizza",,Flat 15% off,1457.0,63.02,196.7,0.0,0.0,0.0,1323.32,,,,,,30.72,7.7,Correctly,,1cb08714fb077d4e0c8ba12a481ba81f9ce69cee9e15d2b03b3a152fa366b9c1,3
20635699,Aura Pizzas,Greater Kailash 2 (GK2),Delhi NCR,6457199815,"01:09 AM, December 22 2024",Delivered,Zomato Delivery,5km,"1 x Angara Paneer Melt, 1 x Peri Peri Chicken Melt, 1 x All About Chicken Pizza",,Flat Rs.300 off,1967.0,76.52,270.0,0.0,0.0,166.7,1606.82,,,,,,26.7,2.0,Correctly,,0c61e3469834053968fbdddf14e17aa39c4a2901746b56b9e5b350d4a5f9fc88,3
20635699,Aura Pizzas,Greater Kailash 2 (GK2),Delhi NCR,6458164268,"12:37 AM, December 22 2024",Delivered,Zomato Delivery,1km,"1 x Raw Masala Lemon Shikanji, 1 x Mutton Seekh Pide, 1 x Tripple Cheese Pizza",,Flat Rs.175 off,1162.24,50.26,157.0,0.0,0.0,0.0,1055.5,,,,,,14.13,0.6,Correctly,,50569695e3aaca4181314ce31b62d403372d92fccc5f94b8b07f41d384597677,3
20635699,Aura Pizzas,Greater Kailash 2 (GK2),Delhi NCR,6458831824,"10:23 PM, December 21 2024",Delivered,Zomato Delivery,4km,"1 x Margherita Pizza, 1 x Peri Peri Chicken Melt, 1 x Pepperoni Garlic Bread",,50% off upto Rs.100,1227.0,37.65,90.0,384.0,0.0,0.0,790.65,4.0,,,,,16.35,0.3,Correctly,,9e1e4f1622265033c1f19677f11dc236b073b66aad4ae1c57379f0d8aaabaca1,3
20635699,Aura Pizzas,Greater Kailash 2 (GK2),Delhi NCR,6459099004,"08:46 PM, December 21 2024",Delivered,Zomato Delivery,6km,"1 x Herbed Potato, 1 x Pepperoni Garlic Bread, 1 x Peri Peri Chicken Melt",,,916.0,22.9,0.0,458.0,0.0,0.0,480.9,3.0,,,,,27.63,1.4,Correctly,,13a937138944f917a2d551b7635b2bc49b971058b63b28a4c51a064b95ae61a2,3
20635699,Aura Pizzas,Greater Kailash 2 (GK2),Delhi NCR,6457959621,"08:27 PM, December 21 2024",Delivered,Zomato Delivery,4km,"1 x Mutton Seekh Pizza, 1 x Peri Peri Chicken Melt, 1 x Mushroom Mozzarella Melt",,,1837.0,57.15,0.0,694.0,0.0,0.0,1200.15,5.0,,,,,28.93,1.3,Correctly,,ff3f91fc0f5ff9695ec094c8114b96380a228fe9c485e902e82bc45457d0ab68,3
20635699,Aura Pizzas,Greater Kailash 2 (GK2),Delhi NCR,6455977702,"08:20 PM, December 21 2024",Delivered,Zomato Delivery,1km,"1 x Mutton Seekh Pizza, 1 x Herbed Potato, 1 x All About Chicken Pizza",,50% off upto Rs.100,1486.0,49.13,90.0,413.5,0.0,0.0,1031.63,,,,,,30.92,11.2,Correctly,,12d9405a8d15846b66d3a32492572963c8f235da5adaf226752024613b2d4bc5,3
20635699,Aura Pizzas,Greater Kailash 2 (GK2),Delhi NCR,6451356940,"07:55 PM, December 21 2024",Delivered,Zomato Delivery,2km,"1 x Chilli Cheese Garlic Bread, 1 x Mutton Seekh Pizza, 1 x Masala Paneer Pide",,50% off upto Rs.100,1477.0,46.88,90.0,449.5,0.0,0.0,984.38,,,,,,19.45,4.3,Correctly,Poor packaging or spillage,f0e482cc8a772a36ec39b39edc7acd8d20913b24c85c2e1d145b8c1fbd7ff1da,3
20635699,Aura Pizzas,Greater Kailash 2 (GK2),Delhi NCR,6457178276,"06:36 PM, December 21 2024",Delivered,Zomato Delivery,3km,"1 x Cheesy Garlic Bread, 2 x Salted Crisper Fries",,50% off upto Rs.100,656.0,25.52,90.0,0.0,0.0,55.6,535.92,,,,,,12.73,3.7,Correctly,,b64eade2d814bda0a3b16234e44400a4a9c0c44e5d6738a42e9e3c62b3d25723,3
20635699,Aura Pizzas,Greater Kailash 2 (GK2),Delhi NCR,6452901335,"04:18 PM, December 21 2024",Delivered,Zomato Delivery,7km,"1 x Masala Potato Pide, 1 x Peri Peri Chicken Melt, 1 x Pepperoni Garlic Bread",,,1067.0,26.68,0.0,533.5,0.0,0.0,560.18,4.0,,,,,16.57,1.4,Correctly,,1fe5d1b3d7894660fca3621859e94c2fa99a173caee5bb929a564b74b1b6055f,3
20635699,Aura Pizzas,Greater Kailash 2 (GK2),Delhi NCR,6456431125,"11:05 AM, December 21 2024",Delivered,Zomato Delivery,1km,3 x Margherita Pizza,,Flat Rs.300 off,1947.0,83.85,270.0,0.0,0.0,0.0,1760.85,,,,,,16.63,0.4,Correctly,,c3ca8ba69c862fa29bf654fd6eda381489e8285960a7a136807d33d94e21d564,3
20659868,Aura Pizzas,Sector 4,Delhi NCR,6487556992,"11:33 PM, December 31 2024",Delivered,Zomato Delivery,7km,"1 x Murgh Amritsari Seekh Pizza, 1 x All About Chicken Pizza, 1 x Bageecha Pizza",,Flat 15% off,2467.0,106.7,333.05,0.0,0.0,0.0,2240.65,,,,,,34.65,16.7,Correctly,,a482879f6344e586167426532c271df84ac5ce38c5105bf1af462b106b20f795,3
20659868,Aura Pizzas,Sector 4,Delhi NCR,6487377199,"10:01 PM, December 31 2024",Delivered,Zomato Delivery,2km,"1 x Harissa Mayo, 1 x Cafreal Sauce, 1 x All About Chicken Pizza","Order: cheese acche se daalna please, and crust pe thodi marinara sauce if possible, new year ke liye, thxx",Flat 15% off,858.0,37.11,115.83,0.0,0.0,0.0,779.28,,,,,,14.07,0.8,Correctly,,9369cb6d2f92675aca58db895f72ae2410ee96c8cd1034e872c2e8bbbe03c5b5,3
20659868,Aura Pizzas,Sector 4,Delhi NCR,6475307911,"09:49 PM, December 31 2024",Delivered,Zomato Delivery,3km,"1 x Bageecha Pizza, 1 x Herbed Potato, 1 x Cheesy Garlic Bread",,Flat Rs.300 off,1045.0,37.25,300.0,0.0,0.0,0.0,782.25,,,,,,21.42,4.3,Correctly,,90e37f852a68e24118a535c2325a6f13c257e51fbf8116b4532bc33897d08b90,3
20659868,Aura Pizzas,Sector 4,Delhi NCR,6486555448,"09:11 PM, December 31 2024",Delivered,Zomato Delivery,11km,"1 x Peri Peri Paneer Pizza, 1 x Bageecha Pizza, 1 x Angara Paneer Melt",,Flat Rs.300 off,1686.0,70.8,270.0,0.0,0.0,0.0,1486.8,,,,,,28.72,1.4,Correctly,,76f2b48c13030e1de4b51d5ddad9ed19476335d1d6b29f7496546a0c95bc401b,3
20659868,Aura Pizzas,Sector 4,Delhi NCR,6482756242,"08:57 PM, December 31 2024",Delivered,Zomato Delivery,2km,"1 x Makhani Paneer Pizza, 1 x Peri Peri Fries, 1 x Indian Salsa",,Flat Rs.300 off,1067.0,38.35,300.0,0.0,0.0,0.0,805.35,,,,,,34.5,5.7,Correctly,,9369cb6d2f92675aca58db895f72ae2410ee96c8cd1034e872c2e8bbbe03c5b5,3
20659868,Aura Pizzas,Sector 4,Delhi NCR,6481115073,"08:21 PM, December 31 2024",Delivered,Zomato Delivery,2km,"1 x Angara Paneer Melt, 1 x Salted Fries, 1 x Cheesy Garlic Bread",,Flat 15% off,866.0,37.46,116.91,0.0,0.0,0.0,786.55,,,,,,,13.4,Missed,,19b8ded23aecba20d60be61e7205ab95baf70541f39b6f03baf5b9dbafbb826c,3
20659868,Aura Pizzas,Sector 4,Delhi NCR,6467130941,"08:11 PM, December 31 2024",Delivered,Zomato Delivery,2km,"1 x Margherita Pizza, 1 x Peri Peri Paneer Pizza, 1 x Chilli Cheese Garlic Bread",,Flat Rs.300 off,1297.0,49.85,300.0,0.0,0.0,0.0,1046.85,,,,,,34.42,15.5,Correctly,,2810a75f406f40e777e131513d5622ad8b683abe4bcfea22264a04677748cbb6,3
20659868,Aura Pizzas,Sector 4,Delhi NCR,6485183179,"07:49 PM, December 31 2024",Delivered,Zomato Delivery,3km,"1 x Indian Masala Fries, 1 x Mushroom Mozzarella Melt, 1 x Malai Gud Pide",,,985.0,49.25,0.0,0.0,0.0,0.0,1034.25,,,,,,45.62,19.2,Correctly,,6ef6c7882dd83792b97ef12882b4ff9b2921193613b99bdf94860aa18ba942f7,3
20659868,Aura Pizzas,Sector 4,Delhi NCR,6483870161,"07:42 PM, December 31 2024",Delivered,Zomato Delivery,3km,"1 x Chilli Cheese Garlic Bread, 1 x Makhani Paneer Pizza, 1 x Bageecha Pizza",,Flat Rs.300 off,1637.0,68.35,270.0,0.0,0.0,0.0,1435.35,5.0,,,,,31.2,3.8,Correctly,,33b3c14c8d551ad6e36b6888e081d011cfc20cb8d2e76fe4c5d30b4c451bdd44,3
20659868,Aura Pizzas,Sector 4,Delhi NCR,6481513006,"07:13 PM, December 31 2024",Delivered,Zomato Delivery,5km,"1 x Bageecha Pizza, 1 x Spinach Sumac Pide, 1 x Mushroom Mozzarella Melt",,Flat Rs.300 off,1437.0,56.85,300.0,0.0,0.0,0.0,1193.85,,,,,,24.53,18.4,Correctly,,d9456d61f66dc3da45c4bf847c0e4a5270d60ec43fe52c91255205e8fc79f97e,3
20659868,Aura Pizzas,Sector 4,Delhi NCR,6475305120,"06:47 PM, December 31 2024",Delivered,Zomato Delivery,3km,"1 x Just Pepperoni Pizza, 1 x Cheesy Garlic Bread, 1 x All About Chicken Pizza",,Flat Rs.300 off,1547.0,63.85,270.0,0.0,0.0,0.0,1340.85,,,,,,32.68,13.6,Correctly,,24831eb5633df5ea379b518c1dc22ec87e2d256dec0d73c2a77c99baf4eebc0c,3
20659868,Aura Pizzas,Sector 4,Delhi NCR,6481540805,"06:43 PM, December 31 2024",Delivered,Zomato Delivery,3km,"1 x Peri Peri Paneer Pizza, 1 x Murgh Amritsari Seekh Pizza, 1 x Jamaican Chicken Melt",,Flat Rs.300 off,1687.0,70.85,270.0,0.0,0.0,0.0,1487.85,5.0,,,,,23.32,7.9,Correctly,,62c821f1fe11196865ed5da92fa5ed360fb88909a30e69c7f99ad79c8300063a,3
20659868,Aura Pizzas,Sector 4,Delhi NCR,6485858526,"06:21 PM, December 31 2024",Delivered,Zomato Delivery,3km,"1 x Indian Masala Fries, 1 x Chilli Cheese Garlic Bread, 1 x All About Chicken Pizza",,Flat Rs.300 off,1116.0,40.8,300.0,0.0,0.0,0.0,856.8,,,,,,25.5,12.6,Correctly,,b451940ee1b5b7ddc7856f4f18f899768ed55bb5308234512db332746bc3e6e8,3
20659868,Aura Pizzas,Sector 4,Delhi NCR,6479445693,"02:52 PM, December 31 2024",Rejected,Zomato Delivery,2km,"1 x All About Chicken Pizza, 1 x Mutton Seekh Pizza, 1 x Pepperoni Garlic Bread",,Flat 15% off,2037.0,66.6,115.97,589.0,0.0,0.0,1398.63,,,Cancelled by Customer,,,,,Missed,,5f8932319df17c0a18c4e3a613b404b63f5c8aa7d7c271730cd70e4ffd17873f,3
20659868,Aura Pizzas,Sector 4,Delhi NCR,6472178737,"02:20 PM, December 31 2024",Delivered,Zomato Delivery,3km,"1 x Fried Chicken Tenders, 1 x Pepperoni Garlic Bread, 1 x Loaded Korean Grilled Chicken Pizza",,Flat Rs.300 off,1323.0,44.18,300.0,139.5,0.0,0.0,927.68,,,,,,26.63,18.6,Correctly,,a5e0ab508fdb62b3c8d1c061fcf89e4d07921abe7b4cc4f04d730c1445d9b0ac,3
20659868,Aura Pizzas,Sector 4,Delhi NCR,6474878331,"02:18 PM, December 31 2024",Delivered,Zomato Delivery,6km,"1 x Herbed Potato, 1 x Chilli Cheese Garlic Bread, 1 x Masala Potato Pide",,50% off upto Rs.100,706.0,19.63,90.0,223.5,0.0,0.0,412.13,,,,,,22.0,6.4,Correctly,,006a90bbae38e8543ed8c5209e89d65f9c38b1df07511ed5eba41df9d0ba7f7a,3
20659868,Aura Pizzas,Sector 4,Delhi NCR,6484330005,"02:12 AM, December 31 2024",Delivered,Zomato Delivery,6km,"1 x Raw Masala Lemon Shikanji, 1 x Indian Masala Fries, 1 x All About Chicken Pizza",,,952.24,47.61,0.0,0.0,0.0,0.0,999.85,,,,,,16.0,1.0,Correctly,,edd5330fa00623d6420a4275e29e545545d9836ebea191eecef51e3673180b94,3
20659868,Aura Pizzas,Sector 4,Delhi NCR,6477612071,"10:39 PM, December 30 2024",Delivered,Zomato Delivery,2km,"1 x Chilli Cheese Garlic Bread, 1 x Bellpepper Onion Pizza, 1 x Murgh Amritsari Seekh Pide",,Flat 15% off,1246.0,53.89,168.21,0.0,0.0,0.0,1131.68,,,,,,19.9,8.8,Correctly,,7f3f31d8ba38d404c8ad86bc30cedaf718e9910f963770af63469f52f74c7c21,3
20659868,Aura Pizzas,Sector 4,Delhi NCR,6482279158,"10:14 PM, December 30 2024",Delivered,Zomato Delivery,5km,"1 x Tripple Cheese Pizza, 1 x Garlic Aioli, 1 x Chilli Cheese Garlic Bread",,Flat 15% off,868.0,37.54,117.18,0.0,0.0,0.0,788.36,,,,,,15.55,10.6,Correctly,,d56c78b1c48446d3f94498feb9bc39948e4631afe59a407968c1f5d13d78a647,3
20659868,Aura Pizzas,Sector 4,Delhi NCR,6480017586,"01:52 AM, December 30 2024",Delivered,Zomato Delivery,7km,"1 x Murgh Amritsari Seekh Pizza, 1 x Tipsy Tiger Fresh Lime Soda, 1 x Tipsy Tiger Ginger Ale",,,867.1,43.36,0.0,0.0,0.0,0.0,910.46,,,,,,13.25,5.7,Correctly,,5a274d7c015306a3a749326e89e2046dde4de2e1bd2368201ee59e6f111c7d2e,3
20659868,Aura Pizzas,Sector 4,Delhi NCR,6477799997,"10:13 PM, December 28 2024",Delivered,Zomato Delivery,10km,"1 x Makhani Paneer Pizza, 1 x Indian Masala Fries, 1 x OG Cheese Pide",,Flat Rs.200 off,1205.0,52.35,158.0,0.0,0.0,0.0,1099.35,,,,,,13.68,1.8,Correctly,,49bfbe7911de184bd12186285641590fb656211f5539a834e6d84e3564400480,3
20659868,Aura Pizzas,Sector 4,Delhi NCR,6468841063,"12:53 PM, December 27 2024",Delivered,Zomato Delivery,3km,"1 x Mutton Seekh Pizza, 1 x Bageecha Pizza, 1 x Chilli Cheese Garlic Bread",,,1757.0,65.38,0.0,449.5,0.0,0.0,1372.88,1.0,"Very dry, cheese got hard.",,,,16.92,1.4,Correctly,,8c9e8b7a46dff32d379b5a0c87fbb83b95807a2cfad522af783cfb954e27b0fe,3
20659868,Aura Pizzas,Sector 4,Delhi NCR,6465792530,"10:31 PM, December 25 2024",Delivered,Zomato Delivery,6km,"1 x Just Pepperoni Pizza, 1 x Bellpepper Onion Pizza, 1 x Pepperoni Garlic Bread",,Flat Rs.300 off,1507.0,61.85,270.0,0.0,0.0,0.0,1298.85,,,,,,11.77,4.3,Correctly,,59d6ce93099e85ac29aa5dc14293e4a976b6a3517429368c1f20b20964a3ae92,3
20659868,Aura Pizzas,Sector 4,Delhi NCR,6468959491,"09:44 PM, December 25 2024",Delivered,Zomato Delivery,5km,"1 x Cheesy Garlic Bread, 1 x Margherita Pizza, 1 x Peri Peri Crisper Fries",,Flat 15% off,897.0,38.8,121.1,0.0,0.0,0.0,814.7,,,,,,26.1,22.5,Correctly,,ec558bf64f86cb3810a00f82fb861692dac188b922e049c2105a48ec5586a732,3
20659868,Aura Pizzas,Sector 4,Delhi NCR,6466414925,"07:30 PM, December 25 2024",Delivered,Zomato Delivery,2km,"1 x Angara Paneer Melt, 1 x Makhani Paneer Pizza, 1 x Chilli Cheese Garlic Bread",,Flat Rs.200 off,1287.0,54.35,200.0,0.0,0.0,0.0,1141.35,,,,,,18.28,3.0,Correctly,,647c97a50f4758778008ca6cd398fa7631ca6052c8bbc79e8cf4ffd71f8c6134,3
20659868,Aura Pizzas,Sector 4,Delhi NCR,6462951463,"02:41 PM, December 25 2024",Delivered,Zomato Delivery,3km,"1 x Peri Peri Paneer Pizza, 2 x Tipsy Tiger Ginger Ale",Order: Please put a lot of toppings,,984.1,44.29,0.0,0.0,0.0,98.41,929.98,3.0,Paneer was not peri and was very hard,,,,26.27,14.2,Correctly,,5ffc12c9b281b17418d4b6a615ab515bab6d3ebfe9989385d67767cc88c33357,3
20659868,Aura Pizzas,Sector 4,Delhi NCR,6461502759,"03:38 AM, December 25 2024",Delivered,Zomato Delivery,3km,"1 x Cheesy Garlic Bread, 1 x Mushroom Mozzarella Melt, 1 x Bageecha Pizza",,Flat 15% off,1366.0,59.08,184.41,0.0,0.0,0.0,1240.67,,,,,,18.55,14.8,Correctly,,04f397517cf771435d483f57446b292b2139521068e59dfbbf1fb9c2ee1adc69,3
20659868,Aura Pizzas,Sector 4,Delhi NCR,6468015816,"11:30 PM, December 24 2024",Delivered,Zomato Delivery,9km,"1 x Margherita Pizza, 1 x Indian Masala Fries, 1 x Peri Peri Grilled Chicken Pizza",,,1466.0,73.3,0.0,0.0,0.0,0.0,1539.3,,,,,,20.93,5.0,Correctly,,75189a2ab8c759f97ee90e6aff4151c867f9d5399c75bffa2a8272da865a9fc0,3
20659868,Aura Pizzas,Sector 4,Delhi NCR,6465587212,"03:36 PM, December 24 2024",Delivered,Zomato Delivery,13km,"1 x Indian Masala Fries, 1 x Makhani Paneer Pizza, 1 x Masala Paneer Pide",,Flat Rs.200 off,1096.0,44.8,200.0,0.0,0.0,0.0,940.8,,,,,,20.22,6.5,Correctly,,3051bea6457b7c8e34997d9e5ff3e3ac55af9084bedcbf6f9049d4eba8592fd2,3
20659868,Aura Pizzas,Sector 4,Delhi NCR,6460499926,"09:13 PM, December 23 2024",Delivered,Zomato Delivery,6km,"1 x Mutton Seekh Pide, 1 x Spinach Sumac Pide, 1 x Bacon Pepperoni Melt",,Flat 15% off,1327.0,57.39,179.15,0.0,0.0,0.0,1205.24,,,,,,19.02,4.1,Correctly,,acbe9b71428554c20e238384385054600391e3d740f2e76bd134370e22515030,3
20659868,Aura Pizzas,Sector 4,Delhi NCR,6455594242,"08:46 PM, December 23 2024",Delivered,Zomato Delivery,7km,"1 x Peri Peri Paneer Pizza, 1 x Mushroom Pizza, 1 x Chilli Cheese Garlic Bread",,Flat Rs.300 off,1942.0,83.6,270.0,0.0,0.0,0.0,1755.6,5.0,Nice and tasty,,,,19.5,7.6,Incorrectly,,231f6a1381619a8751551689d1128c34344e9db94385fb58755f30b0ab50a4a4,3
20659868,Aura Pizzas,Sector 4,Delhi NCR,6461061600,"01:55 PM, December 23 2024",Delivered,Zomato Delivery,5km,"1 x Mutton Seekh Pizza, 2 x Peri Peri Chicken Melt",,,1877.0,46.93,0.0,938.5,0.0,0.0,985.43,,,,,,19.62,1.2,Correctly,,44d041576e21b7405fe4186f2a6dfc4f931fc01eccb50b34c2580f9e224571bd,3
20659868,Aura Pizzas,Sector 4,Delhi NCR,6456597276,"12:03 PM, December 23 2024",Delivered,Zomato Delivery,4km,"1 x Tipsy Tiger Fresh Lime Soda, 1 x Makhani Paneer Pizza, 1 x Chilli Cheese Garlic Bread",,Flat Rs.175 off,1127.05,48.5,157.0,0.0,0.0,0.0,1018.55,,,,,,14.3,2.7,Correctly,,13c81154dd440214e80aa377bc6db2c76f1ca5350116875babcc69d1ab2f8aad,3
20659868,Aura Pizzas,Sector 4,Delhi NCR,6462551436,"10:43 PM, December 22 2024",Delivered,Zomato Delivery,13km,"2 x Mutton Seekh Pide, 1 x Margherita Pizza",,Flat 15% off,1257.0,54.37,169.7,0.0,0.0,0.0,1141.67,,,,,,18.58,1.5,Correctly,,de27e99454b55d306870195c23c001c62f96d98f446b1925e318363a5616d466,3
20659868,Aura Pizzas,Sector 4,Delhi NCR,6460440277,"09:04 PM, December 22 2024",Delivered,Zomato Delivery,4km,"1 x Spinach Sumac Pide, 1 x Loaded Korean Grilled Chicken Pizza, 1 x Bageecha Pizza",,Flat Rs.300 off,1787.0,75.85,270.0,0.0,0.0,0.0,1592.85,,,,,,31.43,13.3,Incorrectly,,8a1ea68f2ec51bef29d4556c4be3698130610adf2152b2f64b6a4d2df6386872,3
20659868,Aura Pizzas,Sector 4,Delhi NCR,6451750204,"02:45 PM, December 22 2024",Delivered,Zomato Delivery,7km,"1 x Chilli Cheese Garlic Bread, 2 x Bageecha Pizza",,,1457.0,42.9,0.0,599.0,0.0,0.0,900.9,,,,,,12.93,4.0,Correctly,,5eb5f3697226d7199ddc17127a5098a0dc090bf4c3e78f66e9fde8743380f187,3
20659868,Aura Pizzas,Sector 4,Delhi NCR,6456916879,"11:35 AM, December 22 2024",Delivered,Zomato Delivery,10km,"1 x Peri Peri Paneer Pizza, 1 x Chilli Cheese Garlic Bread, 1 x Murgh Amritsari Garlic Bread",,,1186.0,59.3,0.0,0.0,0.0,0.0,1245.3,,,,,,15.45,7.7,Incorrectly,,a8afc60e6a407ba4fd2529097e8302a6a17cada2b1f3945a916857e4dc79c767,3
20659868,Aura Pizzas,Sector 4,Delhi NCR,6453004117,"10:12 PM, December 21 2024",Delivered,Zomato Delivery,8km,"1 x Bageecha Pizza, 1 x Margherita Pizza, 1 x Chilli Cheese Garlic Bread",,Flat 15% off,1317.0,56.96,177.8,0.0,0.0,0.0,1196.16,,,,,,17.03,1.0,Correctly,,b308c2bbff799bc618a4294b22697b533bfe0ac5b5fbfebb38fff52e448e5e25,3
20659868,Aura Pizzas,Sector 4,Delhi NCR,6457572256,"06:35 PM, December 21 2024",Delivered,Zomato Delivery,2km,3 x Grilled Chicken Tangdi,,Flat Rs.300 off,1587.0,65.85,270.0,0.0,0.0,0.0,1382.85,,,,,,21.67,1.1,Correctly,,d407f20873501678fd8b63fd657c140c661bc5f4def84d5007ce29c1b92d4355,3
20659868,Aura Pizzas,Sector 4,Delhi NCR,6449269893,"04:58 PM, December 21 2024",Delivered,Zomato Delivery,5km,"2 x Cheesy Garlic Bread, 1 x Tripple Cheese Pizza",,Flat Rs.175 off,1027.0,43.5,157.0,0.0,0.0,0.0,913.5,,,,,,17.57,8.9,Correctly,,4cb392c8792dfea1213695710188fb05e38310d76df110fbb847bf797ddede44,3
20659868,Aura Pizzas,Sector 4,Delhi NCR,6452587039,"03:49 PM, December 21 2024",Delivered,Zomato Delivery,2km,"1 x Pepperoni Garlic Bread, 1 x Chilli Cheese Garlic Bread, 1 x Jamaican Chicken Melt",,Flat Rs.175 off,1017.0,43.0,157.0,0.0,0.0,0.0,903.0,,,,,,18.43,11.0,Correctly,,bbf1240094af7f4efaefe3d498df5105513614bc6c450d94ae1c275af98b69b7,3
20659868,Aura Pizzas,Sector 4,Delhi NCR,6456830408,"01:44 AM, December 21 2024",Delivered,Zomato Delivery,1km,"1 x Bageecha Pizza, 2 x Indian Masala Cripser Fries",,,1197.0,59.85,0.0,0.0,0.0,0.0,1256.85,,,,,,16.57,8.7,Correctly,,ebf7fe7faabcd2dbe621a2e2dd261bc061a31691a8f31e632a90de760536b1cb,3
20659868,Aura Pizzas,Sector 4,Delhi NCR,6455029282,"01:43 AM, December 21 2024",Delivered,Zomato Delivery,1km,"1 x Grilled Chicken Tangdi, 1 x Murgh Amritsari Seekh Pizza, 1 x Tripple Cheese Pizza",,Flat 15% off,1447.0,62.58,195.35,0.0,0.0,0.0,1314.23,,,,,,17.12,12.7,Correctly,,c70c65d5ce8ae3df77333daabd4793d0aa118db5a4e7ba15d719f52309a03d0d,3
20659868,Aura Pizzas,Sector 4,Delhi NCR,6452082544,"01:24 AM, December 21 2024",Delivered,Zomato Delivery,3km,"2 x Angara Paneer Melt, 1 x Bellpepper Onion Pizza",,Flat Rs.300 off,1687.0,70.85,270.0,0.0,0.0,0.0,1487.85,,,,,,19.68,10.5,Correctly,,bdbb28a0108a0421488a06bbce76f65740c051a6768e3d5bd8c9ecc64f31903b,3
20659868,Aura Pizzas,Sector 4,Delhi NCR,6451490718,"12:50 AM, December 21 2024",Delivered,Zomato Delivery,11km,"1 x Mushroom Pizza, 1 x Garlic Aioli, 1 x Makhani Paneer Pizza",,Flat Rs.200 off,1248.0,54.5,158.0,0.0,0.0,0.0,1144.5,,,,,,18.35,5.7,Correctly,,f64e36826abf416c053d930ad98105e36de6bb2945e63c4fc009a5e210f30806,3
20659868,Aura Pizzas,Sector 4,Delhi NCR,6450634623,"12:02 AM, December 21 2024",Delivered,Zomato Delivery,11km,"1 x Bageecha Pizza, 1 x Masala Paneer Pide, 1 x Chilli Cheese Garlic Bread",,Flat 15% off,1177.0,50.91,158.9,0.0,0.0,0.0,1069.01,,,,,,23.13,2.9,Correctly,,0092e77acf83f93e36255891191404b7313cd142af21085f9d8211964e4fa928,3
20882652,Aura Pizzas,DLF Phase 1,Delhi NCR,6484785258,"10:40 PM, December 31 2024",Delivered,Zomato Delivery,7km,"1 x Salted Fries, 1 x All About Chicken Pizza, 1 x Pepperoni Garlic Bread",,Flat Rs.300 off,1116.0,40.8,300.0,0.0,0.0,0.0,856.8,,,,,,28.48,13.0,Correctly,Item(s) missing or not delivered,079911826f9df1fbe07ca5ec69aa2f4cbf87112787d8b2df229954fcbf6c84af,3
20882652,Aura Pizzas,DLF Phase 1,Delhi NCR,6483287742,"10:30 PM, December 31 2024",Delivered,Zomato Delivery,7km,"1 x Peri Peri Crisper Fries, 1 x Grilled Chicken Tangdi, 1 x Jamaican Chicken Melt",,Flat Rs.300 off,1085.0,39.25,300.0,0.0,0.0,0.0,824.25,5.0,,,,,24.85,7.8,Correctly,,15b18ecf3d27cb5e134093908d367a8815d195e734177da9ba94edadca3f053c,3
20882652,Aura Pizzas,DLF Phase 1,Delhi NCR,6486391220,"09:06 PM, December 31 2024",Delivered,Zomato Delivery,6km,"1 x Grilled Chicken Tangdi, 1 x Salted Fries, 1 x Makhani Paneer Pizza",,Flat Rs.300 off,1026.0,36.3,300.0,0.0,0.0,0.0,762.3,,,,,,27.32,13.4,Correctly,,8369d24161993eb5d4f4548fbcf01468c3cc0dcb070b6cc339b43b2bd470843e,3
20882652,Aura Pizzas,DLF Phase 1,Delhi NCR,6462765853,"08:25 PM, December 31 2024",Delivered,Zomato Delivery,2km,"1 x Herbed Potato, 1 x Malai Gud Pide, 1 x Bageecha Pizza",,Flat Rs.300 off,1066.0,38.3,300.0,0.0,0.0,0.0,804.3,,,,,,32.65,3.2,Correctly,,206707a1859f962e0cb2de7ad6accd0875335c2506dc550e6a97e04e090c46b5,3
20882652,Aura Pizzas,DLF Phase 1,Delhi NCR,6486087561,"06:20 PM, December 31 2024",Delivered,Zomato Delivery,16km,"1 x OG Cheese Pide, 1 x Tripple Cheese Pizza, 1 x Bageecha Pizza",,Flat Rs.300 off,1576.0,63.8,300.0,0.0,0.0,0.0,1339.8,,,,,,14.18,2.0,Correctly,,baa4954311b61c7566ca806c899f8719949f1dd9a7f2279a079baad77523a910,3
20882652,Aura Pizzas,DLF Phase 1,Delhi NCR,6483738635,"05:52 PM, December 31 2024",Delivered,Zomato Delivery,4km,"1 x Indian Masala Cripser Fries, 1 x Mushroom Pizza, 1 x Chilli Cheese Garlic Bread",,Flat Rs.300 off,1067.0,38.35,300.0,0.0,0.0,0.0,805.35,,,,,,16.53,2.2,Correctly,,60567b1630728fe72f0f4675075ddeb2fccac03d52ddb4e448db795dde5786a0,3
20882652,Aura Pizzas,DLF Phase 1,Delhi NCR,6484150953,"03:26 PM, December 31 2024",Delivered,Zomato Delivery,5km,"1 x Tripple Cheese Pizza, 2 x Bageecha Pizza",,Flat 15% off,2347.0,101.51,316.85,0.0,0.0,0.0,2131.66,,,,,,24.8,16.7,Correctly,,518f0fc14d70a21670107dad34ff70bf58ff5c72f2e3a0783a06770b9ca4bc07,3
20882652,Aura Pizzas,DLF Phase 1,Delhi NCR,6480366690,"12:55 PM, December 31 2024",Delivered,Zomato Delivery,4km,"1 x Bageecha Pizza, 1 x Tripple Cheese Pizza, 1 x Chilli Cheese Garlic Bread",,Flat Rs.300 off,1607.0,65.35,300.0,0.0,0.0,0.0,1372.35,,,,,,0.2,14.0,Incorrectly,,08fd137dae891d88f366287f042df2afaea98074c5fed349475d15fbb9d56743,3
20882652,Aura Pizzas,DLF Phase 1,Delhi NCR,6473804774,"04:44 PM, December 30 2024",Delivered,Zomato Delivery,8km,"1 x Spinach Sumac Pide, 1 x Herbed Potato, 1 x Chicken Pepperoni Pizza",,Flat Rs.175 off,1076.0,45.95,157.0,0.0,0.0,0.0,964.95,,,,,,17.47,9.8,Correctly,,d001c903fa338c2a5d837e188d694b029a8c405a30384492ac563b569b198e77,3
20882652,Aura Pizzas,DLF Phase 1,Delhi NCR,6471256750,"02:22 PM, December 30 2024",Delivered,Zomato Delivery,4km,"1 x Herbed Potato, 1 x Bageecha Pizza, 1 x Chilli Cheese Garlic Bread",,Flat 15% off,1006.0,40.81,115.83,74.0,0.0,0.0,856.98,,,,,,19.57,11.4,Correctly,Non-refunded complaint,4559d1172f1ae07615933f590ce03aa4aeb30925e0676d94b34c5797a78986ec,3
20882652,Aura Pizzas,DLF Phase 1,Delhi NCR,6481805375,"12:51 PM, December 30 2024",Delivered,Zomato Delivery,2km,"1 x All About Chicken Pizza, 1 x Tripple Cheese Pizza, 1 x Indian Masala Fries",,Flat Rs.300 off,1606.0,66.8,270.0,0.0,0.0,0.0,1402.8,,,,,,23.67,13.2,Incorrectly,,b6bd71527e6b72eafa9a6d988c37a5812b8ec69f0f98fb7cc95d002fb33f720f,3
20882652,Aura Pizzas,DLF Phase 1,Delhi NCR,6475110288,"11:59 PM, December 28 2024",Delivered,Zomato Delivery,8km,"1 x Pepperoni Garlic Bread, 1 x Murgh Amritsari Seekh Pizza, 1 x Bageecha Pizza",,Flat Rs.300 off,1507.0,61.85,270.0,0.0,0.0,0.0,1298.85,,,,,,19.03,9.2,Correctly,,d4901bc78b08d9a91304a2a4e8cee8879466c65e219165ba734b5b343646781f,3
20882652,Aura Pizzas,DLF Phase 1,Delhi NCR,6468678074,"10:36 PM, December 28 2024",Delivered,Zomato Delivery,2km,"1 x Mutton Seekh Pide, 1 x Grilled Chicken Tangdi, 1 x Murgh Amritsari Seekh Pide",,Flat Rs.175 off,1017.0,43.0,157.0,0.0,0.0,0.0,903.0,,,,,,15.43,4.9,Correctly,,bb47d8ad5345591b71a616b69724e0f8f85eda179cbf3d644e35768f524e3a0f,3
20882652,Aura Pizzas,DLF Phase 1,Delhi NCR,6465365856,"08:42 PM, December 28 2024",Delivered,Zomato Delivery,3km,"1 x Peri Peri Paneer Pizza, 1 x Cheesy Garlic Bread, 1 x Peri Peri Crisper Fries",,Flat 15% off,1207.0,52.2,162.95,0.0,0.0,0.0,1096.25,,,,,,17.48,4.0,Correctly,,a6a6728324bd812b4ca9455c6bcdfad7e3d3aab9569fbcb350aa8f9da4a091a6,3
20882652,Aura Pizzas,DLF Phase 1,Delhi NCR,6463908474,"01:11 AM, December 28 2024",Delivered,Zomato Delivery,6km,"1 x Murgh Amritsari Seekh Pizza, 2 x Tipsy Tiger Fresh Lime Soda",,Flat Rs.175 off,1256.1,54.96,157.0,0.0,0.0,0.0,1154.06,,,,,,23.58,10.1,Correctly,,ad665dbeefb7ddd8c3d6a0c718e4b93e3be1a387914379b8dc46ca42ab40b91d,3
20882652,Aura Pizzas,DLF Phase 1,Delhi NCR,6470229590,"09:13 PM, December 25 2024",Delivered,Zomato Delivery,4km,"1 x Peri Peri Fries, 1 x Bageecha Pizza, 1 x Chilli Cheese Garlic Bread",,Flat Rs.200 off,1256.0,52.8,200.0,0.0,0.0,0.0,1108.8,,,,,,19.02,4.4,Correctly,,d07655998b1dffae8eb56bd60cd9bd59257af245de67c2e6c39ca59606a19eb3,3
20882652,Aura Pizzas,DLF Phase 1,Delhi NCR,6467864416,"04:48 PM, December 25 2024",Delivered,Zomato Delivery,15km,"1 x Margherita Pizza, 1 x Bellpepper Onion Pizza, 1 x Chilli Cheese Garlic Bread",,Flat Rs.300 off,1697.0,71.35,270.0,0.0,0.0,0.0,1498.35,,,,,,20.3,0.3,Correctly,,8a2cafeed288a863a13e49737d73ec7db1437e320ab870e09afe5495264f2ded,3
20882652,Aura Pizzas,DLF Phase 1,Delhi NCR,6464816707,"01:29 AM, December 25 2024",Delivered,Zomato Delivery,4km,"1 x Mushroom Pizza, 1 x Tripple Cheese Pizza, 1 x Bageecha Pizza",,Flat Rs.300 off,1757.0,74.35,270.0,0.0,0.0,0.0,1561.35,,,,,,21.1,2.5,Correctly,,cdb73de8c144d89cfc278a18b2fbd9ea93232e2bf8db2a9de0f934e2985f7ea5,3
20882652,Aura Pizzas,DLF Phase 1,Delhi NCR,6455927515,"07:54 PM, December 24 2024",Delivered,Zomato Delivery,7km,"1 x Indian Masala Cripser Fries, 1 x Mutton Seekh Pizza, 1 x Chilli Cheese Garlic Bread",,Flat 15% off,1417.0,61.29,191.3,0.0,0.0,0.0,1286.99,5.0,,,,,37.32,0.2,Correctly,,3164fbc7a8e4c1a2cd6e00d5859ceeba37b1b23bab87df7ad65cba9872b02423,3
20882652,Aura Pizzas,DLF Phase 1,Delhi NCR,6460182272,"07:52 PM, December 24 2024",Delivered,Zomato Delivery,1km,"1 x Jamaican Chicken Melt, 1 x All About Chicken Pizza, 1 x Loaded Pork Pepperoni Pizza",,Flat Rs.300 off,1987.0,85.85,270.0,0.0,0.0,0.0,1802.85,,,,,,30.37,0.9,Correctly,,db3129df7e4ffbefa49c33daed96a3e8f0e108e6310b982ce2c974625275b74d,3
20882652,Aura Pizzas,DLF Phase 1,Delhi NCR,6463835569,"07:39 PM, December 24 2024",Delivered,Zomato Delivery,1km,"1 x Spinach Sumac Pide, 1 x Jamaican Chicken Melt, 1 x Bageecha Pizza",,Flat 15% off,1407.0,60.85,189.95,0.0,0.0,0.0,1277.9,,,,,,35.97,4.0,Incorrectly,,ec25fca278570cca8c5d8783ba3cff9cf0a1642e796a9aaf510b1cd21f917369,3
20882652,Aura Pizzas,DLF Phase 1,Delhi NCR,6465701638,"06:23 PM, December 24 2024",Rejected,Zomato Delivery,4km,"1 x Garlic Aioli, 1 x Chilli Cheese Garlic Bread, 1 x Peri Peri Paneer Pizza",,,1255.0,62.75,0.0,0.0,0.0,0.0,1317.75,,,Cancelled by Customer,757.65,,,,Missed,,91ce4bbe684a2cd5059dbf0f5826742c3ed678fef189a14248c283122c06a663,3
20882652,Aura Pizzas,DLF Phase 1,Delhi NCR,6464002929,"12:42 AM, December 24 2024",Delivered,Zomato Delivery,11km,"1 x Mushroom Pizza, 1 x Salted Crisper Fries, 1 x Peri Peri Crisper Fries",,Flat 15% off,1177.0,50.91,158.9,0.0,0.0,0.0,1069.01,,,,,,17.98,1.4,Correctly,,96fdd7d6c062ade36093471b9493289a670224878c9dd98381d25841f7ddc6aa,3
20882652,Aura Pizzas,DLF Phase 1,Delhi NCR,6463086752,"12:57 PM, December 23 2024",Delivered,Zomato Delivery,5km,"1 x Bageecha Pizza, 1 x Masala Potato Pide, 1 x Peri Peri Chicken Melt",,50% off upto Rs.100,1587.0,55.15,90.0,394.0,0.0,0.0,1158.15,,,,,,22.38,5.7,Incorrectly,,5805c2f98827c0ac195d1da4ea410aed7f141bc936ee1d37d7b0f9c25e32d9db,3
20882652,Aura Pizzas,DLF Phase 1,Delhi NCR,6461591719,"11:41 PM, December 22 2024",Delivered,Zomato Delivery,10km,"2 x OG Cheese Pide, 1 x Murgh Amritsari Seekh Pide",,Flat 15% off,1225.0,52.98,165.38,0.0,0.0,0.0,1112.6,,,,,,16.32,3.6,Correctly,,5bf20af52bb1cea9ac355416719f98d956cb92e92f79da0b32c85e62e93bfe7e,3
20882652,Aura Pizzas,DLF Phase 1,Delhi NCR,6454620884,"08:43 PM, December 22 2024",Delivered,Zomato Delivery,2km,"1 x Indian Masala Fries, 1 x Bageecha Pizza, 1 x Harissa Mayo",,Flat 15% off,857.0,37.07,115.7,0.0,0.0,0.0,778.37,,,,,,15.07,1.6,Correctly,,29a0cd9d1753049a9f9ee5ff5d003510e7a581db586c024f52c31ac401cae56b,3
20882652,Aura Pizzas,DLF Phase 1,Delhi NCR,6453783354,"01:11 AM, December 22 2024",Delivered,Zomato Delivery,3km,"1 x Garlic Aioli, 1 x Murgh Amritsari Seekh Pide, 1 x Pepperoni Garlic Bread",,,688.0,34.4,0.0,0.0,0.0,0.0,722.4,,,,,,16.17,4.1,Correctly,,d8f025345f708b4c81efcec6fec87f52c23778e730e116d760d13d2a47b00dc7,3
20882652,Aura Pizzas,DLF Phase 1,Delhi NCR,6458294805,"12:59 AM, December 22 2024",Delivered,Zomato Delivery,4km,"1 x Murgh Amritsari Garlic Bread, 1 x Grilled Chicken Tangdi, 1 x Indian Masala Fries",,,756.0,37.8,0.0,0.0,0.0,0.0,793.8,1.0,,,,,24.32,11.9,Correctly,,d27c1593400e0767e1733cf17e3a0edd3d0a19f8065fb10bd5d18fc7b3fffd7a,3
20882652,Aura Pizzas,DLF Phase 1,Delhi NCR,6450321410,"12:11 AM, December 22 2024",Delivered,Zomato Delivery,9km,"1 x Jamaican Chicken Melt, 1 x Cheesy Garlic Bread, 1 x Peanut Butter Chocolate Pide",,Flat 15% off,1215.0,52.55,164.03,0.0,0.0,0.0,1103.52,,,,,,27.18,10.2,Correctly,,8c136a0fdb2bc1a26549355a9f461a2269839c669368ac2bce4dc8a619f19dab,3
20882652,Aura Pizzas,DLF Phase 1,Delhi NCR,6455112153,"08:17 PM, December 21 2024",Delivered,Zomato Delivery,9km,"1 x Salted Crisper Fries, 1 x Cheesy Garlic Bread, 1 x Margherita Pizza",,Flat Rs.175 off,1067.0,45.5,157.0,0.0,0.0,0.0,955.5,,,,,,19.43,1.2,Correctly,,8d19650a401a920efe630b5f2527751fc923e64cfc7169230fa10edcebda9c37,3
20882652,Aura Pizzas,DLF Phase 1,Delhi NCR,6454684951,"12:07 PM, December 21 2024",Delivered,Zomato Delivery,3km,"1 x Herbed Potato, 1 x Bageecha Pizza, 1 x Salted Fries",,Flat 15% off,1125.0,45.96,131.9,74.0,0.0,0.0,965.06,,,,,,21.02,12.4,Correctly,,b615589f8053f1d1b4d0a34fdd6b0cbe8bad5cc306400c78de73db07fb10cf94,3
20882713,Swaad,DLF Phase 1,Delhi NCR,6481194321,"08:16 PM, December 29 2024",Delivered,Zomato Delivery,4km,"1 x Bone in Peri Peri Grilled Chicken, 1 x Bone in Jamaican Grilled Chicken, 1 x Herbed Potato",,Flat 20% off,2048.0,81.92,409.6,0.0,0.0,0.0,1720.32,5.0,,,,,22.43,2.4,Correctly,,fe469dd2ca85981d7f4cfe582e6c612ae7c78619878a32e70788511ee1f7bb84,3
20882713,Swaad,DLF Phase 1,Delhi NCR,6466579869,"04:19 PM, December 25 2024",Delivered,Zomato Delivery,3km,"1 x Bone in Kabuli Grilled Chicken, 1 x Fried Chicken Ghostbuster Tender, 1 x Grilled Chicken Peri Peri Tender",,,945.0,23.63,0.0,472.5,0.0,0.0,496.13,5.0,,,,,20.2,11.2,Correctly,,7a57c0117c69fef9484ade6344091a91057efd4f5c36276af643b7a6e3d9ea19,3
20882713,Swaad,DLF Phase 1,Delhi NCR,6461809897,"07:14 PM, December 22 2024",Delivered,Zomato Delivery,2km,"2 x Fried Chicken Classic Tender, 1 x Fried Chicken Peri Peri Tenders + Peri Peri Fries",,Flat Rs.175 off,1115.0,47.9,157.0,0.0,0.0,0.0,1005.9,,,,,,21.25,11.1,Incorrectly,,87bca08d6a9d4222768f3860cf226737256e83b94b42d4a17c25aea59ac2bc52,3
20968171,Dilli Burger Adda,DLF Phase 1,Delhi NCR,6473482501,"12:25 PM, December 27 2024",Delivered,Zomato Delivery,1km,"1 x Classic Bacon Melt Tenderloin Burger, 1 x Tenderloin Smashed Burger, 1 x Very Peri Tenderloin Burger",,Flat Rs.175 off,1150.0,49.65,157.0,0.0,0.0,0.0,1042.65,5.0,,,,,52.87,4.6,Incorrectly,,66d4aa7e0390b89bbf428ac57f7746d04259911e487ce12d8c240795b8289fa6,3
20968194,Dilli Burger Adda,Sector 4,Delhi NCR,6462480276,"12:50 AM, December 29 2024",Delivered,Zomato Delivery,2km,"1 x Grilled Paneer Burger, 1 x Atomic Veg Burger, 1 x Dirty Saucy Fries",,Flat Rs.175 off,925.0,38.4,157.0,0.0,0.0,0.0,806.4,,,,,,27.28,28.5,Incorrectly,,df2becc334775c3f36fc776cecd27b43c454d32cf0fbfb5ffbeae10fade94bda,3
21077127,Aura Pizzas,Sector 135,Delhi NCR,6487970027,"10:53 PM, December 31 2024",Delivered,Zomato Delivery,4km,"1 x Bageecha Pizza, 1 x Murgh Amritsari Seekh Pizza, 1 x Spinach Sumac Pide",,Flat Rs.300 off,1737.0,71.85,300.0,0.0,0.0,0.0,1508.85,5.0,,,,,15.47,5.2,Correctly,,e0c52b3ee8929d344cd1f7a88d4136e499a1abee6e0246a876a98ea8f49ac25b,3
21077127,Aura Pizzas,Sector 135,Delhi NCR,6484081738,"10:33 PM, December 31 2024",Delivered,Zomato Delivery,1km,"1 x Malai Gud Pide, 1 x Bageecha Pizza, 1 x Chilli Cheese Garlic Bread",,Flat Rs.300 off,1117.0,40.85,300.0,0.0,0.0,0.0,857.85,,,,,,19.23,7.5,Correctly,,7861e5e4afda0a4b295ebdd2241e2488e5844f50046a73e5e9ce1937aba4ada8,3
21077127,Aura Pizzas,Sector 135,Delhi NCR,6480409587,"08:38 PM, December 31 2024",Delivered,Zomato Delivery,4km,"1 x Salted Fries, 1 x All About Chicken Pizza, 1 x Pepperoni Garlic Bread",,Flat Rs.300 off,1116.0,40.8,300.0,0.0,0.0,0.0,856.8,,,,,,16.32,4.7,Correctly,,6203699cdc532f491fb4d2370f26f4fa037fba51e8908eb37bcf811daf39ba66,3
21077127,Aura Pizzas,Sector 135,Delhi NCR,6463606490,"06:36 PM, December 28 2024",Delivered,Zomato Delivery,5km,3 x Makhani Paneer Pizza,,Flat Rs.175 off,2247.0,103.6,175.0,0.0,0.0,0.0,2175.6,,,,,,16.7,16.6,Incorrectly,,2086aa384b3fbca2898e6165ae33e0afa720ae97e913d96af99e7e2a3f032d72,3
21077127,Aura Pizzas,Sector 135,Delhi NCR,6473320067,"12:38 PM, December 27 2024",Delivered,Zomato Delivery,4km,"1 x Bageecha Pizza, 1 x Spinach Sumac Pide, 1 x Mushroom Mozzarella Melt",,Flat Rs.175 off,1377.0,60.1,175.0,0.0,0.0,0.0,1262.1,1.0,the base was so hard and difficult to chew. $% seemed it was not fermented properly.. $%  cheese was also low quality,,,,19.45,0.1,Correctly,,b8011f2202adee72037337d0593d413194d6f40d8936fdcd67c2ddd68f09a953,3
21077127,Aura Pizzas,Sector 135,Delhi NCR,6470500816,"08:03 PM, December 26 2024",Delivered,Zomato Delivery,<1km,"1 x Fried Chicken Tenders, 1 x Murgh Amritsari Seekh Melt, 1 x Jamaican Chicken Melt",,Buy 1 Get 1 - ₹479.00,723.0,36.15,0.0,0.0,0.0,0.0,759.15,,,,,,15.88,6.2,Correctly,,2f722610e19984836eded3f622c0df8cc64c591d24e718c398679ad3aa0b4412,3
21077127,Aura Pizzas,Sector 135,Delhi NCR,6472182431,"04:27 PM, December 26 2024",Delivered,Zomato Delivery,4km,"1 x Angara Paneer Melt, 1 x Loaded Pork Pepperoni Pizza, 1 x Jamaican Chicken Melt",,Buy 1 Get 1 - ₹449.00,1328.0,66.4,0.0,0.0,0.0,0.0,1394.4,,,,,,14.58,5.2,Correctly,,8da41c0eef232733dfb1d2b6b373a4b1cf8429797cba7f87f73d7914929cede9,3
21077127,Aura Pizzas,Sector 135,Delhi NCR,6466918145,"09:03 PM, December 25 2024",Delivered,Zomato Delivery,1km,"1 x Indian Salsa, 1 x Murgh Amritsari Seekh Pizza, 1 x Cheesy Garlic Bread",,Flat Rs.200 off,928.0,36.4,200.0,0.0,0.0,0.0,764.4,,,,,,12.05,6.4,Correctly,,6de2d726bedee140cb42665c54942ae4fe650ef657ab7f929e209587fd28d0fe,3
21077127,Aura Pizzas,Sector 135,Delhi NCR,6456497773,"06:57 PM, December 25 2024",Delivered,Zomato Delivery,6km,"1 x Chilli Cheese Garlic Bread, 1 x Murgh Amritsari Seekh Melt, 1 x Bageecha Pizza",,Flat Rs.200 off,1616.0,70.8,200.0,0.0,0.0,0.0,1486.8,,,,,,15.67,3.1,Correctly,,e0b06e0d07a223c86b7f61f348c3aa72a56d3b4ff59d7a7231e7508ff4f20384,3
21077127,Aura Pizzas,Sector 135,Delhi NCR,6468965940,"06:35 PM, December 25 2024",Delivered,Zomato Delivery,1km,"1 x Bageecha Pizza, 1 x Malai Gud Pide, 1 x Cheesy Garlic Bread",,Flat Rs.200 off,1097.0,44.85,200.0,0.0,0.0,0.0,941.85,,,,,,16.62,8.7,Correctly,,b33615af0fda134ad2170b56bc69ba90beb1c81e1f879bf2b64c12ad1a8096c5,3
21077127,Aura Pizzas,Sector 135,Delhi NCR,6465484260,"11:31 PM, December 24 2024",Delivered,Zomato Delivery,3km,"1 x Tipsy Tiger Fresh Lime Soda, 1 x All About Chicken Pizza, 1 x Bageecha Pizza",,Flat Rs.200 off,1377.05,58.85,200.0,0.0,0.0,0.0,1235.9,,,,,,14.63,5.4,Correctly,,5099dacfd23eda3dd73b61f8cb70bbbbc34f484b25db74819921f94f1cbfb04e,3
21077127,Aura Pizzas,Sector 135,Delhi NCR,6465023803,"08:18 PM, December 24 2024",Delivered,Zomato Delivery,4km,"1 x Garlic Aioli, 1 x Bellpepper Onion Pizza, 1 x Chilli Cheese Garlic Bread",,50% off upto Rs.100,898.0,40.4,90.0,0.0,0.0,0.0,848.4,,,,,,17.6,14.9,Correctly,,d6ef574fb6274e677d8c22a45e8461aa01955c195f165c2a4e266943c7d7c211,3
21077127,Aura Pizzas,Sector 135,Delhi NCR,6463795313,"05:12 PM, December 23 2024",Delivered,Zomato Delivery,2km,"1 x Mushroom Mozzarella Melt, 1 x Cheesy Garlic Bread, 1 x Peri Peri Fries",,Flat Rs.175 off,1006.0,41.55,175.0,0.0,0.0,0.0,872.55,,,,,,16.05,8.5,Correctly,,9d7cabf57333329253cadc4e30ad8cf004404174f2bc4d5b5b782d3e5266f1f4,3
21077127,Aura Pizzas,Sector 135,Delhi NCR,6462933696,"12:14 PM, December 23 2024",Delivered,Zomato Delivery,2km,"1 x Masala Potato Pide, 1 x Pepperoni Garlic Bread, 1 x Peri Peri Chicken Melt",,,1067.0,26.68,0.0,533.5,0.0,0.0,560.18,,,,,,24.9,12.5,Correctly,,cd5710f60e1c21cdec92416d129def19a5669621c218daaa9fcaa7ab5b3f702e,3
21077127,Aura Pizzas,Sector 135,Delhi NCR,6462546148,"09:06 PM, December 22 2024",Delivered,Zomato Delivery,1km,"1 x Cheesy Garlic Bread, 1 x Onion Rings, 1 x Bageecha Pizza",,Flat Rs.175 off,1067.0,44.6,175.0,0.0,0.0,0.0,936.6,,,,,,18.68,0.2,Correctly,,d0ba5b8fcf9a1a2cc79d0aebce443fdef0f641decdb1a8d894a866b758596b69,3
21077127,Aura Pizzas,Sector 135,Delhi NCR,6455639330,"09:02 PM, December 22 2024",Delivered,Zomato Delivery,2km,"1 x Tipsy Tiger Fresh Lime Soda, 1 x Masala Paneer Pide, 1 x Onion Rings",,,667.05,33.35,0.0,0.0,0.0,0.0,700.4,,,,,,15.45,2.3,Correctly,,2086aa384b3fbca2898e6165ae33e0afa720ae97e913d96af99e7e2a3f032d72,3
21077127,Aura Pizzas,Sector 135,Delhi NCR,6458110838,"10:28 PM, December 21 2024",Delivered,Zomato Delivery,4km,"1 x Indian Masala Fries, 1 x Chilli Cheese Garlic Bread, 1 x Bageecha Pizza",,Flat Rs.175 off,1056.0,44.05,175.0,0.0,0.0,0.0,925.05,,,,,,20.58,12.5,Incorrectly,,44579995047dac38393a5525de43499a796534f28940cbf235b55ca4f618a5ae,3
21077127,Aura Pizzas,Sector 135,Delhi NCR,6458777173,"10:23 PM, December 21 2024",Delivered,Zomato Delivery,5km,"2 x Masala Potato Pide, 1 x Chilli Cheese Garlic Bread",,50% off upto Rs.100,857.0,23.4,90.0,299.0,0.0,0.0,491.4,,,,,,14.48,2.9,Correctly,,5c287b5ae0d8bdf6f5f8878f19f8225a3e4ca1a5a2d9206c5f99d73751b214b1,3
21077127,Aura Pizzas,Sector 135,Delhi NCR,6457535643,"09:45 PM, December 21 2024",Delivered,Zomato Delivery,7km,"1 x Malai Gud Pide, 1 x Raw Masala Lemon Shikanji, 1 x Chilli Cheese Garlic Bread",,,673.24,33.66,0.0,0.0,0.0,0.0,706.9,,,,,,15.13,8.1,Incorrectly,,ce09d1817c5057c577f55bdf493fe80e42a427f2c2c7128c6ea841f9fe343da6,3
21077127,Aura Pizzas,Sector 135,Delhi NCR,6457748424,"07:09 PM, December 21 2024",Delivered,Zomato Delivery,2km,"1 x Herbed Potato, 2 x Peri Peri Chicken Melt",,,1126.0,28.15,0.0,563.0,0.0,0.0,591.15,5.0,,,,,16.6,16.5,Correctly,,91d16c163f3f7aa9b0a6d2278844901459c51bb5b40911eb8da5398424631561,3
21077127,Aura Pizzas,Sector 135,Delhi NCR,6457244998,"05:54 PM, December 21 2024",Delivered,Zomato Delivery,3km,"1 x Masala Paneer Pide, 1 x Herbed Potato, 1 x Bageecha Pizza",,,1126.0,51.1,0.0,104.0,0.0,0.0,1073.1,,,,,,16.83,1.8,Correctly,,bac7e841c34475c3e00c2f7aec37e68e39846da72efd6820bcddb379c92068f6,3
21077127,Aura Pizzas,Sector 135,Delhi NCR,6450404209,"03:28 PM, December 21 2024",Delivered,Zomato Delivery,2km,"1 x Makhani Paneer Pizza, 1 x Chilli Cheese Garlic Bread, 1 x Peri Peri Crisper Fries",,Flat Rs.175 off,1207.0,51.6,175.0,0.0,0.0,0.0,1083.6,,,,,,18.3,11.6,Correctly,,3cabd1dacde03dc54e54fbe1e19a514ed2d5d9621fb8049afdba8ac0a7784acc,3
21114574,Dilli Burger Adda,Shahdara,Delhi NCR,6419675692,"02:18 PM, December 28 2024",Delivered,Zomato Delivery,5km,"1 x Chicken Smashed Burger, 1 x Mutton Smashed Burger, 1 x Chicken Smashed Double Burger",,Flat 20% off,1270.0,52.07,228.6,0.0,0.0,0.0,1093.47,,,,,,37.63,28.2,Correctly,,cafcb8f287e3d94956c4601f333c19cef25c18c54c42260a9dbbe8d4eb00cbab,3
21173951,Aura Pizzas,Vasant Kunj,Delhi NCR,6487347341,"09:19 PM, December 31 2024",Delivered,Zomato Delivery,1km,"1 x Just Pepperoni Pizza, 1 x Malai Gud Pide, 1 x Herbed Potato",,Flat Rs.300 off,1056.0,37.8,300.0,0.0,0.0,0.0,793.8,,,,,,25.95,1.8,Correctly,,6cbdcfd9fdd263ab4212ea342d300e75733d3fa4dbe6715389a82607c47ecb3c,3
21173951,Aura Pizzas,Vasant Kunj,Delhi NCR,6486630597,"09:00 PM, December 31 2024",Delivered,Zomato Delivery,1km,"1 x Peri Peri Paneer Pizza, 1 x Bageecha Pizza, 1 x Cheesy Garlic Bread",,Flat Rs.300 off,1737.0,71.85,300.0,0.0,0.0,0.0,1508.85,,,,,,33.83,8.4,Correctly,,2d9d22345f0dcbf573351fd71a08836a8ea7f5bb08699cfc619c8de2039a7349,3
21173951,Aura Pizzas,Vasant Kunj,Delhi NCR,6483122910,"07:58 PM, December 31 2024",Delivered,Zomato Delivery,1km,"1 x Margherita Pizza, 1 x Jamaican Chicken Melt, 1 x Mushroom Mozzarella Melt",,Flat Rs.300 off,1577.0,65.35,270.0,0.0,0.0,0.0,1372.35,,,,,,18.25,1.4,Correctly,Poor packaging or spillage,7a3dbce79abf3a4f3fa64ec043b96a0267465f879a0591af86719e08f31c3918,3
21173951,Aura Pizzas,Vasant Kunj,Delhi NCR,6465691061,"10:17 PM, December 25 2024",Delivered,Zomato Delivery,3km,"1 x Fried Chicken Tenders, 1 x Peri Peri Chicken Melt, 1 x Chilli Cheese Garlic Bread",,Flat Rs.200 off,1108.0,45.4,200.0,0.0,0.0,0.0,953.4,,,,,,20.65,10.4,Correctly,,e069e050c7acd289bc9d67d2408eb27253f70ab6a65e48f015ae5d17a8276d09,3
21173951,Aura Pizzas,Vasant Kunj,Delhi NCR,6469580127,"07:26 PM, December 25 2024",Delivered,Zomato Delivery,2km,"2 x Chilli Cheese Garlic Bread, 1 x Garlic Aioli",,,578.0,28.9,0.0,0.0,0.0,0.0,606.9,,,,,,15.8,2.7,Correctly,,1cf3f811cb65fef69e05d53aabc2fe7855affa47f1f754294436085e79617af2,3
21173951,Aura Pizzas,Vasant Kunj,Delhi NCR,6453422647,"09:40 PM, December 23 2024",Delivered,Zomato Delivery,7km,"1 x Peri Peri Crisper Fries, 1 x Mushroom Pizza, 1 x Masala Paneer Pide",,Flat Rs.175 off,1127.0,48.5,157.0,0.0,0.0,0.0,1018.5,,,,,,14.93,1.3,Correctly,,96749075c6d5eb26d612259f413e7c5c7bbcf14604c6080a942ca23ee2fefa26,3
21173951,Aura Pizzas,Vasant Kunj,Delhi NCR,6460238826,"04:19 PM, December 23 2024",Delivered,Zomato Delivery,9km,"1 x Tripple Cheese Pizza, 1 x Cheesy Garlic Bread, 1 x Angara Paneer Melt",,Flat 15% off,1237.0,48.24,167.0,0.0,0.0,105.15,1013.09,5.0,,,,,18.22,1.3,Correctly,,16e4e8d24793c8521c240b3486f16f474bdc9e2639e37ef52885f29aca566295,3
21173951,Aura Pizzas,Vasant Kunj,Delhi NCR,6461768928,"07:01 PM, December 22 2024",Delivered,Zomato Delivery,5km,"1 x Chilli Cheese Garlic Bread, 1 x Murgh Amritsari Seekh Melt, 1 x Peri Peri Grilled Chicken Pizza",,,1357.0,67.85,0.0,0.0,0.0,0.0,1424.85,,,,,,21.87,7.4,Correctly,,1fec9d29127196a0f0aa4bbc9bbf04251b44dd49dbf74451e5426a50721cef19,3
21173951,Aura Pizzas,Vasant Kunj,Delhi NCR,6459223394,"05:23 PM, December 22 2024",Delivered,Zomato Delivery,1km,"1 x Peri Peri Crisper Fries, 1 x Masala Potato Pide, 1 x Masala Paneer Pide",,,817.0,40.85,0.0,0.0,0.0,0.0,857.85,,,,,,17.85,3.5,Correctly,,7560b9e98d60fcb9c775296dc313714a34d0d50aea85a31697285cc4ad4c6de9,3
21309083,Swaad,Shahdara,Delhi NCR,6477214286,"07:15 PM, December 28 2024",Delivered,Zomato Delivery,7km,"1 x Grilled Chicken Jamaican Tangdi, 1 x Grilled Chicken Ghostbuster Tangdi, 1 x Peri Peri Crisper Fries",,,1429.0,71.45,0.0,0.0,0.0,0.0,1500.45,,,,,,24.43,11.9,Correctly,,21f570ff6db6be84f793c28deb288604bf2b773bf2babd39cdd5195ab7e96559,3
21309083,Swaad,Shahdara,Delhi NCR,6472470841,"10:53 PM, December 27 2024",Delivered,Zomato Delivery,1km,"1 x Peri Peri Crisper Fries, 1 x Grilled Chicken Angara Tangdi, 1 x Grilled Chicken Jamaican Tender",,,1099.0,54.95,0.0,0.0,0.0,0.0,1153.95,,,,,,19.63,4.7,Correctly,,26881b893aabae607fb1ff838cf78b30711f1f6432f56c71ce4d6b6bbcf21fca,3
21309083,Swaad,Shahdara,Delhi NCR,6471729937,"02:34 PM, December 27 2024",Delivered,Zomato Delivery,4km,"1 x Animal Fries, 1 x Grilled Chicken Peri Peri Tender, 1 x Iced Green Tea - Peach",,50% off upto Rs.100,760.24,33.51,90.0,0.0,0.0,0.0,703.75,,,,,,20.32,0.3,Incorrectly,,a4e1d492fc0c760949de21f3ab19f426d5559836691a9612fb571b07732da28a,3
21309083,Swaad,Shahdara,Delhi NCR,6462974086,"05:53 PM, December 26 2024",Delivered,Zomato Delivery,3km,"1 x Bone in Kabuli Grilled Chicken, 1 x Grilled Chicken Peri Peri Tender, 1 x Bone in Jamaican Grilled Chicken",,Flat Rs.175 off,2065.0,69.9,157.0,510.0,0.0,0.0,1467.9,,,,,,18.65,9.2,Correctly,,3d4620d0cea704cd91f270ce820d38b798ca31397bc87b40524ede4653f98f6f,3
21309083,Swaad,Shahdara,Delhi NCR,6455921638,"08:22 PM, December 21 2024",Delivered,Zomato Delivery,<1km,"1 x Jamaican Sauce, 1 x Coleslaw, 1 x Bone in Smoky Bbq Grilled Chicken",,Flat 15% off,668.0,28.89,90.18,0.0,0.0,0.0,606.71,,,,,,16.45,0.3,Correctly,,12f044e337feba215aa8a617dbb3c17f39f04620dc65f406435cf0c06a2e94cc,3
20320607,Swaad,Sector 4,Delhi NCR,6509278547,"12:30 PM, January 09 2025",Delivered,Zomato Delivery,6km,"2 x Peri Peri Crisper Fries, 1 x Bone in Smoky Bbq Grilled Chicken",,Flat 15% off,983.0,42.52,132.71,0.0,0.0,0.0,892.81,,,,,,22.68,11.7,Correctly,,f74df749d0f9b3058f7077e8a29dcffa4b060891594d979589835191348130b4,3
20320607,Swaad,Sector 4,Delhi NCR,6506185097,"01:07 AM, January 09 2025",Delivered,Zomato Delivery,8km,"1 x Angara Sauce, 1 x Peri Peri Crisper Fries, 1 x Bone in Jamaican Grilled Chicken Quarter + Angara Rice",,Flat 15% off,674.0,29.15,90.99,0.0,0.0,0.0,612.16,,,,,,14.5,3.3,Correctly,,22ffb2074788887465e22c4fd79cf9b2accd0b13ae9f2bd7c9feedc9bf065014,3
20320607,Swaad,Sector 4,Delhi NCR,6509718437,"06:11 PM, January 08 2025",Delivered,Zomato Delivery,7km,"1 x Grilled Chicken Peri Peri Tangdi, 1 x Bone in Peri Peri Grilled Chicken, 1 x Salted Crisper Fries",,Flat 20% off,1289.0,52.85,232.02,0.0,0.0,0.0,1109.83,,,,,,17.62,11.4,Correctly,,949a0483fbd40af373f3b7c98d7faff9a5578911e65f835cadee0c7727c35eda,3
20554001,Swaad,Greater Kailash 2 (GK2),Delhi NCR,6511645207,"11:45 PM, January 10 2025",Delivered,Zomato Delivery,1km,"1 x Peri Peri Crisper Fries, 1 x Fried Chicken Beast AAC Burger, 1 x AAC Signature Fries",,Flat 15% off,823.0,35.6,111.11,0.0,0.0,0.0,747.49,,,,,,14.22,0.4,Correctly,,a015dd1b652a390b54916d6cdf35e01a6dc379cb157b7f225609355278fbcdf3,3
20554001,Swaad,Greater Kailash 2 (GK2),Delhi NCR,6511915237,"07:36 PM, January 10 2025",Delivered,Zomato Delivery,4km,"1 x Bone in Smoky Bbq Grilled Chicken, 1 x Bone in Jamaican Grilled Chicken, 1 x Animal Fries",,Flat Rs.175 off,1035.0,43.9,157.0,0.0,0.0,0.0,921.9,,,,,,18.07,0.6,Correctly,,6c27564c4f42540fe2548c662cbba4c40e717c54f52dd8894c96f3a258e723ec,3
20554001,Swaad,Greater Kailash 2 (GK2),Delhi NCR,6514756452,"07:05 PM, January 10 2025",Delivered,Zomato Delivery,1km,"1 x Iced Green Tea - Mojito, 1 x Indian Salsa, 1 x Bone in Jamaican Grilled Chicken Quarter + Angara Rice",,50% off upto Rs.100,570.24,24.01,90.0,0.0,0.0,0.0,504.25,,,,,,19.45,3.6,Correctly,,b6c382e4cadf1a2f911108dcb74083b636200a17c84367b96e1a7f3e3729d997,3
20554001,Swaad,Greater Kailash 2 (GK2),Delhi NCR,6510599096,"09:36 PM, January 09 2025",Delivered,Zomato Delivery,5km,"1 x Grilled Chicken Smoky BBQ Tender, 1 x Fried Chicken Peri Peri Tenders + Peri Peri Fries, 1 x Fried Chicken Beast AAC Burger",,Flat 20% off,1210.0,49.61,217.8,0.0,0.0,0.0,1041.81,,,,,,15.75,0.3,Correctly,,34c68044cd399cc69d032b5d0a0b8a0e525ba34d4b9ba71bbc5c050e584bbd77,3
20554001,Swaad,Greater Kailash 2 (GK2),Delhi NCR,6511453418,"08:43 PM, January 09 2025",Delivered,Zomato Delivery,1km,"1 x Grilled Chicken Peri Peri Tender, 1 x Grilled Chicken Jamaican Tangdi, 1 x Fried Chicken Ghostbuster Tender",,Flat 20% off,1270.0,52.07,228.6,0.0,0.0,0.0,1093.47,5.0,,,,,26.13,6.2,Correctly,,96cd029d5e160da770d985fabdce22019578fc4f9547309c532342c8b1cb600b,3
20554001,Swaad,Greater Kailash 2 (GK2),Delhi NCR,6503779281,"02:52 PM, January 08 2025",Delivered,Zomato Delivery,5km,"1 x Angara Grilled Paneer (8 pcs), 1 x AAC Saucy Fries, 1 x Bone in Angara Grilled Chicken",,,880.0,44.0,0.0,0.0,0.0,0.0,924.0,,,,,,18.98,12.2,Incorrectly,,85a69c77e6c73a8f2f36139d4d936cef036bc5057113fe0c56e2cedc952ef551,3
20554001,Swaad,Greater Kailash 2 (GK2),Delhi NCR,6507566260,"12:47 AM, January 08 2025",Delivered,Zomato Delivery,1km,"1 x Fried Chicken Beast AAC Burger, 1 x Fried Chicken Peri Peri Tenders + Peri Peri Fries, 1 x Salted Fries",,Flat Rs.175 off,1069.0,45.6,157.0,0.0,0.0,0.0,957.6,,,,,,18.02,5.5,Correctly,,ddbf2f2bb53537c809530875bda036c380a03d952f0aa67695c74ae98adaaab2,3
20554001,Swaad,Greater Kailash 2 (GK2),Delhi NCR,6507353340,"11:46 PM, January 07 2025",Delivered,Zomato Delivery,1km,"1 x Peri Peri Sauce, 1 x Animal Fries, 1 x Bone in Jamaican Grilled Chicken",,Flat 20% off,1520.0,62.32,273.6,0.0,0.0,0.0,1308.72,,,,,,19.98,0.3,Correctly,,d64bf7056a8864f9f23c3a55a45ddd60e6d4e2c52202cdf7805e755a210e1641,3
20554001,Swaad,Greater Kailash 2 (GK2),Delhi NCR,6505841192,"10:17 PM, January 07 2025",Delivered,Zomato Delivery,1km,"2 x Animal Fries, 1 x Grilled Chicken Jamaican Tender",,,1200.0,60.0,0.0,0.0,0.0,0.0,1260.0,,,,,,19.23,0.2,Correctly,,7bd3fdefee485271cdc0d2cc0e2fef3b3c145c27d273fe63c6de001ff3e7d8d0,3
20554001,Swaad,Greater Kailash 2 (GK2),Delhi NCR,6503136356,"11:49 AM, January 06 2025",Delivered,Zomato Delivery,2km,"1 x Cafreal dip, 1 x Bone in Angara Grilled Chicken, 1 x Grilled Chicken Smoky Bbq Boneless Breast",,Flat 15% off,815.0,35.25,110.03,0.0,0.0,0.0,740.22,,,,,,21.62,1.2,Correctly,,c08d722fe9b68446df0df77dfd40a73ee51146b523f373f1ee1fd6ba8027df9f,3
20554001,Swaad,Greater Kailash 2 (GK2),Delhi NCR,6496936570,"08:33 PM, January 04 2025",Delivered,Zomato Delivery,1km,"1 x Animal Fries, 1 x Fried Chicken Classic Tender, 1 x Salted Fries",,Flat 20% off,1233.0,50.55,221.94,0.0,0.0,0.0,1061.61,5.0,,,,,20.2,0.3,Correctly,,da776ea9275a5d60e3918e233158cf896607ebe857cf402bb51c32a759db9fa1,3
20554001,Swaad,Greater Kailash 2 (GK2),Delhi NCR,6499001486,"07:59 PM, January 04 2025",Delivered,Zomato Delivery,1km,"1 x Bone in Angara Grilled Chicken, 1 x Angara Rice, 1 x Indian Salsa",,50% off upto Rs.100,518.0,21.4,90.0,0.0,0.0,0.0,449.4,,,,,,14.27,0.4,Correctly,,b6c382e4cadf1a2f911108dcb74083b636200a17c84367b96e1a7f3e3729d997,3
20554001,Swaad,Greater Kailash 2 (GK2),Delhi NCR,6492351038,"06:00 PM, January 03 2025",Delivered,Zomato Delivery,5km,"1 x Grilled Chicken Ghostbuster Tangdi, 1 x Grilled Chicken Smoky Bbq Boneless Breast, 1 x Grilled Chicken Jamaican Boneless Breast",,Flat Rs.175 off,1055.0,44.9,157.0,0.0,0.0,0.0,942.9,5.0,,,,,19.25,1.2,Correctly,,45192fbc39d19376c0a9a19113d9369895e385976425239cf10deb315616a6c4,3
20554001,Swaad,Greater Kailash 2 (GK2),Delhi NCR,6495191765,"03:36 AM, January 03 2025",Delivered,Zomato Delivery,9km,"1 x Fried Chicken Ghostbuster Tender, 1 x Grilled Chicken Peri Peri Tender, 1 x Mayonnaise",,Flat 15% off,945.0,40.87,127.58,0.0,0.0,0.0,858.29,,,,,,15.48,0.5,Correctly,,ac696cefbd9e24f1d8a766a224307968217ec1d9002b5d7403a8e21cf48bb452,3
20554001,Swaad,Greater Kailash 2 (GK2),Delhi NCR,6489468584,"12:11 AM, January 02 2025",Delivered,Zomato Delivery,8km,"1 x Raw Masala Lemon Shikanji, 1 x Bone in Jamaican Grilled Chicken, 1 x Grilled Chicken Smoky BBQ Tangdi",,Flat Rs.175 off,1160.24,50.16,157.0,0.0,0.0,0.0,1053.4,,,,,,22.03,6.1,Correctly,,5244dd416bd9578f8fcdbb3d18fb4296dc9c8caac7b1b50f73cd303dd5b65aff,3
20554001,Swaad,Greater Kailash 2 (GK2),Delhi NCR,6491381388,"10:03 PM, January 01 2025",Delivered,Zomato Delivery,3km,"1 x Tipsy Tiger Fresh Lime Soda, 1 x Grilled Chicken Tangdi Jamaican + Salted Krispers, 1 x Grilled Chicken Smoky BBQ Tender",,Flat 15% off,964.05,42.5,114.08,0.0,0.0,0.0,892.47,,,,,,22.73,4.4,Correctly,,dc7d97e195e15594197f16b0599e746bf8253c98ac5e2b3c90746199f1ab2884,3
20554001,Swaad,Greater Kailash 2 (GK2),Delhi NCR,6481302662,"02:08 PM, January 01 2025",Delivered,Zomato Delivery,5km,"1 x Bone in Angara Grilled Chicken, 1 x Fried Chicken Kabuli Tender, 1 x Bone in Kabuli Grilled Chicken",,Flat 15% off,945.0,40.87,127.58,0.0,0.0,0.0,858.29,,,,,,21.12,0.8,Correctly,,d2410968df26bb67158dafe58814ea3609130700c8e914559481fc601ad2f99e,3
20554001,Swaad,Greater Kailash 2 (GK2),Delhi NCR,6486936922,"02:55 AM, January 01 2025",Delivered,Zomato Delivery,9km,"1 x Grilled Chicken Peri Peri Tender, 1 x Fried Chicken Ghostbuster Tender, 1 x Peri Peri Sauce",,Flat 15% off,695.0,30.06,93.83,0.0,0.0,0.0,631.23,,,,,,20.07,10.2,Correctly,,ac696cefbd9e24f1d8a766a224307968217ec1d9002b5d7403a8e21cf48bb452,3
20635699,Aura Pizzas,Greater Kailash 2 (GK2),Delhi NCR,6515173039,"11:13 PM, January 10 2025",Delivered,Zomato Delivery,3km,"2 x Peri Peri Crisper Fries, 1 x Murgh Amritsari Garlic Bread",,Flat Rs.100 off,697.0,31.87,0.0,0.0,0.0,59.7,669.17,,,,,,9.45,0.6,Correctly,,6b22d12bfb5b1237620015a45284a90c65f01c5de7630f5e5cf25f9fbfbe85a0,3
20635699,Aura Pizzas,Greater Kailash 2 (GK2),Delhi NCR,6514329163,"10:49 PM, January 10 2025",Delivered,Zomato Delivery,4km,"1 x Chilli Cheese Garlic Bread, 1 x Herbed Potato, 1 x Bageecha Pizza",,Flat Rs.175 off,1046.0,44.45,157.0,0.0,0.0,0.0,933.45,5.0,,,,,17.25,2.6,Correctly,,b6f10efc2e38d786ab8785c441bb68a4344077c8574aa31cfacf0007d28d2a71,3
20635699,Aura Pizzas,Greater Kailash 2 (GK2),Delhi NCR,6514385425,"09:43 PM, January 10 2025",Delivered,Zomato Delivery,2km,"1 x Murgh Amritsari Seekh Melt, 1 x All About Chicken Pizza, 1 x Bageecha Pizza",,Flat 15% off,2007.0,86.8,270.95,0.0,0.0,0.0,1822.85,,,,,,18.2,1.6,Correctly,,983d8f7e0a0984b5ef8cf6af7de15efd9505b5a8cf2add12db3ea19c1086db93,3
20635699,Aura Pizzas,Greater Kailash 2 (GK2),Delhi NCR,6513747057,"08:36 PM, January 10 2025",Delivered,Zomato Delivery,2km,"1 x Tripple Cheese Pizza, 1 x Jamaican Chicken Melt, 1 x Cheesy Garlic Bread",,Flat 15% off,1317.0,56.96,177.8,0.0,0.0,0.0,1196.16,,,,,,36.72,11.1,Correctly,,725f738c01f77efe276f64abd979889109ae5cc5d8d29578e019f531e51ab186,3
20635699,Aura Pizzas,Greater Kailash 2 (GK2),Delhi NCR,6494904203,"08:33 PM, January 10 2025",Delivered,Zomato Delivery,1km,"1 x Cheesy Garlic Bread, 1 x Makhani Paneer Pizza, 1 x Jamaican Chicken Melt",,,1357.0,67.85,0.0,0.0,0.0,0.0,1424.85,,,,,,14.88,0.5,Correctly,,d5ffac016906cd696fdfa54d3f27ed132044c7293eb51ae6075bbb89e6a6906e,3
20635699,Aura Pizzas,Greater Kailash 2 (GK2),Delhi NCR,6512172355,"07:32 PM, January 10 2025",Delivered,Zomato Delivery,3km,"1 x Peri Peri Crisper Fries, 1 x Fried Chicken Tenders, 1 x Cheesy Garlic Bread",,,868.0,43.4,0.0,0.0,0.0,0.0,911.4,,,,,,18.78,8.8,Incorrectly,,8340134e292ce5328aaa2dea69c6d48be7e1748c5647714c4df4269076e33a8d,3
20635699,Aura Pizzas,Greater Kailash 2 (GK2),Delhi NCR,6512571404,"07:10 PM, January 10 2025",Delivered,Zomato Delivery,14km,"1 x Onion Rings, 1 x Fried Chicken Tenders, 1 x Loaded Jamaican Grilled Chicken Pizza",,Flat 15% off,1273.0,55.06,171.86,0.0,0.0,0.0,1156.2,,,,,,21.6,13.8,Correctly,,7ce3d5b0b7143afe147fd802feabfae41015ca2b7c6ad1f0242bda08772f04a8,3
20635699,Aura Pizzas,Greater Kailash 2 (GK2),Delhi NCR,6507474861,"04:12 PM, January 10 2025",Delivered,Zomato Delivery,2km,"1 x Bageecha Pizza, 1 x Makhani Paneer Pizza, 1 x Cheesy Garlic Bread",,Flat 15% off,1487.0,64.31,200.75,0.0,0.0,0.0,1350.56,,,,,,17.2,1.0,Correctly,,42ab555850261ec6c526636dfb487356576592592a32c588b5f3ab77d0aa40db,3
20635699,Aura Pizzas,Greater Kailash 2 (GK2),Delhi NCR,6506740538,"07:16 PM, January 09 2025",Delivered,Zomato Delivery,3km,"1 x All About Chicken Pizza, 1 x Murgh Amritsari Seekh Pide, 1 x Peri Peri Grilled Chicken Pizza",,Flat Rs.300 off,1707.0,71.85,270.0,0.0,0.0,0.0,1508.85,,,,,,,11.8,Missed,,f9cbaffb8fb71967171555d154e58e919d1014181b10fb6987af81b5e4fd4964,3
20635699,Aura Pizzas,Greater Kailash 2 (GK2),Delhi NCR,6511165731,"06:09 PM, January 09 2025",Delivered,Zomato Delivery,2km,"1 x Herbed Potato, 2 x Peri Peri Chicken Melt",,Flat 15% off,1364.0,58.99,184.14,0.0,0.0,0.0,1238.85,,,,,,24.87,14.0,Correctly,,c85a4bd0fa43d630e01e789035b886c5b791c58a1e6809793d243fc9d0f393f9,3
20635699,Aura Pizzas,Greater Kailash 2 (GK2),Delhi NCR,6510209826,"08:55 PM, January 08 2025",Delivered,Zomato Delivery,2km,"1 x Masala Paneer Pide, 1 x Peri Peri Grilled Chicken Pizza, 1 x Murgh Amritsari Seekh Melt",,Flat Rs.300 off,1677.0,70.35,270.0,0.0,0.0,0.0,1477.35,,,,,,22.68,0.6,Correctly,,4f36ec698b744af8419caca104f5dc32d823c0e4bfe147168c1ad3d3d5c2ba02,3
20635699,Aura Pizzas,Greater Kailash 2 (GK2),Delhi NCR,6505229219,"01:05 PM, January 07 2025",Delivered,Zomato Delivery,1km,"1 x Jamaican Chicken Melt, 1 x Makhani Paneer Pizza, 1 x Murgh Amritsari Seekh Pizza",,Flat Rs.175 off,1757.0,63.78,157.0,324.5,0.0,0.0,1339.28,,,,,,24.25,7.9,Correctly,,26ad606c8aabc894237a63eb25147bcd5c9fc35cd5864921c253ff9fb3da92db,3
20635699,Aura Pizzas,Greater Kailash 2 (GK2),Delhi NCR,6497561492,"01:35 AM, January 07 2025",Delivered,Zomato Delivery,4km,"1 x Murgh Amritsari Garlic Bread, 1 x Salted Fries, 1 x Jamaican Chicken Melt",,Flat 15% off,976.0,42.21,131.76,0.0,0.0,0.0,886.45,,,,,,12.6,3.0,Correctly,,b9d26117396e9ba05b47da65865780a35f4388d2b423e0d65fb6ec70dca8ee9a,3
20635699,Aura Pizzas,Greater Kailash 2 (GK2),Delhi NCR,6501800032,"09:01 PM, January 05 2025",Delivered,Zomato Delivery,2km,"1 x Chilli Cheese Garlic Bread, 1 x Makhani Paneer Pizza, 1 x Bageecha Pizza",,,1497.0,74.85,0.0,0.0,0.0,0.0,1571.85,,,,,,17.5,0.6,Correctly,,358c747a97a0c644f0e55c31e2e1a49bb13ff5f3e375b225006376300e8f0b7b,3
20635699,Aura Pizzas,Greater Kailash 2 (GK2),Delhi NCR,6486778833,"08:24 PM, January 05 2025",Delivered,Zomato Delivery,2km,"1 x Fried Chicken Tenders, 1 x Angara Paneer Melt, 1 x Jamaican Chicken Melt",,Flat Rs.175 off,1113.0,47.8,157.0,0.0,0.0,0.0,1003.8,5.0,,,,,16.52,0.3,Correctly,,87914cdf29e9abadd81682bc1f10c5060e5ef20a11a3afa9ecf8b6f48d4fe98c,3
20635699,Aura Pizzas,Greater Kailash 2 (GK2),Delhi NCR,6501900093,"08:00 PM, January 05 2025",Delivered,Zomato Delivery,2km,"1 x Makhani Paneer Pizza, 1 x Cheesy Garlic Bread, 1 x Bageecha Pizza",,,1787.0,89.35,0.0,0.0,0.0,0.0,1876.35,5.0,,,,,29.93,0.2,Correctly,,596c2188539897c35f5a332d71adf9ca5b98cf0408704abd91a2053df08482f9,3
20635699,Aura Pizzas,Greater Kailash 2 (GK2),Delhi NCR,6496059344,"11:35 PM, January 04 2025",Delivered,Zomato Delivery,1km,"1 x Peri Peri Crisper Fries, 2 x Cheesy Garlic Bread",,,677.0,33.85,0.0,0.0,0.0,0.0,710.85,,,,,,11.22,0.9,Correctly,,926ec5f611c77e95aa941e605b6cca8e391b6db1622beb4c8c3d485faba14b2a,3
20635699,Aura Pizzas,Greater Kailash 2 (GK2),Delhi NCR,6492125894,"02:46 AM, January 04 2025",Delivered,Zomato Delivery,4km,"1 x Masala Paneer Pide, 1 x Just Pepperoni Pizza, 1 x Peri Peri Paneer Pizza",,,1757.0,87.85,0.0,0.0,0.0,0.0,1844.85,,,,,,17.67,0.6,Correctly,,fb68877ff7fdfbf438150b68c9f5f8f9b44f8bd2371cd6bb664d9981e8c04550,3
20635699,Aura Pizzas,Greater Kailash 2 (GK2),Delhi NCR,6490291745,"09:18 PM, January 02 2025",Delivered,Zomato Delivery,5km,"1 x Grilled Chicken Tangdi, 1 x Fried Chicken Tenders, 1 x Jamaican Chicken Melt",,Flat 15% off,933.0,40.35,125.96,0.0,0.0,0.0,847.39,,,,,,16.72,1.2,Correctly,,3999d5fcdec4988d7ae242c8b2ec461f692e000444f08ba3bdf4695ef495f656,3
20635699,Aura Pizzas,Greater Kailash 2 (GK2),Delhi NCR,6493797217,"06:46 PM, January 02 2025",Delivered,Zomato Delivery,<1km,"1 x Margherita Pizza, 1 x Just Pepperoni Pizza, 1 x Salted Crisper Fries",,,1287.0,64.35,0.0,0.0,0.0,0.0,1351.35,,,,,,12.97,0.7,Correctly,,6ad0ad2bc0df05c86c00dbb0e196c9be244c88f19d36c7b2a421d8dbe9fa09a8,3
20635699,Aura Pizzas,Greater Kailash 2 (GK2),Delhi NCR,6491318549,"04:40 PM, January 02 2025",Delivered,Zomato Delivery,8km,"1 x Peri Peri Fries, 1 x Chicken Pepperoni Pizza, 1 x Murgh Amritsari Seekh Pide",,Flat Rs.175 off,1416.0,62.95,157.0,0.0,0.0,0.0,1321.95,,,,,,26.5,12.6,Correctly,,99817fcf6d7d85c0cdcd25bbd3dd3eb54eec4ac7a0a71d7bde425358a3e5dc6a,3
20635699,Aura Pizzas,Greater Kailash 2 (GK2),Delhi NCR,6489713881,"10:02 PM, January 01 2025",Delivered,Zomato Delivery,8km,"1 x Bageecha Pizza, 1 x Fried Chicken Tenders, 1 x Tripple Cheese Pizza",,Buy 1 Get 1 - ₹549.00,784.0,39.2,0.0,0.0,0.0,0.0,823.2,,,,,,17.92,0.8,Correctly,,a0bf50dbfdf4734cd4a65e0bf25ef7706529bef30cc88a4a99883f486ef2bdfb,3
20635699,Aura Pizzas,Greater Kailash 2 (GK2),Delhi NCR,6491520967,"08:33 PM, January 01 2025",Delivered,Zomato Delivery,5km,"1 x Bageecha Pizza, 1 x Desi Chicken Pepperoni Pizza, 1 x Salted Crisper Fries",,Buy 1 Get 1 - ₹599.00,788.0,39.4,0.0,0.0,0.0,0.0,827.4,,,,,,50.87,1.0,Correctly,,3b28c90b80d750426911fa44d4c75225bc1a306e7b8ea35b597dd0ec2b1ae890,3
20635699,Aura Pizzas,Greater Kailash 2 (GK2),Delhi NCR,6484815254,"04:56 PM, January 01 2025",Delivered,Zomato Delivery,7km,"1 x Grilled Chicken Tangdi, 1 x Mutton Seekh Pizza, 1 x Mutton Seekh Pide",,Buy 1 Get 1 - ₹399.00,1208.0,60.4,0.0,0.0,0.0,0.0,1268.4,,,,,,24.13,1.8,Correctly,,7b01e18faa25b69998613c4874d7097c3f75d2ca7391cd0477818f42b06b47b6,3
20659868,Aura Pizzas,Sector 4,Delhi NCR,6515067296,"08:51 PM, January 10 2025",Delivered,Zomato Delivery,7km,"1 x Chilli Cheese Garlic Bread, 1 x Indian Masala Fries, 1 x Bageecha Pizza",,Flat 15% off,1296.0,50.54,174.96,0.0,0.0,110.16,1061.42,,,,,,31.68,3.3,Incorrectly,,ed5f2481771347f71f4a310a191b78070630cfafaf8c5d99b85d949ff980ec7c,3
20659868,Aura Pizzas,Sector 4,Delhi NCR,6515023736,"07:20 PM, January 10 2025",Delivered,Zomato Delivery,2km,"1 x Makhani Paneer Pizza, 1 x All About Chicken Pizza, 1 x Tipsy Tiger Ginger Ale",,,1407.05,70.35,0.0,0.0,0.0,0.0,1477.4,,,,,,17.57,8.1,Correctly,,67f792faac9207daf6334c2bd262a16548abe169e813239e76cf3ba65f0730aa,3
20659868,Aura Pizzas,Sector 4,Delhi NCR,6514897242,"06:57 PM, January 10 2025",Delivered,Zomato Delivery,7km,"1 x Chilli Cheese Garlic Bread, 1 x Murgh Amritsari Seekh Pide, 1 x Bageecha Pizza",,Flat 15% off,1477.0,63.88,199.4,0.0,0.0,0.0,1341.48,,,,,,14.92,0.9,Correctly,,f6b329ec6a7daccfb92d4f8471d496209428d25fafff1128b4afbf6de1e1267c,3
20659868,Aura Pizzas,Sector 4,Delhi NCR,6474397845,"10:37 PM, January 09 2025",Delivered,Zomato Delivery,3km,"2 x Chilli Cheese Garlic Bread, 1 x All About Chicken Pizza",,Flat 15% off,1417.0,61.29,191.3,0.0,0.0,0.0,1286.99,,,,,,16.08,2.7,Correctly,,1c70a038ba9ef0a65aaffe735e4cf7532e28f621162bd844370a0eb5605cb583,3
20659868,Aura Pizzas,Sector 4,Delhi NCR,6509285439,"06:28 PM, January 09 2025",Delivered,Zomato Delivery,12km,"1 x Cheesy Garlic Bread, 1 x Makhani Paneer Pizza, 1 x Peri Peri Grilled Chicken Pizza",,Flat Rs.300 off,1507.0,61.85,270.0,0.0,0.0,0.0,1298.85,,,,,,15.63,1.1,Correctly,,28678b9b3be973cf125d65181f8fe01a820c98bc04fd781dabf318644984f08c,3
20659868,Aura Pizzas,Sector 4,Delhi NCR,6509121992,"11:03 PM, January 08 2025",Delivered,Zomato Delivery,9km,"1 x Peri Peri Crisper Fries, 1 x Mushroom Pizza, 1 x Herbed Potato",,Flat 15% off,1226.0,53.02,165.51,0.0,0.0,0.0,1113.51,,,,,,16.67,3.8,Correctly,,7a49f3c8ad6937f8d6f0a94f9e5ed42a92cedfa51b8196a6e708271bafd44965,3
20659868,Aura Pizzas,Sector 4,Delhi NCR,6509307345,"08:38 PM, January 08 2025",Delivered,Zomato Delivery,3km,"1 x Just Pepperoni Pizza, 1 x All About Chicken Pizza, 1 x Margherita Pizza",,Flat Rs.300 off,1847.0,78.85,270.0,0.0,0.0,0.0,1655.85,,,,,,18.03,4.8,Correctly,,24831eb5633df5ea379b518c1dc22ec87e2d256dec0d73c2a77c99baf4eebc0c,3
20659868,Aura Pizzas,Sector 4,Delhi NCR,6509893431,"07:48 PM, January 08 2025",Delivered,Zomato Delivery,1km,"1 x Peri Peri Crisper Fries, 1 x Peri Peri Paneer Melt, 1 x Indian Masala Cripser Fries",,Flat 15% off,936.0,40.48,126.36,0.0,0.0,0.0,850.12,,,,,,13.35,1.0,Correctly,,029bf7944b46fa4a1e608f7d5d7bce16ac9ec8d93b779d8333b4b50946c91bd2,3
20659868,Aura Pizzas,Sector 4,Delhi NCR,6500043880,"08:14 PM, January 07 2025",Delivered,Zomato Delivery,12km,"2 x Jamaican Chicken Melt, 1 x Pepperoni Garlic Bread",,Flat 15% off,1405.0,54.8,189.68,0.0,0.0,119.43,1150.7,,,,,,,6.9,Missed,,f0d7ec47a65cabd6ec17c5f85bf3dca082f5523f5845ca636680f4ad8a4257dc,3
20659868,Aura Pizzas,Sector 4,Delhi NCR,6497624145,"06:37 PM, January 07 2025",Delivered,Zomato Delivery,2km,"1 x Bageecha Pizza, 1 x Mushroom Mozzarella Melt, 1 x Desi Chicken Pepperoni Pizza",,Flat Rs.300 off,1737.0,73.35,270.0,0.0,0.0,0.0,1540.35,,,,,,16.08,9.4,Incorrectly,,99c0bf4591a68805f99050f5f18c002114db6fcfb5a8e518325eb59eb05db08f,3
20659868,Aura Pizzas,Sector 4,Delhi NCR,6503442393,"01:57 AM, January 07 2025",Delivered,Zomato Delivery,5km,"1 x Fried Chicken Tenders, 1 x Chilli Cheese Garlic Bread, 1 x Peri Peri Fries",,50% off upto Rs.100,772.0,34.1,90.0,0.0,0.0,0.0,716.1,,,,,,13.93,2.4,Correctly,,8fd21b3203d33ea9ec242e1df250b784407a6e2e7b7e37e17e42eb8601d7942c,3
20659868,Aura Pizzas,Sector 4,Delhi NCR,6505184545,"11:22 PM, January 06 2025",Delivered,Zomato Delivery,6km,"1 x Pepperoni Garlic Bread, 2 x Murgh Amritsari Seekh Melt",,Flat 15% off,1287.0,55.66,173.75,0.0,0.0,0.0,1168.91,,,,,,21.32,2.4,Correctly,,d4fc59556b8b138b5ceb76f81b707feb259b66b75745ed7e3a1df773363c2602,3
20659868,Aura Pizzas,Sector 4,Delhi NCR,6491704288,"06:48 PM, January 06 2025",Delivered,Zomato Delivery,2km,"1 x Indian Masala Fries, 1 x Bageecha Pizza, 1 x OG Cheese Pide",,Flat 15% off,1396.0,60.38,188.46,0.0,0.0,0.0,1267.92,5.0,,,,,11.52,5.0,Incorrectly,,16a4a189f29a6d38ca60dc1bc8ba8236a29e0e809a9c0a78fb0334123315e480,3
20659868,Aura Pizzas,Sector 4,Delhi NCR,6504011518,"02:11 PM, January 06 2025",Delivered,Zomato Delivery,1km,"1 x Chilli Cheese Garlic Bread, 1 x Tipsy Tiger Ginger Ale, 1 x Bageecha Pizza",,,977.05,48.85,0.0,0.0,0.0,0.0,1025.9,,,,,,19.15,10.4,Correctly,,ee9e2f6045839682c12b1c6991dd9a1a0bd9d7d951182f184a4a5502b956ba02,3
20659868,Aura Pizzas,Sector 4,Delhi NCR,6502981209,"09:19 PM, January 05 2025",Delivered,Zomato Delivery,3km,"1 x Bageecha Pizza, 1 x Salted Crisper Fries, 1 x Margherita Pizza",,Flat 15% off,1237.0,53.5,167.0,0.0,0.0,0.0,1123.5,,,,,,14.0,4.5,Incorrectly,,e4ec311bffea518d98ef58619d645db34b165e7780d00382209966f817be7057,3
20659868,Aura Pizzas,Sector 4,Delhi NCR,6500959979,"07:04 PM, January 05 2025",Delivered,Zomato Delivery,3km,"1 x Cheesy Garlic Bread, 1 x Peri Peri Grilled Chicken Pizza, 1 x Bageecha Pizza",,,1517.0,75.85,0.0,0.0,0.0,0.0,1592.85,,,,,,19.52,9.3,Correctly,,44d1c8cf65b4018302c7746ee142e638bf1e11f7305f64536f5b02ff85b854e8,3
20659868,Aura Pizzas,Sector 4,Delhi NCR,6501258737,"06:57 PM, January 05 2025",Delivered,Zomato Delivery,4km,"1 x Bageecha Pizza, 1 x Tripple Cheese Pizza, 1 x Angara Paneer Melt",,Flat Rs.300 off,1997.0,86.35,270.0,0.0,0.0,0.0,1813.35,,,,,,25.0,8.9,Correctly,,2d66b722fdb23ac08b3e9e3633b87eb65bc99246d6b96d08caf3d425f81a6759,3
20659868,Aura Pizzas,Sector 4,Delhi NCR,6494941584,"04:09 PM, January 05 2025",Delivered,Zomato Delivery,9km,"1 x Tipsy Tiger Fresh Lime Soda, 1 x All About Chicken Pizza, 1 x Grilled Chicken Tangdi",,Flat 15% off,1307.05,57.33,160.38,0.0,0.0,0.0,1204.0,,,,,,19.98,8.0,Correctly,,4a6e0d5d47e35818f8da998385aa16f1106158af20d397064c860bfd0485aa97,3
20659868,Aura Pizzas,Sector 4,Delhi NCR,6500088525,"12:09 AM, January 05 2025",Delivered,Zomato Delivery,9km,"1 x Chilli Cheese Garlic Bread, 1 x Harissa Mayo, 1 x Margherita Pizza",,Flat 15% off,968.0,41.87,130.68,0.0,0.0,0.0,879.19,,,,,,16.07,7.2,Correctly,,355826040d45413d098069693316ffc90c8a6e7093fed2e2948520a796e56b86,3
20659868,Aura Pizzas,Sector 4,Delhi NCR,6495568483,"04:15 PM, January 04 2025",Delivered,Zomato Delivery,8km,"1 x Peri Peri Paneer Pizza, 1 x Makhani Paneer Pizza, 1 x Mushroom Mozzarella Melt",,,1607.0,80.35,0.0,0.0,0.0,0.0,1687.35,,,,,,19.57,2.9,Correctly,,1667d34d491782260aa960049e486e8bf384f0f1e55e7c1dd27cc648cb399c53,3
20659868,Aura Pizzas,Sector 4,Delhi NCR,6483699746,"02:19 PM, January 04 2025",Delivered,Zomato Delivery,6km,"1 x Raw Masala Lemon Shikanji, 1 x Peri Peri Fries, 1 x Makhani Paneer Pizza",,50% off upto Rs.100,872.24,39.11,90.0,0.0,0.0,0.0,821.35,,,,,,13.8,2.2,Correctly,,1fc928ccff823c93e3b3d7cdd2ae314f6a91049faece1adc1149de418f677114,3
20659868,Aura Pizzas,Sector 4,Delhi NCR,6494668733,"06:34 PM, January 03 2025",Delivered,Zomato Delivery,9km,"1 x Tripple Cheese Pizza, 1 x Herbed Potato, 1 x Jamaican Chicken Melt",,Flat 15% off,1376.0,59.51,185.76,0.0,0.0,0.0,1249.75,,,,,,20.4,1.0,Correctly,,af0d90def5d609e8c223adb2a705ab10327effbf2aa236d7d467e74dd36d52f3,3
20659868,Aura Pizzas,Sector 4,Delhi NCR,6487535840,"08:32 PM, January 02 2025",Delivered,Zomato Delivery,6km,"1 x Makhani Paneer Pizza, 1 x Cheesy Garlic Bread, 1 x All About Chicken Pizza",,Flat Rs.300 off,1756.0,74.3,270.0,0.0,0.0,0.0,1560.3,,,,,,18.1,10.5,Incorrectly,,a39bcd5a0e3c7abe9c0689740271e36a829fe9b353f3a84e041f2a68ce9a74b5,3
20659868,Aura Pizzas,Sector 4,Delhi NCR,6492722592,"12:25 AM, January 02 2025",Delivered,Zomato Delivery,16km,"1 x Indian Salsa, 1 x Tripple Cheese Pizza, 1 x Peri Peri Crisper Fries",,Flat Rs.175 off,1008.0,42.55,157.0,0.0,0.0,0.0,893.55,,,,,,26.97,16.6,Correctly,,f3a50a240deaae05e77fdabf9e68f34b41322dbcb267cf30a784883c17feebfc,3
20659868,Aura Pizzas,Sector 4,Delhi NCR,6486991243,"12:22 AM, January 02 2025",Delivered,Zomato Delivery,9km,"1 x Bageecha Pizza, 2 x Herbed Potato",,Flat 15% off,895.0,38.71,120.83,0.0,0.0,0.0,812.88,,,,,,22.53,16.9,Correctly,,5530eeb56210cfd436901a6f6627aa3bc71ca626b282ab4d05d429f2940787bf,3
20659868,Aura Pizzas,Sector 4,Delhi NCR,6482203369,"02:18 AM, January 01 2025",Delivered,Zomato Delivery,2km,"1 x OG Cheese Pide, 1 x Garlic Aioli, 1 x Angara Paneer Melt",,Flat 15% off,858.0,37.11,115.83,0.0,0.0,0.0,779.28,,,,,,14.62,7.9,Correctly,,130105eea2dd025c1c7f1f19c9e541634b587daddded1e8afa6275845a19d4d2,3
20882652,Aura Pizzas,DLF Phase 1,Delhi NCR,6515649619,"09:37 PM, January 10 2025",Delivered,Zomato Delivery,4km,"1 x Mushroom Mozzarella Melt, 1 x Peri Peri Fries, 1 x Peri Peri Paneer Pizza",,,1286.0,64.3,0.0,0.0,0.0,0.0,1350.3,,,,,,18.02,2.4,Correctly,,6c246b8dc0f5390dcdb07f315710267e7a68187bfc5a6dc9d65b4686669e59a7,3
20882652,Aura Pizzas,DLF Phase 1,Delhi NCR,6499927357,"03:25 PM, January 10 2025",Delivered,Zomato Delivery,4km,"1 x Chilli Cheese Garlic Bread, 1 x Herbed Potato, 1 x Peri Peri Paneer Pizza",,Flat Rs.175 off,1026.0,43.45,157.0,0.0,0.0,0.0,912.45,,,,,,19.38,9.0,Correctly,,1a17e13b6872de7ca396c1043cc886ed8117658e99709f4f196b5eb947a565c8,3
20882652,Aura Pizzas,DLF Phase 1,Delhi NCR,6511045577,"01:38 AM, January 10 2025",Delivered,Zomato Delivery,3km,"1 x Tripple Cheese Pizza, 1 x Masala Potato Pide, 1 x Malai Gud Pide",,Flat 15% off,1467.0,63.45,198.05,0.0,0.0,0.0,1332.4,,,,,,14.63,6.1,Correctly,,001ab5fc3ee158b4d22e106897cee9b355e6eed50f163e65265a5f01fa426b54,3
20882652,Aura Pizzas,DLF Phase 1,Delhi NCR,6507675953,"08:56 PM, January 08 2025",Delivered,Zomato Delivery,6km,"1 x Mushroom Mozzarella Melt, 1 x Masala Potato Pide, 1 x Bageecha Pizza",,Flat Rs.300 off,1706.0,64.77,270.0,0.0,0.0,140.6,1360.17,5.0,,,,,18.45,4.1,Incorrectly,,9be4632abd6ba33710cd6d303940c797e10123e13dc0ce2bc7f0a41fbe2de021,3
20882652,Aura Pizzas,DLF Phase 1,Delhi NCR,6506248728,"03:03 PM, January 08 2025",Delivered,Zomato Delivery,6km,"2 x Chilli Cheese Garlic Bread, 1 x Murgh Amritsari Seekh Pizza",,Flat 15% off,1485.0,64.23,200.48,0.0,0.0,0.0,1348.75,,,,,,20.9,6.2,Correctly,,f29ac7535332eca5c7a6844a08a20d36d476d681b770f3862f7381e32065e077,3
20882652,Aura Pizzas,DLF Phase 1,Delhi NCR,6489573407,"01:57 PM, January 08 2025",Delivered,Zomato Delivery,6km,"1 x Tripple Cheese Pizza, 1 x Murgh Amritsari Seekh Pizza, 1 x Peri Peri Fries",,,1806.0,50.1,0.0,804.0,0.0,0.0,1052.1,,,,,,26.27,6.1,Correctly,,0d7112361995aab30c2afda12b1cd605e2f24950f57a569a5981d4a58d7ea2c6,3
20882652,Aura Pizzas,DLF Phase 1,Delhi NCR,6504970851,"08:57 PM, January 07 2025",Delivered,Zomato Delivery,4km,"1 x Peri Peri Grilled Chicken Pizza, 1 x Cheesy Garlic Bread, 1 x Mushroom Pizza",,Flat 15% off,1527.0,66.04,206.15,0.0,0.0,0.0,1386.89,,,,,,22.4,3.0,Correctly,,e70096ee39c21d32de7d11452500ba2237702d5cd6e66ec551319b76033c007a,3
20882652,Aura Pizzas,DLF Phase 1,Delhi NCR,6504427502,"07:01 PM, January 07 2025",Delivered,Zomato Delivery,6km,"1 x Chilli Cheese Garlic Bread, 1 x Herbed Potato, 1 x Bellpepper Onion Pizza",,Flat Rs.175 off,1016.0,42.95,157.0,0.0,0.0,0.0,901.95,,,,,,19.48,7.1,Correctly,,1de3d6c8e5617c41761175fabe2268def4e082fb0cab0592e0ff9f0ead9142fd,3
20882652,Aura Pizzas,DLF Phase 1,Delhi NCR,6493015036,"10:13 PM, January 05 2025",Delivered,Zomato Delivery,10km,"1 x Murgh Amritsari Garlic Bread, 1 x Murgh Amritsari Garlic Bread, 1 x Jamaican Chicken Melt",,Flat 15% off,1177.0,50.91,158.9,0.0,0.0,0.0,1069.01,3.0,,,,,20.4,2.6,Correctly,,e16ec53b5eb4f5dd32227c032ba70fc57681aec0a81d7a8532e5cb264c0cc652,3
20882652,Aura Pizzas,DLF Phase 1,Delhi NCR,6480904820,"08:19 PM, January 05 2025",Delivered,Zomato Delivery,6km,"1 x Crushed Papad, 1 x Peri Peri Paneer Pizza, 1 x Cheesy Garlic Bread",,Flat 15% off,878.0,37.97,118.53,0.0,0.0,0.0,797.44,,,,,,14.68,3.6,Incorrectly,,daf6d30992f5d0401b27688486fd8ec1cc8b793986c32152fad8082e02b2ab5c,3
20882652,Aura Pizzas,DLF Phase 1,Delhi NCR,6491376060,"10:07 PM, January 04 2025",Delivered,Zomato Delivery,6km,"1 x Cheesy Garlic Bread, 1 x Herbed Potato, 1 x Crushed Papad",,,507.0,25.35,0.0,0.0,0.0,0.0,532.35,,,,,,15.57,2.4,Correctly,,daf6d30992f5d0401b27688486fd8ec1cc8b793986c32152fad8082e02b2ab5c,3
20882652,Aura Pizzas,DLF Phase 1,Delhi NCR,6497484741,"07:58 PM, January 04 2025",Delivered,Zomato Delivery,3km,"1 x Bageecha Pizza, 1 x Mushroom Pizza, 1 x Chilli Cheese Garlic Bread",,,1526.0,76.3,0.0,0.0,0.0,0.0,1602.3,,,,,,17.85,6.3,Incorrectly,,db6a36c2ae816a2327f49befac37d47da54244f4da2e2092c21248e03186877a,3
20882652,Aura Pizzas,DLF Phase 1,Delhi NCR,6495986388,"08:04 PM, January 03 2025",Delivered,Zomato Delivery,4km,3 x Margherita Pizza,,Flat Rs.300 off,1947.0,83.85,270.0,0.0,0.0,0.0,1760.85,,,,,,15.5,0.3,Correctly,,b2450d1e95e61e28a669e33d07f817c8b9662ccb1e3385ce3ff9906675749ae6,3
20882652,Aura Pizzas,DLF Phase 1,Delhi NCR,6490330616,"06:43 PM, January 03 2025",Delivered,Zomato Delivery,6km,"1 x Herbed Potato, 1 x Bellpepper Onion Pizza, 1 x Chilli Cheese Garlic Bread",,Flat 15% off,986.0,42.64,133.11,0.0,0.0,0.0,895.53,,,,,,19.67,2.2,Correctly,,1de3d6c8e5617c41761175fabe2268def4e082fb0cab0592e0ff9f0ead9142fd,3
20882652,Aura Pizzas,DLF Phase 1,Delhi NCR,6494638405,"03:11 PM, January 03 2025",Delivered,Zomato Delivery,4km,3 x Margherita Pizza,,Flat 15% off,1947.0,84.21,262.85,0.0,0.0,0.0,1768.36,5.0,Too good,,,,25.02,20.2,Correctly,,b2450d1e95e61e28a669e33d07f817c8b9662ccb1e3385ce3ff9906675749ae6,3
20882652,Aura Pizzas,DLF Phase 1,Delhi NCR,6489548791,"12:13 PM, January 02 2025",Delivered,Zomato Delivery,3km,"1 x Margherita Pizza, 1 x Chilli Cheese Garlic Bread, 1 x Indian Masala Cripser Fries",,Flat 15% off,917.0,39.66,123.8,0.0,0.0,0.0,832.86,,,,,,17.65,5.2,Correctly,,51518ebbcfbf8a2f36640f5744fc078564998a30aa69aec02f703d4ca60ccaac,3
20882652,Aura Pizzas,DLF Phase 1,Delhi NCR,6481886065,"01:53 PM, January 01 2025",Delivered,Zomato Delivery,9km,"1 x All About Chicken Pizza, 2 x Bageecha Pizza",,Flat Rs.300 off,1857.0,77.85,300.0,0.0,0.0,0.0,1634.85,,,,,,30.85,13.5,Correctly,,a7f1ac135eef2234999bc5528bfade28920fd917f45844a35d44da090a2a3ae9,3
20882713,Swaad,DLF Phase 1,Delhi NCR,6512702686,"11:19 PM, January 10 2025",Delivered,Zomato Delivery,2km,"1 x Bone in Kabuli Grilled Chicken, 1 x Bone in Smoky Bbq Grilled Chicken, 1 x Peri Peri Crisper Fries",,,1429.0,71.45,0.0,0.0,0.0,0.0,1500.45,,,,,,20.25,4.9,Incorrectly,,3a9b8cf1f9688ede6a52508e3084c711e56481c817e0b6dcb7f61279bc429f0b,3
20882713,Swaad,DLF Phase 1,Delhi NCR,6497550825,"07:53 PM, January 06 2025",Delivered,Zomato Delivery,7km,"1 x Grilled Chicken Smoky BBQ Tangdi, 1 x Grilled Chicken Jamaican Tangdi, 1 x Peri Peri Crisper Fries",,Flat 20% off,1469.0,58.76,293.8,0.0,0.0,0.0,1233.96,,,,,,24.07,10.4,Correctly,,410a53fae31e8be715c0f036805b1044aafe7540b029d6724d1f91b99adc8fbd,3
20882713,Swaad,DLF Phase 1,Delhi NCR,6496759761,"06:31 PM, January 06 2025",Delivered,Zomato Delivery,5km,"1 x Fried Chicken Peri Peri Tender, 1 x Angara Rice, 1 x Grilled Chicken Peri Peri Tender",,Flat Rs.175 off,1043.0,44.3,157.0,0.0,0.0,0.0,930.3,,,,,,17.48,6.6,Correctly,,58e9eaa9da7da9e82c23941207a8df747eb540b432e55badd634d0aa775f7aaf,3
20882713,Swaad,DLF Phase 1,Delhi NCR,6500349651,"10:03 PM, January 05 2025",Delivered,Zomato Delivery,5km,"1 x Fried Chicken Peri Peri Tender, 1 x Bone in Jamaican Grilled Chicken, 1 x AAC Saucy Fries",,Flat 15% off,970.0,41.95,130.95,0.0,0.0,0.0,881.0,,,,,,18.32,4.1,Incorrectly,,5958e393ee51dbb68d0a46bc3d07114eeb57b4c30b5f2d9174b468de85486d5b,3
20882713,Swaad,DLF Phase 1,Delhi NCR,6493790264,"08:25 PM, January 02 2025",Delivered,Zomato Delivery,6km,"1 x Coleslaw, 1 x Herbed Potato, 1 x AAC Saucy Fries",,Flat 15% off,691.0,29.89,93.29,0.0,0.0,0.0,627.6,,,,,,18.02,1.9,Correctly,,c60b30a557f4652222508ac561965b948f41b40655333783885701c743a86e6a,3
20968194,Dilli Burger Adda,Sector 4,Delhi NCR,6505102185,"07:29 PM, January 09 2025",Delivered,Zomato Delivery,6km,"1 x Dirty Saucy Chicken Loaded Fries, 1 x Atomic Veg Burger, 1 x Chicken Smashed Burger",,Flat Rs.175 off,965.0,40.4,157.0,0.0,0.0,0.0,848.4,,,,,,27.17,14.2,Correctly,,737fa59984a9e1d7daa219b6ea399b945c79cb1265302168996420f2aee9b686,3
21077127,Aura Pizzas,Sector 135,Delhi NCR,6511000116,"06:58 PM, January 10 2025",Delivered,Zomato Delivery,6km,3 x All About Chicken Pizza,,,2817.0,140.85,0.0,0.0,0.0,0.0,2957.85,,,,,,22.27,15.2,Correctly,,f6e68ffc4f93a1897e6c51e517b4fd8e345a93d234ae6852b0b20d82a1c3d236,3
21077127,Aura Pizzas,Sector 135,Delhi NCR,6501593191,"10:24 PM, January 09 2025",Delivered,Zomato Delivery,16km,"1 x Grilled Chicken Tangdi, 1 x Mutton Seekh Pizza, 1 x Peri Peri Fries",,Flat Rs.175 off,1406.0,61.55,175.0,0.0,0.0,0.0,1292.55,,,,,,,6.8,Missed,,a2c8d62840b5a6a0e670c5d59306a865283100203df61bb255e9db4f3be486a7,3
21077127,Aura Pizzas,Sector 135,Delhi NCR,6507219525,"09:30 PM, January 07 2025",Delivered,Zomato Delivery,5km,"1 x Onion Rings, 1 x Jamaican Chicken Melt, 1 x Salted Fries",,Flat Rs.175 off,1025.0,42.5,175.0,0.0,0.0,0.0,892.5,,,,,,29.37,16.7,Correctly,,f313d7904210791fc6c05a77db8de5858d4b156004472f7f7b834cbc4e330be6,3
21077127,Aura Pizzas,Sector 135,Delhi NCR,6504337074,"04:22 PM, January 07 2025",Delivered,Zomato Delivery,7km,"1 x Indian Salsa, 1 x Mushroom Mozzarella Melt, 1 x Angara Paneer Melt",,Flat Rs.175 off,1018.0,37.94,175.0,0.0,0.0,84.3,796.64,,,,,,16.17,7.9,Correctly,,557b81f935fab155bba0fff9336ac63bc4966aa6af2788debca7ef2e2bd88997,3
21077127,Aura Pizzas,Sector 135,Delhi NCR,6501538640,"10:06 PM, January 05 2025",Delivered,Zomato Delivery,7km,"1 x Peri Peri Crisper Fries, 1 x Makhani Paneer Pizza, 1 x Peri Peri Paneer Pizza",,Flat Rs.175 off,1717.0,77.1,175.0,0.0,0.0,0.0,1619.1,,,,,,20.95,5.5,Correctly,,63030f28b445e2c30c5bbcd8a93304cc9a7866305640f5b772e6cadf0795e47a,3
21077127,Aura Pizzas,Sector 135,Delhi NCR,6500436410,"07:13 PM, January 05 2025",Delivered,Zomato Delivery,1km,"1 x Cheesy Garlic Bread, 1 x Bageecha Pizza, 1 x Herbed Potato",,Flat Rs.175 off,1186.0,50.55,175.0,0.0,0.0,0.0,1061.55,,,,,,19.32,11.4,Correctly,,25d712182a2ed0dd5a952c448a7fce8bfeaaa0f7b13bf16295f4b296acc78041,3
21077127,Aura Pizzas,Sector 135,Delhi NCR,6493707246,"06:48 PM, January 02 2025",Delivered,Zomato Delivery,7km,"1 x Cheesy Garlic Bread, 1 x Makhani Paneer Pizza, 1 x Peri Peri Crisper Fries",,Flat Rs.175 off,1017.0,42.1,175.0,0.0,0.0,0.0,884.1,4.0,,,,,15.63,6.9,Correctly,,3b2af57247327994c937fc264fc929b1e310943c085a9c1a6e34b613826e6406,3
21077127,Aura Pizzas,Sector 135,Delhi NCR,6488864136,"12:32 PM, January 01 2025",Delivered,Zomato Delivery,4km,"2 x Herbed Potato, 1 x Masala Potato Pide",,,595.0,14.88,0.0,297.5,0.0,0.0,312.38,,,,,,16.48,2.7,Correctly,,e446f483bf712f78b5b452402e35ca07b1dd13aae76861f56f625dbbb9cb0a66,3
21114574,Dilli Burger Adda,Shahdara,Delhi NCR,6511600199,"08:47 PM, January 09 2025",Delivered,Zomato Delivery,4km,"1 x Grilled Chicken Dirty Burger, 1 x Chicken Smashed Burger, 1 x Atomic Veg Burger",,Flat Rs.175 off,960.0,40.15,157.0,0.0,0.0,0.0,843.15,,,,,,26.58,9.9,Correctly,,7b1c0a170a11769dea7315383c1c250b1625224a5939d42abc42a683674e4b65,3
21114574,Dilli Burger Adda,Shahdara,Delhi NCR,6498278431,"01:39 PM, January 09 2025",Delivered,Zomato Delivery,2km,"1 x Mutton Smashed Burger, 2 x Chicken Smashed Burger",,Flat Rs.175 off,1030.0,43.65,157.0,0.0,0.0,0.0,916.65,,,,,,25.43,12.1,Correctly,,add26cbe797c4a976733f84db51dfaa0fff9ff5a96f57542570671c21b7ee40f,3
21145152,Tandoori Junction,Sector 4,Delhi NCR,6485506562,"07:14 PM, January 02 2025",Delivered,Zomato Delivery,4km,"1 x Smoky BBQ Boneless Grilled Chicken Breast, 1 x Carribean Jerk dip, 1 x Angara Boneless Grilled Chicken Breast",,,1388.0,83.28,0.0,0.0,0.0,0.0,1471.28,5.0,,,,,17.23,1.2,Correctly,,11f2f24056c2f71abd19d6f9f29ec3ed450f30d3638db2b3670443ba1eecb014,3
21173951,Aura Pizzas,Vasant Kunj,Delhi NCR,6494231285,"09:54 PM, January 04 2025",Delivered,Zomato Delivery,9km,"1 x Cheesy Garlic Bread, 1 x Margherita Pizza, 1 x All About Chicken Pizza",,Flat 15% off,1467.0,63.45,198.05,0.0,0.0,0.0,1332.4,,,,,,17.23,0.3,Correctly,,0a78d58bb81cebd284124315d0ad2eea34384ff4f98068674ec11b27717a36e0,3
21173951,Aura Pizzas,Vasant Kunj,Delhi NCR,6487602337,"10:09 PM, January 03 2025",Delivered,Zomato Delivery,2km,"1 x Peri Peri Paneer Pizza, 1 x Salted Fries, 1 x Fried Chicken Tenders",,Flat 15% off,942.0,40.74,127.17,0.0,0.0,0.0,855.57,,,,,,20.03,5.9,Correctly,,c1f759138c87b476f8700278756fbb877884f841f934f451d26b7f0e70cae7e7,3
21173951,Aura Pizzas,Vasant Kunj,Delhi NCR,6490523319,"01:11 PM, January 03 2025",Delivered,Zomato Delivery,4km,"1 x Herbed Potato, 1 x Garlic Aioli, 1 x Mutton Seekh Pizza",,,887.0,23.68,0.0,413.5,0.0,0.0,497.18,,,,,,17.52,1.1,Correctly,,6dc6255ec1da48344c1127b641aa3e1ea3881d986e6306c28c205f23291d5506,3
21173951,Aura Pizzas,Vasant Kunj,Delhi NCR,6476441011,"07:51 PM, January 02 2025",Delivered,Zomato Delivery,1km,"1 x Mushroom Pizza, 1 x Bageecha Pizza, 1 x Chilli Cheese Garlic Bread",,Flat 15% off,1467.0,63.45,198.05,0.0,0.0,0.0,1332.4,,,,,,16.47,1.4,Correctly,,ad559924c033772f10c1bfff41f99a881eceb8b311e7ec0efad24ea0b126a0ca,3
21173951,Aura Pizzas,Vasant Kunj,Delhi NCR,6490185697,"07:19 PM, January 01 2025",Delivered,Zomato Delivery,6km,"1 x Makhani Paneer Pizza, 1 x Bageecha Pizza, 1 x Peanut Butter Chocolate Pide",,Buy 1 Get 1 - ₹749.00,1098.0,54.9,0.0,0.0,0.0,0.0,1152.9,,,,,,20.45,1.2,Correctly,,225f4eeb21320bf6597452bfa7caf075d52272ae199075a2e480e95dd52b5da8,3
21309083,Swaad,Sector 135,Delhi NCR,6515499724,"09:11 PM, January 10 2025",Delivered,Zomato Delivery,6km,"1 x Bone in Smoky Bbq Grilled Chicken, 1 x Fried Chicken Angara Tender, 1 x Fried Chicken Beast AAC Burger",,Flat Rs.175 off,1010.0,42.65,157.0,0.0,0.0,0.0,895.65,,,,,,21.98,0.3,Correctly,,99c0bf4591a68805f99050f5f18c002114db6fcfb5a8e518325eb59eb05db08f,3
21309083,Swaad,Sector 135,Delhi NCR,6511233431,"06:35 PM, January 10 2025",Delivered,Zomato Delivery,3km,"2 x Garlic Aioli, 1 x Bone in Smoky Bbq Grilled Chicken",,Flat 20% off,1335.0,54.74,240.3,0.0,0.0,0.0,1149.44,,,,,,14.58,5.3,Correctly,,97658d2bc525a202e07a471b25a339cc2d992516df993dbccad1ff497fdfb579,3
21309083,Swaad,Sector 135,Delhi NCR,6511093142,"01:34 PM, January 10 2025",Delivered,Zomato Delivery,2km,"1 x Herbed Potato, 1 x Bone in Peri Peri Grilled Chicken, 1 x Bone in Jamaican Grilled Chicken",,Flat 15% off,968.0,41.87,130.68,0.0,0.0,0.0,879.19,,,,,,21.2,10.6,Correctly,,1686162249398b8d4f0b54fc430153d6f1a9803caaa464b667806a92115a6a5e,3
21309083,Swaad,Shahdara,Delhi NCR,6497071460,"10:17 PM, January 04 2025",Delivered,Zomato Delivery,7km,"1 x Peri Peri Crisper Fries, 1 x Grilled Chicken Ghostbuster Tangdi, 1 x Grilled Chicken Jamaican Tangdi",,,1479.0,73.95,0.0,0.0,0.0,0.0,1552.95,,,,,,13.85,1.5,Correctly,,21f570ff6db6be84f793c28deb288604bf2b773bf2babd39cdd5195ab7e96559,3
21309083,Swaad,Shahdara,Delhi NCR,6499961851,"09:57 PM, January 04 2025",Delivered,Zomato Delivery,5km,"1 x Fried Chicken Beast AAC Burger, 1 x Bone in Smoky Bbq Grilled Chicken, 1 x Fried Chicken Classic Tender",,Flat 20% off,1285.0,52.69,231.3,0.0,0.0,0.0,1106.39,,,,,,19.73,3.9,Correctly,Poor taste or quality,8515c3ba345c377e52c8f6ab19e0af3aa54eb51dae6335c560eb78fce7065979,3
21309083,Swaad,Shahdara,Delhi NCR,6496538558,"08:31 PM, January 04 2025",Delivered,Zomato Delivery,6km,"1 x Fried Chicken Beast AAC Burger, 1 x AAC Grilled Chicken Burger, 1 x Bone in Jamaican Grilled Chicken",,Flat Rs.175 off,1060.0,45.15,157.0,0.0,0.0,0.0,948.15,,,,,,30.03,14.0,Correctly,,95c2f21a62f750cb906c700349e9c125be18696d89d8e15392955db85ebe8431,3
21309083,Swaad,Shahdara,Delhi NCR,6496164689,"06:13 PM, January 04 2025",Delivered,Zomato Delivery,1km,"1 x GhostBuster Sauce, 1 x Bone in Jamaican Grilled Chicken, 1 x Grilled Chicken Peri Peri Tender",Order: Extra Spicy,Flat 15% off,680.0,29.41,91.8,0.0,0.0,0.0,617.61,,,,,,14.23,5.6,Correctly,,5f24e67b4bf45e2f635aa1cb14ef929129dd96497ff7c5462aaea43aee3b00a4,3
21309083,Swaad,Shahdara,Delhi NCR,6493216678,"10:20 PM, January 03 2025",Delivered,Zomato Delivery,7km,"1 x AAC Saucy Fries, 1 x Onion Rings, 1 x Animal Fries",,Flat 15% off,859.0,37.15,115.97,0.0,0.0,0.0,780.18,,,,,,17.23,0.7,Correctly,,99f2994f41b2fe721f21904e79febe33fd38f38036f5cd84553569124d69df5f,3
21309083,Swaad,Shahdara,Delhi NCR,6493045147,"06:34 PM, January 02 2025",Delivered,Zomato Delivery,5km,"1 x Grilled Chicken Jamaican Tangdi, 1 x Kabuli Grilled Paneer (8 pcs), 1 x Grilled Chicken Jamaican Tangdi",,,1575.0,78.75,0.0,0.0,0.0,0.0,1653.75,5.0,"The grilled Jamaican tangdis have become a staple at my home, always very flavourful, and perfectly cooked, every time. The packaging is also super impressive, and the food always makes for an awesome ordering in experience :D",,,,25.37,19.1,Correctly,,263ac3d8da87ce3e727a58a2349e20c6ccae6930ff097df186047d2b3332e3e4,3
20320607,Swaad,Sector 4,Delhi NCR,6513144056,"05:29 PM, January 18 2025",Delivered,Zomato Delivery,5km,"1 x Bone in Angara Grilled Chicken, 1 x Tipsy Tiger Ginger Ale, 1 x Fried Chicken Ghostbuster Tender",,Flat 15% off,1029.05,45.31,122.85,0.0,0.0,0.0,951.51,,,,,,15.18,9.1,Correctly,,f8c70b17fe70fd21ea15c024605c436da85806b67a0a786ede58b79cc497914f,3
20320607,Swaad,Sector 4,Delhi NCR,6518608781,"05:11 PM, January 16 2025",Delivered,Zomato Delivery,1km,"1 x Bone in Jamaican Grilled Chicken, 1 x Bone in Kabuli Grilled Chicken, 1 x Grilled Chicken Peri Peri Tender",,Flat 20% off,1605.0,65.81,288.9,0.0,0.0,0.0,1381.91,,,,,,17.68,11.6,Correctly,,4426b1a9591a5dbaba3e8bbedb9c31116e57d309e6d2c971902abe5efa8811e8,3
20320607,Swaad,Sector 4,Delhi NCR,6527964296,"12:42 PM, January 16 2025",Delivered,Zomato Delivery,3km,"2 x Grilled Chicken Jamaican Tender, 1 x Herbed Potato",,Flat 20% off,1288.0,52.81,231.84,0.0,0.0,0.0,1108.97,,,,,,18.47,15.4,Incorrectly,,1c8c41e64dad8da0a77ec7991b2566a7b1182c9a383ec6a9557fb9907e15134e,3
20320607,Swaad,Sector 4,Delhi NCR,6526212428,"03:26 PM, January 15 2025",Delivered,Zomato Delivery,3km,"1 x Bone in Jamaican Grilled Chicken, 1 x Fried Chicken Peri Peri Tender, 1 x Jamaican Sauce",,Flat 15% off,925.0,40.01,124.88,0.0,0.0,0.0,840.13,,,,,,17.4,5.9,Correctly,,864d464e6738f8e0d101b0dc1abf22542b9e4d97f88d31e5ffbaa2f3a895c8b5,3
20320607,Swaad,Sector 4,Delhi NCR,6517226961,"09:29 PM, January 12 2025",Delivered,Zomato Delivery,9km,"1 x Fried Chicken Angara Tender, 1 x Grilled Chicken Smoky Bbq Boneless Breast, 1 x Grilled Chicken Jamaican Boneless Breast",,Flat 20% off,1230.0,50.43,221.4,0.0,0.0,0.0,1059.03,,,,,,15.57,1.5,Correctly,Non-refunded complaint,a0e4520d3c020828a1732123d1d4187e2cc168715f5d23f66c1a958af81d987f,3
20320607,Swaad,Sector 4,Delhi NCR,6508671774,"04:34 PM, January 11 2025",Delivered,Zomato Delivery,1km,"1 x Grilled Chicken Jamaican Tender, 1 x Bone in Smoky Bbq Grilled Chicken, 1 x Indian Salsa",,Flat 15% off,680.0,29.41,91.8,0.0,0.0,0.0,617.61,,,,,,10.17,1.2,Correctly,,64f057dd9f237b4df16d9f5352a6ff3b5dceca553c84e8be2a81435afb6c38c4,3
20554001,Swaad,Greater Kailash 2 (GK2),Delhi NCR,6540056106,"07:04 PM, January 20 2025",Delivered,Zomato Delivery,5km,"2 x Bone in Smoky Bbq Grilled Chicken, 1 x Herbed Potato",,Buy 1 Get 1 - ₹310.00,488.0,24.4,0.0,0.0,0.0,0.0,512.4,,,,,,17.57,0.8,Correctly,,877a98e0b3bb94162f3d192cd6503ebff190896a0e7f78c7ace4fa4630473f24,3
20554001,Swaad,Greater Kailash 2 (GK2),Delhi NCR,6539387958,"05:51 PM, January 19 2025",Delivered,Zomato Delivery,2km,"1 x Honey Mustard sauce, 1 x AAC Grilled Chicken Burger, 1 x Grilled Chicken Smoky BBQ Tangdi",,Flat Rs.175 off,1070.0,45.65,157.0,0.0,0.0,0.0,958.65,5.0,,,,,18.13,3.7,Correctly,,b3204344269c8f6af0312e5043cbb4d1c259226865a6b84e22a57a3b5d24e5da,3
20554001,Swaad,Greater Kailash 2 (GK2),Delhi NCR,6533075040,"09:00 PM, January 18 2025",Delivered,Zomato Delivery,3km,3 x Grilled Chicken Jamaican Tender,,Flat 20% off,1305.0,53.51,234.9,0.0,0.0,0.0,1123.61,,,,,,13.82,1.1,Correctly,,12b07b9c3370baa5dd15fbfbc43c3dbc379fe66f73dbda9526c651d3fe501507,3
20554001,Swaad,Greater Kailash 2 (GK2),Delhi NCR,6533563300,"08:09 PM, January 18 2025",Delivered,Zomato Delivery,3km,"1 x AAC Grilled Chicken Burger, 1 x Bone in Jamaican Grilled Chicken, 1 x Smoky BBQ Sauce",,Flat 15% off,745.0,32.22,100.58,0.0,0.0,0.0,676.64,,,,,,21.2,0.5,Correctly,Wrong item(s) delivered,0f16ee7ac8edc5698cc57cc85c0141cf652dffb1e49885d82a0740517a1bb128,3
20554001,Swaad,Greater Kailash 2 (GK2),Delhi NCR,6536453268,"05:38 PM, January 18 2025",Delivered,Zomato Delivery,5km,"1 x Grilled Chicken Jamaican Tender, 1 x Fried Chicken Classic Tender, 1 x Fried Chicken Peri Peri Tender",,Flat Rs.175 off,1085.0,46.4,157.0,0.0,0.0,0.0,974.4,,,,,,17.75,0.7,Correctly,,6a22da410ad3347134461e717285dd51a85364d9f509d5cde0b7ed8dc4ae5dfd,3
20554001,Swaad,Greater Kailash 2 (GK2),Delhi NCR,6534270710,"03:01 PM, January 18 2025",Delivered,Zomato Delivery,2km,3 x AAC Grilled Chicken Burger,,,1125.0,56.25,0.0,0.0,0.0,0.0,1181.25,,,,,,15.33,1.5,Correctly,,a0c864f5fd0c3377066fc7b5e13c78a92c12d0edd0e76fcf935f04bc67db45ea,3
20554001,Swaad,Greater Kailash 2 (GK2),Delhi NCR,6530612892,"09:23 PM, January 17 2025",Delivered,Zomato Delivery,2km,"1 x Bone in Smoky Bbq Grilled Chicken, 1 x AAC Signature Fries, 1 x AAC Signature Crisper Fries",,Flat Rs.175 off,1093.0,48.55,122.0,0.0,0.0,0.0,1019.55,,,,,,25.35,3.4,Correctly,,293bf9dc9a1694cb0dd4d03f73c07f7f6b25698f100de824474e170ea81228cb,3
20554001,Swaad,Greater Kailash 2 (GK2),Delhi NCR,6533314839,"09:14 PM, January 17 2025",Delivered,Zomato Delivery,4km,"2 x Bone in Jamaican Grilled Chicken, 1 x Salted Fries",,Flat 15% off,789.0,34.12,106.52,0.0,0.0,0.0,716.6,5.0,It's heaven..,,,,22.68,0.6,Correctly,,c7c66dcb1be470a94058ad9b54ed67db4ee0abe6fc1f77c10e684756bd24b70c,3
20554001,Swaad,Greater Kailash 2 (GK2),Delhi NCR,6534011879,"08:09 PM, January 17 2025",Delivered,Zomato Delivery,2km,"1 x Grilled Chicken Jamaican Tender, 1 x Angara Sauce, 1 x Grilled Chicken Peri Peri Tender",,,930.0,46.5,0.0,0.0,0.0,0.0,976.5,,,,,,15.27,1.0,Correctly,,7ff96bb0a0fe5fee8f803c3172c81b03b4be8c780c7ca1322be1b45fccac3458,3
20554001,Swaad,Greater Kailash 2 (GK2),Delhi NCR,6523041560,"01:55 AM, January 15 2025",Delivered,Zomato Delivery,6km,"1 x Fried Chicken Beast AAC Burger, 1 x Fried Chicken Ghostbuster Tender, 1 x Animal Fries",,,1449.0,72.45,0.0,0.0,0.0,0.0,1521.45,,,,,,23.4,5.8,Correctly,,eddbc21cd3842fcaa166c56e69182d74feb1fce4789bfe28226e19283b0bb3f6,3
20554001,Swaad,Greater Kailash 2 (GK2),Delhi NCR,6517203451,"09:41 PM, January 13 2025",Delivered,Zomato Delivery,5km,"1 x Salted Fries, 1 x Grilled Chicken Jamaican Tender, 1 x Garlic Aioli",,50% off upto Rs.100,539.0,22.45,90.0,0.0,0.0,0.0,471.45,,,,,,11.35,0.5,Correctly,,8d19b544df98e80b565cf6d1a8ec663d509eb222dc0efd971572fc85949bf4c2,3
20554001,Swaad,Greater Kailash 2 (GK2),Delhi NCR,6520628571,"08:00 PM, January 13 2025",Delivered,Zomato Delivery,2km,"1 x Bone in Jamaican Grilled Chicken, 1 x Salted Fries, 1 x Fried Chicken Beast AAC Burger",,Flat 15% off,854.0,36.94,115.29,0.0,0.0,0.0,775.65,,,,,,59.12,26.1,Correctly,,72e66c2834796e0f3eafa232b82b3335e0e58c769dd84ae5ae20bcd9b7b0675b,3
20554001,Swaad,Greater Kailash 2 (GK2),Delhi NCR,6521385522,"07:08 PM, January 13 2025",Delivered,Zomato Delivery,6km,"1 x Bone in Kabuli Grilled Chicken, 1 x Bone in Smoky Bbq Grilled Chicken, 1 x Herbed Potato",,Flat 15% off,1183.0,51.17,159.71,0.0,0.0,0.0,1074.46,5.0,,,,,21.93,1.1,Correctly,,18b104d9588b9f3eed8406e219f28445a560158eab81f71fd34c88b0cbdca2a3,3
20554001,Swaad,Greater Kailash 2 (GK2),Delhi NCR,6523641741,"06:48 PM, January 13 2025",Delivered,Zomato Delivery,2km,"1 x Bone in Jamaican Grilled Chicken Quarter + Angara Rice, 2 x Indian Salsa",,50% off upto Rs.100,535.0,22.25,90.0,0.0,0.0,0.0,467.25,,,,,,20.2,9.1,Correctly,,b6c382e4cadf1a2f911108dcb74083b636200a17c84367b96e1a7f3e3729d997,3
20554001,Swaad,Greater Kailash 2 (GK2),Delhi NCR,6518775004,"03:00 AM, January 13 2025",Delivered,Zomato Delivery,1km,"1 x AAC Signature Fries, 1 x Peri Peri Crisper Fries, 1 x Fried Chicken Beast AAC Burger",,,943.0,47.15,0.0,0.0,0.0,0.0,990.15,,,,,,21.83,6.8,Correctly,,a015dd1b652a390b54916d6cdf35e01a6dc379cb157b7f225609355278fbcdf3,3
20554001,Swaad,Greater Kailash 2 (GK2),Delhi NCR,6514729375,"01:38 AM, January 12 2025",Delivered,Zomato Delivery,2km,"1 x Fried Chicken Ghostbuster Tender, 1 x Grilled Chicken Jamaican Tender, 1 x Fried Chicken Peri Peri Tender",,Flat 20% off,1355.0,55.56,243.9,0.0,0.0,0.0,1166.66,,,,,,28.22,6.8,Correctly,,0841c5533c618bd6361b49a4d434380e54a7fc5fcf8abc7375bd5b4b8d67a67b,3
20554001,Swaad,Greater Kailash 2 (GK2),Delhi NCR,6516934845,"11:25 PM, January 11 2025",Delivered,Zomato Delivery,2km,"1 x Fried Chicken Classic Tender, 2 x AAC Grilled Chicken Burger",,,1255.0,62.75,0.0,0.0,0.0,0.0,1317.75,,,,,,18.1,0.7,Correctly,,a0c864f5fd0c3377066fc7b5e13c78a92c12d0edd0e76fcf935f04bc67db45ea,3
20554001,Swaad,Greater Kailash 2 (GK2),Delhi NCR,6515197549,"02:01 AM, January 11 2025",Delivered,Zomato Delivery,1km,"1 x Fried Chicken Classic Tender, 1 x Fried Chicken Peri Peri Tender, 1 x Animal Fries",,,1314.0,65.7,0.0,0.0,0.0,0.0,1379.7,,,,,,16.75,0.5,Correctly,,c211e55f16df949b1ebf5b5a5ea799d04bd839c71a87ed3838da0398aab7ae73,3
20635699,Aura Pizzas,Greater Kailash 2 (GK2),Delhi NCR,6541961742,"08:05 PM, January 20 2025",Delivered,Zomato Delivery,4km,"1 x Makhani Paneer Pizza, 1 x Indian Masala Cripser Fries, 1 x Malai Gud Pide",,Flat Rs.175 off,1147.0,49.5,157.0,0.0,0.0,0.0,1039.5,,,,,,16.38,0.5,Correctly,,bafc7274f3b44669aa6b2677f92fca206dde8126acefc749bdb0593bc22e20b5,3
20635699,Aura Pizzas,Greater Kailash 2 (GK2),Delhi NCR,6540639259,"02:54 AM, January 20 2025",Delivered,Zomato Delivery,6km,"1 x Bageecha Pizza, 1 x Chilli Cheese Garlic Bread, 1 x Peri Peri Crisper Fries",,Flat Rs.175 off,1297.0,57.0,157.0,0.0,0.0,0.0,1197.0,,,,,,17.68,3.6,Correctly,,cb032e90198dba27fbc7734c71a8118413c9aa9a309e077e038c7332bd4647f6,3
20635699,Aura Pizzas,Greater Kailash 2 (GK2),Delhi NCR,6541868072,"12:09 AM, January 20 2025",Delivered,Zomato Delivery,5km,"1 x Bacon Pepperoni Melt, 2 x Just Pepperoni Pide",,Flat 15% off,1477.0,63.88,199.4,0.0,0.0,0.0,1341.48,,,,,,15.45,3.4,Correctly,,beffcdfe9353ff72c4f36ce9dfb7876ddb717ab48c27cb37f9b1a3333ea66fdb,3
20635699,Aura Pizzas,Greater Kailash 2 (GK2),Delhi NCR,6537022451,"10:37 PM, January 19 2025",Delivered,Zomato Delivery,5km,"1 x Jamaican Chicken Melt, 1 x Angara Paneer Melt, 1 x Murgh Amritsari Seekh Pizza",,Flat Rs.300 off,1627.0,67.85,270.0,0.0,0.0,0.0,1424.85,,,,,,28.27,15.2,Correctly,,0e5ad9a4d88fed9df37f5e4583451dc9f529e796702f5847b9fe01b0a9811066,3
20635699,Aura Pizzas,Greater Kailash 2 (GK2),Delhi NCR,6539084096,"10:34 PM, January 19 2025",Delivered,Zomato Delivery,1km,"1 x Bacon Pepperoni Melt, 1 x Pepperoni Garlic Bread, 1 x Peanut Butter Chocolate Pide",,Flat 15% off,1425.0,61.63,192.38,0.0,0.0,0.0,1294.25,,,,,,21.52,8.5,Correctly,,8e5ab440dd78c80bd417ea56cb786fb9cd8da45bdd8c7e4e2539cc780a6174c9,3
20635699,Aura Pizzas,Greater Kailash 2 (GK2),Delhi NCR,6539967940,"02:53 PM, January 19 2025",Delivered,Zomato Delivery,2km,"1 x Just Pepperoni Pide, 1 x Tripple Cheese Pizza, 1 x Murgh Amritsari Seekh Pizza",,,1617.0,40.43,0.0,808.5,0.0,0.0,848.93,,,,,,20.23,5.7,Correctly,,ee5ae5b5187b6e62dff834f2e147751d667aba5c4497629855c4009a14ca6e8d,3
20635699,Aura Pizzas,Greater Kailash 2 (GK2),Delhi NCR,6533228120,"02:26 PM, January 19 2025",Delivered,Zomato Delivery,5km,"1 x Spinach Sumac Pide, 1 x Tripple Cheese Pizza, 1 x Murgh Amritsari Seekh Pizza",,,1567.0,39.18,0.0,783.5,0.0,0.0,822.68,5.0,,,,,29.6,15.1,Correctly,,1099a7e56e2f04e488107f5c2af6297448439c269973c8d5920b8d0692d4d9a2,3
20635699,Aura Pizzas,Greater Kailash 2 (GK2),Delhi NCR,6538327797,"10:43 PM, January 18 2025",Delivered,Zomato Delivery,4km,"1 x Jamaican Chicken Melt, 1 x All About Chicken Pizza, 1 x Murgh Amritsari Garlic Bread",,Flat Rs.300 off,1736.0,73.3,270.0,0.0,0.0,0.0,1539.3,,,,,,41.65,19.7,Correctly,,434dc08fe6a8534a067ddb436370f1a0c8037b5b2297cf7ef3410086f6edb05a,3
20635699,Aura Pizzas,Greater Kailash 2 (GK2),Delhi NCR,6535319263,"10:03 PM, January 18 2025",Delivered,Zomato Delivery,3km,"1 x Murgh Amritsari Garlic Bread, 2 x Peri Peri Crisper Fries",,Flat Rs.100 off,697.0,34.85,0.0,0.0,0.0,0.0,731.85,,,,,,22.68,4.3,Incorrectly,,6b22d12bfb5b1237620015a45284a90c65f01c5de7630f5e5cf25f9fbfbe85a0,3
20635699,Aura Pizzas,Greater Kailash 2 (GK2),Delhi NCR,6518099669,"09:40 PM, January 18 2025",Delivered,Zomato Delivery,1km,"1 x Makhani Paneer Pizza, 1 x Chicken Pepperoni Pizza, 1 x Bageecha Pizza",,Flat 15% off,1857.0,80.32,250.7,0.0,0.0,0.0,1686.62,,,,,,18.85,0.6,Correctly,,9368e78d4d94118e454091af445ef0c60b91664538263b158d77e01b5ff86528,3
20635699,Aura Pizzas,Greater Kailash 2 (GK2),Delhi NCR,6531286387,"08:37 PM, January 18 2025",Delivered,Zomato Delivery,3km,"1 x All About Chicken Pizza, 1 x Margherita Pizza, 1 x Peri Peri Crisper Fries",,,1937.0,96.85,0.0,0.0,0.0,0.0,2033.85,5.0,,,,,21.3,2.1,Correctly,,03da70567d6cfe84ef87a836079d4de9e6ee4c2813d99dfd9555d297b97be6e0,3
20635699,Aura Pizzas,Greater Kailash 2 (GK2),Delhi NCR,6524545496,"11:39 PM, January 17 2025",Delivered,Zomato Delivery,1km,"1 x Bageecha Pizza, 2 x Indian Masala Fries",,,1225.0,61.25,0.0,0.0,0.0,0.0,1286.25,,,,,,19.02,0.7,Correctly,,ff33364e201fb17ed2b567b8facd0035a63c91476df477ffd5088ce2b16fbdae,3
20635699,Aura Pizzas,Greater Kailash 2 (GK2),Delhi NCR,6533609036,"08:03 PM, January 17 2025",Delivered,Zomato Delivery,5km,"1 x Angara Paneer Melt, 1 x Pepperoni Garlic Bread, 1 x Margherita Pizza",,Flat 15% off,1257.0,54.37,169.7,0.0,0.0,0.0,1141.67,,,,,,12.63,1.0,Correctly,,a0529df56cac7bf5412b4c0ebdac09d2373f336b1e23d3decbddaff96e1413a3,3
20635699,Aura Pizzas,Greater Kailash 2 (GK2),Delhi NCR,6533248593,"07:15 PM, January 17 2025",Delivered,Zomato Delivery,2km,"1 x Peri Peri Fries, 1 x Fried Chicken Tenders, 1 x Murgh Amritsari Garlic Bread",,Flat Rs.150 off,682.0,28.1,120.0,0.0,0.0,0.0,590.1,,,,,,12.18,2.0,Correctly,,0cf9a29caadb91b0ff78720041df04990d419ea5292b3ef0db4f2c122a434837,3
20635699,Aura Pizzas,Greater Kailash 2 (GK2),Delhi NCR,6531254192,"05:14 PM, January 17 2025",Delivered,Zomato Delivery,1km,"1 x Bageecha Pizza, 1 x Herbed Potato, 1 x Chilli Cheese Garlic Bread",,50% off upto Rs.100,1185.0,54.75,90.0,0.0,0.0,0.0,1149.75,,,,,,21.03,12.2,Correctly,,d6b3c08866d92d17ad712d1ccbee2a4ab745917064aa18a9a6dcf1346ecd135b,3
20635699,Aura Pizzas,Greater Kailash 2 (GK2),Delhi NCR,6531858725,"11:57 AM, January 17 2025",Delivered,Zomato Delivery,4km,"1 x Peri Peri Chicken Melt, 1 x Pepperoni Garlic Bread, 1 x Herbed Potato",,50% off upto Rs.100,996.0,45.3,90.0,0.0,0.0,0.0,951.3,,,,,,23.15,11.8,Correctly,,d051dcacce8b737314d43115b892734c1a45c3299a2c32a852e8a0e6f4ebcb5a,3
20635699,Aura Pizzas,Greater Kailash 2 (GK2),Delhi NCR,6531372780,"08:07 PM, January 16 2025",Delivered,Zomato Delivery,1km,"1 x Peri Peri Crisper Fries, 1 x Fried Chicken Tenders, 1 x Jamaican Chicken Melt",,Flat Rs.150 off,883.0,38.15,120.0,0.0,0.0,0.0,801.15,,,,,,17.07,0.6,Correctly,,209bdc39adcc874a61e187d968327a3df83b0257b4bc3cdbd8b1574de6ed46a3,3
20635699,Aura Pizzas,Greater Kailash 2 (GK2),Delhi NCR,6529573482,"05:35 PM, January 16 2025",Delivered,Zomato Delivery,2km,"1 x Just Pepperoni Pizza, 2 x Jamaican Chicken Melt",,Flat Rs.300 off,1677.0,63.47,270.0,0.0,0.0,137.7,1332.77,,,,,,24.72,12.6,Correctly,,fb030711dc72929461c37e00c9440eead6f57c51dd051689eb6d12dc68797ed1,3
20635699,Aura Pizzas,Greater Kailash 2 (GK2),Delhi NCR,6530390810,"05:33 PM, January 16 2025",Delivered,Zomato Delivery,2km,"1 x Murgh Amritsari Seekh Pizza, 1 x Margherita Pizza, 1 x Peri Peri Chicken Melt",,,1827.0,82.22,0.0,0.0,0.0,182.7,1726.52,,,,,,22.7,12.5,Incorrectly,,fb030711dc72929461c37e00c9440eead6f57c51dd051689eb6d12dc68797ed1,3
20635699,Aura Pizzas,Greater Kailash 2 (GK2),Delhi NCR,6527335856,"09:46 PM, January 15 2025",Delivered,Zomato Delivery,8km,"1 x Makhani Paneer Pizza, 1 x Tripple Cheese Pizza, 1 x Chilli Cheese Garlic Bread",,,1507.0,75.35,0.0,0.0,0.0,0.0,1582.35,,,,,,16.27,1.2,Correctly,,e2f55b79593a4e2a2a193bfe784888c4ae515d0b840cf9b368349fdcf1a94f7d,3
20635699,Aura Pizzas,Greater Kailash 2 (GK2),Delhi NCR,6529695296,"07:59 PM, January 15 2025",Delivered,Zomato Delivery,3km,"1 x Jamaican Chicken Melt, 1 x All About Chicken Pizza, 1 x Herbed Potato",,Flat Rs.300 off,1586.0,65.8,270.0,0.0,0.0,0.0,1381.8,,,,,,24.48,3.6,Correctly,,5485ee53ffce980eefe035592da3597037fc2ce0141c6bf480e73ffb84eaaef9,3
20635699,Aura Pizzas,Greater Kailash 2 (GK2),Delhi NCR,6521115593,"01:02 PM, January 15 2025",Delivered,Zomato Delivery,14km,"1 x Herbed Potato, 1 x Loaded Jamaican Grilled Chicken Pizza, 1 x All About Chicken Pizza",,Flat Rs.300 off,1735.0,69.55,270.0,74.0,0.0,0.0,1460.55,,,,,,24.72,8.6,Correctly,,0d33888c159311c60f9a96915b720be375c35444292977b1ae3d29a40df76dd3,3
20635699,Aura Pizzas,Greater Kailash 2 (GK2),Delhi NCR,6520460814,"01:00 PM, January 14 2025",Delivered,Zomato Delivery,6km,"1 x Peri Peri Crisper Fries, 1 x Garlic Aioli, 1 x Just Pepperoni Pide",,50% off upto Rs.100,658.0,18.43,90.0,199.5,0.0,0.0,386.93,,,,,,15.55,0.6,Correctly,,916abc26097bea25c73ae86892b065a2dde8af1ed24481f3f83687d505fd9c23,3
20635699,Aura Pizzas,Greater Kailash 2 (GK2),Delhi NCR,6517047678,"08:09 PM, January 12 2025",Delivered,Zomato Delivery,1km,"1 x Mutton Seekh Pide, 1 x Bageecha Pizza, 1 x Spinach Sumac Pide",,,1577.0,78.85,0.0,0.0,0.0,0.0,1655.85,,,,,,25.92,9.9,Correctly,,b0181d7f2633d7276fbb6f7d788239745ce4a7c00ad915e6b2f9d0539bcc10ee,3
20635699,Aura Pizzas,Greater Kailash 2 (GK2),Delhi NCR,6518458643,"07:26 PM, January 12 2025",Delivered,Zomato Delivery,2km,"1 x Makhani Paneer Pizza, 1 x Murgh Amritsari Garlic Bread, 1 x Mushroom Pizza",,Flat Rs.300 off,1537.0,63.35,270.0,0.0,0.0,0.0,1330.35,,,,,,31.37,8.2,Correctly,,3107090e6a88eaee600bc06ac354fe6da3c6c8476ed74a3ff50b010ff72c079a,3
20635699,Aura Pizzas,Greater Kailash 2 (GK2),Delhi NCR,6519553685,"07:26 PM, January 12 2025",Delivered,Zomato Delivery,5km,"1 x All About Chicken Pizza, 1 x Bageecha Pizza, 1 x Chilli Cheese Garlic Bread",,,1637.0,81.85,0.0,0.0,0.0,0.0,1718.85,,,,,,29.75,9.9,Correctly,,b62b969a87c3f027261bd5c2e78c6c37a14107ef8d37385dbbd917565ab53ffb,3
20635699,Aura Pizzas,Greater Kailash 2 (GK2),Delhi NCR,6518732689,"07:01 PM, January 12 2025",Delivered,Zomato Delivery,1km,"1 x Jamaican Chicken Melt, 1 x Indian Masala Cripser Fries, 1 x Bageecha Pizza",,Flat Rs.300 off,1527.0,62.85,270.0,0.0,0.0,0.0,1319.85,,,,,,18.25,7.7,Correctly,,080a6ab22ef2987bc62af382df802f9775dad25a34898a98d7ecb91cd904a0ab,3
20635699,Aura Pizzas,Greater Kailash 2 (GK2),Delhi NCR,6519371665,"06:35 PM, January 12 2025",Delivered,Zomato Delivery,3km,"1 x OG Cheese Pide, 1 x Just Pepperoni Pizza, 1 x Spinach Sumac Pide",,Flat 15% off,1397.0,60.42,188.6,0.0,0.0,0.0,1268.82,,,,,,14.97,0.6,Correctly,,cf7ef6b3c6e7460c0375b9b9946cdd4538253720492b63dc10eaa495de4b8d2b,3
20635699,Aura Pizzas,Greater Kailash 2 (GK2),Delhi NCR,6482297494,"06:25 PM, January 11 2025",Delivered,Zomato Delivery,5km,"1 x Mushroom Pizza, 1 x Spinach Sumac Pide, 1 x Chilli Cheese Garlic Bread",,Flat 15% off,1247.0,53.93,168.35,0.0,0.0,0.0,1132.58,,,,,,18.68,0.8,Correctly,,d13bce59644f5c7318df60de6cf39acdcd70aeb0009d1ab7e33ffe5763b0cf30,3
20635699,Aura Pizzas,Greater Kailash 2 (GK2),Delhi NCR,6516549979,"02:10 PM, January 11 2025",Delivered,Zomato Delivery,2km,"1 x Chilli Cheese Garlic Bread, 1 x Bageecha Pizza, 1 x Herbed Potato",,Flat 15% off,1046.0,42.54,121.23,74.0,0.0,0.0,893.31,,,,,,20.12,9.4,Correctly,,3da6ffa19761defeb2c3212b4ef053a843374e7135cbc37f708b84aaa6f68015,3
20659868,Aura Pizzas,Sector 4,Delhi NCR,6539371591,"03:58 PM, January 20 2025",Delivered,Zomato Delivery,<1km,"1 x Garlic Aioli, 1 x Bageecha Pizza, 1 x Cheesy Garlic Bread",,Flat Rs.150 off,1138.0,50.9,120.0,0.0,0.0,0.0,1068.9,,,,,,11.83,9.8,Correctly,,818e27a80369ca0ae577cf579579a9b4b6896ec7b71c6b444bf2c15f4a461f98,3
20659868,Aura Pizzas,Sector 4,Delhi NCR,6539674935,"01:22 PM, January 20 2025",Delivered,Zomato Delivery,1km,"1 x Indian Masala Fries, 1 x Murgh Amritsari Seekh Pizza, 1 x Malai Gud Pide",,,1525.0,53.05,0.0,464.0,0.0,0.0,1114.05,,,,,,14.88,2.1,Correctly,,c5adf73d0f31dc142bc3078cb01f6e42c32d6d66fe681ab0805a1d32efe0770e,3
20659868,Aura Pizzas,Sector 4,Delhi NCR,6541551178,"03:28 AM, January 20 2025",Delivered,Zomato Delivery,5km,"1 x Onion Rings, 1 x Peri Peri Fries, 1 x Tripple Cheese Pizza",,,1256.0,62.8,0.0,0.0,0.0,0.0,1318.8,,,,,,11.13,1.4,Correctly,,d357b32812b4140b7d89af628669f89399aef2e3476266137177aca4467280f2,3
20659868,Aura Pizzas,Sector 4,Delhi NCR,6539178699,"11:50 PM, January 19 2025",Delivered,Zomato Delivery,3km,"1 x Harissa Mayo, 1 x Pepperoni Garlic Bread, 1 x Malai Gud Pide",,Flat Rs.150 off,628.0,25.4,120.0,0.0,0.0,0.0,533.4,,,,,,7.4,6.7,Incorrectly,,366defa21900b12f2376fafeb68c9e726791176d92445f757e468690f10c1691,3
20659868,Aura Pizzas,Sector 4,Delhi NCR,6538903985,"08:52 PM, January 19 2025",Delivered,Zomato Delivery,9km,"1 x Cheesy Garlic Bread, 1 x Margherita Pizza, 1 x Peri Peri Paneer Pizza",,Flat Rs.300 off,1717.0,72.35,270.0,0.0,0.0,0.0,1519.35,,,,,,9.17,1.8,Correctly,,355826040d45413d098069693316ffc90c8a6e7093fed2e2948520a796e56b86,3
20659868,Aura Pizzas,Sector 4,Delhi NCR,6536374730,"07:40 PM, January 19 2025",Delivered,Zomato Delivery,3km,"1 x All About Chicken Pizza, 1 x Tripple Cheese Pizza, 1 x Mutton Seekh Pide",,Flat Rs.300 off,1847.0,78.85,270.0,0.0,0.0,0.0,1655.85,,,,,,15.58,0.9,Correctly,,781178cf5b9a24af6c63a241098cc05f7a18f5cbd015dd6df40e58150236375e,3
20659868,Aura Pizzas,Sector 4,Delhi NCR,6539598504,"01:46 PM, January 19 2025",Delivered,Zomato Delivery,<1km,"1 x Angara Paneer Melt, 1 x Cheesy Garlic Bread, 1 x Tripple Cheese Pizza",,60% off upto Rs.120,1297.0,46.13,90.0,284.5,0.0,0.0,968.63,,,,,,17.85,7.4,Correctly,,5d5e36faccfcbe34f5b53c3d18636909cf2767959e5efaf1fc74b7e2181c8e30,3
20659868,Aura Pizzas,Sector 4,Delhi NCR,6523035148,"10:18 PM, January 18 2025",Delivered,Zomato Delivery,4km,"1 x Peri Peri Chicken Melt, 1 x Grilled Chicken Tangdi, 1 x Peri Peri Fries",,,966.0,48.3,0.0,0.0,0.0,0.0,1014.3,,,,,,16.28,1.8,Correctly,,fe092c8f491f3cd0fa200a7f38afb58601238835779d1e2b588433ce7bf3298b,3
20659868,Aura Pizzas,Sector 4,Delhi NCR,6536792408,"08:03 PM, January 18 2025",Delivered,Zomato Delivery,2km,"1 x Bageecha Pizza, 1 x Jamaican Chicken Melt, 1 x Mushroom Mozzarella Melt",,Flat Rs.300 off,1607.0,66.85,270.0,0.0,0.0,0.0,1403.85,,,,,,17.15,0.8,Correctly,,38932f7bd6c0f7c04ca81751c76ddb41cd9d65df34b301fae8794f44ced62025,3
20659868,Aura Pizzas,Sector 4,Delhi NCR,6531341845,"07:26 PM, January 18 2025",Delivered,Zomato Delivery,4km,"1 x Chilli Cheese Garlic Bread, 1 x Bageecha Pizza, 1 x Onion Rings",,Flat 15% off,1447.0,62.58,195.35,0.0,0.0,0.0,1314.23,,,,,,17.67,0.3,Correctly,,eac5bdf9d5070821c202f1efdc6ed65187099c9758573ca5e9d4631f6b6044a4,3
20659868,Aura Pizzas,Sector 4,Delhi NCR,6536056389,"03:32 PM, January 18 2025",Delivered,Zomato Delivery,3km,"1 x Angara Paneer Melt, 1 x Margherita Pizza, 1 x Tipsy Tiger Ginger Ale",,Flat Rs.175 off,1166.05,50.45,157.0,0.0,0.0,0.0,1059.5,,,,,,17.1,15.0,Incorrectly,,530dbca24f9f3c1dd54aeb3ccf9abe50a6870ca5306e62c03cebd366953104d7,3
20659868,Aura Pizzas,Sector 4,Delhi NCR,6536280416,"01:40 PM, January 18 2025",Delivered,Zomato Delivery,6km,"1 x Herbed Potato, 1 x Spinach Sumac Pide, 1 x Bageecha Pizza",,Flat Rs.150 off,1246.0,40.88,120.0,308.5,0.0,0.0,858.38,,,,,,15.85,9.6,Incorrectly,,cb982535a29264e78980814be64427639890ff432146185b62f1b3d209f3f788,3
20659868,Aura Pizzas,Sector 4,Delhi NCR,6531557324,"01:43 AM, January 18 2025",Delivered,Zomato Delivery,5km,"1 x Tripple Cheese Pizza, 1 x Peri Peri Paneer Pizza, 1 x Mushroom Pizza",,Flat 15% off,1807.0,78.15,243.95,0.0,0.0,0.0,1641.2,,,,,,15.47,10.0,Incorrectly,,d357b32812b4140b7d89af628669f89399aef2e3476266137177aca4467280f2,3
20659868,Aura Pizzas,Sector 4,Delhi NCR,6534671571,"07:57 PM, January 17 2025",Delivered,Zomato Delivery,4km,"1 x Makhani Paneer Pizza, 1 x Salted Fries, 1 x Bageecha Pizza",,Flat Rs.300 off,1806.0,76.8,270.0,0.0,0.0,0.0,1612.8,2.0,,,,,14.08,1.6,Correctly,,93ae49341bbb19701d2f707ead8c3f666b51471e1f15c4b025d4231a64f6ad65,3
20659868,Aura Pizzas,Sector 4,Delhi NCR,6531352801,"07:48 PM, January 17 2025",Delivered,Zomato Delivery,9km,"2 x Tripple Cheese Pizza, 1 x Onion Rings",,Flat Rs.300 off,1767.0,67.52,270.0,0.0,0.0,146.7,1417.82,,,,,,15.97,9.0,Correctly,,a45598f957c4463661515688431b0579a35cce84411787b616d28043eb3f2610,3
20659868,Aura Pizzas,Sector 4,Delhi NCR,6533077061,"02:28 PM, January 17 2025",Delivered,Zomato Delivery,1km,"1 x Makhani Paneer Pizza, 2 x Chilli Cheese Garlic Bread",,Flat 15% off,1337.0,57.83,180.5,0.0,0.0,0.0,1214.33,,,,,,22.87,6.4,Correctly,,d77141cbca722bf692fa2975dccded2d2f65b99b410c90a88cb9751acfc82deb,3
20659868,Aura Pizzas,Sector 4,Delhi NCR,6531494881,"12:14 PM, January 17 2025",Delivered,Zomato Delivery,<1km,"1 x Peri Peri Grilled Chicken Pizza, 1 x Murgh Amritsari Seekh Pizza, 1 x Herbed Potato",,Flat Rs.150 off,1646.0,56.38,120.0,398.5,0.0,0.0,1183.88,,,,,,19.4,4.6,Correctly,,719ede1448047a43c06c3225b500b9621e3779960e4f84a55e03c21905027ce4,3
20659868,Aura Pizzas,Sector 4,Delhi NCR,6523719758,"03:51 PM, January 16 2025",Delivered,Zomato Delivery,2km,"2 x Makhani Paneer Pizza, 1 x Chilli Cheese Garlic Bread",,Flat Rs.300 off,1867.0,79.85,270.0,0.0,0.0,0.0,1676.85,,,,,,19.85,7.9,Correctly,,9373745b0ea7403464258e027c69081a6eff9c9ba8e34ff770040658ed38b55d,3
20659868,Aura Pizzas,Sector 4,Delhi NCR,6531164870,"02:35 PM, January 16 2025",Delivered,Zomato Delivery,1km,"1 x Peri Peri Paneer Pizza, 1 x Tipsy Tiger Ginger Ale, 1 x Chilli Cheese Garlic Bread",,,997.05,49.85,0.0,0.0,0.0,0.0,1046.9,,,,,,18.33,8.8,Incorrectly,,ee9e2f6045839682c12b1c6991dd9a1a0bd9d7d951182f184a4a5502b956ba02,3
20659868,Aura Pizzas,Sector 4,Delhi NCR,6529387486,"02:10 PM, January 16 2025",Delivered,Zomato Delivery,10km,"1 x Tripple Cheese Pizza, 1 x Murgh Amritsari Seekh Pizza, 1 x Peri Peri Crisper Fries",,,1784.0,49.58,0.0,792.5,0.0,0.0,1041.08,,,,,,16.48,1.2,Correctly,,e318414ab65607c15c42871e7ea7feedacff329e0111314f411dc1fff052eb89,3
20659868,Aura Pizzas,Sector 4,Delhi NCR,6530428485,"01:06 AM, January 16 2025",Delivered,Zomato Delivery,6km,"1 x All About Chicken Pizza, 1 x Indian Masala Fries, 1 x Raw Masala Lemon Shikanji",Order: Please make it less spicy :),,972.24,48.61,0.0,0.0,0.0,0.0,1020.85,,,,,,12.68,7.1,Correctly,,edd5330fa00623d6420a4275e29e545545d9836ebea191eecef51e3673180b94,3
20659868,Aura Pizzas,Sector 4,Delhi NCR,6525658408,"08:02 PM, January 15 2025",Delivered,Zomato Delivery,3km,"1 x Margherita Pizza, 1 x Chilli Cheese Garlic Bread, 1 x Mutton Seekh Pide",,Flat 15% off,1236.0,53.46,166.86,0.0,0.0,0.0,1122.6,,,,,,12.28,2.1,Correctly,,d6019f3fd6172617866fa4f6238fe60f919712e7ae5fd16d9f68c226a1d18b43,3
20659868,Aura Pizzas,Sector 4,Delhi NCR,6523511919,"01:08 AM, January 15 2025",Delivered,Zomato Delivery,<1km,"1 x Margherita Pizza, 1 x Mushroom Pizza, 1 x Grilled Chicken Tangdi",,Flat 15% off,1447.0,62.58,195.35,0.0,0.0,0.0,1314.23,,,,,,11.73,5.1,Incorrectly,,0ce312fd5daa06b3795730638685d9c1f12a5465c166d88b0b2e11d93f27a8f1,3
20659868,Aura Pizzas,Sector 4,Delhi NCR,6525144526,"10:24 PM, January 14 2025",Delivered,Zomato Delivery,5km,"1 x Just Pepperoni Pide, 1 x All About Chicken Pizza, 1 x Jamaican Chicken Melt",,Buy 1 Get 1 - ₹499.00,1137.0,56.85,0.0,0.0,0.0,0.0,1193.85,,,,,,13.55,2.1,Correctly,,64ff314769190fe59113af0a5cad4bc6a96598c3678c1520cde217ac061441d0,3
20659868,Aura Pizzas,Sector 4,Delhi NCR,6517264484,"07:26 PM, January 13 2025",Delivered,Zomato Delivery,5km,"1 x Cheesy Garlic Bread, 2 x Chicken Pepperoni Pizza",,Flat Rs.300 off,1606.0,66.8,270.0,0.0,0.0,0.0,1402.8,,,,,,13.32,3.5,Correctly,,f904c1ebf357ab56822aa31f642bb1e83c75bd0c7a1962823827b5c23d671e80,3
20659868,Aura Pizzas,Sector 4,Delhi NCR,6517291425,"07:11 PM, January 13 2025",Delivered,Zomato Delivery,7km,"1 x Grilled Chicken Tangdi, 1 x All About Chicken Pizza, 1 x Peri Peri Crisper Fries",,Flat Rs.175 off,1147.0,49.5,157.0,0.0,0.0,0.0,1039.5,3.0,,,,,24.08,9.5,Correctly,,01586c146e9adbf9f399fc0e20e64d4945d785980a04b6f679ab6d94e172238e,3
20659868,Aura Pizzas,Sector 4,Delhi NCR,6519529453,"08:29 PM, January 12 2025",Delivered,Zomato Delivery,1km,"1 x Peri Peri Fries, 1 x Bageecha Pizza, 1 x Tripple Cheese Pizza",,,1596.0,79.8,0.0,0.0,0.0,0.0,1675.8,,,,,,22.68,1.8,Correctly,,c521ccf21e7bb2207c3f08d578b6e028d2c3b25986cb35dd5930ede1d8a643da,3
20659868,Aura Pizzas,Sector 4,Delhi NCR,6519269004,"07:23 PM, January 12 2025",Delivered,Zomato Delivery,3km,"1 x Masala Potato Pide, 1 x Herbed Potato, 1 x Mushroom Mozzarella Melt",,Flat Rs.200 off,1006.0,42.4,158.0,0.0,0.0,0.0,890.4,,,,,,40.03,17.7,Correctly,,70a1184d290ab96f7e2be967817e3b36ef364176f16c211d219e4bfe7ed6aff4,3
20659868,Aura Pizzas,Sector 4,Delhi NCR,6521143054,"06:24 PM, January 12 2025",Delivered,Zomato Delivery,6km,"1 x Bageecha Pizza, 1 x Just Pepperoni Pizza, 1 x Cheesy Garlic Bread",,Flat Rs.300 off,1557.0,64.35,270.0,0.0,0.0,0.0,1351.35,,,,,,16.43,10.1,Correctly,,93d52eda203c71d5d06005ba90ae6e365996cf746da609896aac87ed3c7c4d27,3
20659868,Aura Pizzas,Sector 4,Delhi NCR,6510960136,"05:59 PM, January 12 2025",Delivered,Zomato Delivery,7km,"1 x Bageecha Pizza, 1 x Margherita Pizza, 1 x Angara Paneer Melt",,Flat Rs.300 off,1597.0,66.35,270.0,0.0,0.0,0.0,1393.35,,,,,,14.12,4.7,Incorrectly,,d0467099020467f3fd101b1a5ec77873ff7b3f309d010e66c953b9e2dfb97147,3
20659868,Aura Pizzas,Sector 4,Delhi NCR,6494911094,"04:46 PM, January 12 2025",Delivered,Zomato Delivery,<1km,"1 x Bageecha Pizza, 2 x Makhani Paneer Pizza",,Flat Rs.300 off,1847.0,78.85,270.0,0.0,0.0,0.0,1655.85,,,,,,20.58,4.3,Correctly,,89fe91b42d34b12a78c7bc7f92975b843266e94a9e233c28be927eb44b3827d6,3
20659868,Aura Pizzas,Sector 4,Delhi NCR,6509669663,"10:24 PM, January 11 2025",Delivered,Zomato Delivery,2km,"1 x Bageecha Pizza, 1 x Salted Fries, 1 x Herbed Potato",,Flat Rs.175 off,1094.0,46.85,157.0,0.0,0.0,0.0,983.85,5.0,,,,,15.0,4.4,Incorrectly,,520e0f23516427eb54bc2dd8175a76b4f189bdbe89a5b7e991c5d8773414b0b2,3
20659868,Aura Pizzas,Sector 4,Delhi NCR,6502487229,"07:48 PM, January 11 2025",Delivered,Zomato Delivery,6km,"1 x Cheesy Garlic Bread, 1 x Just Pepperoni Pizza, 1 x Mushroom Mozzarella Melt",,Flat 15% off,1407.0,60.85,189.95,0.0,0.0,0.0,1277.9,5.0,,,,,22.15,1.6,Correctly,,93d52eda203c71d5d06005ba90ae6e365996cf746da609896aac87ed3c7c4d27,3
20659868,Aura Pizzas,Sector 4,Delhi NCR,6517295856,"04:20 PM, January 11 2025",Delivered,Zomato Delivery,9km,"1 x Margherita Pizza, 1 x Onion Rings, 1 x Cheesy Garlic Bread",,Flat Rs.175 off,1157.0,50.0,157.0,0.0,0.0,0.0,1050.0,,,,,,14.75,0.8,Correctly,,a6ca13e00ae66ff0eb9f66dd3503b13e3b54d4bb11d99c2c1881ece056bde8f7,3
20659868,Aura Pizzas,Sector 4,Delhi NCR,6516040817,"12:44 PM, January 11 2025",Delivered,Zomato Delivery,2km,"1 x Spinach Sumac Pide, 1 x Mushroom Mozzarella Melt, 1 x Tripple Cheese Pizza",,60% off upto Rs.120,1397.0,42.4,90.0,459.0,0.0,0.0,890.4,,,,,,18.72,7.7,Correctly,,17875511bbc6e2a96b0b2ac18692c1bfba53a2c1b242b2446608ff6b62615479,3
20882652,Aura Pizzas,DLF Phase 1,Delhi NCR,6535999660,"09:01 PM, January 19 2025",Delivered,Zomato Delivery,15km,"1 x Loaded Korean Grilled Chicken Pizza, 1 x Fried Chicken Tenders, 1 x Grilled Chicken Tangdi",,Flat Rs.300 off,1573.0,58.79,270.0,0.0,0.0,127.3,1234.49,,,,,,24.98,0.9,Correctly,,726835d4241ba973b930653f1beed6e744ccb3f8c97869e2ff31d697799e841b,3
20882652,Aura Pizzas,DLF Phase 1,Delhi NCR,6536065791,"08:03 PM, January 19 2025",Delivered,Zomato Delivery,2km,"1 x OG Cheese Pide, 1 x Makhani Paneer Pizza, 1 x Spinach Sumac Pide",,Flat Rs.300 off,1745.0,73.75,270.0,0.0,0.0,0.0,1548.75,,,,,,23.08,1.7,Correctly,,f47cb7badcf5221394edf64c0951e471d5bd8773b05ea1e821163a043ca33204,3
20882652,Aura Pizzas,DLF Phase 1,Delhi NCR,6501410855,"07:32 PM, January 19 2025",Delivered,Zomato Delivery,10km,"1 x Murgh Amritsari Seekh Melt, 2 x Jamaican Chicken Melt",,Flat 15% off,1497.0,64.75,202.1,0.0,0.0,0.0,1359.65,,,,,,21.3,10.3,Correctly,,1f5d8e6e51c246d6d427f3bb8305dd0172266073496ed9edee5616c050d4c411,3
20882652,Aura Pizzas,DLF Phase 1,Delhi NCR,6528787054,"02:10 PM, January 18 2025",Delivered,Zomato Delivery,8km,"1 x Murgh Amritsari Seekh Pizza, 1 x Just Pepperoni Pide, 1 x Tripple Cheese Pizza",,,1617.0,40.43,0.0,808.5,0.0,0.0,848.93,,,,,,16.15,1.8,Correctly,,3fe8d55ee2b73960335d7cd43724f08a6216c216c0568231e43907c083756f43,3
20882652,Aura Pizzas,DLF Phase 1,Delhi NCR,6534564790,"10:31 PM, January 17 2025",Delivered,Zomato Delivery,<1km,"1 x Peanut Butter Chocolate Pide, 1 x Peri Peri Chicken Melt, 1 x Fried Chicken Tenders",,Flat Rs.150 off,993.0,43.65,120.0,0.0,0.0,0.0,916.65,,,,,,22.43,2.1,Correctly,,f9d01daa92255bf16c1f5166b02bda7efb6827355a70433e4eb02d4b4cfa0bad,3
20882652,Aura Pizzas,DLF Phase 1,Delhi NCR,6528149555,"02:05 PM, January 17 2025",Delivered,Zomato Delivery,2km,"1 x Herbed Potato, 1 x Makhani Paneer Pizza, 1 x Chilli Cheese Garlic Bread",,,1026.0,47.6,0.0,74.0,0.0,0.0,999.6,,,,,,17.28,3.2,Incorrectly,,4ce92670c7e41b6db9f917fff8b3854d93c898c6a9e68d688ee0a85e15256eda,3
20882652,Aura Pizzas,DLF Phase 1,Delhi NCR,6526835587,"08:09 PM, January 16 2025",Delivered,Zomato Delivery,10km,"1 x Makhani Paneer Pizza, 1 x Peri Peri Paneer Pizza, 1 x Malai Gud Pide",,Flat Rs.300 off,1867.0,79.85,270.0,0.0,0.0,0.0,1676.85,,,,,,24.52,1.4,Correctly,,28453f67df307a9992bead47c8c54f818f2d0ee7a077c123aaf026e5f6727ca9,3
20882652,Aura Pizzas,DLF Phase 1,Delhi NCR,6523785415,"05:58 PM, January 15 2025",Delivered,Zomato Delivery,10km,"1 x Peri Peri Paneer Pizza, 1 x Peri Peri Crisper Fries, 1 x Mushroom Mozzarella Melt",,Flat 15% off,1287.0,55.66,173.75,0.0,0.0,0.0,1168.91,,,,,,20.33,5.7,Incorrectly,,feb4f90792c6081bbd2e616981774792cd27787913eaecc680fa3ff0f44f1e08,3
20882652,Aura Pizzas,DLF Phase 1,Delhi NCR,6525672799,"07:41 PM, January 14 2025",Delivered,Zomato Delivery,8km,"1 x Fried Chicken Tenders, 2 x All About Chicken Pizza",,Buy 1 Get 1 - ₹679.00,1039.0,51.95,0.0,0.0,0.0,0.0,1090.95,,,,,,22.8,4.7,Incorrectly,,34dfd0ec3898d1bdbe2a0ae162fb53ee68847247f27754c001572984801a3331,3
20882652,Aura Pizzas,DLF Phase 1,Delhi NCR,6526444691,"05:51 PM, January 14 2025",Delivered,Zomato Delivery,1km,"1 x Peri Peri Chicken Melt, 1 x Peri Peri Paneer Pizza, 1 x Chicken Pepperoni Pizza",,Buy 1 Get 1 - ₹609.00,1378.0,68.9,0.0,0.0,0.0,0.0,1446.9,,,,,,21.62,7.4,Correctly,,d7b9fecc89b55c4e53900e1e15b1ac838abb5c14e1f3d73686cb646a92db4ed1,3
20882652,Aura Pizzas,DLF Phase 1,Delhi NCR,6522987560,"11:09 PM, January 13 2025",Delivered,Zomato Delivery,3km,"1 x Bageecha Pizza, 2 x Garlic Aioli",,,749.0,37.45,0.0,0.0,0.0,0.0,786.45,,,,,,18.52,5.0,Incorrectly,,f90c06d7cc94df5ed31362e5ed0d243ae1cae39e6af27ba1c3c8bd81774a96bc,3
20882652,Aura Pizzas,DLF Phase 1,Delhi NCR,6524207885,"10:47 PM, January 13 2025",Delivered,Zomato Delivery,15km,"1 x Loaded Pork Pepperoni Pizza, 1 x Murgh Amritsari Garlic Bread, 1 x Peri Peri Grilled Chicken Pizza",,Flat Rs.300 off,1797.0,76.35,270.0,0.0,0.0,0.0,1603.35,,,,,,17.48,0.1,Correctly,,ca9a69fb5b01427e60f77fcb23b7e4337095731133b027e34bd32017f3a1e2cd,3
20882652,Aura Pizzas,DLF Phase 1,Delhi NCR,6520794166,"10:36 PM, January 12 2025",Delivered,Zomato Delivery,9km,"1 x Margherita Pizza, 1 x Murgh Amritsari Seekh Pizza, 1 x Indian Masala Cripser Fries",,Flat Rs.175 off,1717.0,70.29,157.0,0.0,0.0,154.2,1476.09,,,,,,15.4,1.1,Correctly,,211a3f28635e0a15fcd9a57d8eeb64bfc6f5c0da09e4ee4d43e8c08efca2fabe,3
20882652,Aura Pizzas,DLF Phase 1,Delhi NCR,6516575308,"08:44 PM, January 11 2025",Delivered,Zomato Delivery,3km,"1 x Margherita Pizza, 1 x Chilli Cheese Garlic Bread, 1 x Makhani Paneer Pizza","Order: Please make the food less oil, ghee, butter and less masala",Flat Rs.300 off,1737.0,73.35,270.0,0.0,0.0,0.0,1540.35,,,,,,16.02,4.3,Incorrectly,,d370e88f62798113ba1fe1dfe227b7f678369f13cc4aa54e22ad2047ab9cb8cd,3
20882652,Aura Pizzas,DLF Phase 1,Delhi NCR,6513983908,"02:57 PM, January 11 2025",Delivered,Zomato Delivery,2km,"1 x Tripple Cheese Pizza, 1 x Spinach Sumac Pide, 1 x Herbed Potato",,,1066.0,26.65,0.0,533.0,0.0,0.0,559.65,,,,,,21.72,9.6,Correctly,,61b0c160a0d063a8f92065812809403a793d358f71b7c24f01f6d27024da87ca,3
20882713,Swaad,DLF Phase 1,Delhi NCR,6538946045,"05:23 PM, January 20 2025",Delivered,Zomato Delivery,3km,"1 x Bone in Jamaican Grilled Chicken, 1 x Grilled Chicken Peri Peri Tangdi, 1 x Herbed Potato",,Buy 1 Get 1 - ₹310.00,813.0,40.65,0.0,0.0,0.0,0.0,853.65,,,,,,,1.3,Missed,,08c8d491a5690e453b3ce64aef4b083f5aa1e328cd39c276ae14e10065e8ba64,3
20882713,Swaad,DLF Phase 1,Delhi NCR,6534917331,"08:21 PM, January 18 2025",Delivered,Zomato Delivery,3km,"1 x Kabuli Grilled Paneer (8 pcs), 1 x Bone in Angara Grilled Chicken, 1 x Iced Green Tea - Mojito",,50% off upto Rs.100,700.24,31.01,80.0,0.0,0.0,0.0,651.25,,,,,,25.57,7.6,Incorrectly,,7eb0207078ddbbbcde6e3bb6763e0fb76c7c240b191c06226b68fda6bbb784bb,3
20882713,Swaad,DLF Phase 1,Delhi NCR,6537558797,"08:03 PM, January 18 2025",Delivered,Zomato Delivery,7km,"1 x Grilled Chicken Jamaican Tender, 1 x Grilled Chicken Angara Tender, 1 x AAC Grilled Chicken Burger",,Flat 15% off,1350.0,58.39,182.25,0.0,0.0,0.0,1226.14,,,,,,22.9,2.2,Correctly,,0843d8c572c118f190de00e88e427b19bf47c3efe889fc6941fcb21327db8d5f,3
20882713,Swaad,DLF Phase 1,Delhi NCR,6523673769,"07:37 PM, January 14 2025",Delivered,Zomato Delivery,2km,"1 x Grilled Chicken Jamaican Tender, 1 x Grilled Chicken Smoky BBQ Tender, 1 x Herbed Potato",,Flat Rs.175 off,1153.0,49.8,157.0,0.0,0.0,0.0,1045.8,,,,,,24.6,2.4,Correctly,,d66e9b9e322afa74ff7d3af827ffa21d7de03aca2653592091d9e7d75f60672c,3
20882713,Swaad,DLF Phase 1,Delhi NCR,6524298336,"08:06 PM, January 13 2025",Delivered,Zomato Delivery,5km,"1 x Grilled Chicken Smoky Bbq Boneless Breast, 1 x AAC Signature Crisper Fries, 1 x Grilled Chicken Afghani Boneless Breast",,Flat 15% off,959.0,41.48,129.47,0.0,0.0,0.0,871.01,,,,,,19.77,1.5,Correctly,Non-refunded complaint,36368813b0192412b4ef7a9f1e4c7f92eb9e91876e02941053aef4bbede433c2,3
20882713,Swaad,DLF Phase 1,Delhi NCR,6521982052,"08:57 PM, January 12 2025",Delivered,Zomato Delivery,3km,"1 x Bone in Jamaican Grilled Chicken, 1 x Coleslaw, 1 x Bone in Smoky Bbq Grilled Chicken",,Flat 20% off,1408.0,56.32,281.6,0.0,0.0,0.0,1182.72,,,,,,21.95,3.1,Incorrectly,,98cb361cf03e5192a5d447d6e768ac6d4355bd2922e9b41dbb0da501618a804d,3
20968194,Dilli Burger Adda,Sector 4,Delhi NCR,6541063242,"11:36 PM, January 19 2025",Delivered,Zomato Delivery,4km,"1 x Dirty Saucy Fries, 2 x Grilled Chicken Dirty Burger",,,965.0,24.13,0.0,482.5,0.0,0.0,506.63,,,,,,17.1,10.3,Correctly,,25108575ecbbd56a6e5a2f9e35d5e728d9a735781a1d891ce67df61e875733a7,3
20968206,Dilli Burger Adda,Greater Kailash 2 (GK2),Delhi NCR,6533799887,"05:35 PM, January 19 2025",Delivered,Zomato Delivery,3km,"1 x Grilled Chicken Dirty Burger, 1 x Tenderloin Smashed Double Burger, 1 x Salted Fries",,Flat 15% off,998.0,36.78,87.48,175.0,0.0,0.0,772.3,,,,,,18.9,0.6,Correctly,,ac0af1bcbfcbf7a448bdc67e4014866da08815117f503f80abee3bd0462bfadf,3
20968206,Dilli Burger Adda,Greater Kailash 2 (GK2),Delhi NCR,6540000033,"05:00 PM, January 19 2025",Delivered,Zomato Delivery,6km,"1 x Cheesy Veg Burger, 1 x Grilled Chicken Dirty Burger, 1 x Dirty Saucy Fries",Order: Please send the fries separately from the sauce and non spicy burger please,,965.0,24.13,0.0,482.5,0.0,0.0,506.63,,,,,,21.88,0.5,Correctly,Poor packaging or spillage,081ab61abbf45796847ca65872ce23d01a196ae5c7bef4b0dab3e359c4637771,3
20968206,Dilli Burger Adda,Greater Kailash 2 (GK2),Delhi NCR,6536783395,"04:54 PM, January 19 2025",Delivered,Zomato Delivery,2km,"1 x Dirty Saucy Fries, 2 x Mutton Smashed Burger",,,965.0,24.13,0.0,482.5,0.0,0.0,506.63,,,,,,21.37,3.2,Incorrectly,,88790769dd33ad0770c10e18de80a1cce512beb3339b39416aef7745d18048bc,3
20968206,Dilli Burger Adda,Greater Kailash 2 (GK2),Delhi NCR,6519340981,"09:13 PM, January 13 2025",Delivered,Zomato Delivery,1km,"1 x Grilled Paneer Burger, 1 x Tipsy Tiger Ginger Ale, 1 x Angara Sauce",,Flat 15% off,629.05,27.21,84.92,0.0,0.0,0.0,571.34,,,,,,19.22,0.4,Correctly,,da84fd23f4e86efc279a622a69a8347b4859b8a3f215c80acc26a465db446acb,3
21077127,Aura Pizzas,Sector 135,Delhi NCR,6496915379,"01:40 PM, January 19 2025",Delivered,Zomato Delivery,7km,"1 x Just Pepperoni Pide, 1 x Indian Masala Fries, 1 x Murgh Amritsari Seekh Pizza",,,1436.0,40.85,0.0,619.0,0.0,0.0,857.85,,,,,,16.5,0.4,Correctly,,8fe9480d9ec5c397b4c446f849555bd74b390daee4590b782459ad1474693219,3
21077127,Aura Pizzas,Sector 135,Delhi NCR,6534259598,"02:06 PM, January 18 2025",Delivered,Zomato Delivery,12km,"1 x Mushroom Mozzarella Melt, 2 x Murgh Amritsari Seekh Pizza",,,2157.0,65.9,0.0,839.0,0.0,0.0,1383.9,,,,,,20.77,14.0,Correctly,,1aafb9f9f00988093c5a9fca006340597c1a1fa2242f8bba6a7b602c29fff805,3
21077127,Aura Pizzas,Sector 135,Delhi NCR,6536406906,"01:22 PM, January 18 2025",Delivered,Zomato Delivery,9km,"1 x Herbed Potato, 1 x Chilli Cheese Garlic Bread, 1 x Bageecha Pizza",,Flat Rs.175 off,1305.0,52.8,175.0,74.0,0.0,0.0,1108.8,,,,,,15.65,0.4,Correctly,,f56d763d099c1c7b2a391c12222e1e604f5d7e79fa74c50b6674d4a30af91447,3
21077127,Aura Pizzas,Sector 135,Delhi NCR,6532607134,"01:22 PM, January 17 2025",Delivered,Zomato Delivery,3km,"1 x Herbed Potato, 1 x Peri Peri Crisper Fries, 1 x Chilli Cheese Garlic Bread",,,616.0,27.1,0.0,74.0,0.0,0.0,569.1,,,,,,15.05,6.8,Correctly,,e87ac5f083fa6cceb75670cf2e963a8c503267c4f5f1ea44d6c3d9605ec538af,3
21077127,Aura Pizzas,Sector 135,Delhi NCR,6522306592,"11:47 PM, January 15 2025",Delivered,Zomato Delivery,9km,"1 x Herbed Potato, 1 x Makhani Paneer Pizza, 1 x Cheesy Garlic Bread",,Flat Rs.175 off,1006.0,41.55,175.0,0.0,0.0,0.0,872.55,,,,,,12.82,8.3,Correctly,,99719b4b5142357533f60f0dee5407db1e3323c15bc8d9dd2a9bab5299748728,3
21077127,Aura Pizzas,Sector 135,Delhi NCR,6522027033,"10:20 PM, January 13 2025",Delivered,Zomato Delivery,4km,"1 x Makhani Paneer Pizza, 1 x Peri Peri Paneer Pizza, 1 x Bageecha Pizza",,Flat Rs.175 off,2417.0,112.1,175.0,0.0,0.0,0.0,2354.1,,,,,,32.75,20.3,Correctly,,96e687d085c42594df5017bfab0e108ffd5fb2d2c8f95503834b8ecb7a50b5ea,3
21077127,Aura Pizzas,Sector 135,Delhi NCR,6524850765,"10:04 PM, January 13 2025",Delivered,Zomato Delivery,4km,"1 x Peri Peri Crisper Fries, 1 x Peanut Butter Chocolate Pide, 1 x Bageecha Pizza",,Flat Rs.175 off,1337.0,58.1,175.0,0.0,0.0,0.0,1220.1,2.0,"product was cold , dry . didn't enjoy ",,,,25.82,12.5,Correctly,,21f5a20d432d668ef393309a202c8fde72199f7a53150e2f06dfdc859f157138,3
21077127,Aura Pizzas,Sector 135,Delhi NCR,6523686104,"08:07 PM, January 13 2025",Delivered,Zomato Delivery,4km,"1 x Fried Chicken Tenders, 1 x Cheesy Garlic Bread, 1 x All About Chicken Pizza",,Flat Rs.175 off,1113.0,46.9,175.0,0.0,0.0,0.0,984.9,,,,,,17.4,8.9,Correctly,,dc214551f66c710adde8df37e638325cbe9a518b250cfbc660cf6efcba64d1eb,3
21077127,Aura Pizzas,Sector 135,Delhi NCR,6521888352,"02:12 PM, January 13 2025",Delivered,Zomato Delivery,6km,"1 x Tripple Cheese Pizza, 1 x Herbed Potato, 1 x Murgh Amritsari Seekh Pizza",,,1366.0,34.15,0.0,683.0,0.0,0.0,717.15,,,,,,22.57,13.1,Correctly,,c16a431a6d8eafe7bb6d3bba5bc7ba2e9b6928658f9e90660ae5237dbc39aa84,3
21077127,Aura Pizzas,Sector 135,Delhi NCR,6518697677,"11:39 PM, January 11 2025",Delivered,Zomato Delivery,3km,"1 x Peri Peri Fries, 1 x Margherita Pizza, 1 x Chilli Cheese Garlic Bread",,Flat Rs.175 off,1146.0,48.55,175.0,0.0,0.0,0.0,1019.55,,,,,,9.98,0.3,Correctly,,74c08a332ba6373f4d023d64796283baa5c3204da05c272239dee5404b9f45bd,3
21077127,Aura Pizzas,Sector 135,Delhi NCR,6517149376,"07:32 PM, January 11 2025",Delivered,Zomato Delivery,4km,"1 x Tipsy Tiger Fresh Lime Soda, 1 x Malai Gud Pide, 1 x Margherita Pizza",,50% off upto Rs.100,887.05,39.85,90.0,0.0,0.0,0.0,836.9,,,,,,12.13,1.7,Correctly,,6dd8604758be59e51a95fca9a4b655d7e0fb79cdba430674f0e1334a0d7d463e,3
21114574,Dilli Burger Adda,Sector 135,Delhi NCR,6542141553,"11:15 PM, January 20 2025",Delivered,Zomato Delivery,1km,"1 x Mutton Smashed Burger, 1 x Grilled Chicken Dirty Burger, 1 x Tipsy Tiger Fresh Lime Soda",,,819.05,23.45,0.0,350.0,0.0,0.0,492.5,,,,,,25.13,8.0,Correctly,,13bcff82d81a4b81adfdb4884b164133d05ab7a3ef4b03286dee145238f218e4,3
21467269,The Chicken Junction,Sector 4,Delhi NCR,6535477260,"10:08 PM, January 17 2025",Delivered,Zomato Delivery,8km,"1 x Desi Masala Fries, 1 x Indian Salsa, 1 x Dynamite sauce",,,318.0,15.9,0.0,0.0,0.0,0.0,333.9,5.0,,,,,9.63,0.3,Correctly,,6530e86a9f202897588606a78396a54a9f582f18a24ff91d67e81649cca8a7a9,3
21467269,The Chicken Junction,Sector 4,Delhi NCR,6531019490,"08:27 PM, January 16 2025",Delivered,Zomato Delivery,8km,"1 x Salted Fries, 1 x Dynamite sauce, 1 x Desi Masala Crispers Fries",,50% off upto Rs.100,447.0,17.85,90.0,0.0,0.0,0.0,374.85,4.0,Fries were good. They were crispy and tasty. The quantity was also good.,,,,8.93,1.0,Correctly,,65d7e67c17fac18f10111ca410a91d5c75d0b603730be4803a9779fbd7e35014,3
21467269,The Chicken Junction,Sector 4,Delhi NCR,6529746873,"07:27 PM, January 16 2025",Delivered,Zomato Delivery,1km,"1 x Desi Masala Crispers Fries, 1 x Dynamite sauce, 1 x Garlic Aioli",,50% off upto Rs.100,329.0,11.95,90.0,0.0,0.0,0.0,250.95,4.0,Crispy fries. Really tasty dips.,,,,6.32,0.7,Correctly,,d990ce0c65df03c3a90bb29004e97a958c955fb054f51b77d196654296eeb519,3
21467269,The Chicken Junction,Sector 4,Delhi NCR,6528772075,"02:01 PM, January 15 2025",Delivered,Zomato Delivery,16km,"1 x Fried Chicken Boneless Bites - 6pcs, 2 x Desi Masala Fries",,Flat 15% off,746.0,32.27,100.71,0.0,0.0,0.0,677.56,5.0,Very tasty and mouth watering,,,,19.2,5.9,Correctly,,183b39b95100e395760b6c8a3e3bd715b8d1923cf6cce4ab347351ecb14218ca,3
20320607,Swaad,Sector 4,Delhi NCR,6569276211,"07:11 PM, January 30 2025",Delivered,Zomato Delivery,4km,"1 x Herbed Potato, 1 x Grilled Chicken Angara Tangdi, 1 x Animal Fries",,Flat 15% off,1168.0,50.52,157.68,0.0,0.0,0.0,1060.84,,,,,,16.38,12.1,Correctly,,613d1449043a142557978087c6188b1316ce2345ae3541fc1df5fbaa66f9d430,3
20320607,Swaad,Sector 4,Delhi NCR,6562127519,"08:25 PM, January 29 2025",Delivered,Zomato Delivery,5km,"1 x Tipsy Tiger Ginger Ale, 1 x Bone in Angara Grilled Chicken, 1 x Animal Fries",,Flat Rs.175 off,1119.05,48.1,157.0,0.0,0.0,0.0,1010.15,,,,,,14.25,1.5,Correctly,,f8c70b17fe70fd21ea15c024605c436da85806b67a0a786ede58b79cc497914f,3
20320607,Swaad,Sector 4,Delhi NCR,6553695708,"06:55 PM, January 28 2025",Delivered,Zomato Delivery,8km,"1 x Bone in Smoky Bbq Grilled Chicken, 1 x Grilled Chicken Smoky BBQ Tender, 1 x Bone in Smoky Bbq Grilled Chicken",,,2105.0,105.25,0.0,0.0,0.0,0.0,2210.25,5.0,,,,,21.0,9.0,Correctly,,d16c8222a890f9189f0891b4c2b0687ac1b63f55dc51d44e7bf1b89468042450,3
20320607,Swaad,Sector 4,Delhi NCR,6559707641,"03:50 PM, January 28 2025",Delivered,Zomato Delivery,2km,"1 x Fried Chicken Beast AAC Burger, 1 x Bone in Smoky Bbq Grilled Chicken, 1 x Bone in Peri Peri Grilled Chicken",,Flat 15% off,1194.0,51.64,161.19,0.0,0.0,0.0,1084.45,,,,,,16.87,11.6,Incorrectly,,57220ebd0b15a1458f5237fe91112d5a85ee7536f36533d3c8777dccb7611340,3
20320607,Swaad,Sector 4,Delhi NCR,6558281795,"08:14 PM, January 27 2025",Delivered,Zomato Delivery,<1km,"1 x Grilled Chicken Jamaican Tender, 1 x Bone in Smoky Bbq Grilled Chicken, 1 x Bone in Jamaican Grilled Chicken",,,1845.0,92.25,0.0,0.0,0.0,0.0,1937.25,,,,,,20.93,14.0,Correctly,,36d4d6797287b658321f0dd3a344bfda734ea5da51a189eb30f93451cf0698e7,3
20320607,Swaad,Sector 4,Delhi NCR,6561951758,"06:40 PM, January 27 2025",Delivered,Zomato Delivery,8km,"1 x Animal Fries, 1 x Bone in Smoky Bbq Grilled Chicken, 1 x Bone in Jamaican Grilled Chicken",,,1915.0,95.75,0.0,0.0,0.0,0.0,2010.75,5.0,,,,,19.97,8.2,Correctly,,d16c8222a890f9189f0891b4c2b0687ac1b63f55dc51d44e7bf1b89468042450,3
20320607,Swaad,Sector 4,Delhi NCR,6561298754,"12:52 AM, January 27 2025",Delivered,Zomato Delivery,7km,"2 x Fried Chicken Beast AAC Burger, 1 x Fried Chicken Peri Peri Tender",,Flat Rs.175 off,1075.0,45.9,157.0,0.0,0.0,0.0,963.9,,,,,,13.98,8.9,Correctly,,f27e26c4a4390ea84bf1633488db9e94bb00faa6a1b1e93f941475a6cff366e4,3
20320607,Swaad,Sector 4,Delhi NCR,6557266532,"05:28 PM, January 26 2025",Delivered,Zomato Delivery,8km,"1 x Bone in Jamaican Grilled Chicken, 1 x Fried Chicken Peri Peri Tender, 1 x Bone in Smoky Bbq Grilled Chicken",,,2125.0,106.25,0.0,0.0,0.0,0.0,2231.25,5.0,,,,,28.87,18.5,Correctly,,d16c8222a890f9189f0891b4c2b0687ac1b63f55dc51d44e7bf1b89468042450,3
20320607,Swaad,Sector 4,Delhi NCR,6554133417,"12:54 AM, January 26 2025",Delivered,Zomato Delivery,4km,"1 x GhostBuster Sauce, 1 x Bone in Peri Peri Grilled Chicken, 1 x Fried Chicken Peri Peri Tender",,,970.0,48.5,0.0,0.0,0.0,0.0,1018.5,5.0,,,,,16.0,10.3,Correctly,,b8da65c4d1713ad29fcb4ae79fe5d91aa849d34060e0094a67ab5801e31f8211,3
20320607,Swaad,Sector 4,Delhi NCR,6555615702,"05:32 PM, January 25 2025",Delivered,Zomato Delivery,4km,"1 x Grilled Chicken Peri Peri Tender, 2 x Iced Green Tea - Peach",,Flat 15% off,975.48,43.48,105.98,0.0,0.0,0.0,912.98,,,,,,16.52,3.5,Correctly,,03d5d4e985ed73473cd0211ff2e21fc6f83577c94326a3e2e648f91f8bf6a482,3
20320607,Swaad,Sector 4,Delhi NCR,6554077369,"02:15 AM, January 25 2025",Delivered,Zomato Delivery,7km,"1 x Peri Peri Fries, 1 x Bone in Jamaican Grilled Chicken, 1 x AAC Grilled Chicken Burger",,Flat Rs.175 off,1609.0,72.6,157.0,0.0,0.0,0.0,1524.6,,,,,,16.83,13.5,Correctly,,63885997f2693fbdacf279aed7aef4b998d792fc38143057db741ae2f0ff836a,3
20320607,Swaad,Sector 4,Delhi NCR,6550719434,"08:24 PM, January 24 2025",Delivered,Zomato Delivery,4km,"1 x Onion Rings, 1 x Fried Chicken Angara Tender, 1 x Coleslaw",,,792.0,39.6,0.0,0.0,0.0,0.0,831.6,,,,,,12.7,1.0,Correctly,,90051179f39b405898e925b8e6bb4e10cc84610fad8735c805f739d53e48ac02,3
20320607,Swaad,Sector 4,Delhi NCR,6547270824,"03:46 AM, January 24 2025",Delivered,Zomato Delivery,7km,"1 x Jamaican Sauce, 1 x Bone in Jamaican Grilled Chicken, 1 x Bone in Kabuli Grilled Chicken",,Flat 15% off,955.0,41.3,128.93,0.0,0.0,0.0,867.37,,,,,,15.78,9.7,Correctly,,8159b80d3488969bd15062308acc2f5df4977a69643dc820187b0dbdbce0fa74,3
20320607,Swaad,Sector 4,Delhi NCR,6551390053,"10:14 PM, January 23 2025",Delivered,Zomato Delivery,4km,"1 x Grilled Chicken Jamaican Tender, 1 x Grilled Chicken Smoky BBQ Tender, 1 x Animal Fries",,Flat Rs.175 off,1035.0,43.9,157.0,0.0,0.0,0.0,921.9,,,,,,15.98,5.4,Correctly,,19cb886d7bd07a82573682a85d6042bc2fa0eeda217659f116b1930308a0ce38,3
20320607,Swaad,Sector 4,Delhi NCR,6544538206,"01:02 PM, January 21 2025",Delivered,Zomato Delivery,6km,"1 x Grilled Chicken Jamaican Tender, 1 x Fried Chicken Classic Tender, 1 x Bone in Peri Peri Grilled Chicken",,,945.0,47.25,0.0,0.0,0.0,0.0,992.25,,,,,,13.47,1.0,Correctly,,db2b4546dfd8bf668cea8eb21129d779d9780d7b34a021d1b954ce07ca29dae3,3
20554001,Swaad,Greater Kailash 2 (GK2),Delhi NCR,6569649103,"09:04 PM, January 31 2025",Delivered,Zomato Delivery,1km,"1 x Grilled Chicken Peri Peri Boneless Breast, 1 x Grilled Chicken Jamaican Boneless Breast, 1 x Tipsy Tiger Fresh Lime Soda",,Buy 1 Get 1 - ₹325.00,444.05,22.2,0.0,0.0,0.0,0.0,466.25,,,,,,16.83,0.7,Correctly,,47c7baeaf94a4fa67bf0f6281ff95ee78985ba1c7e3f5b9265febc3fe2795dd9,3
20554001,Swaad,Greater Kailash 2 (GK2),Delhi NCR,6571350658,"07:47 PM, January 31 2025",Delivered,Zomato Delivery,1km,"1 x Grilled Chicken Jamaican Boneless Breast, 2 x Bone in Jamaican Grilled Chicken",,Buy 1 Get 1 - ₹310.00,635.0,31.75,0.0,0.0,0.0,0.0,666.75,,,,,,28.15,0.8,Correctly,,752f0a180b45a07682332cbc3e94bb12e653b897aad7c47a1edbbad525783bd3,3
20554001,Swaad,Greater Kailash 2 (GK2),Delhi NCR,6571478960,"01:39 PM, January 31 2025",Delivered,Zomato Delivery,<1km,"1 x Raw Masala Lemon Shikanji, 1 x Grilled Chicken Afghani Boneless Breast, 1 x Grilled Chicken Jamaican Boneless Breast",Order: please do not add capsicum and zucchini in any food item.heavily allergic to capscicum and zucchini.,Buy 1 Get 1 - ₹325.00,420.24,21.01,0.0,0.0,0.0,0.0,441.25,,,,,,30.15,1.5,Correctly,,d5987c5a6691b59ae5d1eaf531d8b18ebf1b1e86486352ac8200f3d433c6a328,3
20554001,Swaad,Greater Kailash 2 (GK2),Delhi NCR,6565710363,"11:51 PM, January 29 2025",Delivered,Zomato Delivery,1km,"1 x Fried Chicken Angara Tender, 2 x Animal Fries",,,1275.0,63.75,0.0,0.0,0.0,0.0,1338.75,,,,,,15.32,0.4,Correctly,,7bd3fdefee485271cdc0d2cc0e2fef3b3c145c27d273fe63c6de001ff3e7d8d0,3
20554001,Swaad,Greater Kailash 2 (GK2),Delhi NCR,6563536523,"09:32 PM, January 29 2025",Delivered,Zomato Delivery,4km,"1 x Fried Chicken Beast AAC Burger, 1 x Bone in Smoky Bbq Grilled Chicken, 1 x Fried Chicken Classic Tender",,Flat Rs.175 off,1010.0,42.65,157.0,0.0,0.0,0.0,895.65,,,,,,17.15,0.3,Correctly,,a361bbce8446d704b9a575b4b4f083a18a01a84c17ddc8073c7272251d220009,3
20554001,Swaad,Greater Kailash 2 (GK2),Delhi NCR,6560599264,"07:15 PM, January 29 2025",Delivered,Zomato Delivery,2km,"1 x Peri Peri Fries, 1 x Grilled Chicken Angara Tender, 1 x Bone in Peri Peri Grilled Chicken",,Flat 20% off,1279.0,52.44,230.22,0.0,0.0,0.0,1101.22,,,,,,15.18,5.4,Correctly,,9e45131f6f9eef56234ab66e74a45a769d08987a9f1d7e98f32369b8995bda2d,3
20554001,Swaad,Greater Kailash 2 (GK2),Delhi NCR,6565651748,"03:39 AM, January 29 2025",Delivered,Zomato Delivery,11km,"1 x Bone in Jamaican Grilled Chicken, 1 x Garlic Aioli, 1 x Peri Peri Crisper Fries",,Flat 15% off,679.0,29.37,91.67,0.0,0.0,0.0,616.7,5.0,,,,,17.52,3.0,Correctly,,94c7ee2d0dda69ff134f2b350cfb7867163348dfd52c0065c06de736566f41e3,3
20554001,Swaad,Greater Kailash 2 (GK2),Delhi NCR,6565463540,"10:45 PM, January 28 2025",Delivered,Zomato Delivery,4km,"1 x Grilled Chicken Peri Peri Tender, 1 x Fried Chicken Angara Tender, 1 x Grilled Chicken Jamaican Tangdi",,Flat 20% off,1300.0,53.3,234.0,0.0,0.0,0.0,1119.3,,,,,,15.98,0.6,Correctly,,d4d5ba41fb5a61f862313e0908112a045a41c1709647927689dc143331176f43,3
20554001,Swaad,Greater Kailash 2 (GK2),Delhi NCR,6564739446,"09:50 PM, January 28 2025",Delivered,Zomato Delivery,5km,"1 x Grilled Chicken Jamaican Boneless Breast, 1 x Fried Chicken Angara Tender, 1 x Fried Chicken Kabuli Tender",,Flat 15% off,975.0,42.17,131.63,0.0,0.0,0.0,885.54,,,,,,15.03,0.9,Correctly,,7769bac9b55143e95c3d427ad4f4230cfface852467d3343d7b97379c340dd4a,3
20554001,Swaad,Greater Kailash 2 (GK2),Delhi NCR,6558572141,"09:26 PM, January 26 2025",Delivered,Zomato Delivery,5km,"1 x Animal Fries, 1 x Grilled Chicken Jamaican Tangdi, 1 x Bone in Kabuli Grilled Chicken",,Flat 15% off,1180.0,51.04,159.3,0.0,0.0,0.0,1071.74,,,,,,17.27,6.6,Correctly,,f2e6e798c6b50ee21c0965d2854dc884bdf04a01c7d395ff9864b3cf70d42f7b,3
20554001,Swaad,Greater Kailash 2 (GK2),Delhi NCR,6553200328,"02:20 AM, January 26 2025",Delivered,Zomato Delivery,5km,"1 x Fried Chicken Beast AAC Burger, 1 x Fried Chicken Peri Peri Tender, 1 x AAC Signature Fries",,Flat 15% off,889.0,38.45,120.02,0.0,0.0,0.0,807.43,,,,,,16.33,3.2,Correctly,,018123230ca51d32eaeb735ce3d5ed0749a1799b9d2ab847d45d13ebef37ef00,3
20554001,Swaad,Greater Kailash 2 (GK2),Delhi NCR,6556526366,"07:53 PM, January 25 2025",Delivered,Zomato Delivery,3km,3 x Grilled Chicken Jamaican Tender,,Flat 20% off,1305.0,53.51,234.9,0.0,0.0,0.0,1123.61,,,,,,15.78,0.2,Correctly,,12b07b9c3370baa5dd15fbfbc43c3dbc379fe66f73dbda9526c651d3fe501507,3
20554001,Swaad,Greater Kailash 2 (GK2),Delhi NCR,6551763788,"08:16 PM, January 24 2025",Delivered,Zomato Delivery,10km,"1 x Bone in Jamaican Grilled Chicken, 1 x Fried Chicken Peri Peri Tender, 1 x AAC Grilled Chicken Burger",,Flat 20% off,1474.0,60.43,265.32,0.0,0.0,0.0,1269.11,,,,,,18.1,0.7,Correctly,,69110c730cdc5157969233476152389a577afddcf248433082b10632fdca8a37,3
20554001,Swaad,Greater Kailash 2 (GK2),Delhi NCR,6549329589,"12:39 PM, January 24 2025",Delivered,Zomato Delivery,5km,"1 x Bone in Angara Grilled Chicken, 1 x Peri Peri Crisper Fries, 1 x Angara Sauce",,50% off upto Rs.100,569.0,24.45,80.0,0.0,0.0,0.0,513.45,,,,,,13.78,0.5,Correctly,,868624c537edb4f1dbda0cc6ba964f950306578374d464a68c8fb817216b324e,3
20554001,Swaad,Greater Kailash 2 (GK2),Delhi NCR,6548146153,"08:16 PM, January 22 2025",Delivered,Zomato Delivery,<1km,"1 x Tipsy Tiger Ginger Ale, 1 x Bone in Peri Peri Grilled Chicken, 1 x Angara Rice",,50% off upto Rs.100,577.05,24.85,80.0,0.0,0.0,0.0,521.9,,,,,,18.92,10.8,Correctly,,57f78104fc97a9622920b1062f0b2202196c30ed148654176bd7b3b05c2697ca,3
20554001,Swaad,Greater Kailash 2 (GK2),Delhi NCR,6544645748,"12:38 AM, January 22 2025",Delivered,Zomato Delivery,4km,"1 x AAC Saucy Fries, 1 x Bone in Angara Grilled Chicken, 1 x AAC Grilled Paneer Burger",,Flat 20% off,1265.0,51.87,227.7,0.0,0.0,0.0,1089.17,,,,,,16.42,3.2,Correctly,,3b0b876676d54707e1445b7804d19af7d52e973c36052eacf3688ff4b62e8871,3
20635699,Aura Pizzas,Greater Kailash 2 (GK2),Delhi NCR,6559721898,"08:10 PM, January 31 2025",Delivered,Zomato Delivery,1km,"1 x Murgh Amritsari Garlic Bread, 1 x Makhani Paneer Pizza, 1 x Peri Peri Grilled Chicken Pizza",,Flat Rs.300 off,1557.0,64.35,270.0,0.0,0.0,0.0,1351.35,,,,,,17.2,0.6,Correctly,,8cfec25edfe62f47a26b753eb54932c703a4ec97cd3877e3e24f94c0523063b2,3
20635699,Aura Pizzas,Greater Kailash 2 (GK2),Delhi NCR,6548636524,"12:37 AM, January 30 2025",Delivered,Zomato Delivery,6km,"1 x Bageecha Pizza, 1 x Jamaican Chicken Melt, 1 x Garlic Aioli",,Flat 15% off,1188.0,51.38,160.38,0.0,0.0,0.0,1079.0,,,,,,14.02,0.7,Correctly,,1531ee80d16d7c929a23f7b2f692b23953c0a70c9f9b5097476a8c070de3f15a,3
20635699,Aura Pizzas,Greater Kailash 2 (GK2),Delhi NCR,6561961340,"09:22 PM, January 29 2025",Delivered,Zomato Delivery,3km,"1 x Murgh Amritsari Seekh Melt, 1 x Mutton Seekh Pide, 1 x Chicken Pepperoni Pizza",,,1517.0,75.85,0.0,0.0,0.0,0.0,1592.85,1.0,,,,,14.1,0.7,Correctly,,cc090a779dd766c2e916d426f843b52a7340bc41f81314573e2a6a1956b7aadc,3
20635699,Aura Pizzas,Greater Kailash 2 (GK2),Delhi NCR,6562781280,"07:10 PM, January 29 2025",Delivered,Zomato Delivery,1km,"1 x Fried Chicken Tenders, 1 x Onion Rings, 1 x Peri Peri Chicken Melt",,Flat Rs.175 off,1148.0,49.55,157.0,0.0,0.0,0.0,1040.55,,,,,,15.43,8.0,Correctly,,9638517ce61d87b7949dad0059fddbebc11902fcdca254e817b8faa5a9dd9049,3
20635699,Aura Pizzas,Greater Kailash 2 (GK2),Delhi NCR,6562569286,"04:34 PM, January 29 2025",Delivered,Zomato Delivery,2km,"1 x Herbed Potato, 1 x Chilli Cheese Garlic Bread, 1 x Just Pepperoni Pizza",,Flat Rs.175 off,1096.0,46.95,157.0,0.0,0.0,0.0,985.95,,,,,,17.83,2.0,Correctly,,fa682452e2057b66efb06d106ad0ea1b638dabf6e7947a2dfef5637747354004,3
20635699,Aura Pizzas,Greater Kailash 2 (GK2),Delhi NCR,6560362029,"03:38 AM, January 29 2025",Delivered,Zomato Delivery,3km,"1 x Jamaican Chicken Melt, 1 x Grilled Chicken Tangdi, 1 x Margherita Pizza",,,1257.0,62.85,0.0,0.0,0.0,0.0,1319.85,,,,,,14.45,2.3,Correctly,,6574d337013b7dfab485b5d4744930756ec4b7c618ff4147611b07e45d22f5b7,3
20635699,Aura Pizzas,Greater Kailash 2 (GK2),Delhi NCR,6557457498,"06:20 PM, January 28 2025",Delivered,Zomato Delivery,5km,"1 x Murgh Amritsari Seekh Pide, 1 x OG Cheese Pide, 1 x Bageecha Pizza",,Flat 15% off,1377.0,59.56,185.9,0.0,0.0,0.0,1250.66,,,,,,20.27,7.6,Correctly,,c8d1120968f26a0736f00a8d593a4f99961724996a88486d1dc9f84b63e762f3,3
20635699,Aura Pizzas,Greater Kailash 2 (GK2),Delhi NCR,6559748846,"02:24 PM, January 28 2025",Delivered,Zomato Delivery,1km,"1 x Masala Potato Pide, 1 x Tipsy Tiger Fresh Lime Soda, 1 x Combo For 1 - Veg",,,1283.05,64.15,0.0,0.0,0.0,0.0,1347.2,,,,,,21.87,6.9,Correctly,,4650ad703aa8482ef8de8f776a6c6d0ab9c8aeeca2acddeae7742f43e999970c,3
20635699,Aura Pizzas,Greater Kailash 2 (GK2),Delhi NCR,6562536792,"02:19 AM, January 28 2025",Delivered,Zomato Delivery,2km,"1 x Peri Peri Chicken Melt, 1 x Just Pepperoni Pizza, 1 x Grilled Chicken Tangdi",,Flat 15% off,1447.0,62.58,195.35,0.0,0.0,0.0,1314.23,,,,,,16.22,0.9,Correctly,,6d6a007679e4d4efde0d167d02095e1704a4b957dd8d30d54ce0cea959ec0b72,3
20635699,Aura Pizzas,Greater Kailash 2 (GK2),Delhi NCR,6547224016,"01:24 AM, January 28 2025",Delivered,Zomato Delivery,3km,"1 x Peri Peri Crisper Fries, 1 x Tipsy Tiger Fresh Lime Soda, 1 x Masala Paneer Pide",,50% off upto Rs.100,647.05,27.85,90.0,0.0,0.0,0.0,584.9,,,,,,9.27,0.3,Correctly,,e621de361d60f1fd0e95433c46d204472f0f855f733705c5babc3ace7f84fdca,3
20635699,Aura Pizzas,Greater Kailash 2 (GK2),Delhi NCR,6558325358,"12:14 PM, January 27 2025",Delivered,Zomato Delivery,2km,"1 x Just Pepperoni Pide, 1 x Herbed Potato, 1 x Murgh Amritsari Seekh Pizza",,,1196.0,29.9,0.0,598.0,0.0,0.0,627.9,5.0,"Incredibly delicious pizza! For a person who skips the crust, the sourdough bread is an absolute gamechanger. The dips provided are excellent as well. They also go the extra mile and add a adhesive tape to the bottom of the dips so that they don't move around during delivery. The packaging is also world class. It shows that the people in charge truly care about the entire experience, regardless of whether you're dining in or getting it delivered. Loved every bite! Will definitely recommend.",,,,19.48,13.3,Correctly,,ebb473daad93fad4c219229ae831db0b20d469f89bdab9a5d877ab7e1b2e3825,3
20635699,Aura Pizzas,Greater Kailash 2 (GK2),Delhi NCR,6552316405,"05:37 PM, January 26 2025",Delivered,Zomato Delivery,2km,"1 x Jamaican Chicken Melt, 1 x Salted Fries, 1 x Raw Masala Lemon Shikanji",,,772.24,38.61,0.0,0.0,0.0,0.0,810.85,,,,,,18.45,12.2,Correctly,,db6ca18de0f88923733328ac02b056e868a986466ba212a3c29505d91659bdfe,3
20635699,Aura Pizzas,Greater Kailash 2 (GK2),Delhi NCR,6554606364,"11:43 PM, January 25 2025",Delivered,Zomato Delivery,6km,"1 x Margherita Pizza, 2 x Masala Paneer Pide",,Buy 1 Get 1 - ₹329.00,1008.0,50.4,0.0,0.0,0.0,0.0,1058.4,,,,,,11.85,0.7,Correctly,,0f423103e56f7ad1a5f6184afb1e622b0d04a212e093103abe2e60728b5c4703,3
20635699,Aura Pizzas,Greater Kailash 2 (GK2),Delhi NCR,6555255729,"07:57 PM, January 25 2025",Delivered,Zomato Delivery,1km,"1 x Desi Pepperoni Pizza, 1 x Murgh Amritsari Seekh Pide, 1 x Fried Chicken Tenders",,Buy 1 Get 1 - ₹379.00,874.0,43.7,0.0,0.0,0.0,0.0,917.7,,,,,,14.02,0.3,Correctly,,c8ca7f3183421b14eaf37e4ecabacf0f411a5fc1fcc3a3b0a498444e0ab50605,3
20635699,Aura Pizzas,Greater Kailash 2 (GK2),Delhi NCR,6540108223,"01:21 AM, January 25 2025",Delivered,Zomato Delivery,1km,"1 x All About Chicken Pizza, 1 x Just Pepperoni Pizza, 1 x Bacon Pepperoni Melt",,Flat 15% off,2387.0,93.09,322.25,0.0,0.0,202.9,1954.95,,,,,,22.12,2.8,Correctly,,90699cfade316d1c1e0fbd4c658341c55d5bd17a9424a8d80f58cf5be8fbf731,3
20635699,Aura Pizzas,Greater Kailash 2 (GK2),Delhi NCR,6546870521,"07:51 PM, January 24 2025",Delivered,Zomato Delivery,2km,"1 x Garlic Aioli, 1 x Angara Paneer Melt, 1 x Jamaican Chicken Melt",,Flat Rs.175 off,1038.0,44.05,157.0,0.0,0.0,0.0,925.05,,,,,,16.75,0.6,Correctly,,87914cdf29e9abadd81682bc1f10c5060e5ef20a11a3afa9ecf8b6f48d4fe98c,3
20635699,Aura Pizzas,Greater Kailash 2 (GK2),Delhi NCR,6546241476,"07:19 PM, January 24 2025",Delivered,Zomato Delivery,8km,"1 x Chicken Pepperoni Pizza, 1 x Murgh Amritsari Garlic Bread, 1 x Loaded Korean Grilled Chicken Pizza",,Flat Rs.300 off,1977.0,85.35,270.0,0.0,0.0,0.0,1792.35,5.0,,,,,30.83,16.8,Correctly,,8d4e75110ac9e8e942aff3026100b9c7f210d6bf6228c64e85103ee5582bb984,3
20635699,Aura Pizzas,Greater Kailash 2 (GK2),Delhi NCR,6548595311,"04:51 PM, January 24 2025",Delivered,Zomato Delivery,3km,"2 x Cheesy Garlic Bread, 1 x Peri Peri Fries",,Flat Rs.150 off,696.0,28.8,120.0,0.0,0.0,0.0,604.8,,,,,,12.03,0.8,Correctly,,222909b544680e8621aa806bc8f2f5d42eb23c5d5aceac56b7aab5b44d3c216d,3
20635699,Aura Pizzas,Greater Kailash 2 (GK2),Delhi NCR,6547176819,"11:02 PM, January 23 2025",Delivered,Zomato Delivery,1km,"1 x Peri Peri Fries, 1 x Mushroom Mozzarella Melt, 1 x Tipsy Tiger Ginger Ale",,,916.05,45.8,0.0,0.0,0.0,0.0,961.85,,,,,,14.0,0.5,Correctly,,5cb7cebb3fa9f38b5cb42bc94387903038fc064943a776666a8bda574e5460d7,3
20635699,Aura Pizzas,Greater Kailash 2 (GK2),Delhi NCR,6551115981,"08:17 PM, January 23 2025",Delivered,Zomato Delivery,4km,"1 x Spinach Sumac Pide, 1 x Makhani Paneer Pizza, 1 x Margherita Pizza",,Flat 15% off,1447.0,62.58,195.35,0.0,0.0,0.0,1314.23,5.0,Really well made!,,,,18.03,8.5,Correctly,,338e63e19e339447b6bd82d9f3ca7f66609680086566699a36649685b0f1ac1b,3
20635699,Aura Pizzas,Greater Kailash 2 (GK2),Delhi NCR,6547627677,"04:42 PM, January 23 2025",Delivered,Zomato Delivery,2km,"1 x Chilli Cheese Garlic Bread, 1 x Peri Peri Paneer Pizza, 1 x Bageecha Pizza",,Flat Rs.300 off,1507.0,61.85,270.0,0.0,0.0,0.0,1298.85,,,,,,17.17,2.7,Correctly,,a6f55ffb4a5b0920204dd2b7a4dc329cd7fe139c651d3baf2b9de78197a66451,3
20635699,Aura Pizzas,Greater Kailash 2 (GK2),Delhi NCR,6544879115,"02:43 AM, January 23 2025",Delivered,Zomato Delivery,4km,"1 x Murgh Amritsari Seekh Pide, 1 x Makhani Paneer Pizza, 1 x Mutton Seekh Pide",,,1505.0,75.25,0.0,0.0,0.0,0.0,1580.25,,,,,,16.03,12.7,Correctly,,805d0569dfdfabd2d672a73f64aff8a63f9ed14ae59eeda825df835a38e82c74,3
20635699,Aura Pizzas,Greater Kailash 2 (GK2),Delhi NCR,6548492491,"07:41 PM, January 22 2025",Delivered,Zomato Delivery,1km,"1 x Angara Paneer Melt, 1 x Cheesy Garlic Bread, 1 x Indian Masala Cripser Fries",,,987.0,49.35,0.0,0.0,0.0,0.0,1036.35,,,,,,14.45,0.3,Correctly,,d6afe1e0607129294f286ee619fa053f7912fcb31684b11f269dd113ff87ad2b,3
20635699,Aura Pizzas,Greater Kailash 2 (GK2),Delhi NCR,6529448947,"07:25 PM, January 22 2025",Delivered,Zomato Delivery,6km,"1 x Chilli Cheese Garlic Bread, 1 x Indian Masala Cripser Fries, 1 x Raw Masala Lemon Shikanji",,50% off upto Rs.100,623.24,24.05,90.0,0.0,0.0,52.32,504.97,,,,,,,0.2,Missed,,348d97c5ecb51af12b3ddd8b83f5865cb442c577910ef2a272a77a52665a9712,3
20635699,Aura Pizzas,Greater Kailash 2 (GK2),Delhi NCR,6543025447,"04:37 PM, January 22 2025",Delivered,Zomato Delivery,6km,"1 x Onion Rings, 1 x Bageecha Pizza, 1 x Peri Peri Fries",,Flat Rs.175 off,1056.0,44.95,157.0,0.0,0.0,0.0,943.95,,,,,,17.2,5.6,Correctly,,5c4aa0180e7dd1e376768c7099b43f776cb01d04eb40cb84b377bd8a96e21248,3
20635699,Aura Pizzas,Greater Kailash 2 (GK2),Delhi NCR,6535698891,"08:47 PM, January 21 2025",Delivered,Zomato Delivery,1km,"1 x Bacon Pepperoni Melt, 1 x Salted Fries, 1 x Mutton Seekh Pide",,,1255.0,62.75,0.0,0.0,0.0,0.0,1317.75,,,,,,21.43,0.2,Correctly,,a8dfeeb7b61e27d95b06067e2767d99feb4db607ee9864c7da28713bda02a0a7,3
20659868,Aura Pizzas,Sector 4,Delhi NCR,6571399162,"10:18 PM, January 31 2025",Delivered,Zomato Delivery,3km,"1 x Masala Potato Pide, 1 x Tripple Cheese Pizza, 1 x Raw Masala Lemon Shikanji",,,983.24,26.96,0.0,444.0,0.0,0.0,566.2,,,,,,16.67,2.1,Correctly,,44184f15abdef05bde94ebfaacd6e754e88233762ec7866f01150611fe376dfb,3
20659868,Aura Pizzas,Sector 4,Delhi NCR,6562659456,"06:32 PM, January 31 2025",Delivered,Zomato Delivery,5km,"1 x All About Chicken Pizza, 1 x Fried Chicken Tenders, 1 x Peri Peri Fries",,Flat 15% off,1237.0,53.5,167.0,0.0,0.0,0.0,1123.5,,,,,,25.5,14.3,Correctly,,403b6e73dc8c13fa2122954cd649f411c86b3fd1a90b72937b589b998f33543b,3
20659868,Aura Pizzas,Sector 4,Delhi NCR,6568743710,"05:47 PM, January 31 2025",Delivered,Zomato Delivery,8km,"1 x Peri Peri Paneer Pizza, 1 x Margherita Pizza, 1 x Malai Gud Pide",,Flat Rs.300 off,1747.0,73.85,270.0,0.0,0.0,0.0,1550.85,,,,,,20.32,10.1,Correctly,,fd599194b8815a42dc6a97862d19bbe0446ad4000a29d28daab16060b1160f38,3
20659868,Aura Pizzas,Sector 4,Delhi NCR,6571831596,"05:28 PM, January 31 2025",Delivered,Zomato Delivery,1km,"1 x Peri Peri Paneer Pizza, 1 x Angara Paneer Melt, 1 x Bageecha Pizza",,Flat Rs.300 off,2097.0,91.35,270.0,0.0,0.0,0.0,1918.35,,,,,,21.55,7.8,Correctly,,1bf185559132bac1df0dce43f81277b7c4ddd573bf1ddda7643b367710254ebe,3
20659868,Aura Pizzas,Sector 4,Delhi NCR,6569650834,"01:43 AM, January 31 2025",Delivered,Zomato Delivery,9km,"1 x Herbed Potato, 1 x Mushroom Pizza, 1 x Bageecha Pizza",,Flat 15% off,1406.0,60.81,189.81,0.0,0.0,0.0,1277.0,,,,,,21.75,10.4,Correctly,,99719b4b5142357533f60f0dee5407db1e3323c15bc8d9dd2a9bab5299748728,3
20659868,Aura Pizzas,Sector 4,Delhi NCR,6570956055,"12:36 AM, January 31 2025",Delivered,Zomato Delivery,12km,"1 x Peri Peri Paneer Melt, 1 x Salted Crisper Fries, 1 x Bellpepper Onion Pizza",,Flat Rs.150 off,1257.0,56.85,120.0,0.0,0.0,0.0,1193.85,,,,,,12.98,2.4,Correctly,,dd3e5d850f8b564cf37dcc66fbc9644704a16d097e0a059cc49232214474680e,3
20659868,Aura Pizzas,Sector 4,Delhi NCR,6569036983,"11:59 PM, January 30 2025",Delivered,Zomato Delivery,5km,"1 x Masala Potato Pide, 1 x Herbed Potato, 1 x Tripple Cheese Pizza",,,1036.0,25.9,0.0,518.0,0.0,0.0,543.9,5.0,,,,,13.07,1.2,Correctly,,e7816caaaa6e54d14a8767d469353ae886505b0e83de3042edfe232f6b5767a8,3
20659868,Aura Pizzas,Sector 4,Delhi NCR,6567714035,"10:55 PM, January 30 2025",Delivered,Zomato Delivery,5km,"1 x Herbed Potato, 1 x Tipsy Tiger Fresh Lime Soda, 1 x Tripple Cheese Pizza",,,895.05,25.35,0.0,388.0,0.0,0.0,532.4,,,,,,16.27,8.4,Incorrectly,,9cff36ad031dae09bed93c0f0582ea0bc056736c738f93c79fad31e5556bc5b7,3
20659868,Aura Pizzas,Sector 4,Delhi NCR,6545013334,"09:06 PM, January 30 2025",Delivered,Zomato Delivery,3km,"1 x Chilli Cheese Garlic Bread, 1 x Mushroom Pizza, 1 x Margherita Pizza",,Flat 15% off,1387.0,59.99,187.25,0.0,0.0,0.0,1259.74,,,,,,22.47,4.9,Correctly,,9273e16b6c39d8145802432015729b382220a58622894f938b324a91cda6fe54,3
20659868,Aura Pizzas,Sector 4,Delhi NCR,6570025120,"08:58 PM, January 30 2025",Delivered,Zomato Delivery,3km,"1 x Loaded Korean Grilled Chicken Pizza, 1 x Murgh Amritsari Seekh Melt, 1 x Jamaican Chicken Melt",,Flat Rs.300 off,1857.0,79.35,270.0,0.0,0.0,0.0,1666.35,,,,,,30.97,14.8,Correctly,Poor packaging or spillage,bc4a4fcb73f7285e56078ae1e37477c010187d3765c2ccdc1eec3a61f58a4ca1,3
20659868,Aura Pizzas,Sector 4,Delhi NCR,6567014612,"09:12 PM, January 29 2025",Delivered,Zomato Delivery,7km,"1 x Jamaican Chicken Melt, 1 x Cheesy Garlic Bread, 1 x Peri Peri Fries",,Flat Rs.150 off,946.0,41.3,120.0,0.0,0.0,0.0,867.3,,,,,,21.47,14.9,Incorrectly,,de0e644c9b1f0a14c6dcf35eacc6f1cb277b2fd5d3791b1ceffd943703e7ee81,3
20659868,Aura Pizzas,Sector 4,Delhi NCR,6565738473,"12:40 PM, January 29 2025",Delivered,Zomato Delivery,<1km,"1 x Bageecha Pizza, 1 x Masala Paneer Pide, 1 x Tripple Cheese Pizza",,,1527.0,62.13,0.0,284.5,0.0,0.0,1304.63,5.0,great pizza ,,,,18.37,8.1,Correctly,,855430e42fe717b299d941ec14292147b2435e4568bb431d5ca839baf746f57d,3
20659868,Aura Pizzas,Sector 4,Delhi NCR,6561566800,"09:05 PM, January 28 2025",Delivered,Zomato Delivery,3km,"1 x Herbed Potato, 1 x Grilled Chicken Tangdi, 1 x All About Chicken Pizza",Order: Please do not add raw onion in any of the items.,Flat Rs.175 off,1096.0,46.95,157.0,0.0,0.0,0.0,985.95,,,,,,0.48,0.7,Correctly,,a0ef783598d2fc246942e5a89b835b0c3238d5379e39af621ab3b6ac7bd888fc,3
20659868,Aura Pizzas,Sector 4,Delhi NCR,6559708501,"06:38 PM, January 28 2025",Delivered,Zomato Delivery,3km,"2 x Margherita Pizza, 1 x Mushroom Pizza",,Flat Rs.300 off,1765.0,74.75,270.0,0.0,0.0,0.0,1569.75,,,,,,12.6,2.2,Correctly,,be6cd74376150cd637b15b47983986bc43708975bc62c32cc9dbff6f40ab18ef,3
20659868,Aura Pizzas,Sector 4,Delhi NCR,6563181875,"01:14 PM, January 28 2025",Delivered,Zomato Delivery,7km,"1 x Spinach Sumac Pide, 1 x Herbed Potato, 1 x Murgh Amritsari Seekh Pizza",,,1146.0,28.65,0.0,573.0,0.0,0.0,601.65,,,,,,18.3,6.1,Correctly,,b746607866a7ec5b0632422cb2e658c0bdd35058e8441187574401e129f0d967,3
20659868,Aura Pizzas,Sector 4,Delhi NCR,6561592155,"08:50 PM, January 27 2025",Delivered,Zomato Delivery,2km,"1 x Makhani Paneer Pizza, 1 x Malai Gud Pide, 1 x Mushroom Pizza",,,1655.0,82.75,0.0,0.0,0.0,0.0,1737.75,,,,,,16.8,6.2,Correctly,,85525d13764b9e8dd018cd472ca1845a21b29652eacbc4a12964cadc8d6063b7,3
20659868,Aura Pizzas,Sector 4,Delhi NCR,6558620719,"08:04 PM, January 27 2025",Delivered,Zomato Delivery,11km,"1 x Makhani Paneer Pizza, 1 x Malai Gud Pide, 1 x Mushroom Mozzarella Melt",,Flat Rs.300 off,1557.0,64.35,270.0,0.0,0.0,0.0,1351.35,,,,,,17.23,4.4,Correctly,,78fea7e0458c0d368dfb163b5381bf6b0745b237d2bb2cc4a91734667dd06da9,3
20659868,Aura Pizzas,Sector 4,Delhi NCR,6547906687,"05:48 PM, January 27 2025",Delivered,Zomato Delivery,1km,"1 x Garlic Aioli, 1 x Peri Peri Fries, 1 x Peri Peri Crisper Fries",,60% off upto Rs.120,457.0,18.35,90.0,0.0,0.0,0.0,385.35,,,,,,8.02,1.0,Correctly,,757b903eda7e96be5acc0624f8956f079b42731bf9e8454f8d5d75fee12f13a2,3
20659868,Aura Pizzas,Sector 4,Delhi NCR,6560221968,"02:41 PM, January 27 2025",Delivered,Zomato Delivery,3km,"1 x Bageecha Pizza, 1 x Masala Potato Pide, 1 x Chilli Cheese Garlic Bread",,Flat Rs.200 off,1277.0,55.95,158.0,0.0,0.0,0.0,1174.95,,,,,,15.28,8.0,Correctly,,630c495368beeb4325410cddc92d189dbb34e2acf4cfd081e972f9dc02bbfdfb,3
20659868,Aura Pizzas,Sector 4,Delhi NCR,6557152901,"02:02 PM, January 27 2025",Delivered,Zomato Delivery,5km,"1 x Bageecha Pizza, 1 x Onion Rings, 1 x Herbed Potato",,Flat Rs.200 off,1326.0,53.2,158.0,104.0,0.0,0.0,1117.2,,,,,,17.13,7.4,Correctly,,c915fe5d743abe1b66b858f21894cc6f1f6a388ec274777f0b0e3328a18fcdb2,3
20659868,Aura Pizzas,Sector 4,Delhi NCR,6551773613,"08:02 PM, January 26 2025",Delivered,Zomato Delivery,5km,"1 x Just Pepperoni Pide, 1 x Bageecha Pizza, 1 x Indian Masala Fries",,Flat 15% off,1226.0,53.03,165.51,0.0,0.0,0.0,1113.52,,,,,,21.58,14.0,Correctly,,b7287ce8904708fbd56a09d2e5371473d4807e8d75e63e2446bf480b66de6bdb,3
20659868,Aura Pizzas,Sector 4,Delhi NCR,6557392116,"07:54 PM, January 26 2025",Delivered,Zomato Delivery,3km,"1 x Murgh Amritsari Seekh Pizza, 1 x Bageecha Pizza, 1 x All About Chicken Pizza",,Flat 15% off,2426.0,104.93,327.51,0.0,0.0,0.0,2203.42,,,,,,26.35,13.6,Correctly,,86fef495f62a6d51fc87beb31cd9511e0ea54567e545a8c4cc9313bfe795bb20,3
20659868,Aura Pizzas,Sector 4,Delhi NCR,6559500321,"07:10 PM, January 26 2025",Delivered,Zomato Delivery,<1km,"1 x Makhani Paneer Pizza, 1 x Bageecha Pizza, 1 x Peri Peri Paneer Pizza",,Flat Rs.300 off,2027.0,87.85,270.0,0.0,0.0,0.0,1844.85,,,,,,12.7,7.0,Incorrectly,,16001a4d1d1680e9ede17230a620690f55cf0661bea75b444b0798f9000010dc,3
20659868,Aura Pizzas,Sector 4,Delhi NCR,6550077867,"02:44 PM, January 26 2025",Delivered,Zomato Delivery,3km,"1 x Tripple Cheese Pizza, 1 x Chilli Cheese Garlic Bread, 1 x Herbed Potato",,,986.0,31.38,0.0,358.5,0.0,0.0,658.88,,,,,,13.02,1.4,Correctly,,42d8bdea9499278394d5bdddac54b137a9aa1f27a5c1e5d6a697f0c098c9fd72,3
20659868,Aura Pizzas,Sector 4,Delhi NCR,6557732679,"01:38 PM, January 26 2025",Delivered,Zomato Delivery,9km,3 x Makhani Paneer Pizza,,Flat 15% off,2397.0,103.67,323.6,0.0,0.0,0.0,2177.07,,,,,,17.58,4.0,Correctly,,7439eb9cb3c60657d90a7ebf7d85194b52c1ff1b60572bb8eb1b44ceb292afd2,3
20659868,Aura Pizzas,Sector 4,Delhi NCR,6533510016,"09:34 PM, January 25 2025",Delivered,Zomato Delivery,2km,"1 x Makhani Paneer Pizza, 1 x Cheesy Garlic Bread, 1 x Peri Peri Crisper Fries",,Buy 1 Get 1 - ₹249.00,998.0,49.9,0.0,0.0,0.0,0.0,1047.9,,,,,,15.82,1.0,Correctly,,959e0d40ccd7d4dc5f9ba544bf6b153ea14a3344262db4ce7ae59e897da7a793,3
20659868,Aura Pizzas,Sector 4,Delhi NCR,6550678843,"02:46 PM, January 24 2025",Delivered,Zomato Delivery,1km,"1 x Onion Rings, 1 x Mushroom Mozzarella Melt, 1 x Fried Chicken Tenders",,Flat Rs.150 off,952.0,41.6,120.0,0.0,0.0,0.0,873.6,,,,,,13.62,0.8,Correctly,,1466755d5bb48e13a5a982e94befc3e2be7cd03d8263270af139bc3f1059debb,3
20659868,Aura Pizzas,Sector 4,Delhi NCR,6551023364,"02:12 PM, January 24 2025",Delivered,Zomato Delivery,1km,"1 x Pepperoni Garlic Bread, 1 x Murgh Amritsari Seekh Pizza, 1 x Peri Peri Crisper Fries",,50% off upto Rs.100,1137.0,36.13,90.0,324.5,0.0,0.0,758.63,,,,,,11.03,1.6,Correctly,,fb91c44d2142deeade236d990120ac2e710e48eea504e5e5b22c1a11e6fab561,3
20659868,Aura Pizzas,Sector 4,Delhi NCR,6550490695,"01:53 PM, January 24 2025",Delivered,Zomato Delivery,1km,"1 x Herbed Potato, 1 x Tripple Cheese Pizza, 1 x Spinach Sumac Pide",,,1066.0,26.65,0.0,533.0,0.0,0.0,559.65,4.0,,,,,,13.5,Missed,,e7a244175e9439c68c78a37bfd7db16a30fb1b0720d745337a6ad1d8573e3abb,3
20659868,Aura Pizzas,Sector 4,Delhi NCR,6540726263,"08:57 PM, January 23 2025",Delivered,Zomato Delivery,3km,"1 x Onion Rings, 1 x Chicken Pepperoni Pizza, 1 x Makhani Paneer Pizza",,Flat Rs.300 off,1517.0,62.35,270.0,0.0,0.0,0.0,1309.35,,,,,,12.1,1.1,Correctly,,e8e2fa05c89212eafed5c523658a1b7bca58df0de8e39dadf08ab4385f02e864,3
20659868,Aura Pizzas,Sector 4,Delhi NCR,6550537353,"08:22 PM, January 23 2025",Delivered,Zomato Delivery,6km,"1 x Tipsy Tiger Fresh Lime Soda, 1 x Peri Peri Paneer Pizza, 1 x Mayonnaise",,50% off upto Rs.100,778.05,34.4,90.0,0.0,0.0,0.0,722.45,,,,,,14.57,0.6,Correctly,,50890c78b35d164e0374ddf7100daf117ac446b87717fcabb77611dbc5afa244,3
20659868,Aura Pizzas,Sector 4,Delhi NCR,6546947964,"06:22 PM, January 23 2025",Delivered,Zomato Delivery,16km,"1 x Herbed Potato, 1 x Margherita Pizza, 1 x Cheesy Garlic Bread",,Flat Rs.150 off,886.0,38.3,120.0,0.0,0.0,0.0,804.3,,,,,,13.17,3.1,Correctly,,43cdb95f61a63daaafd1ee041a308498699e0dde6168519e0e43ea07cdf64a90,3
20659868,Aura Pizzas,Sector 4,Delhi NCR,6549350972,"05:46 PM, January 23 2025",Delivered,Zomato Delivery,3km,"1 x Fried Chicken Tenders, 1 x Murgh Amritsari Garlic Bread, 1 x Chilli Cheese Garlic Bread",,Flat Rs.150 off,928.0,40.4,120.0,0.0,0.0,0.0,848.4,,,,,,14.97,9.8,Correctly,,d8d149deee4985f2475fc1e87ede510b9c881847d56033a1289824675eff182c,3
20659868,Aura Pizzas,Sector 4,Delhi NCR,6537504565,"10:51 PM, January 22 2025",Delivered,Zomato Delivery,6km,"1 x Onion Rings, 1 x Mushroom Pizza, 1 x Cheesy Garlic Bread",,Flat 15% off,1476.0,63.84,199.26,0.0,0.0,0.0,1340.58,5.0,,,,,24.92,15.6,Correctly,,f14e0ff98c355465af42915f5789ca5eb71210b9e4ec8689469281c2c3e37e4b,3
20659868,Aura Pizzas,Sector 4,Delhi NCR,6548828648,"09:29 PM, January 22 2025",Delivered,Zomato Delivery,3km,"1 x Chicken Pepperoni Pizza, 1 x Chilli Cheese Garlic Bread, 1 x Mutton Seekh Pide",,,1287.0,64.35,0.0,0.0,0.0,0.0,1351.35,,,,,,13.88,4.1,Correctly,,6b765891d58fd95066bdeb082be4ca9ac3882d8312e60c4750b7c18c6bd652fc,3
20659868,Aura Pizzas,Sector 4,Delhi NCR,6542819037,"04:44 PM, January 22 2025",Delivered,Zomato Delivery,5km,"1 x Chilli Cheese Garlic Bread, 1 x Makhani Paneer Pizza, 1 x Bageecha Pizza",,Flat Rs.300 off,1507.0,61.85,270.0,0.0,0.0,0.0,1298.85,,,,,,16.95,4.5,Correctly,,0c0d2db147805b57960ba9e689aae6c70fa1e4264ce63aa446159e56a599e05f,3
20659868,Aura Pizzas,Sector 4,Delhi NCR,6536358034,"08:20 PM, January 21 2025",Delivered,Zomato Delivery,1km,"1 x Chilli Cheese Garlic Bread, 1 x Bageecha Pizza, 1 x Makhani Paneer Pizza",,Flat Rs.300 off,1507.0,61.85,270.0,0.0,0.0,0.0,1298.85,,,,,,14.22,3.3,Correctly,,0bbc7ddad159c11e9ee1916945d4409d9a4c47a739fdebcef7a9cb5165930f32,3
20659868,Aura Pizzas,Sector 4,Delhi NCR,6532137427,"06:44 PM, January 21 2025",Delivered,Zomato Delivery,6km,"1 x Garlic Aioli, 1 x Peri Peri Fries, 1 x OG Cheese Pide",,Flat Rs.150 off,627.0,22.97,120.0,0.0,0.0,47.7,482.27,,,,,,14.8,0.8,Correctly,,d5b54cf38645d997ac4a13bb0b09ab9e6c8b0fcfa2efecaf0a3c748e14452f57,3
20659868,Aura Pizzas,Sector 4,Delhi NCR,6545318174,"05:25 PM, January 21 2025",Delivered,Zomato Delivery,3km,"1 x Peri Peri Fries, 1 x Margherita Pizza, 1 x Chilli Cheese Garlic Bread",,Flat Rs.150 off,1035.0,45.75,120.0,0.0,0.0,0.0,960.75,,,,,,19.52,12.1,Correctly,,9a061392843a12cf67d956fd351bbed3435e365d51098809b05559c7d0674414,3
20882652,Aura Pizzas,DLF Phase 1,Delhi NCR,6572524699,"11:06 PM, January 31 2025",Delivered,Zomato Delivery,10km,"1 x Grilled Chicken Tangdi, 1 x Fried Chicken Tenders, 1 x Murgh Amritsari Seekh Pizza",,Flat Rs.150 off,1557.0,48.65,120.0,464.0,0.0,0.0,1021.65,,,,,,18.08,1.0,Correctly,,726835d4241ba973b930653f1beed6e744ccb3f8c97869e2ff31d697799e841b,3
20882652,Aura Pizzas,DLF Phase 1,Delhi NCR,6572824422,"09:28 PM, January 31 2025",Delivered,Zomato Delivery,5km,"1 x Margherita Pizza, 1 x Peri Peri Grilled Chicken Pizza, 1 x Peri Peri Chicken Melt",,,1637.0,81.85,0.0,0.0,0.0,0.0,1718.85,,,,,,18.12,3.0,Correctly,,cd704c372e69fc574c81c8e6c3b6e48f6cbecd45c4e18173d9c2e47231d3828b,3
20882652,Aura Pizzas,DLF Phase 1,Delhi NCR,6567147998,"01:04 PM, January 31 2025",Delivered,Zomato Delivery,4km,"2 x Peri Peri Fries, 1 x Bageecha Pizza",,Flat 15% off,1225.0,52.98,165.38,0.0,0.0,0.0,1112.6,,,,,,20.32,3.1,Correctly,,74086d27d19825ced423c50694bf3b9b72021f52697983a7566245f212185fb9,3
20882652,Aura Pizzas,DLF Phase 1,Delhi NCR,6564498852,"09:05 PM, January 30 2025",Delivered,Zomato Delivery,5km,3 x Chilli Cheese Garlic Bread,,Flat Rs.150 off,807.0,34.35,120.0,0.0,0.0,0.0,721.35,,,,,,15.62,1.4,Correctly,,473335afd450733015df09d6ede9c6afbed28b00203e449e3bc81891e7f6d775,3
20882652,Aura Pizzas,DLF Phase 1,Delhi NCR,6529660840,"03:31 PM, January 30 2025",Delivered,Zomato Delivery,3km,"1 x Peri Peri Grilled Chicken Pizza, 1 x Bageecha Pizza, 1 x Peri Peri Crisper Fries",,,1597.0,79.85,0.0,0.0,0.0,0.0,1676.85,,,,,,23.78,5.4,Correctly,,38a19f917372c3aabe4c7cb62fea3bafb72f6a923ec1558704ecd4828d58b05d,3
20882652,Aura Pizzas,DLF Phase 1,Delhi NCR,6567847811,"09:15 PM, January 29 2025",Delivered,Zomato Delivery,6km,"1 x Chilli Cheese Garlic Bread, 1 x Malai Gud Pide, 1 x Peri Peri Chicken Melt",,Flat Rs.175 off,1047.0,44.5,157.0,0.0,0.0,0.0,934.5,,,,,,23.0,1.9,Correctly,,2ace6657621bb4960e81d224e93b4201ca4f5606e0854a8f4a341a2fb26cc40a,3
20882652,Aura Pizzas,DLF Phase 1,Delhi NCR,6563810711,"07:29 PM, January 29 2025",Delivered,Zomato Delivery,3km,"1 x Angara Paneer Melt, 1 x Makhani Paneer Pizza, 1 x Masala Paneer Pide",,Flat 15% off,1417.0,61.29,191.3,0.0,0.0,0.0,1286.99,,,,,,19.5,8.1,Correctly,,fd16b474b3a22789c1d866a980cea241f1a1b8d4727b1f42b184e5bf6402abfa,3
20882652,Aura Pizzas,DLF Phase 1,Delhi NCR,6563081680,"12:55 AM, January 29 2025",Delivered,Zomato Delivery,4km,"1 x Makhani Paneer Pizza, 1 x Chilli Cheese Garlic Bread, 1 x Murgh Amritsari Seekh Pide",,Flat 15% off,1317.0,56.96,177.8,0.0,0.0,0.0,1196.16,,,,,,16.4,8.0,Correctly,,74f5c307f5d08326d413a7baedb7a8f132c8d96b7ab6aeda32f508ea90b480d4,3
20882652,Aura Pizzas,DLF Phase 1,Delhi NCR,6562524785,"10:07 PM, January 28 2025",Delivered,Zomato Delivery,5km,"1 x Mutton Seekh Pizza, 1 x Peri Peri Grilled Chicken Pizza, 1 x Herbed Potato",,Flat 15% off,1486.0,61.57,180.63,74.0,0.0,0.0,1292.94,,,,,,27.95,15.0,Correctly,,92a852b74d1bdb3766e4c0fd8ddfbeebae0982be6f12e78be0d4e324a60e4ebc,3
20882652,Aura Pizzas,DLF Phase 1,Delhi NCR,6557549914,"07:53 PM, January 27 2025",Delivered,Zomato Delivery,4km,"1 x Murgh Amritsari Garlic Bread, 1 x Pepperoni Garlic Bread, 1 x Peri Peri Fries",,,1025.0,51.25,0.0,0.0,0.0,0.0,1076.25,,,,,,19.07,,Incorrectly,,1273ec055e6adf05988547ba9d2467de7fb3d7c14b7ae9ccee7d77331ec65c49,3
20882652,Aura Pizzas,DLF Phase 1,Delhi NCR,6555370826,"07:55 PM, January 26 2025",Delivered,Zomato Delivery,11km,"1 x Cheesy Garlic Bread, 1 x Peri Peri Paneer Pizza, 1 x Bageecha Pizza",,,1867.0,93.35,0.0,0.0,0.0,0.0,1960.35,,,,,,21.6,6.5,Correctly,,61a0444578b88a2ebe966a01706af6c0d354dae9d36ccdbde9568d772d39bf71,3
20882652,Aura Pizzas,DLF Phase 1,Delhi NCR,6556639896,"07:11 PM, January 26 2025",Delivered,Zomato Delivery,11km,"2 x Iced Green Tea - Mojito, 1 x Pepperoni Garlic Bread",,,538.48,26.92,0.0,0.0,0.0,0.0,565.4,,,,,,11.93,5.9,Correctly,,3abed74f6cd00a552eb6db9ff99927a5b4d4290bd07b9879ccb244a65c66b8d7,3
20882652,Aura Pizzas,DLF Phase 1,Delhi NCR,6556581952,"04:30 PM, January 26 2025",Delivered,Zomato Delivery,7km,"1 x Mushroom Pizza, 1 x All About Chicken Pizza, 1 x Chicken Pepperoni Pizza",,Flat 15% off,2517.0,108.86,339.8,0.0,0.0,0.0,2286.06,,,,,,25.58,8.8,Correctly,Poor packaging or spillage,b911b9bf819631c39119cba1744b4a30340b6493a857500aee6d97ae16736066,3
20882652,Aura Pizzas,DLF Phase 1,Delhi NCR,6543977293,"12:24 AM, January 23 2025",Delivered,Zomato Delivery,6km,"1 x Peri Peri Crisper Fries, 1 x Herbed Potato, 1 x Makhani Paneer Pizza",,Flat Rs.150 off,1293.0,58.65,120.0,0.0,0.0,0.0,1231.65,,,,,,19.9,9.6,Correctly,,7f77ba2ebf8fa832fe7b15e59c50058a58e6bbaa816f6b48e19a69ac9e4d91af,3
20882652,Aura Pizzas,DLF Phase 1,Delhi NCR,6545304264,"07:49 PM, January 22 2025",Delivered,Zomato Delivery,4km,"1 x Cheesy Garlic Bread, 1 x Bellpepper Onion Pizza, 1 x Chilli Cheese Garlic Bread",,Flat Rs.175 off,1117.0,48.0,157.0,0.0,0.0,0.0,1008.0,,,,,,12.3,4.6,Correctly,,5c0bf282adc80a0d06cdfe6d671438adbbffd3a6b3a4634afaec9e92d0a9c040,3
20882713,Swaad,DLF Phase 1,Delhi NCR,6548487434,"08:52 PM, January 25 2025",Delivered,Zomato Delivery,9km,"1 x Grilled Chicken Smoky Bbq Boneless Breast, 1 x AAC Signature Fries, 1 x Grilled Chicken Peri Peri Boneless Breast",,Flat 15% off,839.0,36.29,113.27,0.0,0.0,0.0,762.02,,,,,,16.48,1.8,Correctly,,af937572acc3fa381f4725c0f604e32a3618f589a301e3eae68df3415b892d9e,3
20882713,Swaad,DLF Phase 1,Delhi NCR,6550458569,"06:48 PM, January 25 2025",Delivered,Zomato Delivery,3km,"1 x Herbed Potato, 1 x Grilled Chicken Peri Peri Tangdi, 1 x Bone in Jamaican Grilled Chicken",,,1123.0,56.15,0.0,0.0,0.0,0.0,1179.15,,,,,,19.43,5.1,Correctly,,08c8d491a5690e453b3ce64aef4b083f5aa1e328cd39c276ae14e10065e8ba64,3
20882713,Swaad,DLF Phase 1,Delhi NCR,6552849597,"08:23 PM, January 24 2025",Delivered,Zomato Delivery,2km,"1 x Grilled Chicken Angara Tangdi, 1 x Grilled Chicken Jamaican Tender, 1 x Bone in Jamaican Grilled Chicken",,Flat 20% off,1380.0,55.2,276.0,0.0,0.0,0.0,1159.2,,,,,,18.17,3.9,Incorrectly,,0b37ec6e5d948276a55263ddd8d72b1bf43989b8fe39ece65f449b8801ecad87,3
20882713,Swaad,DLF Phase 1,Delhi NCR,6544516769,"11:48 AM, January 21 2025",Delivered,Zomato Delivery,2km,"1 x Peri Peri Fries, 1 x Bone in Smoky Bbq Grilled Chicken, 1 x Bone in Jamaican Grilled Chicken",,Flat 20% off,2519.0,100.76,503.8,0.0,0.0,0.0,2115.96,4.0,,,,,26.72,1.0,Correctly,,9dee1f88b182a23e330134f4fc35403e95fd36c922d6f4d8666cc4c357078f15,3
20968171,Dilli Burger Adda,DLF Phase 1,Delhi NCR,6549757980,"12:36 PM, January 25 2025",Delivered,Zomato Delivery,6km,"1 x Cheesy Veg Burger, 1 x Fried Mushroom Burger, 1 x Grilled Paneer Burger",,Flat Rs.175 off,1130.0,48.65,157.0,0.0,0.0,0.0,1021.65,,,,,,28.2,15.3,Correctly,,3cd655d115b45e91851458b99da802cf79e6000d7fe6e836e746c4f0c0ac74c5,3
20968194,Dilli Burger Adda,Sector 4,Delhi NCR,6558827683,"05:26 PM, January 26 2025",Delivered,Zomato Delivery,3km,"1 x Mutton Smashed Burger, 1 x Dirty Saucy Fries, 1 x Grilled Chicken Dirty Burger",,,965.0,24.13,0.0,482.5,0.0,0.0,506.63,,,,,,19.48,8.1,Correctly,,a5e0ab508fdb62b3c8d1c061fcf89e4d07921abe7b4cc4f04d730c1445d9b0ac,3
20968194,Dilli Burger Adda,Sector 4,Delhi NCR,6543564825,"03:15 PM, January 23 2025",Delivered,Zomato Delivery,1km,"1 x Grilled Paneer Burger, 1 x Fried Mushroom Burger, 1 x Peri Peri Crisper Fries",,Flat Rs.175 off,989.0,41.6,157.0,0.0,0.0,0.0,873.6,,,,,,16.88,6.5,Incorrectly,,317adbc7d840745820515a3aec0273644610a187901ffaccbf367e14eb9d2a3b,3
20968206,Dilli Burger Adda,Greater Kailash 2 (GK2),Delhi NCR,6565256789,"10:39 PM, January 30 2025",Delivered,Zomato Delivery,1km,"1 x Dirty Saucy Fries, 1 x Grilled Chicken Dirty Burger, 1 x Mutton Smashed Burger",,,965.0,24.13,0.0,482.5,0.0,0.0,506.63,5.0,,,,,13.27,0.9,Correctly,,d73d15dfc2992f1407ed0b39be6aaafbf562275641f6cc977c3688a2e351b986,3
20968206,Dilli Burger Adda,Greater Kailash 2 (GK2),Delhi NCR,6569990529,"08:34 PM, January 30 2025",Delivered,Zomato Delivery,2km,"1 x Onion Rings, 1 x Tenderloin Smashed Burger, 1 x Fried Chicken Tenders",,Flat Rs.175 off,844.0,34.35,157.0,0.0,0.0,0.0,721.35,,,,,,16.55,0.3,Correctly,,90c6669601f497c42e92bc7364e07348cb066719224cc22c253cc54fe8f9192e,3
20968206,Dilli Burger Adda,Greater Kailash 2 (GK2),Delhi NCR,6566206464,"08:50 PM, January 29 2025",Delivered,Zomato Delivery,6km,"1 x Salted Fries, 1 x Korean Fried Chicken Burger, 1 x Fried Chicken Beast Burger",,Flat Rs.175 off,1008.0,38.39,157.0,0.0,0.0,83.3,806.09,5.0,Hit the spot.,,,,15.23,0.6,Correctly,,065fdff044e6d2abe58f3c741d9355bc0348a589dc953a945593c234bd9475cb,3
21077127,Aura Pizzas,Sector 135,Delhi NCR,6568919545,"12:06 PM, January 31 2025",Delivered,Zomato Delivery,<1km,"2 x Just Pepperoni Pide, 1 x Peri Peri Crisper Fries",,,997.0,29.9,0.0,399.0,0.0,0.0,627.9,,,,,,15.93,3.7,Correctly,,8be61e17a311cf11ad6651c72c5e547bee5a1d5ae1fded4b0da59e8a58031ed5,3
21077127,Aura Pizzas,Sector 135,Delhi NCR,6568187769,"09:30 PM, January 30 2025",Delivered,Zomato Delivery,15km,"1 x Peanut Butter Chocolate Pide, 1 x Indian Salsa, 1 x All About Chicken Pizza",,Flat Rs.175 off,1048.0,43.65,175.0,0.0,0.0,0.0,916.65,,,,,,20.92,12.4,Correctly,,ddf2cb74227c701501c3f54e86aa32a01c442d9a278d19068e9fa4015ef57562,3
21077127,Aura Pizzas,Sector 135,Delhi NCR,6567096492,"12:01 PM, January 30 2025",Delivered,Zomato Delivery,13km,"1 x Tipsy Tiger Fresh Lime Soda, 1 x Tripple Cheese Pizza, 1 x Just Pepperoni Pizza",,,1734.05,63.3,0.0,468.0,0.0,0.0,1329.35,,,,,,17.77,4.4,Correctly,,0f90d3c4bc70b04b2f2c1b2e1ec08cfb8684a7e5e92ee50c5c4047ec4c11e330,3
21077127,Aura Pizzas,Sector 135,Delhi NCR,6564463046,"08:51 PM, January 28 2025",Delivered,Zomato Delivery,7km,"1 x Cheesy Garlic Bread, 1 x Margherita Pizza, 1 x Peri Peri Paneer Pizza",,Flat 15% off,1347.0,59.27,161.64,0.0,0.0,0.0,1244.63,,,,,,11.0,1.3,Correctly,,c9412abda78d2dfbb77ea8f1811d61e5580c7b1b4f3e5b35827f0ec6cdd21a0a,3
21077127,Aura Pizzas,Sector 135,Delhi NCR,6558366401,"07:02 PM, January 28 2025",Delivered,Zomato Delivery,4km,"1 x Just Pepperoni Pizza, 1 x Bellpepper Onion Pizza, 1 x Margherita Pizza",,,1957.0,97.85,0.0,0.0,0.0,0.0,2054.85,5.0,,,,,17.88,12.3,Correctly,,4432ad8a54cb1850e5c157c79c06f64f229dcbbb931e5d4a6dc7bbdc4028c91b,3
21077127,Aura Pizzas,Sector 135,Delhi NCR,6563499447,"12:42 PM, January 28 2025",Delivered,Zomato Delivery,1km,"1 x Herbed Potato, 1 x Tripple Cheese Pizza, 1 x Spinach Sumac Pide",,,1066.0,26.65,0.0,533.0,0.0,0.0,559.65,,,,,,17.27,4.7,Correctly,,17d78d50b0ca6fc991276f3031e82fca4a3878f7cca9d4b03b01242b0f6baa40,3
21077127,Aura Pizzas,Sector 135,Delhi NCR,6559343163,"08:56 PM, January 26 2025",Delivered,Zomato Delivery,1km,"1 x Jamaican Chicken Melt, 1 x Chicken Pepperoni Pizza, 1 x Murgh Amritsari Seekh Melt",,Flat Rs.300 off,1817.0,78.85,240.0,0.0,0.0,0.0,1655.85,,,,,,18.8,0.3,Correctly,,6b7c44cd3f5d464b638528bd46d0c75af68530eaa5642db2162f17ad8f190a6d,3
21077127,Aura Pizzas,Sector 135,Delhi NCR,6559224472,"07:25 PM, January 26 2025",Delivered,Zomato Delivery,3km,"1 x Makhani Paneer Pizza, 1 x Malai Gud Pide, 1 x Onion Rings",,Flat 15% off,1307.0,57.51,156.84,0.0,0.0,0.0,1207.67,,,,,,16.93,10.1,Correctly,,2086aa384b3fbca2898e6165ae33e0afa720ae97e913d96af99e7e2a3f032d72,3
21077127,Aura Pizzas,Sector 135,Delhi NCR,6551510223,"12:24 PM, January 26 2025",Delivered,Zomato Delivery,11km,"1 x Murgh Amritsari Seekh Pizza, 1 x Cheesy Garlic Bread, 1 x Bageecha Pizza",,,1527.0,60.13,0.0,324.5,0.0,0.0,1262.63,,,,,,22.23,13.9,Correctly,,262ba2ec81a6331a3e17fc9101485de925e30ca489cfc672fa0e6b6edfbd75df,3
21077127,Aura Pizzas,Sector 135,Delhi NCR,6550765468,"07:48 PM, January 24 2025",Delivered,Zomato Delivery,4km,"1 x Onion Rings, 1 x Makhani Paneer Pizza, 1 x Just Pepperoni Pizza",Order: Less spicy or no spice please. And don't add mushroom to veg pizza,Flat Rs.300 off,1517.0,63.85,240.0,0.0,0.0,0.0,1340.85,,,,,,4.15,0.3,Correctly,,1022f5bcc0edf289a68dd53f77079579aed1b4e607760d4dd42a30bcd20462bf,3
21077127,Aura Pizzas,Sector 135,Delhi NCR,6540856250,"07:35 PM, January 24 2025",Rejected,Zomato Delivery,4km,"1 x Makhani Paneer Pizza, 1 x Onion Rings, 1 x Just Pepperoni Pizza",Order: Please ensure there are no mushrooms on veg pizza. Also less spicy please,,1517.0,75.85,0.0,0.0,0.0,0.0,1592.85,,,Cancelled by Zomato,637.14,,,,Missed,,1022f5bcc0edf289a68dd53f77079579aed1b4e607760d4dd42a30bcd20462bf,3
21077127,Aura Pizzas,Sector 135,Delhi NCR,6542995609,"07:12 PM, January 23 2025",Delivered,Zomato Delivery,4km,"1 x All About Chicken Pizza, 1 x Cheesy Garlic Bread, 1 x Bageecha Pizza",Order: please make sure pizza is well done,Flat Rs.300 off,1957.0,85.85,240.0,0.0,0.0,0.0,1802.85,,,,,,,0.1,Missed,,6b0d996e29dd0f73a5bb9cd22f7606fcdfeab0bf27292e5745d745b73c962e41,3
21077127,Aura Pizzas,Sector 135,Delhi NCR,6550008573,"01:30 PM, January 23 2025",Delivered,Zomato Delivery,2km,"1 x Salted Fries, 1 x Tripple Cheese Pizza, 1 x Fried Chicken Tenders",,,1307.0,46.13,0.0,384.5,0.0,0.0,968.63,,,,,,15.98,6.6,Correctly,,1c5a1d09dac10facf6622304a68b00be66757507bd9018a6970a75875786bd8c,3
21077127,Aura Pizzas,Sector 135,Delhi NCR,6545174452,"03:22 PM, January 22 2025",Delivered,Zomato Delivery,4km,"1 x Peri Peri Fries, 2 x Cheesy Garlic Bread",,,696.0,34.8,0.0,0.0,0.0,0.0,730.8,,,,,,13.62,2.2,Correctly,,8c2f063993236895dfe0cacfd8512f56d0b3608cd2994a7d6666b3794bdac55c,3
21077127,Aura Pizzas,Sector 135,Delhi NCR,6540335766,"09:35 PM, January 21 2025",Delivered,Zomato Delivery,5km,"1 x Chilli Cheese Garlic Bread, 1 x Salted Crisper Fries, 1 x Bellpepper Onion Pizza",,Flat Rs.175 off,1047.0,43.6,175.0,0.0,0.0,0.0,915.6,,,,,,20.82,11.7,Correctly,,dd3e5d850f8b564cf37dcc66fbc9644704a16d097e0a059cc49232214474680e,3
21077127,Aura Pizzas,Sector 135,Delhi NCR,6538525312,"08:15 PM, January 21 2025",Delivered,Zomato Delivery,17km,"1 x Loaded Pork Pepperoni Pizza, 1 x Indian Masala Fries, 1 x Chilli Cheese Garlic Bread",,,1316.0,65.8,0.0,0.0,0.0,0.0,1381.8,5.0,,,,,15.67,5.2,Correctly,,3ad6f6c76f7db4a08b9cc96ae915dd0795ff1f7c52e7a062f4e3b69795547c21,3
21077127,Aura Pizzas,Sector 135,Delhi NCR,6539680982,"02:28 PM, January 21 2025",Delivered,Zomato Delivery,6km,"1 x Murgh Amritsari Seekh Pizza, 2 x Herbed Potato",,,1135.0,28.38,0.0,567.5,0.0,0.0,595.88,,,,,,20.38,10.1,Correctly,,30aa09200fe72e3118d950fbb41965722d4972c246f1b60f394e016a23a79242,3
21114574,Dilli Burger Adda,Sector 135,Delhi NCR,6547480172,"04:24 PM, January 26 2025",Delivered,Zomato Delivery,3km,"1 x Grilled Paneer Burger, 1 x Cheesy Veg Burger, 1 x Herbed Potato",,,888.0,22.2,0.0,444.0,0.0,0.0,466.2,,,,,,19.63,6.0,Correctly,,ed0db7230a8277e8703247261d6ff1aa6f46b4b95dae60e5b51218e795bc34e4,3
21114574,Dilli Burger Adda,Sector 135,Delhi NCR,6545366639,"12:23 PM, January 23 2025",Delivered,Zomato Delivery,3km,"1 x Classic Bacon Melt Tenderloin Burger, 1 x Mutton Smashed Burger, 1 x Salted Fries",,Flat 15% off,948.0,36.97,127.98,0.0,0.0,80.58,776.41,,,,,,22.6,4.8,Correctly,,ed0db7230a8277e8703247261d6ff1aa6f46b4b95dae60e5b51218e795bc34e4,3
21309083,Swaad,Sector 135,Delhi NCR,6567970093,"02:27 PM, January 31 2025",Delivered,Zomato Delivery,6km,"1 x Salted Fries, 1 x Smoky BBQ Sauce, 1 x Fried Chicken Classic Tender",,Buy 1 Get 1 - ₹169.00,385.0,19.25,0.0,0.0,0.0,0.0,404.25,,,,,,15.25,5.1,Correctly,,21fa83a8b5221e6273ba20ed2e345caf9eaca3d43d83b9788c15b9b87b4366d7,3
21309083,Swaad,Sector 135,Delhi NCR,6565507380,"08:19 PM, January 29 2025",Delivered,Zomato Delivery,4km,"1 x AAC Saucy Fries, 1 x Grilled Chicken Angara Tender, 1 x AAC Grilled Chicken Burger",,Flat 15% off,960.0,41.52,129.6,0.0,0.0,0.0,871.92,5.0,The angara flavour is so good that its addictive!,,,,19.0,8.2,Correctly,,7b1c0a170a11769dea7315383c1c250b1625224a5939d42abc42a683674e4b65,3
21309083,Swaad,Sector 135,Delhi NCR,6558259277,"02:18 PM, January 26 2025",Delivered,Zomato Delivery,4km,"1 x Bone in Kabuli Grilled Chicken, 1 x Bone in Smoky Bbq Grilled Chicken, 1 x Bone in Peri Peri Grilled Chicken",,Flat 20% off,1480.0,60.68,266.4,0.0,0.0,0.0,1274.28,,,,,,21.17,10.0,Correctly,,868624c537edb4f1dbda0cc6ba964f950306578374d464a68c8fb817216b324e,3
21309083,Swaad,Sector 135,Delhi NCR,6552999725,"09:40 PM, January 24 2025",Delivered,Zomato Delivery,1km,"1 x Animal Fries, 1 x Grilled Chicken Angara Tangdi, 1 x Grilled Chicken Jamaican Tender",Order: NO TOMATOES IN THE ANIMAL FRIES,Flat 15% off,1195.0,51.68,161.33,0.0,0.0,0.0,1085.35,,,,,,18.55,0.3,Correctly,,88e554d1aca79956787571669fc19495255bfbdd5926d8dc555b83acee9e0e0f,3
21309083,Swaad,Sector 135,Delhi NCR,6543289565,"08:27 PM, January 21 2025",Delivered,Zomato Delivery,3km,"1 x Animal Fries, 1 x Bone in Jamaican Grilled Chicken, 1 x Bone in Smoky Bbq Grilled Chicken",,Flat 20% off,1525.0,62.53,274.5,0.0,0.0,0.0,1313.03,,,,,,14.85,0.5,Correctly,,3d4620d0cea704cd91f270ce820d38b798ca31397bc87b40524ede4653f98f6f,3
