Restaurant ID,Restaurant name,Subzone,City,Order ID,Order Placed At,Order Status,Delivery,Distance,Items in order,Discount construct,Bill subtotal,Packaging charges,Restaurant discount (Promo),"Restaurant discount (Flat offs, Freebies & others)",Gold discount,Brand pack discount,Total,Rating,Cancellation / Rejection reason,Restaurant compensation (Cancellation),KPT duration (minutes),Rider wait time (minutes),Order Ready Marked,Customer complaint tag,Customer ID
20320607,Swaad,Sector 4,Delhi NCR,6158241703,2024-09-06 20:08:00,Delivered,Zomato Delivery,2.0,1 x Bone in Jamaican Grilled Chicken,50% off upto Rs.100,310.0,10.5,100.0,0.0,0.0,0.0,220.5,,,,8.83,14.3,Incorrectly,,61e7481fdb65a6580cd5520d12517ba4dd78ef3c7d4df2b6ff475d48075ea42c
20320607,Swaad,Sector 4,Delhi NCR,6150311284,2024-09-04 12:40:00,Delivered,Zomato Delivery,1.0,"1 x Bone in Peri Peri Grilled Chicken, 1 x Bone in Jamaican Grilled Chicken",,620.0,15.5,0.0,310.0,0.0,0.0,325.5,,,,16.03,10.1,Incorrectly,,ac2faca5090b2834e20b58c616d0815bc82dfca0bb1d71e9457472d0af29e490
20320607,Swaad,Sector 4,Delhi NCR,6146697877,2024-09-04 03:17:00,Delivered,Zomato Delivery,8.0,1 x Bone in Smoky Bbq Grilled Chicken,,310.0,15.5,0.0,0.0,0.0,0.0,325.5,,,,10.87,13.0,Incorrectly,,9c939891b70a31435e32b9a20bad40b4d51b02c9d6dd11459c5c5ae358afef03
20554001,Swaad,Greater Kailash 2 (GK2),Delhi NCR,6163180170,2024-09-09 20:01:00,Delivered,Zomato Delivery,1.0,"1 x Angara Rice, 1 x Bone in Jamaican Grilled Chicken",,843.0,42.15,0.0,0.0,0.0,0.0,885.15,,,,2.2,11.6,Incorrectly,,8ff150bdf23cc34c875e6b5f73c5bde0e0e609d2164013782afae4ec706b8ede
20554001,Swaad,Greater Kailash 2 (GK2),Delhi NCR,6151479415,2024-09-04 22:08:00,Delivered,Zomato Delivery,5.0,"1 x Animal Fries, 1 x Grilled Chicken Peri Peri Tangdi",,930.0,25.75,0.0,415.0,0.0,0.0,540.75,,,,18.32,19.9,Incorrectly,,e341eddc5f84ef58ce050407f4f8bc73f10837c2c128f3881be3daf33559abc2
20554001,Swaad,Greater Kailash 2 (GK2),Delhi NCR,6150826612,2024-09-04 21:52:00,Delivered,Zomato Delivery,4.0,"1 x Bone in Jamaican Grilled Chicken, 1 x Bone in Angara Grilled Chicken",,620.0,15.5,0.0,310.0,0.0,0.0,325.5,5.0,,,19.12,14.6,Incorrectly,,dd7269b3cd8fa0c14ed972882abade36ec159010285b438de2f3cd5e1a69af0c
20554001,Swaad,Greater Kailash 2 (GK2),Delhi NCR,6151184755,2024-09-04 13:41:00,Delivered,Zomato Delivery,3.0,"1 x Bone in Peri Peri Grilled Chicken, 1 x Bone in Jamaican Grilled Chicken",,620.0,15.5,0.0,310.0,0.0,0.0,325.5,,,,19.18,12.2,Incorrectly,,23129bff67953bd7e947f45b048bc967e0948b46edded2816bcb309f8c9ee01e
20554001,Swaad,Greater Kailash 2 (GK2),Delhi NCR,6143624024,2024-09-02 17:32:00,Delivered,Zomato Delivery,0.5,1 x Bone in Jamaican Grilled Chicken,Flat Rs.80 off,310.0,11.5,80.0,0.0,0.0,0.0,241.5,,,,20.17,18.5,Incorrectly,,ddba540dd4dd112e42171bc077908f7cafb9bf1804f6fb23e32c81a609d75be0
20635699,Aura Pizzas,Greater Kailash 2 (GK2),Delhi NCR,6170217857,2024-09-10 20:33:00,Delivered,Zomato Delivery,2.0,1 x Grilled Tangdis,50% off upto Rs.100,269.0,8.45,100.0,0.0,0.0,0.0,177.45,,,,14.27,12.4,Incorrectly,,643ca48aa7bb80d84d512e95fc3ff5f99d35ff7b9cd8e09977a49e1f9f44f68b
20635699,Aura Pizzas,Greater Kailash 2 (GK2),Delhi NCR,6144923863,2024-09-01 21:38:00,Delivered,Zomato Delivery,4.0,"1 x Murgh Amritsari Garlic Bread, 1 x All About Chicken Pizza",Flat Rs.150 off,1148.0,51.8,112.0,0.0,0.0,0.0,1087.8,,,,15.18,10.7,Incorrectly,,a52744d052711544eb6f274ad257a4be6376d1b98cdc6b7740eca0851e1bd537
20659868,Aura Pizzas,Sector 4,Delhi NCR,6163183752,2024-09-10 11:12:00,Delivered,Zomato Delivery,4.0,"1 x Indian Masala Fries, 1 x Chilli Cheese Garlic Bread",50% off upto Rs.100,417.0,15.85,100.0,0.0,0.0,0.0,332.85,1.0,,,18.4,11.1,Incorrectly,,0cb3ba7175cf16f61b5f93ae9533aeaa384c2d7ef2afb7cd879d2086d5ddc3fd
20659868,Aura Pizzas,Sector 4,Delhi NCR,6154988034,2024-09-07 02:48:00,Returned,Zomato Delivery,1.0,2 x Chilli Cheese Garlic Bread,Buy 1 Get 1 - ₹259.00,259.0,12.95,0.0,0.0,0.0,0.0,271.95,,Cancelled by Zomato,191.95,4.43,13.3,Incorrectly,,f74e07b5779ff8c921172dd5207396b3bcdfd2fcdf54c5fed7fc6fc7bd73c6c9
20659868,Aura Pizzas,Sector 4,Delhi NCR,6149051350,2024-09-07 01:07:00,Delivered,Zomato Delivery,16.0,"1 x Murgh Amritsari Seekh Pizza, 1 x Desi Pepperoni Pizza",Buy 1 Get 1 - ₹809.00,1058.0,52.9,0.0,0.0,0.0,0.0,1110.9,,,,31.98,14.8,Incorrectly,,4b1eb7104207ada938a7ac7cf47f5d63296de224b091cdab49b5ba7a8114c946
20659868,Aura Pizzas,Sector 4,Delhi NCR,6154234994,2024-09-06 02:54:00,Delivered,Zomato Delivery,4.0,1 x Cheesy Garlic Bread,60% off upto Rs.120,239.0,7.0,99.0,0.0,0.0,0.0,147.0,,,,10.48,12.8,Incorrectly,,70e68f1c18b87d61e2435c970cb08a243107cd9b89a4d7ac1a9a2b15673f77e2
20659868,Aura Pizzas,Sector 4,Delhi NCR,6144323375,2024-09-01 19:34:00,Delivered,Zomato Delivery,9.0,"1 x Bacon Pepperoni Melt, 1 x All About Chicken Pizza, 1 x Peri Peri Paneer Melt",Flat 15% off,1717.0,72.97,257.55,0.0,0.0,0.0,1532.42,4.0,,,25.8,14.5,Incorrectly,,8b5c4d6170343fbee92a6e577268b8aa8492105bdacbb8c6d9c2855f9bad8a4f
20659868,Aura Pizzas,Sector 4,Delhi NCR,6140198228,2024-09-01 12:13:00,Delivered,Zomato Delivery,7.0,1 x Bageecha Pizza,Flat Rs.125 off,599.0,25.3,93.0,0.0,0.0,0.0,531.3,,,,16.2,16.7,Incorrectly,,8caf645d6b425b7e827ac564c5bc62c53750e5b32249193800838fead9230569
20882652,Aura Pizzas,DLF Phase 1,Delhi NCR,6166129326,2024-09-09 14:58:00,Delivered,Zomato Delivery,4.0,1 x All About Chicken Pizza,Flat Rs.370 off,659.0,27.95,100.0,0.0,0.0,0.0,586.95,4.0,,,27.06,24.9,Incorrectly,,8f7bc31d89261ea49ba81f572c29bda41c0b894fddb058bf90441696c1c7e1e3
20882652,Aura Pizzas,DLF Phase 1,Delhi NCR,6161268518,2024-09-08 15:28:00,Delivered,Zomato Delivery,14.0,1 x Makhani Paneer Pizza,50% off upto Rs.100,579.0,23.95,100.0,0.0,0.0,0.0,502.95,,,,24.18,14.1,Incorrectly,,512863c61accc5a646f8890817e8d1a43f389ce630a90dc0905b34f01fb2e78e
20882652,Aura Pizzas,DLF Phase 1,Delhi NCR,6158542307,2024-09-06 21:10:00,Delivered,Zomato Delivery,11.0,"1 x Mutton Seekh Pide, 1 x Murgh Amritsari Seekh Pide",Buy 1 Get 1 - ₹349.00,399.0,19.95,0.0,0.0,0.0,0.0,418.95,,,,49.62,16.3,Incorrectly,Non-refunded complaint,b55c2f76918c94017b9751f776713f9665410ba03d36b0f79ad0171132cb0bbe
20882652,Aura Pizzas,DLF Phase 1,Delhi NCR,6154836423,2024-09-06 12:32:00,Delivered,Zomato Delivery,10.0,"1 x Tripple Cheese Pizza, 1 x Peri Peri Paneer Pizza",Buy 1 Get 1 - ₹549.00,579.0,28.95,0.0,0.0,0.0,0.0,607.95,,,,37.92,27.9,Incorrectly,,326edccadb60aab3cf83acb97c3af2aaf1aef7630fd8214b3cdcb06e03ef3f65
20882652,Aura Pizzas,DLF Phase 1,Delhi NCR,6155785935,2024-09-06 12:13:00,Delivered,Zomato Delivery,6.0,"1 x Peri Peri Paneer Pizza, 1 x Bellpepper Onion Pizza, 1 x All About Chicken Pizza, 1 x Peri Peri Grilled Chicken Pizza, 1 x Bageecha Pizza, 1 x Murgh Amritsari Seekh Pizza",Buy 1 Get 1 - ₹2397.00,2457.0,122.85,0.0,0.0,0.0,0.0,2579.85,,,,57.6,32.9,Incorrectly,,58465770cb440b394fd078465cb7bc800fbc2be167ff2c54e16c12d9f250d03c
20882652,Aura Pizzas,DLF Phase 1,Delhi NCR,6145276713,2024-09-03 13:27:00,Delivered,Zomato Delivery,4.0,1 x Peri Peri Fries,60% off upto Rs.120,189.0,4.74,94.12,0.0,0.0,0.0,99.62,,,,19.8,12.7,Incorrectly,,74086d27d19825ced423c50694bf3b9b72021f52697983a7566245f212185fb9
20882652,Aura Pizzas,DLF Phase 1,Delhi NCR,6142209572,2024-09-02 16:53:00,Delivered,Zomato Delivery,3.0,1 x Jamaican Chicken Melt,60% off upto Rs.120,479.0,19.0,99.0,0.0,0.0,0.0,399.0,3.0,,,27.54,13.4,Incorrectly,,f726fb3295a262be1a5fe1c78e10636363da13ee52e7a92d792b32dae42fccdd
20882713,Swaad,DLF Phase 1,Delhi NCR,6154635977,2024-09-06 14:33:00,Delivered,Zomato Delivery,2.0,1 x Bone in Smoky Bbq Grilled Chicken,40% off upto Rs.80,480.0,20.0,80.0,0.0,0.0,0.0,420.0,,,,25.6,13.7,Incorrectly,,f3ff8b34192a033a3610def0404e1e8ae645943293720c2288b634f70e816ad3
20882713,Swaad,DLF Phase 1,Delhi NCR,6127509959,2024-09-05 15:09:00,Delivered,Zomato Delivery,6.0,"1 x Bone in Peri Peri Grilled Chicken, 1 x Peri Peri Fries",Flat Rs.175 off,954.0,38.95,175.0,0.0,0.0,0.0,817.95,,,,28.65,11.9,Incorrectly,,345d1311a52a2f97d7c5bab5a35cfe519551020f196a1bb6611634290753de99
20882713,Swaad,DLF Phase 1,Delhi NCR,6148322817,2024-09-04 11:52:00,Delivered,Zomato Delivery,3.0,"1 x Fried Chicken Angara Tender, 1 x Grilled Chicken Smoky BBQ Tender",,635.0,16.25,0.0,310.0,0.0,0.0,341.25,5.0,,,21.52,10.3,Incorrectly,,24ad307865461dccb0526c3cd33a743f63143e96c55b1b5ee1c317b6a9098127
21077127,Aura Pizzas,Sector 135,Delhi NCR,6164800078,2024-09-10 11:19:00,Delivered,Zomato Delivery,1.0,1 x Jamaican Chicken Melt,60% off upto Rs.120,479.0,19.0,99.0,0.0,0.0,0.0,399.0,,,,5.37,14.1,Incorrectly,,8b75b33c2f556ca5af72527a9c144e83f73ab6e0f490a33d18be91f4c6e95ce3
21077127,Aura Pizzas,Sector 135,Delhi NCR,6167460343,2024-09-09 23:02:00,Delivered,Zomato Delivery,1.0,"1 x Peri Peri Paneer Pizza, 1 x Chilli Cheese Garlic Bread",60% off upto Rs.120,917.0,40.9,99.0,0.0,0.0,0.0,858.9,,,,12.12,15.1,Incorrectly,,3516dbeed7c619abc6b0906b491277fb179caead48a23ae3125f7260a20e5dd4
21077127,Aura Pizzas,Sector 135,Delhi NCR,6165511035,2024-09-09 11:18:00,Delivered,Zomato Delivery,1.0,2 x Masala Omelette Pide,60% off upto Rs.120,638.0,26.95,99.0,0.0,0.0,0.0,565.95,,,,10.5,18.9,Incorrectly,,2590aaa91394907f71d43be515d8125d841944231598352d3283abd214db0d60
21077127,Aura Pizzas,Sector 135,Delhi NCR,6156672538,2024-09-07 23:30:00,Delivered,Zomato Delivery,6.0,"1 x Herbed Potato, 1 x Chilli Cheese Garlic Bread, 2 x Bageecha Pizza",Flat Rs.200 off,2005.0,90.25,200.0,0.0,0.0,0.0,1895.25,,,,19.5,15.0,Incorrectly,,3f2d2719c2da89e43b2f88dea980085233982b7778eaae19cc812add89bdc0af
21077127,Aura Pizzas,Sector 135,Delhi NCR,6140569311,2024-09-01 22:21:00,Delivered,Zomato Delivery,5.0,"1 x Mushroom Pizza, 1 x Peri Peri Fries",Flat Rs.200 off,997.0,39.85,200.0,0.0,0.0,0.0,836.85,,,,21.33,12.4,Incorrectly,,0b0160d65e117e3d73a6a4b6e8d99102fddfa76df2290d4db0eafac23003d8c2
21309083,Swaad,Sector 135,Delhi NCR,6149256729,2024-09-05 17:12:00,Delivered,Zomato Delivery,1.0,1 x Bone in Peri Peri Grilled Chicken,,310.0,15.5,0.0,0.0,0.0,0.0,325.5,,,,13.77,12.2,Incorrectly,,627d91285400e66db1dc95088f8089f6e1c28d2cc55b50e21ba84428cf16c9be
20320607,Swaad,Sector 4,Delhi NCR,6194853904,2024-09-20 16:15:00,Delivered,Zomato Delivery,1.0,"1 x Peri Peri Fries, 1 x Bone in Jamaican Grilled Chicken",40% off upto Rs.80,499.0,20.95,80.0,0.0,0.0,0.0,439.95,,,,7.9,10.9,Incorrectly,,3b8974c027ef644ba448d74a9d8dbdcb7f2a0e1a953c7968e481f57809ec03a6
20320607,Swaad,Sector 4,Delhi NCR,6168726121,2024-09-12 20:23:00,Delivered,Zomato Delivery,3.0,1 x Bone in Angara Grilled Chicken,Flat Rs.80 off,420.0,17.0,80.0,0.0,0.0,0.0,357.0,,,,15.45,14.9,Incorrectly,,7ecba12675df48b9b8c245c81a354abc2c6a4a8dd4d28be92f2b955fae0c8150
20320607,Swaad,Sector 4,Delhi NCR,6173620308,2024-09-12 13:53:00,Delivered,Zomato Delivery,2.0,"1 x Bone in Jamaican Grilled Chicken, 1 x Grilled Chicken Smoky BBQ Tender",,620.0,15.5,0.0,310.0,0.0,0.0,325.5,,,,17.65,11.7,Incorrectly,,a22684df97931992aa8abd5f86910de5ed7b98389e6cfb73748d2fb955e31a30
20320607,Swaad,Sector 4,Delhi NCR,6167528888,2024-09-12 00:44:00,Delivered,Zomato Delivery,4.0,2 x Fried Chicken Peri Peri Tender,,650.0,16.25,0.0,325.0,0.0,0.0,341.25,,,,3.03,10.7,Incorrectly,,693e71ee644f2badf452477f2be8483e5211592ae22cd49bf81a164b125af2b0
20320607,Swaad,Sector 4,Delhi NCR,6172035702,2024-09-11 18:17:00,Delivered,Zomato Delivery,2.0,"1 x Bone in Kabuli Grilled Chicken, 1 x Bone in Jamaican Grilled Chicken",,620.0,15.5,0.0,310.0,0.0,0.0,325.5,,,,17.75,11.1,Incorrectly,,7bf00568725b44bf23829944afd92afb8a3d543aac2a2074bc248cb94c07e6cf
20554001,Swaad,Greater Kailash 2 (GK2),Delhi NCR,6167441923,2024-09-11 13:35:00,Delivered,Zomato Delivery,2.0,"1 x Grilled Chicken Jamaican Tender, 1 x Bone in Angara Grilled Chicken",,620.0,15.5,0.0,310.0,0.0,0.0,325.5,5.0,,,4.2,10.9,Incorrectly,,a590663273ef153e51af05a9be3856dd1c84565c80f1656b37ab2f6318269c72
20635699,Aura Pizzas,Greater Kailash 2 (GK2),Delhi NCR,6185147057,2024-09-17 17:13:00,Delivered,Zomato Delivery,1.0,"1 x Chilli Cheese Garlic Bread, 1 x Peanut Butter Chocolate Pide",Flat Rs.150 off,558.0,22.3,112.0,0.0,0.0,0.0,468.3,,,,21.4,12.1,Incorrectly,,b8a75869523139a6eedc5d1015742df7ab3c69c7ffcd01114c398d3bd13b78e8
20635699,Aura Pizzas,Greater Kailash 2 (GK2),Delhi NCR,6180115873,2024-09-14 22:23:00,Delivered,Zomato Delivery,5.0,"1 x Desi Pepperoni Pizza, 1 x All About Chicken Pizza",Buy 1 Get 1 - ₹659.00,659.0,32.95,0.0,0.0,0.0,0.0,691.95,,,,26.43,18.9,Incorrectly,,ad832b938f7e4d4934b5547c9387e5585ae5769d5a217b47e790cd10fba721b9
20635699,Aura Pizzas,Greater Kailash 2 (GK2),Delhi NCR,6165422813,2024-09-13 03:55:00,Delivered,Zomato Delivery,3.0,1 x Desi Chicken Pepperoni Pizza,Flat Rs.150 off,819.0,35.35,112.0,0.0,0.0,0.0,742.35,,,,4.6,11.5,Incorrectly,,85b50382298582325a0217131d56d5449e3ae3966a11c4e7249fe237ce29efef
20659868,Aura Pizzas,Sector 4,Delhi NCR,6195321558,2024-09-20 03:34:00,Delivered,Zomato Delivery,1.0,"1 x Jamaican Chicken Melt, 1 x Murgh Amritsari Seekh Melt",Buy 1 Get 1 - ₹479.00,479.0,23.95,0.0,0.0,0.0,0.0,502.95,,,,16.68,11.2,Incorrectly,,2fb09390f7487efb87061321847cee13ecd2d867223c7ac01474f9a874192513
20659868,Aura Pizzas,Sector 4,Delhi NCR,6189509363,2024-09-19 20:22:00,Delivered,Zomato Delivery,3.0,"1 x Bageecha Pizza, 1 x Makhani Paneer Pizza",Buy 1 Get 1 - ₹579.00,599.0,29.95,0.0,0.0,0.0,0.0,628.95,,,,19.2,12.5,Incorrectly,,c0476af00692b12b03272bb0aa5270dda6b273aca83be168b63b404bbcca11df
20659868,Aura Pizzas,Sector 4,Delhi NCR,6195161537,2024-09-19 20:21:00,Delivered,Zomato Delivery,8.0,"1 x All About Chicken Pizza, 1 x Tripple Cheese Pizza",Buy 1 Get 1 - ₹549.00,659.0,32.95,0.0,0.0,0.0,0.0,691.95,,,,18.03,19.2,Incorrectly,,94fd2e09b61f3ed25beac2d933bd9ab3dc28d2c86a9a400da494699a71ab310a
20659868,Aura Pizzas,Sector 4,Delhi NCR,6195386650,2024-09-19 20:10:00,Delivered,Zomato Delivery,2.0,"1 x Mushroom Pizza, 1 x Peri Peri Paneer Pizza",Buy 1 Get 1 - ₹579.00,609.0,30.45,0.0,0.0,0.0,0.0,639.45,2.0,,,25.03,24.8,Incorrectly,,531dc8828478b0866ddc3ffa670ddc8f056be59e2c0b05a6bff7eb7d5d2a7d47
20659868,Aura Pizzas,Sector 4,Delhi NCR,6195378261,2024-09-19 19:19:00,Delivered,Zomato Delivery,19.0,"2 x Margherita Pizza, 2 x Jamaican Chicken Melt, 1 x All About Chicken Pizza, 1 x Murgh Amritsari Seekh Pizza",Buy 1 Get 1 - ₹1567.00,1597.0,79.85,0.0,0.0,0.0,0.0,1676.85,,,,24.88,19.4,Incorrectly,,8fca0057a380d2674367ab7384c493092d8b7b46b6f7ccda264d519b44f4e548
20659868,Aura Pizzas,Sector 4,Delhi NCR,6187322120,2024-09-17 18:11:00,Delivered,Zomato Delivery,7.0,1 x Bageecha Pizza,,599.0,29.95,0.0,0.0,0.0,0.0,628.95,,,,16.32,12.4,Incorrectly,,3cc936644ff759c62e46b12c9f306e1338e5cf986c059c3a360617fc6696bb4d
20659868,Aura Pizzas,Sector 4,Delhi NCR,6188153532,2024-09-17 02:35:00,Delivered,Zomato Delivery,6.0,"1 x Peri Peri Crisper Fries, 1 x Chilli Cheese Garlic Bread",60% off upto Rs.120,458.0,17.95,99.0,0.0,0.0,0.0,376.95,,,,14.73,12.0,Incorrectly,,b720104533c0b79e3509d75159cd08ae332bc9a1237b2f6b99d150197a692637
20659868,Aura Pizzas,Sector 4,Delhi NCR,6188211279,2024-09-16 22:23:00,Delivered,Zomato Delivery,6.0,"1 x Masala Paneer Pide, 1 x Cheesy Garlic Bread",Flat Rs.125 off,558.0,23.25,93.0,0.0,0.0,0.0,488.25,,,,13.9,13.2,Incorrectly,,18514d3955db7e5fb7771e7327b593885e67d891bd9c82eb6c8c1467ea67fd3e
20659868,Aura Pizzas,Sector 4,Delhi NCR,6184468060,2024-09-16 20:42:00,Delivered,Zomato Delivery,10.0,"1 x Murgh Amritsari Garlic Bread, 1 x All About Chicken Pizza",Flat Rs.125 off,948.0,42.75,93.0,0.0,0.0,0.0,897.75,,,,17.07,16.3,Incorrectly,,241fd07d8a313d989c23acf698cc603c4e709df566303fb6966034e5b9155479
20659868,Aura Pizzas,Sector 4,Delhi NCR,6158002675,2024-09-16 19:34:00,Delivered,Zomato Delivery,2.0,3 x Fried Chicken Strips,Flat Rs.125 off,567.0,23.7,93.0,0.0,0.0,0.0,497.7,,,,16.3,10.9,Incorrectly,,a6ac4f55894822141d122ad1e5e0d105d07d0841a9608b8a48f282ed130658dc
20659868,Aura Pizzas,Sector 4,Delhi NCR,6180311857,2024-09-16 17:14:00,Delivered,Zomato Delivery,7.0,"1 x Makhani Paneer Pizza, 2 x Bageecha Pizza, 2 x Cheesy Garlic Bread, 2 x Peri Peri Fries, 2 x Chilli Cheese Garlic Bread",,3721.0,186.05,0.0,0.0,0.0,0.0,3907.05,,,,31.43,26.9,Incorrectly,,cb9522f27b27206f333f7d5ea342768b0da8adcb72c3b44e75cf4a0171ce0e1b
20659868,Aura Pizzas,Sector 4,Delhi NCR,6180958313,2024-09-15 15:45:00,Delivered,Zomato Delivery,4.0,1 x Just Pepperoni Pizza,Flat Rs.125 off,649.0,27.8,93.0,0.0,0.0,0.0,583.8,,,,9.15,10.1,Incorrectly,,9378e7268643e918233cf3a00eededd221a0b484236027bfc62bb4884a04d670
20659868,Aura Pizzas,Sector 4,Delhi NCR,6181365395,2024-09-14 20:42:00,Delivered,Zomato Delivery,7.0,"1 x All About Chicken Pizza, 1 x Murgh Amritsari Seekh Pizza",Buy 1 Get 1 - ₹629.00,659.0,32.95,0.0,0.0,0.0,0.0,691.95,,,,44.73,22.6,Incorrectly,,5fb553ed83176dee5672ee7a39110590611bd6443bffde2352a7bb414d38e702
20659868,Aura Pizzas,Sector 4,Delhi NCR,6176040646,2024-09-13 18:11:00,Delivered,Zomato Delivery,2.0,1 x Makhani Paneer Pizza,Flat Rs.125 off,579.0,24.3,93.0,0.0,0.0,0.0,510.3,3.0,,,18.5,11.7,Incorrectly,,fde75dce72a9f0495b71421a756d716b2b8ee393a867079d892fd138b46ec6f0
20659868,Aura Pizzas,Sector 4,Delhi NCR,6170930357,2024-09-12 00:55:00,Delivered,Zomato Delivery,6.0,1 x Makhani Paneer Pizza,Flat Rs.125 off,658.0,28.25,93.0,0.0,0.0,0.0,593.25,,,,23.67,27.7,Incorrectly,,dab72562c2bb4cb9da609d722fb156831f2b03406cef7a5990fe43e416eb650f
20882652,Aura Pizzas,DLF Phase 1,Delhi NCR,6196828319,2024-09-20 01:06:00,Delivered,Zomato Delivery,4.0,"1 x Makhani Paneer Pizza, 1 x Bageecha Pizza",Buy 1 Get 1 - ₹579.00,599.0,29.95,0.0,0.0,0.0,0.0,628.95,,,,22.62,11.2,Incorrectly,,e4045e540849272aa7bba845fec1d3d4d50c949659af0c235f96ce9eb5f896e8
20882652,Aura Pizzas,DLF Phase 1,Delhi NCR,6193377699,2024-09-19 22:40:00,Delivered,Zomato Delivery,11.0,"1 x Murgh Amritsari Seekh Pizza, 1 x Peri Peri Grilled Chicken Pizza",Buy 1 Get 1 - ₹679.00,689.0,34.45,0.0,0.0,0.0,0.0,723.45,,,,30.76,24.0,Incorrectly,,a50e15bd0f67981f305b31490fa79e915104b0a77db30cce3201a5767feaf719
20882652,Aura Pizzas,DLF Phase 1,Delhi NCR,6187834366,2024-09-19 22:15:00,Delivered,Zomato Delivery,2.0,"1 x Murgh Amritsari Seekh Pizza, 1 x Peri Peri Grilled Chicken Pizza",Buy 1 Get 1 - ₹809.00,829.0,41.45,0.0,0.0,0.0,0.0,870.45,,,,26.03,14.5,Incorrectly,,d27d37014be4f72ef1b09cf66abe3018e11e012c3b4836f6e74844387be03b5c
20882652,Aura Pizzas,DLF Phase 1,Delhi NCR,6195646126,2024-09-19 21:08:00,Delivered,Zomato Delivery,14.0,2 x Mushroom Mozzarella Melt,Buy 1 Get 1 - ₹449.00,449.0,22.45,0.0,0.0,0.0,0.0,471.45,,,,22.79,14.1,Incorrectly,,dba1ba55f0bbcf62528dcd50bdb02bea4ee2e6488b92fa85317cd94719239144
20882652,Aura Pizzas,DLF Phase 1,Delhi NCR,6193557663,2024-09-19 19:57:00,Delivered,Zomato Delivery,2.0,"1 x Mutton Seekh Pide, 1 x Just Pepperoni Pide",Buy 1 Get 1 - ₹399.00,399.0,19.95,0.0,0.0,0.0,0.0,418.95,,,,18.76,11.2,Incorrectly,,de45aca85ca9c165edc0a114b8590d6eb280a32b0102018a629973ccc1b59346
20882652,Aura Pizzas,DLF Phase 1,Delhi NCR,6180100878,2024-09-14 15:49:00,Delivered,Zomato Delivery,6.0,"1 x Murgh Amritsari Seekh Melt, 1 x Jamaican Chicken Melt",Buy 1 Get 1 - ₹479.00,479.0,23.95,0.0,0.0,0.0,0.0,502.95,5.0,,,23.03,14.8,Incorrectly,,576de9e138f6a973063f1dd939a55499787b160b6398bfd36d4956ec298b85d8
20882652,Aura Pizzas,DLF Phase 1,Delhi NCR,6174328437,2024-09-14 15:06:00,Delivered,Zomato Delivery,3.0,"1 x Pepperoni Garlic Bread, 1 x Murgh Amritsari Garlic Bread",Buy 1 Get 1 - ₹279.00,289.0,14.45,0.0,0.0,0.0,0.0,303.45,,,,20.58,10.8,Incorrectly,,2f795401f6ff26038049146333b3b18eec9c3875016ecfebd226c8b484548ae1
20882652,Aura Pizzas,DLF Phase 1,Delhi NCR,6175868858,2024-09-14 14:51:00,Delivered,Zomato Delivery,10.0,"1 x Murgh Amritsari Seekh Pide, 1 x Mutton Seekh Pide",Buy 1 Get 1 - ₹408.00,458.0,22.9,0.0,0.0,0.0,0.0,480.9,,,,26.15,10.6,Incorrectly,,63a86917c7c451bb2ecd694e7cf0aa91dc929943203bf6a92676b65e0767b431
20882652,Aura Pizzas,DLF Phase 1,Delhi NCR,6177947997,2024-09-14 11:52:00,Delivered,Zomato Delivery,0.5,"1 x Just Pepperoni Pizza, 1 x Jamaican Chicken Melt",Buy 1 Get 1 - ₹617.00,649.0,32.45,0.0,0.0,0.0,0.0,681.45,,,,31.54,26.4,Incorrectly,,656cb06fa4ef6f26dcd9db3f361e1c195dd808e8ccf22514bd1367a45c550d84
20882652,Aura Pizzas,DLF Phase 1,Delhi NCR,6175052597,2024-09-13 14:40:00,Delivered,Zomato Delivery,4.0,1 x Murgh Amritsari Seekh Melt,60% off upto Rs.120,479.0,19.0,99.0,0.0,0.0,0.0,399.0,,,,26.54,17.9,Incorrectly,,8e4413bbfe2b4a0b284ddaaa7840b9ff5075664a467c35b2dfcb2d23c3716a45
20882652,Aura Pizzas,DLF Phase 1,Delhi NCR,6171962090,2024-09-11 22:34:00,Delivered,Zomato Delivery,1.0,1 x Cheesy Garlic Bread,60% off upto Rs.120,239.0,7.0,99.0,0.0,0.0,0.0,147.0,,,,25.94,21.9,Incorrectly,,c0fd48aa76dd589f04ed2498fb3ddb2062f0185aaddf11d7350ea89c640ed19f
20882713,Swaad,DLF Phase 1,Delhi NCR,6199300180,2024-09-20 22:34:00,Delivered,Zomato Delivery,0.5,1 x Bone in Jamaican Grilled Chicken,50% off upto Rs.100,585.0,24.25,100.0,0.0,0.0,0.0,509.25,5.0,,,24.96,21.0,Incorrectly,,a18074ccae309e5f2f79e4cb33939a1b69d6cb0c0b5f9a0ee647e11454f631b4
20882713,Swaad,DLF Phase 1,Delhi NCR,6186538695,2024-09-16 12:38:00,Delivered,Zomato Delivery,1.0,"1 x Grilled Chicken Smoky BBQ Tender, 1 x Grilled Chicken Jamaican Tender",,980.0,49.0,0.0,0.0,0.0,0.0,1029.0,5.0,,,16.25,18.5,Incorrectly,,fc7f8a75f13a5428dd5a7abe90814e8f0dc70c746ec03df4b936011d58320e35
20882713,Swaad,DLF Phase 1,Delhi NCR,6163011183,2024-09-11 19:44:00,Delivered,Zomato Delivery,3.0,"1 x Bone in Smoky Bbq Grilled Chicken, 1 x Bone in Angara Grilled Chicken",,620.0,15.5,0.0,310.0,0.0,0.0,325.5,,,,21.7,21.5,Incorrectly,,2f795401f6ff26038049146333b3b18eec9c3875016ecfebd226c8b484548ae1
21077127,Aura Pizzas,Sector 135,Delhi NCR,6193901436,2024-09-20 21:57:00,Delivered,Zomato Delivery,1.0,"1 x Cheesy Garlic Bread, 1 x Chicken Pepperoni Pizza",60% off upto Rs.120,838.0,36.95,99.0,0.0,0.0,0.0,775.95,,,,12.13,10.3,Incorrectly,,b8f2956099d2e63f4fe0d17da0cdd69715cff7da513d4d93cbc1d8c8aac62fea
21077127,Aura Pizzas,Sector 135,Delhi NCR,6191209042,2024-09-19 19:01:00,Delivered,Zomato Delivery,6.0,"2 x Fried Chicken Strips, 2 x Cheesy Garlic Bread, 2 x Margherita Pizza",Buy 1 Get 1 - ₹1136.00,1136.0,56.8,0.0,0.0,0.0,0.0,1192.8,,,,15.6,10.8,Incorrectly,,69f1f9602be7eed481adf714b7301c985067762db6eb0f6ff799c0f98a674555
21077127,Aura Pizzas,Sector 135,Delhi NCR,6181254214,2024-09-19 12:20:00,Delivered,Zomato Delivery,5.0,"1 x Bageecha Pizza, 1 x Jamaican Chicken Melt",Buy 1 Get 1 - ₹599.00,618.0,30.9,0.0,0.0,0.0,0.0,648.9,1.0,,,32.48,19.5,Incorrectly,,4704ef7e41e76afa0bf3869e4f0681d718b3d8770c8be5e7a97d059cd86a6a9d
21077127,Aura Pizzas,Sector 135,Delhi NCR,6190844289,2024-09-18 16:46:00,Delivered,Zomato Delivery,2.0,"1 x All About Chicken Pizza, 1 x Chilli Cheese Garlic Bread",Flat Rs.120 off,918.0,40.92,99.6,0.0,0.0,0.0,859.32,3.0,,,20.57,23.2,Incorrectly,,80226baa90e6c5deb3c1310583199f6a007d5137068eddad7cb506b9d37df6f8
21077127,Aura Pizzas,Sector 135,Delhi NCR,6182883586,2024-09-17 15:27:00,Delivered,Zomato Delivery,1.0,"1 x Bageecha Pizza, 1 x Chilli Cheese Garlic Bread",60% off upto Rs.120,858.0,37.95,99.0,0.0,0.0,0.0,796.95,,,,16.97,28.7,Incorrectly,,bcfe272833688c84517e24d4ae724ceb80c098ea076cfd8e768f65dc1dd8a1cb
21077127,Aura Pizzas,Sector 135,Delhi NCR,6173375634,2024-09-14 16:01:00,Delivered,Zomato Delivery,1.0,"2 x Chilli Cheese Garlic Bread, 2 x Angara Paneer Melt",Buy 1 Get 1 - ₹708.00,708.0,35.4,0.0,0.0,0.0,0.0,743.4,,,,17.48,11.0,Incorrectly,,1ccbc94131747dfc19fc4a40af9cf36620102db608d7912a636d51e0867ae9fe
21077127,Aura Pizzas,Sector 135,Delhi NCR,6169263339,2024-09-14 13:20:00,Delivered,Zomato Delivery,3.0,"1 x Chilli Cheese Garlic Bread, 1 x Masala Paneer Pide",Buy 1 Get 1 - ₹259.00,319.0,15.95,0.0,0.0,0.0,0.0,334.95,,,,14.85,18.2,Incorrectly,,c0315098d272ffc54c87644bead9d4bcbb63801f3163d197b7d6c23d8a5cce0b
21077127,Aura Pizzas,Sector 135,Delhi NCR,6170520208,2024-09-11 15:55:00,Delivered,Zomato Delivery,2.0,"1 x Chicken Pepperoni Pizza, 1 x Murgh Amritsari Seekh Pizza",,1618.0,80.9,0.0,0.0,0.0,0.0,1698.9,,,,17.28,16.0,Incorrectly,,17dcf47b0f63427fc263a135d8e6803f86b8c9321df1847ec421a6b1dd9ba4d5
21077127,Aura Pizzas,Sector 135,Delhi NCR,6164509570,2024-09-11 11:23:00,Delivered,Zomato Delivery,2.0,"1 x Murgh Amritsari Seekh Pide, 1 x Herbed Potato",,616.0,30.8,0.0,0.0,0.0,0.0,646.8,,,,17.73,12.2,Incorrectly,,13e5538ea37a41f686bb35c945b7c1a9ea41dfab74bff73bc2eef85ba6154abc
20320607,Swaad,Sector 4,Delhi NCR,6220439350,2024-09-29 22:23:00,Delivered,Zomato Delivery,4.0,"1 x Fried Chicken Angara Tender, 1 x Bone in Jamaican Grilled Chicken",Flat Rs.200 off,910.0,41.0,90.0,0.0,0.0,0.0,861.0,,,,15.88,10.3,Incorrectly,,db438808451beabf6462d6ed8cdbe0d9e054957332217d8a718f60a5ecaec64d
20320607,Swaad,Sector 4,Delhi NCR,6217876955,2024-09-29 02:37:00,Delivered,Zomato Delivery,4.0,1 x Fried Chicken Peri Peri Tender,40% off upto Rs.80,385.0,15.25,80.0,0.0,0.0,0.0,320.25,,,,9.27,10.3,Incorrectly,,693e71ee644f2badf452477f2be8483e5211592ae22cd49bf81a164b125af2b0
20554001,Swaad,Greater Kailash 2 (GK2),Delhi NCR,6213127073,2024-09-27 15:50:00,Delivered,Zomato Delivery,1.0,1 x Peri Peri Fries,50% off upto Rs.100,189.0,4.73,94.5,0.0,0.0,0.0,99.23,,,,10.67,11.0,Incorrectly,,f506d5458d6bcfb3ee8b03ff1476166b67963101ab543f0ea32b1de247cdb3f1
20554001,Swaad,Greater Kailash 2 (GK2),Delhi NCR,6208722695,2024-09-25 15:11:00,Delivered,Zomato Delivery,5.0,2 x Angara Sauce,,120.0,3.0,0.0,60.0,0.0,0.0,63.0,,,,2.13,15.1,Incorrectly,,e9178e5065b1520edfd697b2cfada03f364ced52801ed500d06c55fc412a02d9
20554001,Swaad,Greater Kailash 2 (GK2),Delhi NCR,6196330818,2024-09-21 19:43:00,Delivered,Zomato Delivery,3.0,"1 x Bone in Jamaican Grilled Chicken, 1 x Bone in Peri Peri Grilled Chicken, 1 x Garlic Aioli, 1 x Peri Peri Sauce",,740.0,18.5,0.0,370.0,0.0,0.0,388.5,,,,15.17,14.3,Incorrectly,,c08adff4dbed4ca53634c577748d5cf2ea051a3498168f2c3d51303c1802d92b
20554001,Swaad,Greater Kailash 2 (GK2),Delhi NCR,6195232243,2024-09-21 15:53:00,Delivered,Zomato Delivery,1.0,2 x Animal Fries,,710.0,17.75,0.0,355.0,0.0,0.0,372.75,,,,17.78,11.3,Incorrectly,,37a046e7b4e1b8b19bb103ac7e8a9cc24c441bcbd657c21e704db42a3bea2de4
20635699,Aura Pizzas,Greater Kailash 2 (GK2),Delhi NCR,6214979255,2024-09-29 21:57:00,Delivered,Zomato Delivery,1.0,1 x All About Chicken Pizza,Flat Rs.200 off,659.0,27.35,112.0,0.0,0.0,0.0,574.35,,,,12.2,15.5,Incorrectly,,41a971348ddf3880e1d9aff86e521ed6fb5aaeafda5ac18ac71306c547dff6c5
20635699,Aura Pizzas,Greater Kailash 2 (GK2),Delhi NCR,6195246520,2024-09-21 18:32:00,Delivered,Zomato Delivery,2.0,"1 x Murgh Amritsari Seekh Pizza, 1 x Mutton Seekh Pide, 1 x Chilli Cheese Garlic Bread",Flat Rs.200 off,1586.0,69.3,200.0,0.0,0.0,0.0,1455.3,5.0,,,22.38,12.2,Incorrectly,,ab6ab58469aa3fdaa56cf8fd9063aad9d5a4fc8ab43d8c330b7c93f8be8037c0
20635699,Aura Pizzas,Greater Kailash 2 (GK2),Delhi NCR,6196481605,2024-09-21 15:09:00,Delivered,Zomato Delivery,4.0,1 x Murgh Amritsari Garlic Bread,60% off upto Rs.120,289.0,9.5,99.0,0.0,0.0,0.0,199.5,,,,15.1,11.9,Incorrectly,,f21c5ba1dfd0f6e9d6f0af8ea13a20ad458494738306b60c21febf9b32887c4f
20659868,Aura Pizzas,Sector 4,Delhi NCR,6221603078,2024-09-30 13:16:00,Delivered,Zomato Delivery,1.0,"1 x Jamaican Chicken Melt, 1 x All About Chicken Pizza, 1 x Margherita Pizza, 1 x Peri Peri Paneer Pizza",Flat 15% off,2756.0,117.13,413.4,0.0,0.0,0.0,2459.73,5.0,,,28.68,17.9,Incorrectly,,7d81384c49662b39adf6db6307a5006f5a665ae71469beb8a723c4f0956cff08
20659868,Aura Pizzas,Sector 4,Delhi NCR,6222281319,2024-09-28 22:37:00,Delivered,Zomato Delivery,7.0,"2 x OG Cheese Pide, 1 x Chilli Cheese Garlic Bread, 1 x Tripple Cheese Pizza",Flat Rs.125 off,1844.0,87.55,93.0,0.0,0.0,0.0,1838.55,,,,16.47,11.6,Incorrectly,,590f10f4d1c9f20b9e30434490e966b59d8c7375458b3928756b7fb3fc4cdf9d
20659868,Aura Pizzas,Sector 4,Delhi NCR,6219663709,2024-09-28 21:25:00,Delivered,Zomato Delivery,6.0,"1 x Garlic Aioli, 1 x Cheesy Garlic Bread, 1 x All About Chicken Pizza",Flat Rs.200 off,958.0,37.9,200.0,0.0,0.0,0.0,795.9,,,,31.18,13.8,Incorrectly,,8e3249f5aff457de7068cd9474d669dda463bf22eb784f2df997214bcf514a1d
20659868,Aura Pizzas,Sector 4,Delhi NCR,6219868928,2024-09-28 12:57:00,Delivered,Zomato Delivery,2.0,1 x Murgh Amritsari Seekh Pizza,Flat Rs.125 off,629.0,26.8,93.0,0.0,0.0,0.0,562.8,,,,15.33,13.4,Incorrectly,,0fdc2d4d7f30eef83aed0bf46f4999732c49942957de3a408f7c18f6cc8a5ea6
20659868,Aura Pizzas,Sector 4,Delhi NCR,6211795755,2024-09-25 17:40:00,Delivered,Zomato Delivery,2.0,"1 x Fried Chicken Strips, 1 x All About Chicken Pizza, 1 x Bageecha Pizza",Flat 15% off,1507.0,64.05,226.05,0.0,0.0,0.0,1345.0,,,,18.63,17.3,Incorrectly,,dd7be616637451cef48c4a9b6d47b1e8b7b67e43b4eba8f632ce9d24c5fa5fae
20659868,Aura Pizzas,Sector 4,Delhi NCR,6209227997,2024-09-24 11:24:00,Delivered,Zomato Delivery,4.0,"1 x Peri Peri Grilled Chicken Pizza, 1 x Just Pepperoni Pizza, 2 x Peri Peri Crisper Fries, 1 x Bageecha Pizza, 1 x Margherita Pizza",Buy 1 Get 1 - ₹1288.00,2056.0,102.8,0.0,0.0,0.0,0.0,2158.8,,,,20.75,18.7,Incorrectly,,67632a6202b539558941a5127819d13e13e3f5eb8786dfe175368f3a2f6c446c
20659868,Aura Pizzas,Sector 4,Delhi NCR,6205158929,2024-09-22 20:06:00,Delivered,Zomato Delivery,5.0,"1 x Murgh Amritsari Seekh Pizza, 1 x Cheesy Garlic Bread",,1048.0,52.4,0.0,0.0,0.0,0.0,1100.4,,,,19.13,13.2,Incorrectly,,95742ca33b9f51970b3957c2ebbda71658afc35a4bf23f796ec5701fe11c304b
20659868,Aura Pizzas,Sector 4,Delhi NCR,6199717610,2024-09-21 20:52:00,Delivered,Zomato Delivery,4.0,"1 x Peri Peri Paneer Pizza, 2 x Cheesy Garlic Bread, 1 x Angara Paneer Melt",Flat Rs.125 off,1696.0,80.15,93.0,0.0,0.0,0.0,1683.15,,,,17.78,10.6,Incorrectly,,95a90f7c163e0cfdbe1b3084fa9827ccad282708797266e1ff23cc0e76e1c627
20882652,Aura Pizzas,DLF Phase 1,Delhi NCR,6227738782,2024-09-30 19:26:00,Delivered,Zomato Delivery,7.0,1 x Murgh Amritsari Garlic Bread,,289.0,14.45,0.0,0.0,0.0,0.0,303.45,,,,22.63,16.6,Incorrectly,,7ad3da64fd83285c88a8d76be5a0223f66bba2f2ae521c00db879e1feaf7fb75
20882652,Aura Pizzas,DLF Phase 1,Delhi NCR,6210736682,2024-09-28 22:04:00,Delivered,Zomato Delivery,8.0,"1 x Murgh Amritsari Seekh Melt, 1 x Jamaican Chicken Melt",Flat Rs.200 off,958.0,37.9,200.0,0.0,0.0,0.0,795.9,,,,30.97,21.3,Incorrectly,,cb8187189f64582890bd1d061c32be9902ef09484c6afd9eef65b2c8b3f2a9fd
20882652,Aura Pizzas,DLF Phase 1,Delhi NCR,6219436759,2024-09-28 00:35:00,Delivered,Zomato Delivery,4.0,1 x Bageecha Pizza,60% off upto Rs.120,599.0,25.0,99.0,0.0,0.0,0.0,525.0,5.0,,,23.37,22.6,Incorrectly,,674878a422809618b007dd09ecfafee7e3206bd86f1c99a8b28741ea272d509d
20882652,Aura Pizzas,DLF Phase 1,Delhi NCR,6207565181,2024-09-26 21:55:00,Delivered,Zomato Delivery,7.0,"1 x Bageecha Pizza, 1 x Murgh Amritsari Seekh Pizza, 1 x Peri Peri Grilled Chicken Pizza",,1847.0,92.35,0.0,0.0,0.0,0.0,1939.35,,,,27.49,18.5,Incorrectly,,a0905756f5c2ff4ec8c81a61b86cb1f81e6a54e91df5aeab929e7f9ea1b8ecd9
20882652,Aura Pizzas,DLF Phase 1,Delhi NCR,6198534480,2024-09-26 19:39:00,Delivered,Zomato Delivery,7.0,1 x Chilli Cheese Garlic Bread,50% off upto Rs.100,259.0,7.95,100.0,0.0,0.0,0.0,166.95,,,,17.54,12.3,Incorrectly,,19394aecae706287516e8c8e328f0d3c1a030ef6d2800ce70fa17f46db034921
20882652,Aura Pizzas,DLF Phase 1,Delhi NCR,6209356869,2024-09-26 13:45:00,Delivered,Zomato Delivery,3.0,"1 x Cheesy Garlic Bread, 1 x Bellpepper Onion Pizza",Flat Rs.200 off,1087.0,44.35,200.0,0.0,0.0,0.0,931.35,,,,24.93,18.7,Incorrectly,,790be6d9fd96061c92901a033fa5f27b343482c648aed271501655c18dc68fe8
20882652,Aura Pizzas,DLF Phase 1,Delhi NCR,6210752572,2024-09-26 01:38:00,Delivered,Zomato Delivery,6.0,1 x Makhani Paneer Pizza,60% off upto Rs.120,579.0,24.0,99.0,0.0,0.0,0.0,504.0,,,,20.03,13.3,Incorrectly,,8c1f9e331ea21d161d233d91d1baa3d1178bf884bfaa9e0e96884df03dbd6126
20882652,Aura Pizzas,DLF Phase 1,Delhi NCR,6209245242,2024-09-25 18:49:00,Delivered,Zomato Delivery,2.0,1 x Mutton Seekh Pide,60% off upto Rs.120,399.0,15.0,99.0,0.0,0.0,0.0,315.0,,,,14.27,13.6,Incorrectly,,726df5130eac86ac382930db6aee047233bfda5139384a763695053e3aa41dd5
20882652,Aura Pizzas,DLF Phase 1,Delhi NCR,6212044338,2024-09-25 16:44:00,Delivered,Zomato Delivery,9.0,"1 x All About Chicken Pizza, 1 x Margherita Pizza, 1 x Jamaican Chicken Melt",Flat Rs.200 off,1597.0,69.85,200.0,0.0,0.0,0.0,1466.85,5.0,,,31.67,19.9,Incorrectly,,6e30f5a85eae9be5050ca00a8faf3e558333a031f6c6f45b476f900ff3f44dfc
20882652,Aura Pizzas,DLF Phase 1,Delhi NCR,6211419415,2024-09-25 13:59:00,Delivered,Zomato Delivery,4.0,1 x Makhani Paneer Pizza,60% off upto Rs.120,579.0,24.0,99.0,0.0,0.0,0.0,504.0,,,,22.34,11.6,Incorrectly,,555a60f4d62966256ac1fb863e8fb840dfe347780bcd8e0f63c298a6bdf6b540
20882652,Aura Pizzas,DLF Phase 1,Delhi NCR,6190783473,2024-09-24 21:35:00,Delivered,Zomato Delivery,3.0,2 x Malai Gud Pide,Buy 1 Get 1 - ₹259.00,259.0,12.95,0.0,0.0,0.0,0.0,271.95,5.0,,,33.36,23.5,Incorrectly,,607595330c21046bc576a8aae695760ee020351ed17c0bf64d18cdae43f96e25
20882652,Aura Pizzas,DLF Phase 1,Delhi NCR,6210984555,2024-09-24 21:21:00,Delivered,Zomato Delivery,5.0,2 x Masala Paneer Pide,Buy 1 Get 1 - ₹319.00,319.0,15.95,0.0,0.0,0.0,0.0,334.95,,,,25.91,11.0,Incorrectly,,b174cb09a3881bbf99e7a98389f077bd0a2227c900efacd672570b3e947aecc2
20882652,Aura Pizzas,DLF Phase 1,Delhi NCR,6208663290,2024-09-24 18:42:00,Delivered,Zomato Delivery,7.0,2 x All About Chicken Pizza,Buy 1 Get 1 - ₹659.00,659.0,32.95,0.0,0.0,0.0,0.0,691.95,,,,19.21,10.7,Incorrectly,,ec0bb8da80c4a910c40dcf0d907924011c14f9e17282606bcccc6ec5fe11127c
20882652,Aura Pizzas,DLF Phase 1,Delhi NCR,6197899149,2024-09-24 01:28:00,Delivered,Zomato Delivery,4.0,1 x Margherita Pizza,60% off upto Rs.120,649.0,27.5,99.0,0.0,0.0,0.0,577.5,,,,17.62,10.4,Incorrectly,,533dff9fefdd96660ccd5b15db7b6985d96d4e1d52138340036642487341a549
20882652,Aura Pizzas,DLF Phase 1,Delhi NCR,6203711326,2024-09-22 14:32:00,Delivered,Zomato Delivery,4.0,1 x Murgh Amritsari Garlic Bread,60% off upto Rs.120,289.0,9.5,99.0,0.0,0.0,0.0,199.5,,,,17.85,10.6,Incorrectly,,762c7da5dbf42873f645fe37ad7d575bc50837bbd895d53327f2067b82ea3489
20882713,Swaad,DLF Phase 1,Delhi NCR,6198356936,2024-09-27 18:53:00,Delivered,Zomato Delivery,8.0,"1 x Animal Fries, 1 x Fried Chicken Peri Peri Tender",50% off upto Rs.100,680.0,29.0,100.0,0.0,0.0,0.0,609.0,,,,17.5,13.0,Incorrectly,,d73db4b483a5d1f7f098dd866b01aa15df58a3cb995cb81226cb7840267046b4
20882713,Swaad,DLF Phase 1,Delhi NCR,6209658061,2024-09-24 21:08:00,Delivered,Zomato Delivery,2.0,1 x Fried Chicken Peri Peri Tenders + Peri Peri Fries,50% off upto Rs.100,465.0,18.25,100.0,0.0,0.0,0.0,383.25,,,,24.66,17.6,Incorrectly,,db68d73a6dd1d0a40d6678d5771a4b6b10a9e8a8bbefcc5cfae438c1f68b6a24
20882713,Swaad,DLF Phase 1,Delhi NCR,6201488917,2024-09-21 20:39:00,Delivered,Zomato Delivery,2.0,"1 x Bone in Angara Grilled Chicken, 1 x Bone in Kabuli Grilled Chicken, 1 x AAC Signature Fries, 1 x AAC Signature Crisper Fries",,1778.0,44.7,0.0,884.0,0.0,0.0,938.7,,,,32.31,10.7,Incorrectly,,a2c64fcbd339729a478f0d5eab6bb04a04360988d216596ff753abbecde1c042
21077127,Aura Pizzas,Sector 135,Delhi NCR,6223097504,2024-09-29 17:05:00,Delivered,Zomato Delivery,7.0,1 x Peri Peri Paneer Pizza,60% off upto Rs.120,769.0,33.5,99.0,0.0,0.0,0.0,703.5,,,,16.48,16.6,Incorrectly,,2da5199d90ccb7a91f8e9ea5263a6a8fdabbe32611ea8bd093f921aaf063fb59
21077127,Aura Pizzas,Sector 135,Delhi NCR,6209909553,2024-09-25 21:43:00,Delivered,Zomato Delivery,3.0,1 x Jamaican Chicken Melt,60% off upto Rs.120,479.0,19.0,99.0,0.0,0.0,0.0,399.0,,,,12.03,12.0,Incorrectly,,870aed6af91c3a1baa9f738665128bedcb3892a8e74a46323abd778db39ce152
21077127,Aura Pizzas,Sector 135,Delhi NCR,6208199896,2024-09-24 19:31:00,Delivered,Zomato Delivery,3.0,"1 x Chilli Cheese Garlic Bread, 1 x Masala Paneer Pide",Buy 1 Get 1 - ₹259.00,319.0,15.95,0.0,0.0,0.0,0.0,334.95,,,,14.65,10.4,Incorrectly,,c0315098d272ffc54c87644bead9d4bcbb63801f3163d197b7d6c23d8a5cce0b
21077127,Aura Pizzas,Sector 135,Delhi NCR,6207255839,2024-09-23 20:33:00,Delivered,Zomato Delivery,1.0,1 x Jamaican Chicken Melt,60% off upto Rs.120,479.0,19.0,99.0,0.0,0.0,0.0,399.0,,,,16.48,15.4,Incorrectly,,5b84ffab631b9a1765ff07775e9309fb7bd876e45da14ebe591588aea55eb2c9
21173951,Aura Pizzas,Vasant Kunj,Delhi NCR,6210380248,2024-09-24 20:07:00,Delivered,Zomato Delivery,1.0,"2 x Cheesy Garlic Bread, 1 x Bageecha Pizza, 1 x Tripple Cheese Pizza",Buy 1 Get 1 - ₹788.00,838.0,41.9,0.0,0.0,0.0,0.0,879.9,,,,29.8,19.1,Incorrectly,,44cacdf5a931e44487d67534667483f875130e90e15258fd6484e28ccdf400fd
21309083,Swaad,Sector 135,Delhi NCR,6206759263,2024-09-24 18:58:00,Delivered,Zomato Delivery,1.0,1 x Grilled Chicken Peri Peri Tender,,310.0,15.5,0.0,0.0,0.0,0.0,325.5,4.0,,,12.78,11.5,Incorrectly,,28957e7f9ca4177064f21113d36b66cae27b1dd5f7c5608480079fcfd3d1846f
20320607,Swaad,Sector 4,Delhi NCR,6246189759,2024-10-08 15:30:00,Delivered,Zomato Delivery,2.0,1 x Grilled Chicken Jamaican Tender,50% off upto Rs.100,310.0,10.5,100.0,0.0,0.0,0.0,220.5,,,,12.42,13.6,Incorrectly,,7e9103956f59d7c5338fb82ac1b4e1c7565f576475923548aaf8a00522d00868
20320607,Swaad,Sector 4,Delhi NCR,6236608269,2024-10-05 11:14:00,Delivered,Zomato Delivery,11.0,"2 x Bone in Smoky Bbq Grilled Chicken, 1 x Salted Fries",Flat Rs.200 off,1779.0,84.45,90.0,0.0,0.0,0.0,1773.45,,,,22.65,10.9,Incorrectly,,98eda32083d81a603dfeb89959da4d0d7786f21f62d282e5bd2b32767b56a47b
20320607,Swaad,Sector 4,Delhi NCR,6238902950,2024-10-04 19:11:00,Delivered,Zomato Delivery,6.0,1 x Fried Chicken Angara Tender,,325.0,16.25,0.0,0.0,0.0,0.0,341.25,,,,13.43,11.8,Incorrectly,,a0ae975c126b5c7f1661fbbb190a4273f6ec9acfb83d5358b4446c184daa5342
20320607,Swaad,Sector 4,Delhi NCR,6229235113,2024-10-01 02:59:00,Delivered,Zomato Delivery,2.0,1 x Fried Chicken Classic Tender,40% off upto Rs.80,574.0,24.7,80.0,0.0,0.0,0.0,518.7,,,,7.02,11.6,Incorrectly,,35ca73b33eac222895ee2aa7520ce0b5b506e1e173953f5e892112f87a8815fc
20554001,Swaad,Greater Kailash 2 (GK2),Delhi NCR,6224661635,2024-10-02 17:30:00,Delivered,Zomato Delivery,2.0,"1 x Peri Peri Crisper Fries, 1 x Grilled Chicken Jamaican Tangdi",40% off upto Rs.80,604.0,26.2,80.0,0.0,0.0,0.0,550.2,,,,17.62,12.8,Incorrectly,,c37634bf8c37850700836f7a04e5679e24c96c47451590227e1f99a59d32bce8
20635699,Aura Pizzas,Greater Kailash 2 (GK2),Delhi NCR,6236721530,2024-10-05 21:19:00,Delivered,Zomato Delivery,3.0,"1 x Chicken Pepperoni Pizza, 1 x Makhani Paneer Pizza",Buy 1 Get 1 - ₹579.00,599.0,29.95,0.0,0.0,0.0,0.0,628.95,5.0,,,53.6,33.7,Incorrectly,,f13ab9d619c094d2f1720c7d15708a0c3c3712f72cb93817d5b9cb8bb4b88e55
20635699,Aura Pizzas,Greater Kailash 2 (GK2),Delhi NCR,6233642227,2024-10-03 03:33:00,Delivered,Zomato Delivery,1.0,"1 x Onion Rings, 1 x Indian Pico De-Gallo, 1 x Jamaican Chicken Melt",Flat Rs.150 off,768.0,32.8,112.0,0.0,0.0,0.0,688.8,,,,17.82,19.9,Incorrectly,,f49f1376ad3de94699bcaa709e27018f0a469ce84536c9e77ca0274748def055
20635699,Aura Pizzas,Greater Kailash 2 (GK2),Delhi NCR,6229793986,2024-10-02 20:00:00,Delivered,Zomato Delivery,3.0,"1 x Chilli Cheese Garlic Bread, 1 x Margherita Pizza",60% off upto Rs.120,718.0,30.95,99.0,0.0,0.0,0.0,649.95,,,,15.85,21.1,Incorrectly,,f9cbaffb8fb71967171555d154e58e919d1014181b10fb6987af81b5e4fd4964
20659868,Aura Pizzas,Sector 4,Delhi NCR,6252505738,2024-10-09 16:27:00,Delivered,Zomato Delivery,6.0,1 x Makhani Paneer Pizza,50% off upto Rs.100,579.0,23.95,100.0,0.0,0.0,0.0,502.95,,,,15.18,17.8,Incorrectly,,f31470e6b82f9f96b825d13505e4630e05afcbcb44405ebbe8f29c41720c864e
20659868,Aura Pizzas,Sector 4,Delhi NCR,6247209148,2024-10-07 13:22:00,Delivered,Zomato Delivery,1.0,"1 x Chilli Cheese Garlic Bread, 1 x Bageecha Pizza, 1 x Makhani Paneer Pizza",Flat Rs.125 off,1437.0,67.2,93.0,0.0,0.0,0.0,1411.2,,,,1.13,16.4,Incorrectly,,9c2be9cfe9c6eb61ba2e61c30b37cf42374b9ddf7396793a566e216146a42935
20659868,Aura Pizzas,Sector 4,Delhi NCR,6240986473,2024-10-06 14:01:00,Delivered,Zomato Delivery,3.0,"1 x Bacon Pepperoni Melt, 1 x Murgh Amritsari Seekh Melt",Buy 1 Get 1 - ₹599.00,617.0,30.85,0.0,0.0,0.0,0.0,647.85,,,,19.75,18.7,Incorrectly,,82d3cb683b771cc1c87d2da3c6629aff1a3b89e30afe9f783f21e82b283c6511
20659868,Aura Pizzas,Sector 4,Delhi NCR,6242624930,2024-10-05 23:50:00,Delivered,Zomato Delivery,8.0,"1 x Makhani Paneer Pizza, 1 x Murgh Amritsari Seekh Pizza",Buy 1 Get 1 - ₹579.00,629.0,31.45,0.0,0.0,0.0,0.0,660.45,,,,12.27,10.2,Incorrectly,,ce165c5e527ef4ea8aedb3d59559d00be882ac45f7512f227c2609e99af30715
20659868,Aura Pizzas,Sector 4,Delhi NCR,6226727446,2024-10-02 12:40:00,Delivered,Zomato Delivery,6.0,1 x Murgh Amritsari Seekh Melt,50% off upto Rs.100,479.0,18.95,100.0,0.0,0.0,0.0,397.95,,,,13.77,17.3,Incorrectly,,6c24d2044b9eb120a8ad72e45545bc27569094def10dcf1b71d20b7ba75daefa
20882652,Aura Pizzas,DLF Phase 1,Delhi NCR,6238013236,2024-10-09 20:08:00,Delivered,Zomato Delivery,5.0,"1 x Peri Peri Paneer Pizza, 1 x Mushroom Mozzarella Melt",Buy 1 Get 1 - ₹449.00,579.0,28.95,0.0,0.0,0.0,0.0,607.95,,,,23.66,12.8,Incorrectly,,9433e7749d087001af5225f0b50fa88cf111705ca2abfdc5600b60d2bb90f45c
20882652,Aura Pizzas,DLF Phase 1,Delhi NCR,6242973043,2024-10-05 21:26:00,Delivered,Zomato Delivery,4.0,2 x All About Chicken Pizza,Buy 1 Get 1 - ₹659.00,659.0,32.95,0.0,0.0,0.0,0.0,691.95,,,,36.65,11.1,Incorrectly,,279b37c06fd5ce45679634af336cf84b0485e386a68112959291f59bb5432b21
20882652,Aura Pizzas,DLF Phase 1,Delhi NCR,6237406430,2024-10-03 20:53:00,Delivered,Zomato Delivery,5.0,"1 x Bageecha Pizza, 1 x Chilli Cheese Garlic Bread",,858.0,42.9,0.0,0.0,0.0,0.0,900.9,,,,18.61,13.0,Incorrectly,,cbc00552127122263b8d9e053714bf9ca1ad65dbaf81065c2dd6b2368694b60e
20882652,Aura Pizzas,DLF Phase 1,Delhi NCR,6210568462,2024-10-03 16:29:00,Delivered,Zomato Delivery,8.0,1 x Makhani Paneer Pizza,60% off upto Rs.120,579.0,24.0,99.0,0.0,0.0,0.0,504.0,,,,19.1,14.5,Incorrectly,,c0d36aab3d23d0288c77cd39788ff3c74542c58ade6d80fbd0540e16ef6b2d6a
20882652,Aura Pizzas,DLF Phase 1,Delhi NCR,6235680272,2024-10-03 16:15:00,Delivered,Zomato Delivery,2.0,"1 x Mushroom Mozzarella Melt, 1 x OG Cheese Pide",60% off upto Rs.120,798.0,34.95,99.0,0.0,0.0,0.0,733.95,,,,19.27,12.7,Incorrectly,,35e49fefd0807a9f7b52ca68ce232b59a43acf858c30b5e78f8cbd33f198e9d0
20882652,Aura Pizzas,DLF Phase 1,Delhi NCR,6230953481,2024-10-02 19:20:00,Delivered,Zomato Delivery,2.0,1 x Cheesy Garlic Bread,60% off upto Rs.120,239.0,7.0,99.0,0.0,0.0,0.0,147.0,,,,17.39,16.5,Incorrectly,,cc81127884b4636b075a045bb0cf17b4c95b6475d520cb98c4543e973629469d
20882652,Aura Pizzas,DLF Phase 1,Delhi NCR,6229741136,2024-10-01 19:49:00,Delivered,Zomato Delivery,4.0,"1 x Tripple Cheese Pizza, 1 x Peri Peri Paneer Pizza, 1 x Bageecha Pizza, 1 x Makhani Paneer Pizza",Flat Rs.200 off,2306.0,105.3,200.0,0.0,0.0,0.0,2211.3,,,,24.74,10.2,Incorrectly,,6ab352161364a789fb8812ff4fd29bc0336588bb42f2dbefe9d7397b98345efe
20882713,Swaad,DLF Phase 1,Delhi NCR,6239585638,2024-10-05 00:30:00,Delivered,Zomato Delivery,2.0,"1 x Grilled Chicken Jamaican Tangdi, 1 x Bone in Smoky Bbq Grilled Chicken, 1 x Onion Bombs",Flat Rs.175 off,1208.0,51.65,175.0,0.0,0.0,0.0,1084.65,,,,30.09,12.3,Incorrectly,,8f0e4690f4ccc57ab400c9931472a471033f4cdab7d0e3990fc3347b42bb32f3
21077127,Aura Pizzas,Sector 135,Delhi NCR,6249480139,2024-10-09 14:16:00,Delivered,Zomato Delivery,1.0,"1 x Angara Paneer Melt, 1 x Mushroom Mozzarella Melt",Buy 1 Get 1 - ₹449.00,449.0,22.45,0.0,0.0,0.0,0.0,471.45,,,,19.22,12.1,Incorrectly,,46fcaa7ff6f842a318776c12bc40f44ff17b1d3fc46a30a68988c32baaa7279d
21077127,Aura Pizzas,Sector 135,Delhi NCR,6247899072,2024-10-09 12:14:00,Delivered,Zomato Delivery,4.0,"1 x Chilli Cheese Garlic Bread, 1 x Murgh Amritsari Garlic Bread",Buy 1 Get 1 - ₹259.00,289.0,14.45,0.0,0.0,0.0,0.0,303.45,,,,17.45,11.7,Incorrectly,,7bd282ab75a3207369e68adc008e334a72de3167f8f63e4fa9a5b369ccadef7a
21077127,Aura Pizzas,Sector 135,Delhi NCR,6249645982,2024-10-08 20:30:00,Delivered,Zomato Delivery,2.0,"1 x Makhani Paneer Pizza, 1 x Peri Peri Paneer Pizza",Flat Rs.200 off,1158.0,47.9,200.0,0.0,0.0,0.0,1005.9,,,,13.43,10.2,Incorrectly,,c3b15ff7e332d3848443fe992362313cfc14e3f2d1f3f80f84979143c2baec38
21077127,Aura Pizzas,Sector 135,Delhi NCR,6242112495,2024-10-05 19:38:00,Delivered,Zomato Delivery,10.0,"1 x All About Chicken Pizza, 1 x Margherita Pizza",Buy 1 Get 1 - ₹538.00,659.0,32.95,0.0,0.0,0.0,0.0,691.95,,,,12.47,11.2,Incorrectly,,4620d72db84de97ded1e11053a5666612fade2e51310101b444a9689d53ce20c
21077127,Aura Pizzas,Sector 135,Delhi NCR,6241305700,2024-10-05 19:16:00,Delivered,Zomato Delivery,1.0,"1 x Masala Paneer Pide, 1 x Chilli Cheese Garlic Bread",Buy 1 Get 1 - ₹259.00,319.0,15.95,0.0,0.0,0.0,0.0,334.95,,,,11.15,17.9,Incorrectly,,bc79ce2003dba03feae1feb5e69a21471a52d6478a5fa656ae0be7ce4097349a
21077127,Aura Pizzas,Sector 135,Delhi NCR,6233831201,2024-10-05 18:48:00,Delivered,Zomato Delivery,4.0,"1 x Mushroom Mozzarella Melt, 1 x Angara Paneer Melt",Buy 1 Get 1 - ₹449.00,449.0,22.45,0.0,0.0,0.0,0.0,471.45,,,,14.15,12.4,Incorrectly,,6f85bc7c8a578e5d6d6a2c151f5024bd915a44dad5354f6cb250266198d58e05
21077127,Aura Pizzas,Sector 135,Delhi NCR,6228812694,2024-10-03 11:59:00,Delivered,Zomato Delivery,2.0,1 x Tripple Cheese Pizza,60% off upto Rs.120,549.0,22.5,99.0,0.0,0.0,0.0,472.5,,,,14.25,10.2,Incorrectly,,ae8a0769cb40f3915b6d562704916a8c15546f2d70cbc638e4681a8fbf7daf97
21077127,Aura Pizzas,Sector 135,Delhi NCR,6231946234,2024-10-02 19:21:00,Delivered,Zomato Delivery,4.0,"1 x Murgh Amritsari Garlic Bread, 1 x Bageecha Pizza, 1 x All About Chicken Pizza, 1 x Cheesy Garlic Bread",Flat Rs.200 off,2324.0,106.2,200.0,0.0,0.0,0.0,2230.2,,,,20.23,16.6,Incorrectly,,b6e075ce6921be50cb1cb5da5b3d86ea7ded72c5b9c40d50c6f65a752ccd7c02
21173951,Aura Pizzas,Vasant Kunj,Delhi NCR,6246546604,2024-10-07 19:12:00,Delivered,Zomato Delivery,14.0,"2 x Indian Pico De-Gallo, 1 x Bacon Pepperoni Melt, 1 x Garlic Aioli, 1 x Murgh Amritsari Garlic Bread, 1 x Makhani Paneer Pizza, 1 x Chilli Cheese Garlic Bread, 1 x Jamaican Chicken Melt, 2 x Harisa Mayo",Flat Rs.200 off,2693.0,124.65,200.0,0.0,0.0,0.0,2617.65,,,,30.08,11.0,Incorrectly,,3c2ecd2db7e2b651f6d8bbf9774e413cdd9a072cf5d24a4e83c68743e1e43e50
21173951,Aura Pizzas,Vasant Kunj,Delhi NCR,6235173949,2024-10-07 12:03:00,Delivered,Zomato Delivery,7.0,"1 x Murgh Amritsari Garlic Bread, 1 x Murgh Amritsari Seekh Pide",Flat Rs.150 off,638.0,25.9,120.0,0.0,0.0,0.0,543.9,,,,19.12,11.4,Incorrectly,,8995be5f41765ef72f116d6489ae1fab06ae319f1b078c2953e6baab065fa1a7
20320607,Swaad,Sector 4,Delhi NCR,6265384794,2024-10-13 21:24:00,Delivered,Zomato Delivery,2.0,1 x Fried Chicken Classic Tender,40% off upto Rs.80,325.0,12.25,80.0,0.0,0.0,0.0,257.25,,,,12.53,11.2,Incorrectly,,bcfa051a96036fe2f67b8b7d0f27b37d983dede68aab0aeb2541811d09b0c859
20320607,Swaad,Sector 4,Delhi NCR,6250876109,2024-10-11 21:47:00,Delivered,Zomato Delivery,6.0,1 x Bone in Jamaican Grilled Chicken,Flat Rs.200 off,1045.0,48.25,80.0,0.0,0.0,0.0,1013.25,,,,2.82,13.9,Incorrectly,,2c7b530615811a0d03e49bded5b29ad0e190ef5d84a8a21550e6d80c9d07748f
20320607,Swaad,Sector 4,Delhi NCR,6259478185,2024-10-11 19:57:00,Delivered,Zomato Delivery,10.0,1 x Fried Chicken Classic Tender,20% off upto Rs.50,514.0,23.2,50.0,0.0,0.0,0.0,487.2,,,,17.13,14.5,Incorrectly,,f48718357705c8bd54d2e08b80c1a8253ec42b3b562602ece399548480109bec
20320607,Swaad,Sector 4,Delhi NCR,6209702535,2024-10-11 18:37:00,Delivered,Zomato Delivery,6.0,"1 x Peri Peri Crisper Fries, 1 x Bone in Smoky Bbq Grilled Chicken",Flat Rs.175 off,1244.0,53.45,175.0,0.0,0.0,0.0,1122.45,,,,23.25,16.1,Incorrectly,,f74df749d0f9b3058f7077e8a29dcffa4b060891594d979589835191348130b4
20554001,Swaad,Greater Kailash 2 (GK2),Delhi NCR,6278425698,2024-10-20 03:28:00,Delivered,Zomato Delivery,1.0,1 x AAC Grilled Chicken Burger,50% off upto Rs.100,594.0,24.7,100.0,0.0,0.0,0.0,518.7,5.0,,,12.13,10.6,Incorrectly,,8396bc5ab41ff7f9f183e33475c5dc8ffefbfffb31d0fdebc694cefc651a81bf
20554001,Swaad,Greater Kailash 2 (GK2),Delhi NCR,6279964746,2024-10-18 22:11:00,Delivered,Zomato Delivery,6.0,"1 x Bone in Jamaican Grilled Chicken, 1 x Grilled Chicken Smoky BBQ Tender",40% off upto Rs.80,620.0,27.0,80.0,31.0,0.0,0.0,536.0,,,,14.87,23.4,Incorrectly,,a81f5825fd4aa4e8bce786a4f3c6eff61a7b4f86570cdfa2e298eabe1bc1ca5a
20635699,Aura Pizzas,Greater Kailash 2 (GK2),Delhi NCR,6288255042,2024-10-20 21:45:00,Delivered,Zomato Delivery,5.0,"1 x Chilli Cheese Garlic Bread, 1 x Cheesy Garlic Bread",50% off upto Rs.100,498.0,19.9,100.0,0.0,0.0,0.0,417.9,,,,13.35,10.4,Incorrectly,,e2014d7148177fc80e944d6092745bd1e5a2cf47b3fb22ea3ea496ef1f33430e
20635699,Aura Pizzas,Greater Kailash 2 (GK2),Delhi NCR,6276797684,2024-10-17 18:42:00,Delivered,Zomato Delivery,3.0,"1 x Margherita Pizza, 1 x Bageecha Pizza",Buy 1 Get 1 - ₹459.00,599.0,29.95,0.0,0.0,0.0,0.0,628.95,,,,15.57,12.6,Incorrectly,,9c67211ec31f35027f68d1ff83f5b3d698730081fecb36f633986e3e247d8f56
20635699,Aura Pizzas,Greater Kailash 2 (GK2),Delhi NCR,6252045002,2024-10-11 14:38:00,Delivered,Zomato Delivery,4.0,"1 x Cheesy Garlic Bread, 1 x Mushroom Pizza",,1038.0,51.9,0.0,0.0,0.0,0.0,1089.9,,,,3.13,11.8,Incorrectly,,1cce4ae101946bd0fc6184b4e1d0753239c988d9cc08c4925623771c13032d2f
20659868,Aura Pizzas,Sector 4,Delhi NCR,6280307180,2024-10-20 13:42:00,Delivered,Zomato Delivery,2.0,"1 x Indian Masala Cripser Fries, 1 x Bageecha Pizza, 1 x Chilli Cheese Garlic Bread",,1317.0,65.85,0.0,0.0,0.0,0.0,1382.85,,,,14.97,13.0,Incorrectly,,8d0fbe2378a0f248e68cf3c1d542df324a09332bc47b056d2636a57693d71033
20659868,Aura Pizzas,Sector 4,Delhi NCR,6283332193,2024-10-20 02:15:00,Delivered,Zomato Delivery,8.0,1 x Bageecha Pizza,50% off upto Rs.100,599.0,24.95,100.0,0.0,0.0,0.0,523.95,,,,18.58,24.0,Incorrectly,,d3822b64ba5c4380bb201d99c0841e5ff3723e07996b76662c4888443b3a7eab
20659868,Aura Pizzas,Sector 4,Delhi NCR,6277354892,2024-10-19 17:31:00,Delivered,Zomato Delivery,5.0,1 x Bageecha Pizza,50% off upto Rs.100,799.0,34.95,100.0,0.0,0.0,0.0,733.95,,,,11.58,10.6,Incorrectly,,aba9cbb845944c13215b38c577f105209e39b909810ec70790ff292c29ad2735
20659868,Aura Pizzas,Sector 4,Delhi NCR,6276198544,2024-10-17 20:51:00,Delivered,Zomato Delivery,2.0,"1 x Bageecha Pizza, 1 x Makhani Paneer Pizza",Buy 1 Get 1 - ₹749.00,799.0,39.95,0.0,0.0,0.0,0.0,838.95,,,,20.68,17.8,Incorrectly,,604ca19b2c224f76bb77e3db19b6a15fbf4f27abf713bd34409bb4dce52aec5f
20659868,Aura Pizzas,Sector 4,Delhi NCR,6248842812,2024-10-16 19:31:00,Delivered,Zomato Delivery,7.0,"1 x Makhani Paneer Pizza, 3 x Chilli Cheese Garlic Bread, 1 x Bageecha Pizza",Flat 15% off,2325.0,99.41,336.77,79.9,0.0,0.0,2007.74,,,,20.77,16.7,Incorrectly,,cb9522f27b27206f333f7d5ea342768b0da8adcb72c3b44e75cf4a0171ce0e1b
20659868,Aura Pizzas,Sector 4,Delhi NCR,6268189882,2024-10-16 11:35:00,Delivered,Zomato Delivery,2.0,1 x Bageecha Pizza,,799.0,39.95,0.0,79.9,0.0,0.0,759.05,,,,11.37,11.7,Incorrectly,,5a0fe714281b0c3d92a1fe8950d1c1b5e55fd99152e4f517084ca387cecd0812
20659868,Aura Pizzas,Sector 4,Delhi NCR,6269309435,2024-10-15 23:29:00,Delivered,Zomato Delivery,6.0,"2 x Mushroom Mozzarella Melt, 2 x All About Chicken Pizza, 2 x Mutton Seekh Pizza",,4414.0,220.7,0.0,0.0,0.0,0.0,4634.7,,,,38.4,20.1,Incorrectly,,af8fa015436aaf9ac82ea5c6e50b1504eeb47771777672e037b7a14b53a5c02b
20659868,Aura Pizzas,Sector 4,Delhi NCR,6263816877,2024-10-15 12:41:00,Delivered,Zomato Delivery,9.0,"1 x Makhani Paneer Pizza, 1 x Spinach Sumac Pide, 1 x Peri Peri Crisper Fries",,1107.0,55.35,0.0,0.0,0.0,0.0,1162.35,,,,18.82,15.1,Incorrectly,,c22e4d9df6c75388d8967f0e6ebcfde485fc651de32963c1b5055485e2d20a39
20659868,Aura Pizzas,Sector 4,Delhi NCR,6259369457,2024-10-12 01:40:00,Delivered,Zomato Delivery,3.0,"1 x Makhani Paneer Pizza, 1 x Angara Paneer Melt, 1 x Bellpepper Onion Pizza",Flat 15% off,1607.0,68.3,241.05,0.0,0.0,0.0,1434.25,,,,17.28,13.5,Incorrectly,,bdbb28a0108a0421488a06bbce76f65740c051a6768e3d5bd8c9ecc64f31903b
20659868,Aura Pizzas,Sector 4,Delhi NCR,6259716679,2024-10-11 19:51:00,Delivered,Zomato Delivery,7.0,1 x Angara Paneer Melt,50% off upto Rs.100,449.0,17.45,100.0,0.0,0.0,0.0,366.45,,,,9.6,11.0,Incorrectly,,cdc7cce71537dfc8cdcf562394eeb39b7d115033df300edf2559aec7dc390e86
20659868,Aura Pizzas,Sector 4,Delhi NCR,6254945662,2024-10-11 12:54:00,Delivered,Zomato Delivery,3.0,"1 x Makhani Paneer Pizza, 1 x Iced Green Tea - Mojito, 1 x Desi Chicken Pepperoni Pizza, 1 x Tipsy Tiger Fresh Lime Soda, 1 x Chilli Cheese Garlic Bread, 1 x Tipsy Tiger Ginger Ale",,2399.34,119.97,0.0,0.0,0.0,0.0,2519.31,,,,22.1,18.1,Incorrectly,,64d2d80ca6d1c9269e10d309e89cf2c25a8b0a8f36e3b338ee2650b6f9241e95
20882652,Aura Pizzas,DLF Phase 1,Delhi NCR,6283458320,2024-10-19 23:34:00,Delivered,Zomato Delivery,2.0,1 x Masala Paneer Pide,50% off upto Rs.100,319.0,10.95,100.0,0.0,0.0,0.0,229.95,,,,13.43,10.5,Incorrectly,,0071cedfbbec4b2329cf747540858cc1c8678bdc3bfa7cb0184819809bb8ec72
20882652,Aura Pizzas,DLF Phase 1,Delhi NCR,6281026349,2024-10-18 21:08:00,Delivered,Zomato Delivery,6.0,1 x Peri Peri Grilled Chicken Pizza,,908.0,45.4,0.0,0.0,0.0,0.0,953.4,,,,29.08,13.7,Incorrectly,,b990370e2ac616b97185173123a0ad596c6780d07ccc2ea220690319d2c5d6f3
20882652,Aura Pizzas,DLF Phase 1,Delhi NCR,6268905079,2024-10-17 20:25:00,Delivered,Zomato Delivery,14.0,"1 x Angara Paneer Melt, 2 x Malai Gud Pide, 1 x OG Cheese Pide, 1 x Mushroom Mozzarella Melt, 1 x Chilli Cheese Garlic Bread",Buy 1 Get 1 - ₹967.00,1057.0,52.85,0.0,0.0,0.0,0.0,1109.85,,,,34.04,16.7,Incorrectly,,ec1a41ab4b2de5ce02f8f3ece8e2790642a256f8c7b52d26b040e02884f6a115
20882652,Aura Pizzas,DLF Phase 1,Delhi NCR,6275657272,2024-10-17 20:23:00,Delivered,Zomato Delivery,10.0,"1 x Jamaican Chicken Melt, 1 x Murgh Amritsari Seekh Melt",Buy 1 Get 1 - ₹479.00,479.0,23.95,0.0,0.0,0.0,0.0,502.95,5.0,,,24.71,10.3,Incorrectly,,1645e391bae5ef254d558f68c6953537c9e563c29263f9aea1e5d1da0af72e79
20882652,Aura Pizzas,DLF Phase 1,Delhi NCR,6257718849,2024-10-17 18:27:00,Delivered,Zomato Delivery,4.0,"1 x Makhani Paneer Pizza, 1 x Peri Peri Grilled Chicken Pizza",Buy 1 Get 1 - ₹579.00,619.0,30.95,0.0,0.0,0.0,0.0,649.95,,,,26.44,18.2,Incorrectly,Non-refunded complaint,cbf282dc4863b59ce77f8ce36a33fc2ebb1ae0868b8e0779d1be81125edaac9c
20882652,Aura Pizzas,DLF Phase 1,Delhi NCR,6270850433,2024-10-15 18:23:00,Delivered,Zomato Delivery,2.0,"1 x Mutton Seekh Pide, 1 x Murgh Amritsari Seekh Melt",Flat Rs.200 off,996.0,39.8,200.0,0.0,0.0,0.0,835.8,,,,21.78,11.8,Incorrectly,,c3a7322fefcebc7bb1bb24d887144591d3f61d594df4974aef57a88d46ffd8f5
20882652,Aura Pizzas,DLF Phase 1,Delhi NCR,6262338504,2024-10-12 19:24:00,Delivered,Zomato Delivery,14.0,"1 x Grilled Tangdis, 1 x Bageecha Pizza",Flat Rs.200 off,1068.0,43.4,200.0,0.0,0.0,0.0,911.4,3.0,,,16.7,11.8,Incorrectly,,b853bd1626cbfbca09711e93b7b75a0d9778a68c7fd62b167ce43fccc29f7109
20882652,Aura Pizzas,DLF Phase 1,Delhi NCR,6259281910,2024-10-12 18:14:00,Delivered,Zomato Delivery,2.0,"2 x Herbed Potato, 1 x Indian Pico De-Gallo",,356.0,17.8,0.0,0.0,0.0,0.0,373.8,,,,15.87,12.6,Incorrectly,,70745a48918421d7f6a0e36fd520cc2e4da5d4f6a894c52c63a5a7f1617ec151
20882652,Aura Pizzas,DLF Phase 1,Delhi NCR,6259902880,2024-10-12 14:20:00,Delivered,Zomato Delivery,5.0,"1 x Makhani Paneer Pizza, 1 x Garlic Aioli",50% off upto Rs.100,639.0,26.95,100.0,0.0,0.0,0.0,565.95,,,,13.02,12.7,Incorrectly,,0762987cc76c8ac6e54139aa2d29b206d1d8d0c484d7dd448109d23850a8e0fe
20882652,Aura Pizzas,DLF Phase 1,Delhi NCR,6259819615,2024-10-11 21:42:00,Delivered,Zomato Delivery,5.0,"1 x Fried Chicken Strips, 1 x Herbed Potato, 1 x All About Chicken Pizza",Flat Rs.200 off,996.0,39.8,200.0,0.0,0.0,0.0,835.8,,,,22.13,14.0,Incorrectly,,5cb486626a617fc1f271fc78686ec2fb58c4954e63afcdf12abef748d5111f5a
20882652,Aura Pizzas,DLF Phase 1,Delhi NCR,6259426910,2024-10-11 19:56:00,Delivered,Zomato Delivery,3.0,"1 x Mushroom Pizza, 1 x Chilli Cheese Garlic Bread, 1 x Malai Gud Pide, 1 x Makhani Paneer Pizza",Flat Rs.200 off,1844.0,82.2,200.0,0.0,0.0,0.0,1726.2,,,,19.03,14.9,Incorrectly,,a8827bdc387351b80663b154fdaea12f72e8bf769f4f427d7c8bfb650fa05755
20882652,Aura Pizzas,DLF Phase 1,Delhi NCR,6256179079,2024-10-11 12:18:00,Delivered,Zomato Delivery,5.0,1 x Bageecha Pizza,,599.0,29.95,0.0,0.0,0.0,0.0,628.95,,,,19.21,18.5,Incorrectly,,8b0d65820559f36a9067cc9f60dd90c75c93321aa294784c1e72ea9ef7042cbb
20882713,Swaad,DLF Phase 1,Delhi NCR,6282426309,2024-10-20 18:37:00,Delivered,Zomato Delivery,4.0,"1 x Bone in Jamaican Grilled Chicken Quarter + Angara Rice, 1 x Grilled Chicken Jamaican Tender",Flat Rs.175 off,1070.0,44.75,175.0,0.0,0.0,0.0,939.75,,,,22.03,10.3,Incorrectly,,7eb0207078ddbbbcde6e3bb6763e0fb76c7c240b191c06226b68fda6bbb784bb
20882713,Swaad,DLF Phase 1,Delhi NCR,6284745702,2024-10-20 01:22:00,Delivered,Zomato Delivery,2.0,"1 x Animal Fries, 1 x Bone in Kabuli Grilled Chicken",Buy 1 Get 1 - ₹310.00,355.0,17.75,0.0,0.0,0.0,0.0,372.75,,,,22.73,17.2,Incorrectly,,70c3de8b02e25a6fdaf55e13e0e359b8857a87197d8624df2e44ce0444b3b633
20882713,Swaad,DLF Phase 1,Delhi NCR,6283632663,2024-10-19 22:51:00,Delivered,Zomato Delivery,2.0,"1 x Fried Chicken Peri Peri Tenders + Peri Peri Fries, 1 x Grilled Chicken Angara Tenders + Salted Fries",Buy 1 Get 1 - ₹435.00,465.0,23.25,0.0,0.0,0.0,0.0,488.25,,,,18.53,11.0,Incorrectly,,0cf53eabcb8781c12b1ef6004325fcbcb188a6532c276ea645b3ccf07df06157
20882713,Swaad,DLF Phase 1,Delhi NCR,6282502158,2024-10-19 17:10:00,Delivered,Zomato Delivery,1.0,2 x Bone in Jamaican Grilled Chicken,Buy 1 Get 1 - ₹585.00,585.0,29.25,0.0,0.0,0.0,0.0,614.25,,,,23.52,16.3,Incorrectly,,c5f6637f822f5c448678ea1cd61145587af710f48657f1f49bb6c98b80c891fd
20882713,Swaad,DLF Phase 1,Delhi NCR,6268070806,2024-10-17 12:27:00,Delivered,Zomato Delivery,2.0,1 x Bone in Jamaican Grilled Chicken,50% off upto Rs.100,310.0,10.5,100.0,31.0,0.0,0.0,189.5,,,,23.0,12.6,Incorrectly,,e3436d4fdda7afea05ff486ffd27d7c227c8ae63d3659806533fd81442f75fcd
20882713,Swaad,DLF Phase 1,Delhi NCR,6275458116,2024-10-17 01:02:00,Delivered,Zomato Delivery,4.0,"1 x Salted Fries, 1 x GhostBuster Sauce, 1 x Fried Chicken Kabuli Tender, 1 x Fried Chicken Angara Tender",Flat Rs.175 off,1149.0,48.7,175.0,0.0,0.0,0.0,1022.7,,,,18.81,14.8,Incorrectly,,dd48a916ff9c88248ad9e9b27f7ede5a2e7b3ed3ed89772256d0984e605f37e7
20882713,Swaad,DLF Phase 1,Delhi NCR,6268156463,2024-10-15 20:41:00,Delivered,Zomato Delivery,3.0,"1 x Bone in Angara Grilled Chicken, 1 x Fried Chicken Kabuli Tender",40% off upto Rs.80,635.0,27.75,80.0,0.0,0.0,0.0,582.75,,,,19.67,14.6,Incorrectly,,c95dd0aee4e4fcd98681734ea38dc438f0480faf378fb7c708822c25d6b4d082
20882713,Swaad,DLF Phase 1,Delhi NCR,6255761168,2024-10-15 14:10:00,Delivered,Zomato Delivery,1.0,"1 x Bone in Jamaican Grilled Chicken, 1 x Fried Chicken Classic Tender, 1 x Grilled Chicken Smoky BBQ Tender",Flat Rs.175 off,945.0,38.5,175.0,0.0,0.0,0.0,808.5,,,,28.51,16.7,Incorrectly,,e190f429a86d2f3f24f99fba1db9517e8ea4993035ddd5af3c68bf85a43b5f26
20882713,Swaad,DLF Phase 1,Delhi NCR,6260837307,2024-10-12 01:06:00,Delivered,Zomato Delivery,2.0,1 x Bone in Jamaican Grilled Chicken,50% off upto Rs.100,310.0,10.5,100.0,0.0,0.0,0.0,220.5,,,,19.0,10.1,Incorrectly,,bcadaf6912fc1bb538a7cc18e25a949715d117fdabd8e7b1eb67a00e8e77a1ca
20882713,Swaad,DLF Phase 1,Delhi NCR,6256562820,2024-10-11 19:09:00,Delivered,Zomato Delivery,5.0,"1 x AAC Grilled Chicken Burger, 1 x Angara Grilled Paneer (8 pcs), 1 x Fried Chicken Angara Tender, 1 x Jamaican Sauce, 1 x GhostBuster Sauce, 1 x Tipsy Tiger Ginger Ale, 1 x Indian Pico De-Gallo, 1 x Angara Sauce, 1 x Tipsy Tiger Fresh Lime Soda, 1 x AAC Fried Paneer Burger, 1 x Fried Chicken Ghostbuster Tender",Flat Rs.175 off,2413.1,111.91,175.0,0.0,0.0,0.0,2350.01,,,,37.2,23.8,Incorrectly,,5914660a49bf2d873b78b4a9165e4b15ff25032277260a1ad233702c4b5a55ea
20882713,Swaad,DLF Phase 1,Delhi NCR,6254142759,2024-10-11 13:08:00,Delivered,Zomato Delivery,1.0,1 x Bone in Jamaican Grilled Chicken Quarter + Angara Rice,40% off upto Rs.80,415.0,16.75,80.0,0.0,0.0,0.0,351.75,5.0,,,27.46,12.9,Incorrectly,,48d91aacbf077aca096b9d10a8f4bc3d53fdb6def8d5d922d10d9606ddc97de5
21077127,Aura Pizzas,Sector 135,Delhi NCR,6274739706,2024-10-18 21:00:00,Delivered,Zomato Delivery,1.0,"1 x Indian Pico De-Gallo, 1 x Herbed Potato, 1 x Bageecha Pizza",,807.0,40.35,0.0,59.9,0.0,0.0,787.45,,,,16.25,14.8,Incorrectly,,decf0600e4f426d3b770d462138d043691b505d79ea3e57ce67be72d3ad4b47f
21309083,Swaad,Sector 135,Delhi NCR,6269348231,2024-10-14 23:41:00,Delivered,Zomato Delivery,1.0,"1 x Animal Fries, 1 x Jamaican Sauce",,415.0,20.75,0.0,0.0,0.0,0.0,435.75,,,,16.22,13.5,Incorrectly,,c9766608a38ef70ae70744bdce37142d9b233877dfbc26981ac73e611d2eddb4
20320607,Swaad,Sector 4,Delhi NCR,6298517743,2024-10-25 19:25:00,Delivered,Zomato Delivery,10.0,"1 x Fried Chicken Peri Peri Tender, 1 x Grilled Chicken Smoky BBQ Tender, 1 x Grilled Chicken Jamaican Tender, 1 x Fried Chicken Classic Tender, 2 x Bone in Jamaican Grilled Chicken",Buy 1 Get 1 - ₹1205.00,1205.0,60.25,0.0,0.0,0.0,0.0,1265.25,,,,43.97,19.6,Incorrectly,,6bd8f95521d27d9857270af62638bb9bfe95765ce618aad198d1bf5dde147286
20320607,Swaad,Sector 4,Delhi NCR,6287927359,2024-10-25 15:10:00,Delivered,Zomato Delivery,4.0,2 x Bone in Smoky Bbq Grilled Chicken,Buy 1 Get 1 - ₹310.00,310.0,15.5,0.0,0.0,0.0,0.0,325.5,5.0,,,15.13,11.4,Incorrectly,,7e503de61a1aa88ee37f989b0c240d9fa5ceccfa09f9a3a4fb43fc5f350274a9
20320607,Swaad,Sector 4,Delhi NCR,6298728286,2024-10-25 15:10:00,Delivered,Zomato Delivery,8.0,"1 x Fried Chicken Angara Tender, 1 x Grilled Chicken Peri Peri Tender",Buy 1 Get 1 - ₹325.00,435.0,21.75,0.0,0.0,0.0,0.0,456.75,,,,15.35,13.2,Incorrectly,,101bd105a7e913781f011fac6c68c020249ca1840acea5a739c76566d76e3ef6
20320607,Swaad,Sector 4,Delhi NCR,6297537417,2024-10-25 15:10:00,Delivered,Zomato Delivery,7.0,"1 x Grilled Chicken Jamaican Tangdi, 1 x Grilled Chicken Jamaican Tender",Buy 1 Get 1 - ₹405.00,435.0,21.75,0.0,0.0,0.0,0.0,456.75,,,,15.38,14.9,Incorrectly,,5b10477d74040618c875a6f80ceb34ef7467b241dea71fd5c0fb246aa877c718
20320607,Swaad,Sector 4,Delhi NCR,6293317826,2024-10-23 15:41:00,Delivered,Zomato Delivery,7.0,"1 x Fried Chicken Peri Peri Tenders + Peri Peri Fries, 1 x Fried Chicken Classic Tenders + AAC Signature Fries, 1 x Animal Fries, 1 x Grilled Chicken Angara Tenders + Salted Fries",Buy 1 Get 1 - ₹830.00,960.0,48.0,0.0,0.0,0.0,0.0,1008.0,,,,24.22,12.8,Incorrectly,,b4604eab2c3fea4a5d86dc2c6a7cb1fc937afdc3bd44b86d35e44abd167ed3ca
20554001,Swaad,Greater Kailash 2 (GK2),Delhi NCR,6312867543,2024-10-31 23:59:00,Delivered,Zomato Delivery,5.0,"1 x Fried Chicken Angara Tender ., 1 x Indian Honey Mustard sauce",,385.0,19.25,0.0,0.0,0.0,0.0,404.25,,,,15.4,10.7,Incorrectly,,586fbd2e74002dceb578c629a7d158299089e37b8ec6ef3f319a1e7022c56800
20554001,Swaad,Greater Kailash 2 (GK2),Delhi NCR,6307084118,2024-10-29 22:02:00,Delivered,Zomato Delivery,6.0,1 x Bone in Jamaican Grilled Chicken,40% off upto Rs.80,310.0,11.5,80.0,0.0,0.0,0.0,241.5,,,,28.03,24.0,Incorrectly,,69fb6f848c0a08775a2e4f530b58782726754d62330d7f3792498cf55c4fa408
20635699,Aura Pizzas,Greater Kailash 2 (GK2),Delhi NCR,6309040144,2024-10-31 19:06:00,Delivered,Zomato Delivery,3.0,1 x Bageecha Pizza,Flat Rs.100 off,599.0,24.95,100.0,0.0,0.0,0.0,523.95,,,,10.82,10.7,Incorrectly,,e10b1dc7b8ba80abd04deacf418ce3011f83bb5cb94efd3beee217311b32425f
20635699,Aura Pizzas,Greater Kailash 2 (GK2),Delhi NCR,6308967625,2024-10-30 01:16:00,Delivered,Zomato Delivery,3.0,2 x Grilled Tangdis,Buy 1 Get 1 - ₹269.00,269.0,13.45,0.0,0.0,0.0,0.0,282.45,,,,17.32,26.5,Incorrectly,,de34bde5676c8f7009bc3dd22638f26aa4471d8d277e487db8bf7dbbf0ad918a
20635699,Aura Pizzas,Greater Kailash 2 (GK2),Delhi NCR,6313184735,2024-10-30 00:59:00,Delivered,Zomato Delivery,1.0,"1 x Desi Chicken Pepperoni Pizza, 1 x All About Chicken Pizza",Buy 1 Get 1 - ₹609.00,659.0,32.95,0.0,0.0,0.0,0.0,691.95,,,,16.02,11.0,Incorrectly,,26ad606c8aabc894237a63eb25147bcd5c9fc35cd5864921c253ff9fb3da92db
20635699,Aura Pizzas,Greater Kailash 2 (GK2),Delhi NCR,6311471546,2024-10-29 18:47:00,Delivered,Zomato Delivery,5.0,"1 x Makhani Paneer Pizza, 1 x Tripple Cheese Pizza",Buy 1 Get 1 - ₹549.00,579.0,28.95,0.0,0.0,0.0,0.0,607.95,,,,14.88,11.6,Incorrectly,,6391ff057153f72213fce0cd34eda5813191d42ce5a8a9ce383b575a3a6b942f
20659868,Aura Pizzas,Sector 4,Delhi NCR,6310273181,2024-10-31 20:04:00,Delivered,Zomato Delivery,4.0,"1 x Bageecha Pizza, 1 x Margherita Pizza",Flat Rs.200 off,1448.0,63.4,180.0,0.0,0.0,0.0,1331.4,,,,21.17,15.8,Incorrectly,,14a49062a0401c387f60833858283ba979b0d9c9fb63683d0fd118d10568bc83
20659868,Aura Pizzas,Sector 4,Delhi NCR,6310762550,2024-10-29 22:12:00,Delivered,Zomato Delivery,6.0,2 x Angara Paneer Melt,Buy 1 Get 1 - ₹449.00,449.0,22.45,0.0,0.0,0.0,0.0,471.45,,,,14.97,11.1,Incorrectly,,33c69b7971ae28ea3dd843fb16892339784847f361efd87f6b09beffe4968d53
20659868,Aura Pizzas,Sector 4,Delhi NCR,6303710997,2024-10-29 19:12:00,Delivered,Zomato Delivery,2.0,"1 x Peri Peri Paneer Pizza, 1 x Tripple Cheese Pizza",Buy 1 Get 1 - ₹549.00,579.0,28.95,0.0,0.0,0.0,0.0,607.95,,,,12.2,11.5,Incorrectly,,e3d943f50cce72431b7b2c07c5e1cd225d9664e1852bb542ff1f4dd6a55cb7d0
20659868,Aura Pizzas,Sector 4,Delhi NCR,6308733728,2024-10-29 18:57:00,Delivered,Zomato Delivery,4.0,"1 x Makhani Paneer Pizza, 1 x Chilli Cheese Garlic Bread, 1 x Bageecha Pizza, 1 x Cheesy Garlic Bread",Buy 1 Get 1 - ₹818.00,858.0,42.9,0.0,0.0,0.0,0.0,900.9,,,,27.87,22.1,Incorrectly,,8f953a6cab7a9da4563695eed8f7a4aab3fdb740c3cced23be3443a47cbf2a22
20659868,Aura Pizzas,Sector 4,Delhi NCR,6309736390,2024-10-28 18:53:00,Delivered,Zomato Delivery,10.0,1 x Masala Paneer Pide,,379.0,18.95,0.0,0.0,0.0,0.0,397.95,,,,19.8,17.2,Incorrectly,,6d04ea707ed6e6e13334957182fff496d7e4115720c55125642a568e3b20a373
20659868,Aura Pizzas,Sector 4,Delhi NCR,6308231025,2024-10-28 14:07:00,Delivered,Zomato Delivery,1.0,"3 x Grilled Tangdis, 1 x All About Chicken Pizza",,1666.0,83.3,0.0,0.0,0.0,0.0,1749.3,4.0,,,26.43,18.6,Incorrectly,,1e63efe6ab01341a4b941d8b5b01b6ba8279b245cc0ce7d627c47a5f58a3acbf
20659868,Aura Pizzas,Sector 4,Delhi NCR,6301538746,2024-10-26 21:43:00,Delivered,Zomato Delivery,7.0,"1 x Makhani Paneer Pizza, 1 x Bageecha Pizza, 1 x Cheesy Garlic Bread",50% off upto Rs.100,1417.0,65.85,100.0,0.0,0.0,0.0,1382.85,,,,12.58,13.7,Incorrectly,,adc9d56f8d13d677146ca8a137c7c7273a1bfffc3e4d7b2c3978e04bf51084ed
20659868,Aura Pizzas,Sector 4,Delhi NCR,6294634302,2024-10-25 16:14:00,Delivered,Zomato Delivery,10.0,"1 x Margherita Pizza, 1 x Chilli Cheese Garlic Bread, 1 x All About Chicken Pizza",Flat 15% off,1695.0,72.04,254.25,0.0,0.0,0.0,1512.79,,,,19.0,14.2,Incorrectly,,9b70fbddb41d2835b235d58447052aa81f3af3d8d30a71c7bb142e6289c6b6e0
20659868,Aura Pizzas,Sector 4,Delhi NCR,6294719997,2024-10-24 22:10:00,Delivered,Zomato Delivery,3.0,"2 x Grilled Tangdis, 1 x Murgh Amritsari Seekh Melt",60% off upto Rs.120,1096.0,49.85,99.0,0.0,0.0,0.0,1046.85,,,,15.6,14.4,Incorrectly,,c6da039a5f47286e1d33922773d8e6943c5c128aeb4da53a9e079b154eab746a
20659868,Aura Pizzas,Sector 4,Delhi NCR,6296927439,2024-10-24 21:09:00,Delivered,Zomato Delivery,1.0,1 x Murgh Amritsari Seekh Pizza,50% off upto Rs.100,629.0,26.45,100.0,0.0,0.0,0.0,555.45,1.0,,,10.6,11.7,Incorrectly,Non-refunded complaint,7609498fd31e74bbb94e28ac0d8ad149e77b7b8b52e0692d271e9e1f6aea7286
20659868,Aura Pizzas,Sector 4,Delhi NCR,6296800891,2024-10-24 11:09:00,Delivered,Zomato Delivery,6.0,"1 x All About Chicken Pizza, 1 x Indian Masala Cripser Fries",,858.0,42.9,0.0,0.0,0.0,0.0,900.9,,,,19.88,13.2,Incorrectly,,edd5330fa00623d6420a4275e29e545545d9836ebea191eecef51e3673180b94
20659868,Aura Pizzas,Sector 4,Delhi NCR,6288541638,2024-10-23 18:47:00,Delivered,Zomato Delivery,11.0,"1 x Bageecha Pizza, 1 x Margherita Pizza, 1 x Cheesy Garlic Bread, 1 x Chilli Cheese Garlic Bread",Flat 15% off,1605.0,68.21,240.75,0.0,0.0,0.0,1432.46,,,,17.38,16.9,Incorrectly,,0e7a87512b8efccc58ac8b0e61924b6551731f68f19e52cf579e15bb4b17b8be
20659868,Aura Pizzas,Sector 4,Delhi NCR,6282773545,2024-10-23 18:39:00,Delivered,Zomato Delivery,3.0,"1 x Indian Masala Cripser Fries, 1 x Bageecha Pizza",50% off upto Rs.100,798.0,34.9,100.0,0.0,0.0,0.0,732.9,,,,12.47,10.8,Incorrectly,,222e27c8e3f633f8a9800e1595f319f1feccb0a06a2e50ab91f32edb96e8e91f
20882652,Aura Pizzas,DLF Phase 1,Delhi NCR,6315500252,2024-10-31 22:00:00,Delivered,Zomato Delivery,3.0,"2 x Fried Chicken Strips, 1 x Chilli Cheese Garlic Bread, 1 x Bageecha Pizza",Flat Rs.200 off,1574.0,69.7,180.0,0.0,0.0,0.0,1463.7,,,,18.38,11.6,Incorrectly,,7b39ff2cb617a283c3dd1ff0d21bf865536dab20dd08fc87a09c48c537b66721
20882652,Aura Pizzas,DLF Phase 1,Delhi NCR,6311217092,2024-10-31 00:57:00,Delivered,Zomato Delivery,12.0,"1 x All About Chicken Pizza, 2 x Margherita Pizza, 3 x Grilled Tangdis, 1 x Bageecha Pizza, 1 x Mushroom Pizza, 2 x Peri Peri Grilled Chicken Pizza",,6220.0,311.0,0.0,0.0,0.0,0.0,6531.0,,,,27.22,11.5,Incorrectly,,b449a4f943655e514b18348cbc55f276214865597b388bab7037adc913cf0576
20882652,Aura Pizzas,DLF Phase 1,Delhi NCR,6309492182,2024-10-30 12:03:00,Delivered,Zomato Delivery,7.0,"4 x Chilli Cheese Garlic Bread, 6 x Bageecha Pizza, 6 x Makhani Paneer Pizza, 4 x Cheesy Garlic Bread",Buy 1 Get 1 - ₹4710.00,4710.0,235.5,0.0,0.0,0.0,0.0,4945.5,,,,55.52,11.5,Incorrectly,,fda034a4d92acf6c8c1422473518c6bcd380c5918ea055de105f6e50b98e9c40
20882652,Aura Pizzas,DLF Phase 1,Delhi NCR,6313545470,2024-10-30 01:27:00,Delivered,Zomato Delivery,0.5,1 x Murgh Amritsari Seekh Pizza,,629.0,31.45,0.0,0.0,0.0,0.0,660.45,,,,14.68,13.4,Incorrectly,,6d5115991155ed25134e52404ab778b1f4ca179fac4ce212a37a432590bd9fea
20882652,Aura Pizzas,DLF Phase 1,Delhi NCR,6312718428,2024-10-29 19:39:00,Delivered,Zomato Delivery,4.0,"2 x Makhani Paneer Pizza, 2 x Margherita Pizza",Buy 1 Get 1 - ₹1208.00,1208.0,60.4,0.0,0.0,0.0,0.0,1268.4,,,,22.12,10.5,Incorrectly,,534e67ab9cf5303100566a6d8a1e79f539d063f209d9d88bfb4305459d30db7a
20882652,Aura Pizzas,DLF Phase 1,Delhi NCR,6305580440,2024-10-29 16:38:00,Delivered,Zomato Delivery,11.0,"2 x Chilli Cheese Garlic Bread, 1 x Margherita Pizza, 1 x All About Chicken Pizza",Buy 1 Get 1 - ₹718.00,918.0,45.9,0.0,0.0,0.0,0.0,963.9,,,,18.55,12.8,Incorrectly,,6e30f5a85eae9be5050ca00a8faf3e558333a031f6c6f45b476f900ff3f44dfc
20882652,Aura Pizzas,DLF Phase 1,Delhi NCR,6291477564,2024-10-29 15:18:00,Delivered,Zomato Delivery,7.0,"1 x Bellpepper Onion Pizza, 1 x Tripple Cheese Pizza",Buy 1 Get 1 - ₹749.00,789.0,39.45,0.0,0.0,0.0,0.0,828.45,,,,18.92,17.0,Incorrectly,,450b29f9f8876e62d50e6aca13f0a0c1571297e6e4950448ceeedc6b46dada00
20882652,Aura Pizzas,DLF Phase 1,Delhi NCR,6303986853,2024-10-27 13:26:00,Delivered,Zomato Delivery,5.0,"1 x Chilli Cheese Garlic Bread, 1 x Bageecha Pizza",50% off upto Rs.100,858.0,37.9,100.0,0.0,0.0,0.0,795.9,,,,14.38,13.9,Incorrectly,,397627a5cb924c3dbfbd5370fb900ebefc262fac1661d2c85b848b5917d6eae6
20882652,Aura Pizzas,DLF Phase 1,Delhi NCR,6304795745,2024-10-26 22:07:00,Delivered,Zomato Delivery,2.0,"1 x Bacon Pepperoni Melt, 1 x Chilli Cheese Garlic Bread, 1 x Makhani Paneer Pizza",Flat Rs.200 off,1437.0,61.85,200.0,0.0,0.0,0.0,1298.85,,,,0.08,10.2,Incorrectly,,707a8d3aeaef9e0552204fa578b2a2cb51300c2e0287cefefdcddf09b3da91b1
20882652,Aura Pizzas,DLF Phase 1,Delhi NCR,6290509586,2024-10-26 12:52:00,Delivered,Zomato Delivery,4.0,"1 x Bellpepper Onion Pizza, 3 x Peri Peri Grilled Chicken Pizza, 1 x Makhani Paneer Pizza, 3 x Mushroom Pizza, 2 x Murgh Amritsari Seekh Pizza",,8023.0,401.15,0.0,0.0,0.0,0.0,8424.15,,,,40.15,11.3,Incorrectly,,d429bb04060384f2f6480bd264ead2929e9b939d9f0362b7a7c05a528ab72e03
20882652,Aura Pizzas,DLF Phase 1,Delhi NCR,6300410441,2024-10-25 19:18:00,Delivered,Zomato Delivery,6.0,"3 x Peanut Butter Chocolate Pide, 2 x Masala Paneer Pide, 2 x Mushroom Pizza, 2 x Mushroom Mozzarella Melt",Flat 25% off,4031.0,151.16,1007.75,0.0,0.0,0.0,3174.41,,,,25.12,21.4,Incorrectly,,5cdc946385e2fd4cd98f2c8a5527162bf61b6b6de4876a4dba4338774e0f914b
20882652,Aura Pizzas,DLF Phase 1,Delhi NCR,6298291000,2024-10-25 15:34:00,Delivered,Zomato Delivery,3.0,1 x All About Chicken Pizza,50% off upto Rs.100,659.0,27.95,100.0,0.0,0.0,0.0,586.95,,,,23.17,20.0,Incorrectly,,8f4d6b06c34206d5cb5338d8f84632949099564fd4e7ea0c66989c436d382155
20882652,Aura Pizzas,DLF Phase 1,Delhi NCR,6292408775,2024-10-25 13:57:00,Delivered,Zomato Delivery,10.0,"2 x Murgh Amritsari Seekh Pizza, 2 x Peri Peri Paneer Pizza, 2 x Bellpepper Onion Pizza, 2 x Just Pepperoni Pizza",Flat 25% off,6452.0,241.95,1613.0,0.0,0.0,0.0,5080.95,,,,45.38,25.3,Incorrectly,,5a3eeb20b0d64a593749f13ae0ea5f1829d204254e26b3be896e632ea67875cb
20882652,Aura Pizzas,DLF Phase 1,Delhi NCR,6287756185,2024-10-21 19:18:00,Delivered,Zomato Delivery,6.0,1 x Bageecha Pizza,50% off upto Rs.100,799.0,34.95,100.0,0.0,0.0,0.0,733.95,,,,16.38,18.0,Incorrectly,,9be4632abd6ba33710cd6d303940c797e10123e13dc0ce2bc7f0a41fbe2de021
20882713,Swaad,DLF Phase 1,Delhi NCR,6316130600,2024-10-31 11:17:00,Delivered,Zomato Delivery,3.0,"1 x Fried Chicken Classic Tender ., 1 x Salted Fries, 1 x Smoky BBQ Sauce",,554.0,27.7,0.0,0.0,0.0,0.0,581.7,,,,31.89,17.9,Incorrectly,,6eb0219ecd74bc8f8207adefdb47756d3793a6cd019a99ba6555ba73e4535896
20882713,Swaad,DLF Phase 1,Delhi NCR,6295625610,2024-10-26 19:38:00,Delivered,Zomato Delivery,7.0,2 x Fried Chicken Angara Tender,Flat Rs.175 off,920.0,37.25,175.0,0.0,0.0,0.0,782.25,,,,21.85,10.5,Incorrectly,,09c6a253c33e416c6fe39592fdb12e5f4478346d07d54f046ec001d79debe0ea
20882713,Swaad,DLF Phase 1,Delhi NCR,6259037160,2024-10-25 17:59:00,Delivered,Zomato Delivery,3.0,"1 x Bone in Jamaican Grilled Chicken, 1 x Bone in Peri Peri Grilled Chicken",Buy 1 Get 1 - ₹310.00,310.0,15.5,0.0,0.0,0.0,0.0,325.5,5.0,,,23.3,15.3,Incorrectly,,3592c506c824069fa59a053d1275e970d4dccbf29f855add96f8c3f6caffdce8
20882713,Swaad,DLF Phase 1,Delhi NCR,6292701628,2024-10-25 11:58:00,Delivered,Zomato Delivery,3.0,"1 x Bone in Kabuli Grilled Chicken, 1 x Angara Grilled Paneer (8 pcs), 1 x Bone in Jamaican Grilled Chicken, 2 x Kabuli Grilled Paneer (8 pcs)",Buy 1 Get 1 - ₹990.00,1285.0,64.25,0.0,0.0,0.0,0.0,1349.25,,,,35.68,15.6,Incorrectly,,854cb78e9e8e3d3998c0f5410940adae9dfebb22bc08b13f015605185192d0c4
20882713,Swaad,DLF Phase 1,Delhi NCR,6275102212,2024-10-21 19:51:00,Delivered,Zomato Delivery,3.0,1 x Bone in Jamaican Grilled Chicken,50% off upto Rs.100,310.0,10.5,100.0,0.0,0.0,0.0,220.5,5.0,,,19.29,13.7,Incorrectly,,f8c8fe2bf9b48416aa98f5ecd29dedd52e7c7dd7058bd879d199c0fee5a8fa9f
21077127,Aura Pizzas,Sector 135,Delhi NCR,6311584250,2024-10-29 21:24:00,Delivered,Zomato Delivery,6.0,"1 x All About Chicken Pizza, 1 x Cheesy Garlic Bread, 1 x Bageecha Pizza, 1 x OG Cheese Pide, 2 x Onion Rings",Buy 1 Get 1 - ₹1067.00,1237.0,61.85,0.0,0.0,0.0,0.0,1298.85,,,,17.15,11.1,Incorrectly,,dce6588c2b33808bff7c7a9b72bbb0b2c038c40bf2de9b70bafc1bc2dfe6990a
21077127,Aura Pizzas,Sector 135,Delhi NCR,6287581082,2024-10-22 21:07:00,Delivered,Zomato Delivery,1.0,1 x All About Chicken Pizza,Flat Rs.200 off,908.0,35.4,200.0,0.0,0.0,0.0,743.4,,,,19.98,18.8,Incorrectly,,1d7c595b5fd89a5d173f62fd0b8619e1b66076ea75faee4f6462843db189d870
21173951,Aura Pizzas,Vasant Kunj,Delhi NCR,6311195093,2024-10-31 21:07:00,Delivered,Zomato Delivery,3.0,"1 x Bageecha Pizza, 1 x Margherita Pizza, 1 x Cheesy Garlic Bread",Flat Rs.200 off,1435.0,62.75,180.0,0.0,0.0,0.0,1317.75,,,,24.97,20.9,Incorrectly,,2616d24e7d516e59b27dabf6efb80bcd27ed78b21fe43e42b95f12fe115116b5
21173951,Aura Pizzas,Vasant Kunj,Delhi NCR,6310284440,2024-10-31 21:07:00,Delivered,Zomato Delivery,1.0,"1 x Bageecha Pizza, 1 x Fried Chicken Strips, 1 x Salted Crisper Fries, 1 x Herbed Potato, 1 x All About Chicken Pizza",Flat Rs.200 off,2234.0,102.7,180.0,0.0,0.0,0.0,2156.7,,,,27.48,12.8,Incorrectly,,e8e5860d2fb3f512580b8452a72f8b6b8d5ea01b88b03de449159c3df7cafc8d
21309083,Swaad,Sector 135,Delhi NCR,6285685624,2024-10-21 17:39:00,Delivered,Zomato Delivery,1.0,1 x Animal Fries,,355.0,17.75,0.0,0.0,0.0,0.0,372.75,,,,21.28,12.4,Incorrectly,,b5e600b55d19ea7658042dea2d60d426f36b8869cf6ddb3de4a32a9f61bd8061
20320607,Swaad,Sector 4,Delhi NCR,6333467068,2024-11-09 12:17:00,Delivered,Zomato Delivery,5.0,1 x Animal Fries,50% off upto Rs.100,355.0,12.75,100.0,0.0,0.0,0.0,267.75,,,,12.98,14.1,Incorrectly,Poor taste or quality,a0a61eb57ce4fc485fcdff9cc57a9a3eba68988591e3b8f728d72654e5242933
20320607,Swaad,Sector 4,Delhi NCR,6324574667,2024-11-03 11:33:00,Delivered,Zomato Delivery,6.0,10 x Bone in Angara Grilled Chicken,Buy 7 Get 3 - ₹930.00,2170.0,108.5,0.0,0.0,0.0,0.0,2278.5,,,,28.27,18.8,Incorrectly,,99c087393d536e7f910dac6a160eb6ba0efd227412a8a075fb17013fdf289e78
20554001,Swaad,Greater Kailash 2 (GK2),Delhi NCR,6338914629,2024-11-08 21:27:00,Delivered,Zomato Delivery,6.0,1 x Bone in Smoky Bbq Grilled Chicken .,Flat Rs.100 off,310.0,10.5,100.0,0.0,0.0,0.0,220.5,,,,29.02,27.2,Incorrectly,Non-refunded complaint,c71e46d48949e31d8d2c65282b69001d99e9ce94fc9aaa63303ed513ba36ed73
20554001,Swaad,Greater Kailash 2 (GK2),Delhi NCR,6336199110,2024-11-07 21:15:00,Delivered,Zomato Delivery,3.0,1 x Bone in Jamaican Grilled Chicken,Flat Rs.150 off,1045.0,48.3,79.0,0.0,0.0,0.0,1014.3,,,,21.87,14.2,Incorrectly,,2c3c322e32a27d8ab2f03925ac920ef392f1210ddbaf9c4f6d146d3a30167645
20554001,Swaad,Greater Kailash 2 (GK2),Delhi NCR,6318557196,2024-11-04 00:31:00,Delivered,Zomato Delivery,3.0,1 x Bone in Jamaican Grilled Chicken,Flat Rs.175 off,480.0,20.1,78.0,0.0,0.0,0.0,422.1,,,,20.72,21.7,Incorrectly,,4e1bb73e32109333fb9102d99031956525a4729bcd9e1dc56aa9d0653750a9d0
20635699,Aura Pizzas,Greater Kailash 2 (GK2),Delhi NCR,6335770615,2024-11-10 21:41:00,Delivered,Zomato Delivery,6.0,"1 x Mushroom Pizza, 1 x Salted Crisper Fries, 1 x Herbed Potato, 1 x Bageecha Pizza",Flat Rs.200 off,1595.0,69.75,200.0,0.0,0.0,0.0,1464.75,,,,23.02,14.5,Incorrectly,,b5908b2bb81549b3b802f0136b75c0dc5779d6b16cc5f245ecf59f4dc12b6860
20635699,Aura Pizzas,Greater Kailash 2 (GK2),Delhi NCR,6338205635,2024-11-09 21:44:00,Delivered,Zomato Delivery,6.0,"1 x Bageecha Pizza, 1 x Chilli Cheese Garlic Bread, 1 x All About Chicken Pizza",Flat Rs.200 off,1517.0,65.85,200.0,0.0,0.0,0.0,1382.85,,,,36.25,16.6,Incorrectly,,c8146174cdd72ba03f6cd4deae8f810c4d5cef89021127242d07335ccbf61302
20635699,Aura Pizzas,Greater Kailash 2 (GK2),Delhi NCR,6339388376,2024-11-08 18:11:00,Delivered,Zomato Delivery,1.0,"1 x Peri Peri Chicken Melt, 1 x Jamaican Chicken Melt",Buy 1 Get 1 - ₹479.00,489.0,24.45,0.0,0.0,0.0,0.0,513.45,,,,17.4,11.9,Incorrectly,,a56206def753f27e52b41669c4f6e6b447b000ee19da0d2859597c295013bcdb
20635699,Aura Pizzas,Greater Kailash 2 (GK2),Delhi NCR,6327193270,2024-11-06 01:35:00,Delivered,Zomato Delivery,6.0,1 x Jamaican Chicken Melt,50% off upto Rs.100,538.0,21.9,100.0,0.0,0.0,0.0,459.9,,,,17.6,20.7,Incorrectly,,d9281aa7953075fc8d1298825657eb7aa7335683aa0eb608cb830e84c73dca6b
20635699,Aura Pizzas,Greater Kailash 2 (GK2),Delhi NCR,6321677736,2024-11-01 22:15:00,Delivered,Zomato Delivery,5.0,"1 x Chilli Cheese Garlic Bread, 1 x Indian Masala Cripser Fries",50% off upto Rs.100,458.0,17.9,100.0,0.0,0.0,0.0,375.9,5.0,,,13.25,10.1,Incorrectly,,42877be3bf2a84bc602dfc9cfa88df28722067ced4acad959c6b5641108c64ef
20659868,Aura Pizzas,Sector 4,Delhi NCR,6344221437,2024-11-10 22:09:00,Delivered,Zomato Delivery,1.0,"1 x Jamaican Chicken Melt, 1 x Murgh Amritsari Garlic Bread",50% off upto Rs.100,768.0,33.4,100.0,0.0,0.0,0.0,701.4,,,,27.98,18.6,Incorrectly,,6860feeb4c1386a5b25926aa8d132869dca0326812c2e1b95ab8080db5b2e731
20659868,Aura Pizzas,Sector 4,Delhi NCR,6332378851,2024-11-08 19:24:00,Delivered,Zomato Delivery,8.0,2 x Margherita Pizza,Buy 1 Get 1 - ₹649.00,649.0,32.45,0.0,0.0,0.0,0.0,681.45,,,,23.07,17.7,Incorrectly,,fd599194b8815a42dc6a97862d19bbe0446ad4000a29d28daab16060b1160f38
20659868,Aura Pizzas,Sector 4,Delhi NCR,6337149590,2024-11-08 19:00:00,Delivered,Zomato Delivery,2.0,"1 x Bageecha Pizza, 1 x Makhani Paneer Pizza",Buy 1 Get 1 - ₹579.00,599.0,29.95,0.0,0.0,0.0,0.0,628.95,,,,17.2,10.8,Incorrectly,,abcf249db86b36f1d3a4f1d40af6d1343e91ff90413a55843342c599f52dadcd
20659868,Aura Pizzas,Sector 4,Delhi NCR,6335531060,2024-11-08 18:39:00,Delivered,Zomato Delivery,12.0,"1 x Jamaican Chicken Melt, 1 x Bageecha Pizza",Buy 1 Get 1 - ₹479.00,599.0,29.95,0.0,0.0,0.0,0.0,628.95,,,,12.85,65.1,Incorrectly,,193ec03fac2ec4ef40c82300789cc07f872900dda6a7c077fea6dc0fa0f1e409
20659868,Aura Pizzas,Sector 4,Delhi NCR,6339052273,2024-11-08 17:10:00,Delivered,Zomato Delivery,4.0,"1 x Mushroom Mozzarella Melt, 1 x Murgh Amritsari Seekh Pide",Buy 1 Get 1 - ₹349.00,449.0,22.45,0.0,0.0,0.0,0.0,471.45,,,,17.85,30.9,Incorrectly,,7892d8c32dc29becd97b5fc6293c2a565d065d20d7066c392b621f890222128d
20659868,Aura Pizzas,Sector 4,Delhi NCR,6339498742,2024-11-08 17:07:00,Delivered,Zomato Delivery,2.0,"1 x Masala Paneer Pide, 1 x Chilli Cheese Garlic Bread",Buy 1 Get 1 - ₹318.00,319.0,15.95,0.0,0.0,0.0,0.0,334.95,,,,14.4,10.4,Incorrectly,,2e5997ee6595e5fea223acb2b7054664742d61393773e5d891b24540780500c7
20659868,Aura Pizzas,Sector 4,Delhi NCR,6322916410,2024-11-02 14:17:00,Delivered,Zomato Delivery,2.0,"1 x Chilli Cheese Garlic Bread, 1 x Bageecha Pizza, 1 x Makhani Paneer Pizza",Flat Rs.200 off,1437.0,62.85,180.0,0.0,0.0,0.0,1319.85,,,,16.55,13.5,Incorrectly,,c554b11cef83b1309736f5eca8dceb46f46a371516fb79ace35ca279c7f476a4
20659868,Aura Pizzas,Sector 4,Delhi NCR,6307877497,2024-11-01 19:17:00,Delivered,Zomato Delivery,3.0,"1 x Masala Paneer Pide, 1 x Chilli Cheese Garlic Bread, 1 x Herbed Potato, 1 x Bageecha Pizza",Flat Rs.200 off,1325.0,57.25,180.0,0.0,0.0,0.0,1202.25,,,,26.37,22.7,Incorrectly,,0d0ee02f35fc5e2cac1337b986920b42c0a6f7f1fa1575953e54aedbcd47714c
20659868,Aura Pizzas,Sector 4,Delhi NCR,6320745209,2024-11-01 19:15:00,Delivered,Zomato Delivery,4.0,"1 x Chilli Cheese Garlic Bread, 1 x Bageecha Pizza",50% off upto Rs.100,858.0,37.9,100.0,0.0,0.0,0.0,795.9,,,,21.22,13.7,Incorrectly,,9c4881698242f22e93b533bcc0c0db55fc6572b0039351e08b0b63d52fabbf78
20659868,Aura Pizzas,Sector 4,Delhi NCR,6313126975,2024-11-01 17:57:00,Delivered,Zomato Delivery,2.0,"1 x Bageecha Pizza, 1 x All About Chicken Pizza",Flat Rs.200 off,1258.0,53.9,180.0,0.0,0.0,0.0,1131.9,,,,21.4,18.2,Incorrectly,,1e88db6993045bc522ee15fc908141c873f65211781e29cc8140d4363b6d3e16
20659868,Aura Pizzas,Sector 4,Delhi NCR,6296459638,2024-11-01 02:59:00,Delivered,Zomato Delivery,19.0,1 x Peri Peri Chicken Melt,Flat Rs.100 off,489.0,19.45,100.0,0.0,0.0,0.0,408.45,,,,13.35,12.3,Incorrectly,,c7314c0a9fcd6370429ae995e7a132ca89308af8af42333ec89295f118c7a983
20882652,Aura Pizzas,DLF Phase 1,Delhi NCR,6346314486,2024-11-10 19:39:00,Delivered,Zomato Delivery,4.0,"1 x All About Chicken Pizza, 1 x Jamaican Chicken Melt",Flat Rs.100 off,1138.0,51.9,100.0,0.0,0.0,0.0,1089.9,,,,21.2,14.3,Incorrectly,,6ec89e4e5d88cc9b0919d8c949f9ea786b34aff59ee4008096fd61a3d5d1a549
20882652,Aura Pizzas,DLF Phase 1,Delhi NCR,6343009601,2024-11-09 19:23:00,Delivered,Zomato Delivery,4.0,"1 x Makhani Paneer Pizza, 1 x Angara Paneer Melt",,1028.0,51.4,0.0,0.0,0.0,0.0,1079.4,,,,20.73,14.3,Incorrectly,,fd16b474b3a22789c1d866a980cea241f1a1b8d4727b1f42b184e5bf6402abfa
20882652,Aura Pizzas,DLF Phase 1,Delhi NCR,6338886146,2024-11-08 21:19:00,Delivered,Zomato Delivery,5.0,"1 x Murgh Amritsari Seekh Pizza, 1 x OG Cheese Pide",Buy 1 Get 1 - ₹349.00,629.0,31.45,0.0,0.0,0.0,0.0,660.45,,,,20.03,10.6,Incorrectly,,cd4598492c1bda323ba53ef2e0dfd4c76e7e8271c752faee453976a63828a472
20882652,Aura Pizzas,DLF Phase 1,Delhi NCR,6338645912,2024-11-08 00:29:00,Delivered,Zomato Delivery,6.0,2 x Cheesy Garlic Bread,Flat Rs.100 off,478.0,18.9,100.0,0.0,0.0,0.0,396.9,,,,14.65,10.1,Incorrectly,,89cc3a639a25b8e770d30e97e6446e06b6f3690460c97b91a9768ac473cd42ea
20882652,Aura Pizzas,DLF Phase 1,Delhi NCR,6330346926,2024-11-05 01:19:00,Delivered,Zomato Delivery,16.0,"1 x Salted Crisper Fries, 1 x Tipsy Tiger Fresh Lime Soda, 1 x All About Chicken Pizza",50% off upto Rs.100,957.05,42.85,100.0,0.0,0.0,0.0,899.9,,,,20.05,11.8,Incorrectly,,1fa029d6116b6dd594ab1fa41f7fc57a9366dff1000c6d6d6699346d89e1fab7
20882652,Aura Pizzas,DLF Phase 1,Delhi NCR,6314223537,2024-11-03 18:15:00,Delivered,Zomato Delivery,1.0,"1 x Just Pepperoni Pizza, 1 x Tripple Cheese Pizza, 1 x Murgh Amritsari Seekh Melt",Flat Rs.200 off,2087.0,95.35,180.0,0.0,0.0,0.0,2002.35,,,,16.12,16.8,Incorrectly,,a107412cdfc2b31c49c7b63145b6195c7b40a4014c7e80246d484d7419646821
20882652,Aura Pizzas,DLF Phase 1,Delhi NCR,6306474053,2024-11-02 00:59:00,Delivered,Zomato Delivery,17.0,1 x Cheesy Garlic Bread,50% off upto Rs.100,298.0,9.9,100.0,0.0,0.0,0.0,207.9,,,,10.6,10.3,Incorrectly,,b738bb8b44578dcdfad473ac3af1a4077579b2969da6afb63e1872301b437651
20882713,Swaad,DLF Phase 1,Delhi NCR,6337020399,2024-11-10 18:21:00,Delivered,Zomato Delivery,6.0,"1 x Bone in Jamaican Grilled Chicken, 1 x Bone in Kabuli Grilled Chicken",Buy 1 Get 1 - ₹310.00,310.0,15.5,0.0,0.0,0.0,0.0,325.5,,,,19.03,10.6,Incorrectly,,07d651cb9dd81ef481de0cd8bc90cd26f8e704cb1d023dc4b56050a70d8d2fc0
20882713,Swaad,DLF Phase 1,Delhi NCR,6334296572,2024-11-08 17:56:00,Delivered,Zomato Delivery,6.0,1 x Bone in Angara Grilled Chicken,Flat Rs.100 off,695.0,29.75,100.0,0.0,0.0,0.0,624.75,,,,22.6,10.4,Incorrectly,,61f537f0902ab1b029dc35c488e6c6a08e119d1f6911e2b1b403c5698102b2aa
20882713,Swaad,DLF Phase 1,Delhi NCR,6339541937,2024-11-08 16:23:00,Delivered,Zomato Delivery,10.0,"1 x Cafreal dip, 1 x Animal Fries, 1 x Fried Chicken Ghostbuster Tender, 1 x Angara Sauce, 1 x Bone in Peri Peri Grilled Chicken, 1 x Bone in Angara Grilled Chicken",,1420.0,71.0,0.0,0.0,0.0,0.0,1491.0,,,,26.58,10.8,Incorrectly,,eddbc21cd3842fcaa166c56e69182d74feb1fce4789bfe28226e19283b0bb3f6
20882713,Swaad,DLF Phase 1,Delhi NCR,6330786002,2024-11-07 14:44:00,Delivered,Zomato Delivery,1.0,1 x Bone in Peri Peri Grilled Chicken,50% off upto Rs.100,755.0,32.75,100.0,0.0,0.0,0.0,687.75,,,,20.53,11.7,Incorrectly,,227343260d630dd603a83ba95da1f9e1133be9aaf1662757ed4496b183257f60
20882713,Swaad,DLF Phase 1,Delhi NCR,6323766672,2024-11-02 21:10:00,Delivered,Zomato Delivery,5.0,1 x Bone in Peri Peri Grilled Chicken,40% off upto Rs.80,420.0,17.0,80.0,0.0,0.0,0.0,357.0,,,,19.26,12.8,Incorrectly,,c0824c66c36e658ee4fcacc705d965456b79a0cbf2dda28f28bfc52eff02e730
20968206,Dilli Burger Adda,Greater Kailash 2 (GK2),Delhi NCR,6340623076,2024-11-09 00:36:00,Delivered,Zomato Delivery,1.0,1 x Fried Mushroom Burger,Flat Rs.125 off,425.0,13.5,125.0,0.0,0.0,30.0,283.5,1.0,,,17.07,12.3,Incorrectly,,e47956877f44d36fbe017ec396510e588409e0d5ef030ef2911e5d8b25910dbe
21077127,Aura Pizzas,Sector 135,Delhi NCR,6342359765,2024-11-09 17:39:00,Delivered,Zomato Delivery,1.0,1 x Makhani Paneer Pizza,Flat Rs.100 off,579.0,23.95,100.0,0.0,0.0,0.0,502.95,,,,12.03,10.2,Incorrectly,,c1c59eea9e9dd49672012d8d91a303d8c80efa2f1b83265b2054988e9343aeb7
21077127,Aura Pizzas,Sector 135,Delhi NCR,6340172902,2024-11-08 19:20:00,Delivered,Zomato Delivery,4.0,"1 x Peri Peri Grilled Chicken Pizza, 1 x Peri Peri Crisper Fries, 1 x Just Pepperoni Pizza, 1 x Masala Potato Pide",Buy 1 Get 1 - ₹818.00,948.0,47.4,0.0,0.0,0.0,0.0,995.4,,,,18.4,14.3,Incorrectly,,b7a3b3d022650aefcbdeaa423f0a559226b379c15c72f98e4c78d082037e2800
21173951,Aura Pizzas,Vasant Kunj,Delhi NCR,6333024424,2024-11-10 21:20:00,Delivered,Zomato Delivery,1.0,1 x Jamaican Chicken Melt,,479.0,23.95,0.0,0.0,0.0,0.0,502.95,,,,21.8,14.1,Incorrectly,,95961fd582fe6a3a95bcc8e8af1fbf2f7a616d5ad3b2ab3841c82be1e51b3867
21173951,Aura Pizzas,Vasant Kunj,Delhi NCR,6327908406,2024-11-03 20:53:00,Delivered,Zomato Delivery,1.0,"1 x Indian Masala Cripser Fries, 1 x Fried Chicken Strips, 1 x Chilli Cheese Garlic Bread, 1 x Murgh Amritsari Garlic Bread",Flat Rs.150 off,996.0,43.05,135.0,0.0,0.0,0.0,904.05,,,,16.7,12.6,Incorrectly,,e8e5860d2fb3f512580b8452a72f8b6b8d5ea01b88b03de449159c3df7cafc8d
21350931,Tandoori Junction,DLF Phase 1,Delhi NCR,6329004199,2024-11-05 22:51:00,Delivered,Zomato Delivery,2.0,1 x Smoky BBQ Boneless Grilled Chicken Breast,,669.0,40.14,0.0,0.0,0.0,0.0,709.14,5.0,,,23.35,21.5,Incorrectly,,d66e9b9e322afa74ff7d3af827ffa21d7de03aca2653592091d9e7d75f60672c
20320607,Swaad,Sector 4,Delhi NCR,6371381777,2024-11-19 22:47:00,Delivered,Zomato Delivery,8.0,"1 x Animal Fries, 1 x Grilled Chicken Jamaican Tangdi",Buy 1 Get 1 - ₹405.00,415.0,20.75,0.0,0.0,0.0,0.0,435.75,,,,18.73,11.4,Incorrectly,,dbb40afa42db29a9ae2a8582ff466bd14d4348f2f5b09d0bc2e4e311178da7e2
20320607,Swaad,Sector 4,Delhi NCR,6370717612,2024-11-19 19:53:00,Delivered,Zomato Delivery,8.0,"1 x Bone in Peri Peri Grilled Chicken, 1 x Bone in Jamaican Grilled Chicken",Buy 1 Get 1 - ₹310.00,310.0,15.5,0.0,0.0,0.0,0.0,325.5,4.0,,,19.37,12.5,Incorrectly,,e9c430c7482985eb4923df9f1a57fa9e0b399d23ef4d51ff57bfb4f02115514c
20320607,Swaad,Sector 4,Delhi NCR,6358751777,2024-11-18 19:33:00,Delivered,Zomato Delivery,10.0,1 x Fried Chicken Peri Peri Tender,,460.0,23.0,0.0,0.0,0.0,0.0,483.0,,,,14.17,11.7,Incorrectly,,025163c654622e12a297fe358eacabdc851dd9ef3eedb1b1bad1d8a834a369c9
20320607,Swaad,Sector 4,Delhi NCR,6352472616,2024-11-15 12:48:00,Delivered,Zomato Delivery,6.0,"1 x Bone in Peri Peri Grilled Chicken, 1 x Bone in Jamaican Grilled Chicken",Flat Rs.175 off,840.0,33.25,175.0,0.0,0.0,0.0,698.25,,,,22.82,11.2,Incorrectly,,f79ef4d02e221e90f67c865f3c8a79ed55ff024b49c3e44c9cdd6c78a2a096f5
20554001,Swaad,Greater Kailash 2 (GK2),Delhi NCR,6369066687,2024-11-19 18:46:00,Delivered,Zomato Delivery,5.0,"2 x Bone in Smoky Bbq Grilled Chicken, 2 x Fried Chicken Classic Tender, 2 x Fried Chicken Peri Peri Tender",Buy 1 Get 1 - ₹1505.00,1505.0,75.25,0.0,0.0,0.0,0.0,1580.25,,,,33.18,10.8,Incorrectly,,23becfd4b3bbb062bfc431903315d16d424e7b511d43a5e8fead8c27dedf6fb4
20554001,Swaad,Greater Kailash 2 (GK2),Delhi NCR,6353998030,2024-11-15 18:28:00,Delivered,Zomato Delivery,9.0,"1 x Grilled Chicken Smoky BBQ Tender, 1 x Onion Rings",,724.0,36.2,0.0,0.0,0.0,0.0,760.2,,,,12.18,15.0,Incorrectly,,8f12180e95ca9533f2131852afa1fdd3c64a79d83b3d01f49bc9eb3aacb27889
20554001,Swaad,Greater Kailash 2 (GK2),Delhi NCR,6342969653,2024-11-12 12:42:00,Delivered,Zomato Delivery,5.0,1 x Animal Fries,Flat Rs.150 off,415.0,16.8,79.0,0.0,0.0,0.0,352.8,,,,13.62,14.8,Incorrectly,,fa155b5a5864d4feb8def58e14b2c857deaf7594ddac87d25a4fc9baac52c284
20554001,Swaad,Greater Kailash 2 (GK2),Delhi NCR,6346186451,2024-11-12 01:39:00,Delivered,Zomato Delivery,4.0,"1 x Bone in Kabuli Grilled Chicken, 1 x Bone in Jamaican Grilled Chicken",Flat Rs.150 off,840.0,38.05,79.0,0.0,0.0,0.0,799.05,5.0,,,30.95,19.4,Incorrectly,,b3b0535510ecfb649ba5e376ab39793fdb72e817eed90dab0f9df8e0214d7379
20635699,Aura Pizzas,Greater Kailash 2 (GK2),Delhi NCR,6364656862,2024-11-20 18:53:00,Delivered,Zomato Delivery,1.0,"1 x Cheesy Garlic Bread, 1 x Angara Paneer Melt",,748.0,37.4,0.0,0.0,0.0,0.0,785.4,,,,18.28,16.0,Incorrectly,,d6afe1e0607129294f286ee619fa053f7912fcb31684b11f269dd113ff87ad2b
20635699,Aura Pizzas,Greater Kailash 2 (GK2),Delhi NCR,6358867962,2024-11-15 19:04:00,Delivered,Zomato Delivery,3.0,"1 x Masala Paneer Pide, 1 x Spinach Sumac Pide",Buy 1 Get 1 - ₹319.00,329.0,16.45,0.0,0.0,0.0,0.0,345.45,5.0,,,18.72,18.2,Incorrectly,,9c67211ec31f35027f68d1ff83f5b3d698730081fecb36f633986e3e247d8f56
20635699,Aura Pizzas,Greater Kailash 2 (GK2),Delhi NCR,6352357398,2024-11-15 12:12:00,Delivered,Zomato Delivery,7.0,"1 x All About Chicken Pizza, 1 x Murgh Amritsari Seekh Pizza",Buy 1 Get 1 - ₹629.00,659.0,32.95,0.0,0.0,0.0,0.0,691.95,,,,21.17,15.3,Incorrectly,,5eed14beb531ff5dfe90b1843c2eac4b0211f5466e1b7cde3f0cfe52c60832d3
20659868,Aura Pizzas,Sector 4,Delhi NCR,6359234832,2024-11-20 13:57:00,Delivered,Zomato Delivery,1.0,1 x Margherita Pizza,,508.0,25.4,0.0,0.0,0.0,0.0,533.4,,,,18.57,11.6,Incorrectly,,eb31b6212fc5279a63b65d64df62aabce0e167aae422e743422be5c4795caf7c
20659868,Aura Pizzas,Sector 4,Delhi NCR,6372255123,2024-11-20 12:49:00,Delivered,Zomato Delivery,4.0,1 x Margherita Pizza,50% off upto Rs.100,459.0,17.95,100.0,0.0,0.0,0.0,376.95,,,,14.93,14.5,Incorrectly,,ac4544ed8d04fe309d8b77e142de0da22994f17656e9fa32f1095258da3bcf56
20659868,Aura Pizzas,Sector 4,Delhi NCR,6365594887,2024-11-18 20:27:00,Delivered,Zomato Delivery,3.0,"2 x Peri Peri Crisper Fries, 1 x Just Pepperoni Pide",,797.0,39.85,0.0,0.0,0.0,0.0,836.85,,,,15.57,11.7,Incorrectly,,e5be9235f9105729221e9b42738a8b2f81b97ff4fdd4fd86147402512c393b3d
20659868,Aura Pizzas,Sector 4,Delhi NCR,6361318046,2024-11-18 17:12:00,Delivered,Zomato Delivery,1.0,1 x Peri Peri Paneer Pizza,,579.0,28.95,0.0,0.0,0.0,0.0,607.95,,,,11.53,15.6,Incorrectly,,8e5eca2fbc6e09e8844c9034756cb9065ac97f322ea477c25f683d51e3561990
20659868,Aura Pizzas,Sector 4,Delhi NCR,6367937532,2024-11-18 15:14:00,Delivered,Zomato Delivery,2.0,1 x Murgh Amritsari Seekh Pizza,50% off upto Rs.100,809.0,35.45,100.0,0.0,0.0,0.0,744.45,,,,11.43,10.4,Incorrectly,,b29f8773dd80ed0d047fbab8c06b304041c5e2cf5444a82a84d0900697a99fb8
20659868,Aura Pizzas,Sector 4,Delhi NCR,6364782142,2024-11-17 16:06:00,Delivered,Zomato Delivery,6.0,1 x Margherita Pizza,Flat Rs.125 off,459.0,17.95,100.0,0.0,0.0,0.0,376.95,,,,9.4,11.0,Incorrectly,,caebf3781f65dc8421b474c9be005b07a2d072b500be6d222e8d52d4e913d1d2
20659868,Aura Pizzas,Sector 4,Delhi NCR,6363424938,2024-11-17 14:56:00,Delivered,Zomato Delivery,1.0,"1 x Herbed Potato, 1 x Bageecha Pizza",Flat Rs.200 off,947.0,37.35,200.0,0.0,0.0,0.0,784.35,,,,15.28,12.0,Incorrectly,,779283ef1907ed225ff392441496556dfb6f8036b73624c26a4333b58d412f2a
20659868,Aura Pizzas,Sector 4,Delhi NCR,6359109236,2024-11-16 16:39:00,Delivered,Zomato Delivery,0.5,"1 x Bageecha Pizza, 1 x Spinach Sumac Pide",Flat Rs.200 off,1128.0,46.4,200.0,0.0,0.0,0.0,974.4,,,,17.97,12.2,Incorrectly,,818e27a80369ca0ae577cf579579a9b4b6896ec7b71c6b444bf2c15f4a461f98
20659868,Aura Pizzas,Sector 4,Delhi NCR,6358594596,2024-11-15 19:29:00,Delivered,Zomato Delivery,2.0,"1 x Salted Crisper Fries, 1 x Tripple Cheese Pizza, 1 x Mushroom Mozzarella Melt, 1 x Grilled Tangdis",Buy 1 Get 1 - ₹628.00,1018.0,50.9,0.0,0.0,0.0,0.0,1068.9,,,,18.43,13.7,Incorrectly,,bf7a1b6de4a96597697a2d66e4e49c736e23ccf62d17acf586e6de83f3ca50e3
20659868,Aura Pizzas,Sector 4,Delhi NCR,6359053556,2024-11-15 19:06:00,Delivered,Zomato Delivery,5.0,2 x Masala Paneer Pide,Buy 1 Get 1 - ₹319.00,319.0,15.95,0.0,0.0,0.0,0.0,334.95,5.0,,,12.92,11.2,Incorrectly,,9c4fd03d5a29d42d7b3e09350bf96f91b994361124dc37de90de6533e06fddb3
20659868,Aura Pizzas,Sector 4,Delhi NCR,6351632461,2024-11-14 17:21:00,Delivered,Zomato Delivery,9.0,"1 x Garlic Aioli, 1 x Murgh Amritsari Seekh Pizza, 2 x Grilled Tangdis",,1347.0,67.35,0.0,0.0,0.0,0.0,1414.35,,,,18.02,13.3,Incorrectly,,d5dcdf072e8bc59aef586fb4f5cb923335bade91f626d670e861dd457f0f715e
20659868,Aura Pizzas,Sector 4,Delhi NCR,6351237040,2024-11-12 20:38:00,Delivered,Zomato Delivery,3.0,"1 x Cheesy Garlic Bread, 1 x Mutton Seekh Pizza",,1197.0,59.85,0.0,0.0,0.0,0.0,1256.85,,,,13.85,11.5,Incorrectly,,77b1ca580d5e0879606443591c1b47953b2fa895058e322a23af631843a68cf5
20882652,Aura Pizzas,DLF Phase 1,Delhi NCR,6369897188,2024-11-19 17:13:00,Delivered,Zomato Delivery,5.0,1 x Tripple Cheese Pizza,Flat Rs.100 off,749.0,32.45,100.0,0.0,0.0,0.0,681.45,,,,15.15,12.5,Incorrectly,,2a727b0dbb01e5fdcc3e0d378264604183ec0cbdf2736e8ae769697dc357728f
20882652,Aura Pizzas,DLF Phase 1,Delhi NCR,6353255281,2024-11-17 01:39:00,Delivered,Zomato Delivery,10.0,"1 x Masala Omelette Pide, 1 x Herbed Potato",,467.0,23.35,0.0,0.0,0.0,0.0,490.35,,,,28.37,14.5,Incorrectly,,fc8bddc940ba6a48a948cdae30e80dac2e4a4792fe3051771ba550fb12579477
20882652,Aura Pizzas,DLF Phase 1,Delhi NCR,6362448662,2024-11-16 23:08:00,Delivered,Zomato Delivery,2.0,1 x Desi Pepperoni Pizza,50% off upto Rs.100,899.0,39.95,100.0,0.0,0.0,0.0,838.95,,,,12.73,12.7,Incorrectly,,84fd8e2d50ddf13d19a11fce6c6547c0139c134240888977ca066578db176783
20882652,Aura Pizzas,DLF Phase 1,Delhi NCR,6357058499,2024-11-15 20:47:00,Delivered,Zomato Delivery,4.0,"1 x Pepperoni Garlic Bread, 1 x Jamaican Chicken Melt",Buy 1 Get 1 - ₹279.00,479.0,23.95,0.0,0.0,0.0,0.0,502.95,,,,16.67,17.6,Incorrectly,,179a3e5982041e8aa7c8411da7697684ecbb1a4f82ffd1feee0f87513b83574b
20882652,Aura Pizzas,DLF Phase 1,Delhi NCR,6343302786,2024-11-15 18:02:00,Delivered,Zomato Delivery,8.0,"1 x Bacon Pepperoni Melt, 1 x Peri Peri Grilled Chicken Pizza, 1 x Peri Peri Chicken Melt, 2 x Fried Chicken Strips, 1 x Jamaican Chicken Melt",Buy 1 Get 1 - ₹1346.00,1376.0,68.8,0.0,0.0,0.0,0.0,1444.8,,,,23.17,23.6,Incorrectly,,f629c16b433af10cb73ef2dc377312860b7d7e2bef283bf672945913345e162d
20882652,Aura Pizzas,DLF Phase 1,Delhi NCR,6350072065,2024-11-14 14:49:00,Delivered,Zomato Delivery,3.0,"1 x Tripple Cheese Pizza, 1 x Garlic Aioli",50% off upto Rs.100,809.0,35.45,100.0,0.0,0.0,0.0,744.45,,,,15.32,12.5,Incorrectly,,582a74148cdd4a84272956492b573078cb156285b08e475592823adeb6d098b6
20882652,Aura Pizzas,DLF Phase 1,Delhi NCR,6351583555,2024-11-13 19:11:00,Delivered,Zomato Delivery,2.0,1 x Chilli Cheese Garlic Bread,,259.0,12.95,0.0,0.0,0.0,0.0,271.95,,,,15.6,16.7,Incorrectly,,34d73d6fefe424483d1df0db7a03b940db18f5b77a3c314a2f39784ca277d2f1
20882652,Aura Pizzas,DLF Phase 1,Delhi NCR,6338750303,2024-11-12 01:08:00,Delivered,Zomato Delivery,7.0,"1 x Murgh Amritsari Seekh Pide, 1 x Fried Chicken Strips",50% off upto Rs.100,538.0,21.9,100.0,0.0,0.0,0.0,459.9,,,,19.13,10.5,Incorrectly,,b5cbabe05fd60763be709f210860d35cd71f28a2262dcfb1ab3e072b3edebde9
20882713,Swaad,DLF Phase 1,Delhi NCR,6361383311,2024-11-19 21:11:00,Delivered,Zomato Delivery,4.0,2 x Bone in Smoky Bbq Grilled Chicken,Buy 1 Get 1 - ₹310.00,310.0,15.5,0.0,0.0,0.0,0.0,325.5,,,,27.17,14.6,Incorrectly,,83b30a039e4e92c39260cceeacf5629c2d4b174caf82de8fb62569322ce6f468
20882713,Swaad,DLF Phase 1,Delhi NCR,6364218913,2024-11-19 01:35:00,Delivered,Zomato Delivery,5.0,"1 x Bone in Jamaican Grilled Chicken, 1 x Bone in Smoky Bbq Grilled Chicken",Flat Rs.175 off,1170.0,49.75,175.0,0.0,0.0,0.0,1044.75,,,,28.5,18.1,Incorrectly,,b45e9f790e044c6f2bc8c870382354a4756828108cba71259270dbb915323679
20882713,Swaad,DLF Phase 1,Delhi NCR,6363762381,2024-11-17 13:03:00,Delivered,Zomato Delivery,7.0,1 x Bone in Jamaican Grilled Chicken,50% off upto Rs.100,585.0,24.25,100.0,0.0,0.0,0.0,509.25,,,,26.32,10.5,Incorrectly,,9d96bd0f44e622e564aa987245bf34515e9f358754f602be267e609408d7be6c
20882713,Swaad,DLF Phase 1,Delhi NCR,6363920088,2024-11-17 01:37:00,Delivered,Zomato Delivery,2.0,"1 x Bone in Jamaican Grilled Chicken, 1 x Onion Bombs",40% off upto Rs.80,468.0,19.4,80.0,0.0,0.0,0.0,407.4,,,,36.69,18.2,Incorrectly,,8f0e4690f4ccc57ab400c9931472a471033f4cdab7d0e3990fc3347b42bb32f3
20882713,Swaad,DLF Phase 1,Delhi NCR,6356438581,2024-11-14 19:38:00,Delivered,Zomato Delivery,4.0,"1 x Fried Chicken Classic Tender, 1 x Animal Fries",Flat Rs.175 off,860.0,34.25,175.0,0.0,0.0,0.0,719.25,,,,26.07,10.6,Incorrectly,,abc63e78149fdd017cb8c5d998e64ece7e4cc71b388ae5fab448e8ee3f414ebf
20882713,Swaad,DLF Phase 1,Delhi NCR,6348568995,2024-11-14 11:59:00,Delivered,Zomato Delivery,3.0,"1 x Animal Fries, 1 x Bone in Angara Grilled Chicken",Flat Rs.80 off,665.0,29.25,80.0,0.0,0.0,0.0,614.25,5.0,,,35.05,23.1,Incorrectly,,2aa9c41d3e2da55c9907b9f92dc12935c5dc45a73943b29d7702b0a45ea17721
20968194,Dilli Burger Adda,Sector 4,Delhi NCR,6364042043,2024-11-17 13:03:00,Delivered,Zomato Delivery,7.0,"1 x Dirty Indian Masala Fries, 1 x Grilled Chicken Dirty Burger, 1 x Fried Chicken Tenders, 1 x Fried Chicken Dirty Burger",50% off upto Rs.100,1033.0,37.79,100.0,0.0,93.3,83.97,793.52,5.0,,,21.35,18.1,Incorrectly,,98ed77bf545ec06b589c32d98f979cabc428c3f6e186db731d72a54e7005772a
21077127,Aura Pizzas,Sector 135,Delhi NCR,6362690031,2024-11-17 17:51:00,Delivered,Zomato Delivery,7.0,1 x Peri Peri Paneer Pizza,,769.0,38.45,0.0,0.0,0.0,0.0,807.45,,,,12.9,11.3,Incorrectly,,2da5199d90ccb7a91f8e9ea5263a6a8fdabbe32611ea8bd093f921aaf063fb59
21077127,Aura Pizzas,Sector 135,Delhi NCR,6361816245,2024-11-16 13:44:00,Delivered,Zomato Delivery,1.0,"1 x Bageecha Pizza, 1 x Makhani Paneer Pizza, 1 x Masala Paneer Pide",,1814.0,90.7,0.0,0.0,0.0,0.0,1904.7,,,,17.02,11.5,Incorrectly,,a486382a14118fbc2238abcfb5fbb8303dfcda73161a80912b1f9b42f1aa9d8d
21077127,Aura Pizzas,Sector 135,Delhi NCR,6319990873,2024-11-14 19:23:00,Delivered,Zomato Delivery,1.0,"1 x Peanut Butter Chocolate Pide, 1 x Tipsy Tiger Fresh Lime Soda, 1 x Makhani Paneer Pizza",50% off upto Rs.100,997.05,44.85,100.0,0.0,0.0,0.0,941.9,2.0,,,0.3,13.0,Incorrectly,,2e0ba26909ae86433d4366c4ac422284a1bd31ed275d23a1f7e5c43278e14d31
21309083,Swaad,Shahdara,Delhi NCR,6346912224,2024-11-13 14:16:00,Delivered,Zomato Delivery,9.0,1 x Fried Chicken Peri Peri Tender,,460.0,23.0,0.0,0.0,0.0,0.0,483.0,,,,22.85,11.8,Incorrectly,,cf5f2ba81ff392f13d3289e628704dd0f04e96cd1bba473b829d6c58a6a3c0ae
20320607,Swaad,Sector 4,Delhi NCR,6380374250,2024-11-29 13:55:00,Delivered,Zomato Delivery,2.0,1 x Bone in Jamaican Grilled Chicken,50% off upto Rs.100,310.0,10.5,100.0,0.0,0.0,0.0,220.5,,,,13.98,10.5,Incorrectly,,95d22e25ae0c6ff819b56014c38bf807387fc9b461173b5e2c08e211ef8f144f
20320607,Swaad,Sector 4,Delhi NCR,6389338616,2024-11-26 13:53:00,Delivered,Zomato Delivery,5.0,1 x Bone in Kabuli Grilled Chicken,40% off upto Rs.80,585.0,25.25,80.0,0.0,0.0,0.0,530.25,,,,15.35,10.7,Incorrectly,,bfa602dcec4e769bcfbf2c51a82be57e110e1d61b8cee58ef4e748c76f6fe5be
20320607,Swaad,Sector 4,Delhi NCR,6377627517,2024-11-25 22:58:00,Delivered,Zomato Delivery,10.0,2 x AAC Grilled Chicken Burger,Buy 1 Get 1 - ₹375.00,375.0,18.75,0.0,0.0,0.0,0.0,393.75,,,,22.77,15.7,Incorrectly,,3440a889673d9c6806f247d39830ef125db8cd56c680beecbb6b2427a5f296b0
20320607,Swaad,Sector 4,Delhi NCR,6381198900,2024-11-25 17:10:00,Delivered,Zomato Delivery,3.0,"1 x Fried Chicken Classic Tenders + AAC Signature Fries, 1 x Bone in Kabuli Grilled Chicken, 1 x Bone in Angara Grilled Chicken, 1 x Fried Chicken Peri Peri Tenders + Peri Peri Fries",Buy 1 Get 1 - ₹1050.00,1060.0,53.0,0.0,0.0,0.0,0.0,1113.0,,,,25.45,11.9,Incorrectly,,7ecba12675df48b9b8c245c81a354abc2c6a4a8dd4d28be92f2b955fae0c8150
20320607,Swaad,Sector 4,Delhi NCR,6382415269,2024-11-25 12:30:00,Delivered,Zomato Delivery,5.0,"1 x Bone in Angara Grilled Chicken, 1 x Grilled Chicken Peri Peri Tender",Buy 1 Get 1 - ₹310.00,310.0,15.5,0.0,0.0,0.0,0.0,325.5,,,,13.28,10.3,Incorrectly,,5569aa05ad6a37f517652b3682e6e6c87cacd1c26fb1549ddc57802e58c9478d
20554001,Swaad,Greater Kailash 2 (GK2),Delhi NCR,6376725872,2024-11-23 22:19:00,Delivered,Zomato Delivery,1.0,1 x Bone in Jamaican Grilled Chicken,50% off upto Rs.100,585.0,24.25,100.0,0.0,0.0,0.0,509.25,,,,20.15,11.6,Incorrectly,,6cc225edd7684bcadc3145e188e1cfbb17826708ac060b4308392c4b41c97ce7
20635699,Aura Pizzas,Greater Kailash 2 (GK2),Delhi NCR,6359633062,2024-11-25 17:08:00,Delivered,Zomato Delivery,1.0,1 x Jamaican Chicken Melt,,479.0,23.95,0.0,0.0,0.0,0.0,502.95,,,,20.85,12.2,Incorrectly,,fdf5b50da3346986c7313b540df8ef05c5b24f6ed79dcabb38e1aa3994f7f6e7
20635699,Aura Pizzas,Greater Kailash 2 (GK2),Delhi NCR,6379682809,2024-11-23 18:53:00,Delivered,Zomato Delivery,5.0,"1 x Angara Paneer Melt, 1 x Murgh Amritsari Seekh Melt",Buy 1 Get 1 - ₹449.00,479.0,23.95,0.0,0.0,0.0,0.0,502.95,,,,24.08,10.9,Incorrectly,,c370cd23a05d0279e3c112d9a5fdb410267bfb8b35d35c008a2b68a92b66c0c5
20659868,Aura Pizzas,Sector 4,Delhi NCR,6393951706,2024-11-29 21:36:00,Delivered,Zomato Delivery,6.0,"1 x All About Chicken Pizza, 1 x Spinach Sumac Pide",Flat 15% off,988.0,42.73,133.38,0.0,0.0,0.0,897.35,4.0,,,30.4,15.1,Incorrectly,,bb6e9468511256c86add6ce2fdd2b1745adfc43bb598c885a0078bc9601f2ee9
20659868,Aura Pizzas,Sector 4,Delhi NCR,6388786530,2024-11-28 12:54:00,Delivered,Zomato Delivery,1.0,"1 x Bageecha Pizza, 1 x Makhani Paneer Pizza, 1 x All About Chicken Pizza",Flat 15% off,2407.0,102.3,361.05,0.0,0.0,0.0,2148.25,,,,26.05,18.3,Incorrectly,,6d9334e3fee3ef7217c014bac219a16647eba183c496aade7f0294ad1a1e9aca
20659868,Aura Pizzas,Sector 4,Delhi NCR,6392007190,2024-11-27 20:00:00,Delivered,Zomato Delivery,6.0,"1 x Just Pepperoni Pizza, 1 x Bacon Pepperoni Melt",Buy 1 Get 1 - ₹599.00,649.0,32.45,0.0,0.0,0.0,0.0,681.45,5.0,,,30.75,17.7,Incorrectly,,b9697a41d61144ae46cda232d0cfd27f1e66166430e66c8346c99860d741b3a3
20659868,Aura Pizzas,Sector 4,Delhi NCR,6355742982,2024-11-27 17:11:00,Delivered,Zomato Delivery,3.0,"1 x OG Cheese Pide, 1 x Chilli Cheese Garlic Bread",Buy 1 Get 1 - ₹259.00,349.0,17.45,0.0,0.0,0.0,0.0,366.45,5.0,,,14.93,10.6,Incorrectly,,5ffc12c9b281b17418d4b6a615ab515bab6d3ebfe9989385d67767cc88c33357
20659868,Aura Pizzas,Sector 4,Delhi NCR,6371425821,2024-11-26 19:38:00,Delivered,Zomato Delivery,6.0,"1 x Mushroom Pizza, 1 x Cheesy Garlic Bread, 1 x Just Pepperoni Pizza",Flat Rs.125 off,1497.0,69.85,100.0,0.0,0.0,0.0,1466.85,,,,18.68,14.9,Incorrectly,,93d52eda203c71d5d06005ba90ae6e365996cf746da609896aac87ed3c7c4d27
20659868,Aura Pizzas,Sector 4,Delhi NCR,6386519497,2024-11-26 17:01:00,Delivered,Zomato Delivery,7.0,"1 x Bageecha Pizza, 1 x Margherita Pizza",Flat Rs.125 off,1137.0,47.04,100.0,0.0,0.0,96.2,987.84,,,,17.12,12.4,Incorrectly,,c24bc97f7cf8c2e3588e8e1e3d2af83a4da78e114e72fe2160776883e70ed4b0
20659868,Aura Pizzas,Sector 4,Delhi NCR,6370475065,2024-11-24 16:23:00,Delivered,Zomato Delivery,8.0,"1 x Iced Green Tea - Peach, 1 x Herbed Potato, 1 x Bageecha Pizza, 1 x Jamaican Chicken Melt",50% off upto Rs.100,1321.24,61.06,100.0,0.0,0.0,0.0,1282.3,,,,30.73,17.3,Incorrectly,,5e3498231015d6eba5e48054e2260299498a87f145ee8c0da002b3af73e17661
20659868,Aura Pizzas,Sector 4,Delhi NCR,6381611292,2024-11-24 15:57:00,Delivered,Zomato Delivery,6.0,"1 x Murgh Amritsari Garlic Bread, 1 x All About Chicken Pizza",Flat Rs.200 off,948.0,37.4,200.0,0.0,0.0,0.0,785.4,,,,17.65,21.2,Incorrectly,,17bc4e5a937ea0dad57e36cb09b360629f72ffd29b627fa83cc5ec75246cdee7
20659868,Aura Pizzas,Sector 4,Delhi NCR,6356083176,2024-11-23 15:19:00,Delivered,Zomato Delivery,3.0,2 x Jamaican Chicken Melt,Buy 1 Get 1 - ₹479.00,479.0,23.95,0.0,0.0,0.0,0.0,502.95,,,,16.32,14.9,Incorrectly,,c4fa53c0335e36465872b74de9d8775e10cca70737117b9008c91fd79d61c224
20659868,Aura Pizzas,Sector 4,Delhi NCR,6378763871,2024-11-23 12:40:00,Delivered,Zomato Delivery,2.0,"1 x Jamaican Chicken Melt, 2 x Grilled Tangdis, 1 x Malai Gud Pide, 1 x Onion Rings, 1 x Tripple Cheese Pizza, 1 x Salted Crisper Fries, 1 x Cheesy Garlic Bread",Buy 1 Get 1 - ₹1225.00,1306.0,65.3,0.0,0.0,0.0,0.0,1371.3,,,,24.78,11.6,Incorrectly,,57220ebd0b15a1458f5237fe91112d5a85ee7536f36533d3c8777dccb7611340
20882652,Aura Pizzas,DLF Phase 1,Delhi NCR,6400456341,2024-11-30 21:45:00,Delivered,Zomato Delivery,2.0,1 x Bageecha Pizza,50% off upto Rs.100,599.0,25.45,90.0,0.0,0.0,0.0,534.45,5.0,,,19.05,10.3,Incorrectly,,f79e99f5303fba9e67f817c1b84aab37f9de19d293097ec845881eed81b70611
20882652,Aura Pizzas,DLF Phase 1,Delhi NCR,6394081229,2024-11-28 12:09:00,Delivered,Zomato Delivery,1.0,"1 x All About Chicken Pizza, 1 x OG Cheese Pide",,1008.0,50.4,0.0,0.0,0.0,0.0,1058.4,5.0,,,18.75,16.0,Incorrectly,,11549d0cb8b23814b3d11bc2c48329b40c61c703db65c27ffc7e34f839a9788b
20882652,Aura Pizzas,DLF Phase 1,Delhi NCR,6389054238,2024-11-28 00:05:00,Delivered,Zomato Delivery,14.0,"1 x Chilli Cheese Garlic Bread, 1 x Peri Peri Grilled Chicken Pizza",Flat Rs.100 off,878.0,41.4,50.0,0.0,0.0,0.0,869.4,,,,24.08,11.3,Incorrectly,,588d0b607c8d311a9da0e5b2a365e2184e4f16a4ab5e4abaf9d45001ef14eb83
20882652,Aura Pizzas,DLF Phase 1,Delhi NCR,6390879830,2024-11-27 19:54:00,Delivered,Zomato Delivery,2.0,"1 x Fried Chicken Strips, 1 x Bellpepper Onion Pizza",Buy 1 Get 1 - ₹189.00,579.0,28.95,0.0,0.0,0.0,0.0,607.95,,,,16.13,12.2,Incorrectly,,34d73d6fefe424483d1df0db7a03b940db18f5b77a3c314a2f39784ca277d2f1
20882652,Aura Pizzas,DLF Phase 1,Delhi NCR,6392091157,2024-11-27 15:09:00,Delivered,Zomato Delivery,15.0,"1 x Just Pepperoni Pide, 1 x All About Chicken Pizza",Buy 1 Get 1 - ₹399.00,659.0,32.95,0.0,0.0,0.0,0.0,691.95,,,,15.2,15.2,Incorrectly,,46c01a8d32669ad4cb562b2a3c3c6fbd27eea39fe26c2a5c3a4e9eaaf6891fea
20882652,Aura Pizzas,DLF Phase 1,Delhi NCR,6388233504,2024-11-27 12:34:00,Delivered,Zomato Delivery,5.0,"1 x Chicken Pepperoni Pizza, 1 x All About Chicken Pizza",Buy 1 Get 1 - ₹809.00,859.0,42.95,0.0,0.0,0.0,0.0,901.95,,,,23.07,10.6,Incorrectly,,5663c8bf414b02cad01f3e1ddb94a031db06d2ee6498289f466aa7e2824f5e36
20882652,Aura Pizzas,DLF Phase 1,Delhi NCR,6383914495,2024-11-27 12:16:00,Delivered,Zomato Delivery,2.0,2 x OG Cheese Pide,Buy 1 Get 1 - ₹349.00,349.0,17.45,0.0,0.0,0.0,0.0,366.45,,,,14.45,16.3,Incorrectly,,1314239295efed6485cb113e84d87386afad38ea44f6b7b3a0702f8141035051
20882652,Aura Pizzas,DLF Phase 1,Delhi NCR,6372443810,2024-11-26 12:16:00,Delivered,Zomato Delivery,13.0,"1 x Chilli Cheese Garlic Bread, 1 x Bageecha Pizza",50% off upto Rs.100,1137.0,46.67,100.0,0.0,0.0,103.7,979.97,,,,16.8,22.9,Incorrectly,,5cda581edce28ec3e130ec338b227d2e126ba46b7d56caf4f7b54f669e647c49
20882652,Aura Pizzas,DLF Phase 1,Delhi NCR,6379085067,2024-11-26 00:57:00,Delivered,Zomato Delivery,5.0,1 x Jamaican Chicken Melt,50% off upto Rs.100,538.0,21.9,100.0,0.0,0.0,0.0,459.9,,,,21.23,13.5,Incorrectly,,5fd42024871a77ca56a0e6b5a5260e8e3b248a656a1d96533ae87acd55441b83
20882652,Aura Pizzas,DLF Phase 1,Delhi NCR,6377493527,2024-11-24 17:24:00,Delivered,Zomato Delivery,0.5,"2 x Margherita Pizza, 2 x Makhani Paneer Pizza, 2 x Bageecha Pizza",Flat 25% off,4394.0,164.78,1098.5,0.0,0.0,0.0,3460.28,,,,27.55,27.3,Incorrectly,,17a03c9860dbba704c96c3b57c9e704f3ba49d6a210400fde7ca400609591118
20882652,Aura Pizzas,DLF Phase 1,Delhi NCR,6377354050,2024-11-23 16:22:00,Delivered,Zomato Delivery,1.0,"1 x Masala Paneer Pide, 1 x Margherita Pizza",Buy 1 Get 1 - ₹439.00,459.0,22.95,0.0,0.0,0.0,0.0,481.95,,,,14.97,20.1,Incorrectly,,b2a3685a8a28aa66fb71b194feaaa07805f37324a21deec9ea4afd57e2ee3d0b
20882652,Aura Pizzas,DLF Phase 1,Delhi NCR,6380517409,2024-11-23 12:13:00,Delivered,Zomato Delivery,9.0,"1 x All About Chicken Pizza, 1 x Herbed Potato, 1 x Bacon Pepperoni Melt, 1 x Mutton Seekh Pide",Buy 1 Get 1 - ₹927.00,1097.0,54.85,0.0,0.0,0.0,0.0,1151.85,,,,28.22,23.1,Incorrectly,,c30f8be64d5b8312bf03dc4eda4045382ef6e4ce960dd5f29f2915004672662c
20882652,Aura Pizzas,DLF Phase 1,Delhi NCR,6379460570,2024-11-22 23:41:00,Delivered,Zomato Delivery,1.0,1 x Peri Peri Paneer Pizza,Flat Rs.100 off,579.0,23.95,100.0,0.0,0.0,0.0,502.95,,,,14.13,10.4,Incorrectly,,85ba16020b941a38af34dceb05b11a854d65e23e67a14947994a3c5c319b0b62
20882652,Aura Pizzas,DLF Phase 1,Delhi NCR,6378237863,2024-11-22 21:12:00,Delivered,Zomato Delivery,19.0,"1 x Chilli Cheese Garlic Bread, 1 x Herbed Potato",50% off upto Rs.100,407.0,15.35,100.0,0.0,0.0,0.0,322.35,,,,19.85,13.0,Incorrectly,,59c6985df307d4dea96273d1db61a1c922a87d4dea3c4399a1ab6fb89b0c0e97
20882652,Aura Pizzas,DLF Phase 1,Delhi NCR,6374150269,2024-11-22 18:09:00,Delivered,Zomato Delivery,1.0,"1 x Just Pepperoni Pizza, 1 x Peri Peri Paneer Pizza",50% off upto Rs.100,1628.0,76.4,100.0,0.0,0.0,0.0,1604.4,5.0,,,28.0,33.5,Incorrectly,,85ba16020b941a38af34dceb05b11a854d65e23e67a14947994a3c5c319b0b62
20882652,Aura Pizzas,DLF Phase 1,Delhi NCR,6377057771,2024-11-21 22:11:00,Delivered,Zomato Delivery,6.0,1 x All About Chicken Pizza,50% off upto Rs.100,659.0,27.95,100.0,0.0,0.0,0.0,586.95,,,,22.08,13.2,Incorrectly,,49eb35564c5afc78de52a9db3cf86bc1b9302603cf8e859699a636877bac3228
20882652,Aura Pizzas,DLF Phase 1,Delhi NCR,6366650759,2024-11-21 00:47:00,Delivered,Zomato Delivery,4.0,1 x Bageecha Pizza,Flat Rs.100 off,678.0,28.9,100.0,0.0,0.0,0.0,606.9,,,,12.72,19.6,Incorrectly,,e74b072e8ed0d3a648625c9c0fd7428208fa11b0e1b1033bc009644ce9f014b2
20882713,Swaad,DLF Phase 1,Delhi NCR,6392524259,2024-11-30 14:52:00,Delivered,Zomato Delivery,5.0,1 x Bone in Peri Peri Grilled Chicken,,310.0,15.5,0.0,0.0,0.0,0.0,325.5,,,,14.9,13.7,Incorrectly,,c0824c66c36e658ee4fcacc705d965456b79a0cbf2dda28f28bfc52eff02e730
20882713,Swaad,DLF Phase 1,Delhi NCR,6385381570,2024-11-25 18:21:00,Delivered,Zomato Delivery,2.0,"1 x AAC Grilled Chicken Burger, 1 x Fried Chicken Classic Tenders + AAC Signature Fries",Buy 1 Get 1 - ₹375.00,475.0,23.75,0.0,0.0,0.0,0.0,498.75,,,,21.57,17.9,Incorrectly,,2c263392de7adadb07a6a63bd66fbef5f62ee6bb8b288ba112ea3aabc95bec0e
20882713,Swaad,DLF Phase 1,Delhi NCR,6377467559,2024-11-22 11:39:00,Delivered,Zomato Delivery,2.0,1 x Bone in Smoky Bbq Grilled Chicken,50% off upto Rs.100,310.0,10.5,100.0,0.0,0.0,0.0,220.5,,,,24.08,15.4,Incorrectly,,c56edea2583d93161efb1a55c2f9d10290f7d5c96cbfef76a49b77ed915e747a
21077127,Aura Pizzas,Sector 135,Delhi NCR,6389186730,2024-11-27 23:48:00,Delivered,Zomato Delivery,2.0,2 x Chilli Cheese Garlic Bread,Buy 1 Get 1 - ₹259.00,259.0,12.95,0.0,0.0,0.0,0.0,271.95,,,,12.58,15.0,Incorrectly,,c08a3f5894fef6b8c678c689be71ad953e9803fcacdb50f79c183f639647b218
21077127,Aura Pizzas,Sector 135,Delhi NCR,6380815519,2024-11-23 20:12:00,Delivered,Zomato Delivery,2.0,"1 x All About Chicken Pizza, 1 x Bageecha Pizza, 1 x Herbed Potato",Buy 1 Get 1 - ₹599.00,867.0,43.35,0.0,0.0,0.0,0.0,910.35,5.0,,,17.23,13.1,Incorrectly,,00f319a1a9153e59e2d42992a551dcc6c912dfc32dd508e258be9031ba7ce380
21077127,Aura Pizzas,Sector 135,Delhi NCR,6381408213,2024-11-23 19:44:00,Delivered,Zomato Delivery,1.0,"1 x Makhani Paneer Pizza, 1 x Bageecha Pizza, 2 x Chilli Cheese Garlic Bread",Buy 1 Get 1 - ₹1008.00,1058.0,52.9,0.0,0.0,0.0,0.0,1110.9,,,,15.05,13.6,Incorrectly,,8498ea48c426af5c8e750d1eb710940817a596846b13932cea3b09caa67e5349
21077127,Aura Pizzas,Sector 135,Delhi NCR,6368323356,2024-11-21 19:40:00,Delivered,Zomato Delivery,10.0,1 x Bageecha Pizza,50% off upto Rs.100,599.0,24.95,100.0,0.0,0.0,0.0,523.95,,,,12.03,13.8,Incorrectly,,3f75aa128a6db90a04698e455bed5245e3404652c34c91c6accf99dbdce32e30
21114574,Dilli Burger Adda,Shahdara,Delhi NCR,6381188729,2024-11-24 22:19:00,Delivered,Zomato Delivery,4.0,1 x Dirty Saucy Fries,50% off upto Rs.100,265.0,7.43,100.0,0.0,0.0,16.5,155.93,,,,13.3,14.6,Incorrectly,,9ff4406637db0a6cd36533686bd3aed32fbf0c593589bccb9d75e739104e4b8f
21309083,Swaad,Shahdara,Delhi NCR,6380863626,2024-11-24 19:27:00,Delivered,Zomato Delivery,8.0,"1 x Animal Fries, 1 x Fried Chicken Classic Tender",,680.0,34.0,0.0,0.0,0.0,0.0,714.0,,,,18.3,11.5,Incorrectly,,94cded6f28c039716be9624b9a2ba85b32753f576a2cf2cb66ec852703c9c7e5
21467269,The Chicken Junction,Sector 4,Delhi NCR,6378539865,2024-11-22 22:18:00,Delivered,Zomato Delivery,12.0,"1 x Fried Chicken Tangdi - 2pcs, 1 x Fried Chicken Tangdi - 2pcs, 1 x Fried Chicken Tangdi - 2pcs, 1 x Fried Chicken Boneless Bites - 6pcs",,1400.0,70.0,0.0,0.0,0.0,0.0,1470.0,,,,4.62,34.0,Incorrectly,,abc3f164b2f6caf2976ca4ceb3257e33543c98a70ffc8e4d081ce742e0f02f1a
20320607,Swaad,Sector 4,Delhi NCR,6413760636,2024-12-07 16:38:00,Delivered,Zomato Delivery,9.0,1 x Bone in Kabuli Grilled Chicken,,1045.0,26.13,0.0,522.5,0.0,0.0,548.63,,,,22.13,13.5,Incorrectly,,e2f31856e20360db9fa93b8f9a21e42e859fd56fe04e2648bb7329e50ae4baf4
20554001,Swaad,Greater Kailash 2 (GK2),Delhi NCR,6411454993,2024-12-07 12:45:00,Delivered,Zomato Delivery,1.0,"1 x Peri Peri Crisper Fries, 1 x Grilled Chicken Jamaican Tender, 1 x Grilled Chicken Smoky BBQ Tangdi",Flat Rs.175 off,1034.0,43.85,157.0,0.0,0.0,0.0,920.85,,,,21.07,15.8,Incorrectly,,50569695e3aaca4181314ce31b62d403372d92fccc5f94b8b07f41d384597677
20635699,Aura Pizzas,Greater Kailash 2 (GK2),Delhi NCR,6398369890,2024-12-01 18:57:00,Delivered,Zomato Delivery,6.0,1 x Bageecha Pizza,,599.0,29.95,0.0,0.0,0.0,0.0,628.95,5.0,,,11.77,13.3,Incorrectly,,e82c6fc073cf6e8b97c42c6708fd58faf0fa0144cc58df3c00de53322c919bf7
20659868,Aura Pizzas,Sector 4,Delhi NCR,6420864064,2024-12-10 12:34:00,Delivered,Zomato Delivery,14.0,1 x Herbed Potato,,148.0,3.33,0.0,74.0,0.0,7.4,69.93,,,,12.55,17.3,Incorrectly,,463fe5af6c6bcef56968665f0775d4d0010d54e7694cda2768eafef3941af09e
20659868,Aura Pizzas,Sector 4,Delhi NCR,6425042981,2024-12-10 12:20:00,Delivered,Zomato Delivery,14.0,1 x Bageecha Pizza,,599.0,13.48,0.0,299.5,0.0,29.95,283.03,,,,16.63,21.8,Incorrectly,,463fe5af6c6bcef56968665f0775d4d0010d54e7694cda2768eafef3941af09e
20659868,Aura Pizzas,Sector 4,Delhi NCR,6418551279,2024-12-09 13:44:00,Delivered,Zomato Delivery,9.0,"1 x Peri Peri Paneer Pizza, 1 x Bageecha Pizza",,1178.0,39.53,0.0,299.5,0.0,87.85,830.18,4.0,,,17.02,11.1,Incorrectly,,943f715ec7fd2fd572892f91bacf9c99440e31333cb7b97b62663ed4d082bf92
20659868,Aura Pizzas,Sector 4,Delhi NCR,6413796967,2024-12-07 15:32:00,Delivered,Zomato Delivery,6.0,"1 x Jamaican Chicken Melt, 1 x Margherita Pizza, 1 x Cheesy Garlic Bread, 1 x All About Chicken Pizza, 1 x Mushroom Mozzarella Melt",Flat 15% off,2485.0,107.48,335.48,0.0,0.0,0.0,2257.0,,,,28.48,11.2,Incorrectly,,37041dfa2d02db1af2637d4e232863e6b83f839395e09d8df9285a4dd5b780b6
20659868,Aura Pizzas,Sector 4,Delhi NCR,6417442380,2024-12-06 21:35:00,Delivered,Zomato Delivery,5.0,"1 x Peri Peri Paneer Pizza, 2 x Bageecha Pizza",Flat 15% off,2367.0,102.37,319.55,0.0,0.0,0.0,2149.82,,,,22.33,15.0,Incorrectly,,b9717a9912600a8fe20c3bd0d82c904e549d8ed159aca460227b55bbc2d6a6d6
20659868,Aura Pizzas,Sector 4,Delhi NCR,6415269010,2024-12-06 14:20:00,Delivered,Zomato Delivery,1.0,"2 x Chilli Cheese Garlic Bread, 2 x Raw Masala Lemon Shikanji, 1 x All About Chicken Pizza, 2 x Tipsy Tiger Fresh Lime Soda, 1 x Makhani Paneer Pizza",,2184.58,109.23,0.0,0.0,0.0,0.0,2293.81,,,,25.93,17.3,Incorrectly,,a831495b9d03f154840133dc3a085b8e813d8cd73026816d7fba9e36e9f9b5d1
20659868,Aura Pizzas,Sector 4,Delhi NCR,6411723619,2024-12-04 23:52:00,Delivered,Zomato Delivery,12.0,1 x Bageecha Pizza,Flat Rs.100 off,599.0,25.95,80.0,0.0,0.0,0.0,544.95,,,,15.18,11.3,Incorrectly,,a66b23440901cf37f856278dd5de0c2324198474f867e0f340ee0f709600821d
20659868,Aura Pizzas,Sector 4,Delhi NCR,6405808880,2024-12-03 16:59:00,Delivered,Zomato Delivery,0.5,"1 x Cheesy Garlic Bread, 1 x Chilli Cheese Garlic Bread",Buy 1 Get 1 - ₹239.00,259.0,12.95,0.0,0.0,0.0,0.0,271.95,1.0,,,19.35,13.2,Incorrectly,Poor packaging or spillage,6ff885af5a1b5a47e8fc7a14deed7c17832623821ee5a3cee0d7913c76d2e2f5
20659868,Aura Pizzas,Sector 4,Delhi NCR,6405818306,2024-12-02 23:26:00,Delivered,Zomato Delivery,2.0,"1 x Makhani Paneer Pizza, 1 x Murgh Amritsari Garlic Bread, 1 x Chilli Cheese Garlic Bread, 1 x Garlic Aioli",Flat 15% off,1187.0,51.34,160.25,0.0,0.0,0.0,1078.09,5.0,,,26.65,21.3,Incorrectly,,39637258947122b6f7b14ef4b2fc8e4e25debd93a4fe105e205b4f558b6b8bb4
20882652,Aura Pizzas,DLF Phase 1,Delhi NCR,6427179641,2024-12-10 18:55:00,Delivered,Zomato Delivery,4.0,"1 x Herbed Potato, 1 x Murgh Amritsari Seekh Melt",,627.0,28.22,0.0,0.0,0.0,62.7,592.52,,,,13.78,12.6,Incorrectly,,7e0d834eddb9f41dd18f5bfd720c5ddd43ff7868059d29b2fc0960481611b961
20882652,Aura Pizzas,DLF Phase 1,Delhi NCR,6425575077,2024-12-10 01:29:00,Delivered,Zomato Delivery,0.5,1 x Margherita Pizza,,459.0,22.95,0.0,0.0,0.0,0.0,481.95,,,,12.08,10.9,Incorrectly,,1cfb02859dbaff5ce027e9b11ee4c43f3805859d8ab0507d318c4e5f5747e667
20882652,Aura Pizzas,DLF Phase 1,Delhi NCR,6421603978,2024-12-08 18:24:00,Delivered,Zomato Delivery,6.0,"1 x Jamaican Chicken Melt, 1 x Mushroom Pizza",Flat Rs.175 off,1088.0,41.99,157.0,0.0,0.0,91.3,881.69,,,,17.05,10.9,Incorrectly,,e84edbd6d0d785f9df755c02dc15df16fe28b7a75d3333572baf27022a1ef3cf
20882652,Aura Pizzas,DLF Phase 1,Delhi NCR,6421614596,2024-12-08 13:49:00,Delivered,Zomato Delivery,10.0,"2 x Bageecha Pizza, 1 x Pepperoni Garlic Bread, 2 x Herbed Potato, 1 x Peri Peri Chicken Melt, 1 x Mutton Seekh Pizza",,3561.0,89.03,0.0,1780.5,0.0,0.0,1869.53,,,,29.43,11.0,Incorrectly,,4a3a4bdd2424739971e72000576d8276c921dab9d04c50402b15f28dc9c10763
20882652,Aura Pizzas,DLF Phase 1,Delhi NCR,6419907482,2024-12-07 19:38:00,Delivered,Zomato Delivery,4.0,"1 x Bageecha Pizza, 1 x Indian Masala Fries",Flat 15% off,857.0,33.42,115.7,0.0,0.0,72.85,701.87,,,,13.7,13.5,Incorrectly,,52b87ed91188e6c3298adbca9a68c3cb566a93f9ec313c5d1eb94272b59aa2c4
20882652,Aura Pizzas,DLF Phase 1,Delhi NCR,6416593748,2024-12-06 18:13:00,Delivered,Zomato Delivery,7.0,"4 x Bageecha Pizza, 4 x All About Chicken Pizza",Flat 25% off,5032.0,188.7,1258.0,0.0,0.0,0.0,3962.7,5.0,,,40.63,11.4,Incorrectly,,7076a476d6f420670c62d1767f85500df6bdcf8a27afdcb9ca07a94d34455cb3
20882652,Aura Pizzas,DLF Phase 1,Delhi NCR,6407685853,2024-12-06 13:50:00,Delivered,Zomato Delivery,3.0,"1 x Peri Peri Chicken Melt, 1 x Herbed Potato",,816.0,20.4,0.0,408.0,0.0,0.0,428.4,4.0,,,22.33,15.6,Incorrectly,,e750b6f2c5151c9d5e371798381ddedbd217c6affe656524601dd79b5250b587
20882652,Aura Pizzas,DLF Phase 1,Delhi NCR,6411102653,2024-12-04 20:09:00,Delivered,Zomato Delivery,8.0,"1 x Masala Paneer Pide, 1 x All About Chicken Pizza, 1 x Bageecha Pizza",Flat Rs.300 off,1577.0,65.35,270.0,0.0,0.0,0.0,1372.35,5.0,,,15.17,13.4,Incorrectly,,d8216554991970491fe236c94949691afb9076b6d1c71579e075f119ea417f30
20882652,Aura Pizzas,DLF Phase 1,Delhi NCR,6408014249,2024-12-04 18:23:00,Delivered,Zomato Delivery,0.5,1 x Angara Paneer Melt,,449.0,20.21,0.0,0.0,0.0,44.9,424.31,,,,10.92,10.4,Incorrectly,,628a458eb3d03780ae7d4d12a948a22bc8a4884e20fffa56cb67603a23b2571b
20882652,Aura Pizzas,DLF Phase 1,Delhi NCR,6405940264,2024-12-03 18:43:00,Delivered,Zomato Delivery,7.0,"1 x Angara Paneer Melt, 1 x Murgh Amritsari Seekh Melt",Buy 1 Get 1 - ₹449.00,479.0,23.95,0.0,0.0,0.0,0.0,502.95,,,,12.02,10.4,Incorrectly,,4f0c8bb49d63ece05f5a6e04183b590b0add9efc83dbd4179e2960d917920216
20882652,Aura Pizzas,DLF Phase 1,Delhi NCR,6403812913,2024-12-03 15:46:00,Delivered,Zomato Delivery,4.0,"1 x Just Pepperoni Pizza, 1 x Bageecha Pizza",Buy 1 Get 1 - ₹799.00,859.0,42.95,0.0,0.0,0.0,0.0,901.95,,,,17.63,13.6,Incorrectly,,df536dc7e7d94f4761558277b2ef90ecbd6e0d13f69ccd436989a51a11f12b83
20882652,Aura Pizzas,DLF Phase 1,Delhi NCR,6400735114,2024-12-02 23:00:00,Delivered,Zomato Delivery,2.0,1 x Peri Peri Grilled Chicken Pizza,,619.0,30.95,0.0,0.0,0.0,0.0,649.95,,,,20.08,13.9,Incorrectly,,5acf16b8637a1a0cdfcc7ccd255ba9dcdf69669e6ab62240e8c2a28c82b8525c
20882652,Aura Pizzas,DLF Phase 1,Delhi NCR,6404349493,2024-12-02 13:02:00,Delivered,Zomato Delivery,5.0,1 x Peri Peri Chicken Melt,,489.0,12.23,0.0,244.5,0.0,0.0,256.73,,,,19.6,16.6,Incorrectly,,e26aa9d194eb7fde69f65cfdd5db6c4f6d7005540618a82617e483dd3348a110
20882652,Aura Pizzas,DLF Phase 1,Delhi NCR,6402283025,2024-12-01 18:06:00,Delivered,Zomato Delivery,2.0,"1 x Herbed Potato, 1 x Makhani Paneer Pizza",,727.0,36.35,0.0,0.0,0.0,0.0,763.35,,,,21.43,16.0,Incorrectly,,bf06f67cc21229d1fb0df5eea378331885c5a55909c938fd4763c1c64ab0e718
20882652,Aura Pizzas,DLF Phase 1,Delhi NCR,6389618298,2024-12-01 00:06:00,Delivered,Zomato Delivery,3.0,1 x Murgh Amritsari Seekh Pizza,,629.0,28.31,0.0,0.0,0.0,62.9,594.41,,,,16.15,10.5,Incorrectly,,37ce166937d2eabdd425d428710d83c26a6a76e66a5403f05bbe13cbc64d5d39
20882713,Swaad,DLF Phase 1,Delhi NCR,6422528530,2024-12-08 17:28:00,Delivered,Zomato Delivery,11.0,1 x Bone in Smoky Bbq Grilled Chicken,,430.0,21.5,0.0,0.0,0.0,0.0,451.5,,,,16.03,20.1,Incorrectly,,380da6a836bb03505b5c5f8399ada3914c25b679e1485b9d77245fd23181b579
20882713,Swaad,DLF Phase 1,Delhi NCR,6419639171,2024-12-07 18:28:00,Delivered,Zomato Delivery,2.0,1 x Bone in Jamaican Grilled Chicken,,430.0,21.5,0.0,0.0,0.0,0.0,451.5,5.0,,,17.58,15.7,Incorrectly,,9f8e8c3460456ea95fff1dd7516701a8d2ac04ea6a4da01a363983cce00763ec
20882713,Swaad,DLF Phase 1,Delhi NCR,6416516822,2024-12-06 17:48:00,Delivered,Zomato Delivery,4.0,"1 x Fried Chicken Ghostbuster Tender, 1 x Grilled Chicken Peri Peri Tender",,635.0,15.88,0.0,317.5,0.0,0.0,333.38,,,,15.93,15.4,Incorrectly,,cc4403ab5b7accaa96dc8cc9873b9398a87c625f0aebb972b1c03798ba8e47da
20882713,Swaad,DLF Phase 1,Delhi NCR,6407427969,2024-12-05 16:29:00,Delivered,Zomato Delivery,7.0,1 x Fried Chicken Ghostbuster Tender,,460.0,11.5,0.0,230.0,0.0,0.0,241.5,5.0,,,14.08,10.3,Incorrectly,,4abd470c2bc39df02f1ae2e21e006c6ca52c6e863ded9ea054d8d60d02a25584
20882713,Swaad,DLF Phase 1,Delhi NCR,6409074235,2024-12-03 22:49:00,Delivered,Zomato Delivery,4.0,"1 x Grilled Chicken Peri Peri Tender, 1 x Angara Rice, 1 x Bone in Jamaican Grilled Chicken",Flat Rs.175 off,1153.0,49.8,157.0,0.0,0.0,0.0,1045.8,,,,16.75,11.1,Incorrectly,,98602021511461653717b1faebf6bb948c1f4111cd9e3681728bb8a60bd91f7e
20882713,Swaad,DLF Phase 1,Delhi NCR,6403713795,2024-12-03 00:07:00,Delivered,Zomato Delivery,5.0,1 x Bone in Peri Peri Grilled Chicken,50% off upto Rs.100,310.0,11.0,90.0,0.0,0.0,0.0,231.0,,,,13.32,12.3,Incorrectly,,2aa13a7dc57a3d568eed7c73e585e3112832e82d15cb1055e58f40275190f83e
20882713,Swaad,DLF Phase 1,Delhi NCR,6388680175,2024-12-02 18:08:00,Delivered,Zomato Delivery,3.0,1 x Grilled Chicken Smoky BBQ Tender,,310.0,15.5,0.0,0.0,0.0,0.0,325.5,,,,15.18,13.1,Incorrectly,,47a6cb09a53f020b81fcf633108a34509c5feaeb36c92e1170ce124ec3dc3182
20882713,Swaad,DLF Phase 1,Delhi NCR,6399284523,2024-12-01 00:26:00,Delivered,Zomato Delivery,6.0,1 x Fried Chicken Classic Tenders + AAC Signature Fries,,535.0,26.75,0.0,0.0,0.0,0.0,561.75,5.0,,,16.9,11.0,Incorrectly,,2aa9c41d3e2da55c9907b9f92dc12935c5dc45a73943b29d7702b0a45ea17721
21077127,Aura Pizzas,Sector 135,Delhi NCR,6426803293,2024-12-10 16:29:00,Delivered,Zomato Delivery,3.0,1 x Chilli Cheese Garlic Bread,50% off upto Rs.100,259.0,8.45,90.0,0.0,0.0,0.0,177.45,,,,14.17,16.2,Incorrectly,,33f68334b9fba2697a81463cb48a300d5f3e61584c589be5691e96137c2bc890
21077127,Aura Pizzas,Sector 135,Delhi NCR,6409666529,2024-12-03 22:35:00,Delivered,Zomato Delivery,3.0,"1 x Chilli Cheese Garlic Bread, 1 x Margherita Pizza",Buy 1 Get 1 - ₹259.00,459.0,22.95,0.0,0.0,0.0,0.0,481.95,,,,10.4,12.6,Incorrectly,,df5038a272bad0d5de479711ece5cc51735889c7812ccb86b1d94daba54ac77b
21077127,Aura Pizzas,Sector 135,Delhi NCR,6392780272,2024-12-01 18:49:00,Delivered,Zomato Delivery,7.0,"1 x Just Pepperoni Pizza, 1 x Bacon Pepperoni Melt",,1458.0,65.61,0.0,0.0,0.0,145.8,1377.81,,,,14.3,13.5,Incorrectly,,8c4348127569f60fbebd0afc13465e3dbcb4c6dfb3a7fc15dfcfcfb9634f50fb
21424296,Tandoori Junction,Shahdara,Delhi NCR,6404014081,2024-12-02 18:01:00,Delivered,Zomato Delivery,14.0,"1 x Carribean Jerk Grilled Chicken Quarter, 1 x Coleslaw, 1 x Smoky BBQ Boneless Grilled Chicken Breast",,1427.0,85.62,0.0,0.0,0.0,0.0,1512.62,,,,21.0,12.5,Incorrectly,,b4f09342cda695dc001a923febf6b8d1f9c1e9e70b45f5d1c4a4058bfff22f57
20320607,Swaad,Sector 4,Delhi NCR,6449497989,2024-12-19 18:56:00,Delivered,Zomato Delivery,3.0,"1 x Bone in Angara Grilled Chicken, 1 x Fried Chicken Beast AAC Burger",Flat 15% off,960.0,41.52,129.6,0.0,0.0,0.0,871.92,,,,0.02,13.6,Incorrectly,,7ecba12675df48b9b8c245c81a354abc2c6a4a8dd4d28be92f2b955fae0c8150
20320607,Swaad,Sector 4,Delhi NCR,6447105335,2024-12-19 15:37:00,Delivered,Zomato Delivery,11.0,1 x Fried Chicken Classic Tender,,325.0,16.25,0.0,0.0,0.0,0.0,341.25,,,,17.42,14.5,Incorrectly,,3aee4c3abe7f34365e47b154300808d31a7de32a7b5487699c8540b2a0e15e89
20320607,Swaad,Sector 4,Delhi NCR,6430724245,2024-12-13 18:29:00,Delivered,Zomato Delivery,4.0,"1 x Bone in Smoky Bbq Grilled Chicken, 2 x Bone in Smoky Bbq Grilled Chicken, 1 x Bone in Kabuli Grilled Chicken",Buy 1 Get 1 - ₹895.00,895.0,44.75,0.0,0.0,0.0,0.0,939.75,,,,23.97,11.7,Incorrectly,,b85edd5052b39954b086319952ca2d76184ce8d424fe20fa549b9ade2b4e173f
20554001,Swaad,Greater Kailash 2 (GK2),Delhi NCR,6443047509,2024-12-17 17:23:00,Delivered,Zomato Delivery,2.0,"1 x Animal Fries, 1 x Fried Chicken Beast AAC Burger",50% off upto Rs.100,730.0,22.63,90.0,187.5,0.0,0.0,475.13,,,,25.13,12.9,Incorrectly,,6a2e9bf061f8c7acb3e42d15d075093d3178e666244b95c22213ed2b8b3a4ed5
20554001,Swaad,Greater Kailash 2 (GK2),Delhi NCR,6444906207,2024-12-16 17:16:00,Delivered,Zomato Delivery,1.0,1 x Bone in Jamaican Grilled Chicken,,310.0,15.5,0.0,0.0,0.0,0.0,325.5,,,,1.57,18.8,Incorrectly,,60eb400120a8ae13e5924d41bb69c7c55ee3f3db6e83ed7213a61b20e50bb846
20635699,Aura Pizzas,Greater Kailash 2 (GK2),Delhi NCR,6437824858,2024-12-15 23:02:00,Delivered,Zomato Delivery,3.0,"1 x Murgh Amritsari Garlic Bread, 1 x Peri Peri Crisper Fries",,488.0,21.96,0.0,0.0,0.0,48.8,461.16,,,,14.13,10.4,Incorrectly,,6b22d12bfb5b1237620015a45284a90c65f01c5de7630f5e5cf25f9fbfbe85a0
20635699,Aura Pizzas,Greater Kailash 2 (GK2),Delhi NCR,6437060697,2024-12-14 21:58:00,Delivered,Zomato Delivery,5.0,"1 x Chicken Pepperoni Pizza, 1 x Mushroom Pizza",Buy 1 Get 1 - ₹799.00,809.0,40.45,0.0,0.0,0.0,0.0,849.45,,,,48.47,22.0,Incorrectly,,818815338e2c81fc7d1dd44a823f2f4671929692bc1f00d4bb7dcc0322bb5cba
20635699,Aura Pizzas,Greater Kailash 2 (GK2),Delhi NCR,6438351860,2024-12-14 14:23:00,Delivered,Zomato Delivery,1.0,"1 x Bageecha Pizza, 1 x Bacon Pepperoni Melt",Buy 1 Get 1 - ₹599.00,599.0,29.95,0.0,0.0,0.0,0.0,628.95,,,,30.78,22.0,Incorrectly,,9ea208d35053d2e80cfba6969abbc0bf6430d59732759c71949e8eced080261d
20659868,Aura Pizzas,Sector 4,Delhi NCR,6428869983,2024-12-20 02:09:00,Delivered,Zomato Delivery,11.0,"1 x Murgh Amritsari Seekh Pide, 1 x Mutton Seekh Pide",Flat 15% off,866.0,37.46,116.91,0.0,0.0,0.0,786.55,,,,13.02,11.8,Incorrectly,,bdc10353a9eef5999fa8f9275355cd282fa43a9f4b84452d7e79090e9a47e214
20659868,Aura Pizzas,Sector 4,Delhi NCR,6453078635,2024-12-20 01:35:00,Delivered,Zomato Delivery,9.0,"1 x Murgh Amritsari Garlic Bread, 1 x Peri Peri Crisper Fries, 1 x All About Chicken Pizza",Flat Rs.175 off,1147.0,49.5,157.0,0.0,0.0,0.0,1039.5,,,,22.25,18.0,Incorrectly,Poor packaging or spillage,26e57df7f330deaaac5c6138ede6527ba40142e7006fc8da320b923197c17801
20659868,Aura Pizzas,Sector 4,Delhi NCR,6448542539,2024-12-18 14:45:00,Delivered,Zomato Delivery,0.5,"2 x Murgh Amritsari Seekh Melt, 2 x Angara Paneer Melt",Flat Rs.300 off,1856.0,71.52,270.0,0.0,0.0,155.6,1501.92,,,,22.05,17.0,Incorrectly,,447f3d277e77e80188986fcbd853a877d6d8e49cd4a9eca7863a0bd8e39efa92
20659868,Aura Pizzas,Sector 4,Delhi NCR,6439058909,2024-12-14 22:46:00,Delivered,Zomato Delivery,7.0,"1 x Peri Peri Paneer Pizza, 1 x Makhani Paneer Pizza",Buy 1 Get 1 - ₹579.00,579.0,28.95,0.0,0.0,0.0,0.0,607.95,,,,44.98,17.1,Incorrectly,,e92b757be92eb87770fc6ed55b214a248368b5d0f6aade0c031c44ff098d8589
20659868,Aura Pizzas,Sector 4,Delhi NCR,6435012752,2024-12-14 19:00:00,Delivered,Zomato Delivery,3.0,"1 x Angara Paneer Melt, 1 x Margherita Pizza",Buy 1 Get 1 - ₹449.00,459.0,22.95,0.0,0.0,0.0,0.0,481.95,,,,16.07,15.0,Incorrectly,,4436c381bfc3821643d3c6220491349c355661aeaf106d42b088ded94a9e6ac9
20659868,Aura Pizzas,Sector 4,Delhi NCR,6435701699,2024-12-14 13:27:00,Delivered,Zomato Delivery,7.0,"1 x Bageecha Pizza, 1 x Mushroom Mozzarella Melt",Buy 1 Get 1 - ₹449.00,799.0,39.95,0.0,0.0,0.0,0.0,838.95,5.0,,,25.17,19.6,Incorrectly,,362810643bd48422f83776d7a7222055bba2bd69fa5b04f6ecbf8988d775eb34
20659868,Aura Pizzas,Sector 4,Delhi NCR,6432747136,2024-12-13 13:06:00,Delivered,Zomato Delivery,0.5,26 x Bageecha Pizza,,15574.0,389.35,0.0,7787.0,0.0,0.0,8176.35,,,,5.12,51.5,Incorrectly,,447f3d277e77e80188986fcbd853a877d6d8e49cd4a9eca7863a0bd8e39efa92
20659868,Aura Pizzas,Sector 4,Delhi NCR,6428376268,2024-12-12 02:13:00,Delivered,Zomato Delivery,1.0,1 x Makhani Paneer Pizza,,579.0,28.95,0.0,0.0,0.0,0.0,607.95,,,,24.98,13.5,Incorrectly,,24e373c2bbff837df3f9ecc97b284eb3b349ce33c4ab956075e95d60cee4456c
20882652,Aura Pizzas,DLF Phase 1,Delhi NCR,6452228311,2024-12-20 16:43:00,Delivered,Zomato Delivery,8.0,1 x All About Chicken Pizza,Flat Rs.204 off,659.0,28.45,90.0,0.0,0.0,0.0,597.45,,,,17.63,16.3,Incorrectly,,e56cd94511f517f58f3cff09c97f0e6a26726ad515fe594018d6d07f6650593c
20882652,Aura Pizzas,DLF Phase 1,Delhi NCR,6432945321,2024-12-14 19:47:00,Delivered,Zomato Delivery,5.0,"2 x Peri Peri Paneer Pizza, 1 x Murgh Amritsari Seekh Pizza, 2 x Masala Paneer Pide, 1 x Makhani Paneer Pizza, 2 x Bageecha Pizza",Buy 1 Get 1 - ₹2076.00,2126.0,106.3,0.0,0.0,0.0,0.0,2232.3,,,,25.05,12.2,Incorrectly,,12ca505ccfa6f8f91fb43b143ebb60a75b9aa1c415c6ecfd8138031648a25291
20882652,Aura Pizzas,DLF Phase 1,Delhi NCR,6434573139,2024-12-13 17:42:00,Delivered,Zomato Delivery,2.0,"1 x Bageecha Pizza, 1 x Herbed Potato",,747.0,37.35,0.0,0.0,0.0,0.0,784.35,,,,17.4,15.8,Incorrectly,,bf06f67cc21229d1fb0df5eea378331885c5a55909c938fd4763c1c64ab0e718
20882652,Aura Pizzas,DLF Phase 1,Delhi NCR,6428206980,2024-12-12 16:02:00,Delivered,Zomato Delivery,9.0,1 x Makhani Paneer Pizza,,579.0,28.95,0.0,0.0,0.0,0.0,607.95,,,,16.22,10.3,Incorrectly,,6ca7b9a7487273f47b9bf408e26c5cc6371f9fb86d8412506b6dbe2a50a0c8e8
20882713,Swaad,DLF Phase 1,Delhi NCR,6446668226,2024-12-19 19:04:00,Delivered,Zomato Delivery,1.0,"1 x Grilled Chicken Ghostbuster Tangdi, 1 x Bone in Angara Grilled Chicken",Flat 15% off,715.0,30.92,96.53,0.0,0.0,0.0,649.39,,,,17.82,14.9,Incorrectly,,531a3a81a5cf52de47db8bce137e3665004eb5d9b27db9520d2c5ac9909a17bc
20882713,Swaad,DLF Phase 1,Delhi NCR,6438797009,2024-12-17 19:25:00,Delivered,Zomato Delivery,2.0,2 x Bone in Jamaican Grilled Chicken,Flat 15% off,620.0,26.82,83.7,0.0,0.0,0.0,563.12,,,,16.2,10.4,Incorrectly,,f8c8fe2bf9b48416aa98f5ecd29dedd52e7c7dd7058bd879d199c0fee5a8fa9f
20882713,Swaad,DLF Phase 1,Delhi NCR,6442310983,2024-12-17 19:18:00,Delivered,Zomato Delivery,3.0,"1 x Kabuli Grilled Paneer (8 pcs), 1 x Bone in Angara Grilled Chicken",,605.0,30.25,0.0,0.0,0.0,0.0,635.25,,,,14.68,13.8,Incorrectly,,780dad4c1b5d5345947342c2907bb752ad273035b744a36558387dfa258b5a7f
20882713,Swaad,DLF Phase 1,Delhi NCR,6446094135,2024-12-17 17:16:00,Delivered,Zomato Delivery,3.0,"1 x Fried Chicken Ghostbuster Tender, 1 x Grilled Chicken Peri Peri Tender, 1 x Bone in Kabuli Grilled Chicken",,945.0,23.63,0.0,472.5,0.0,0.0,496.13,5.0,,,14.85,10.9,Incorrectly,,9e1f5429dc03919059c5b2e17cccf81396282a6ed8843191509b03b26ecb8670
20882713,Swaad,DLF Phase 1,Delhi NCR,6438766349,2024-12-14 21:58:00,Delivered,Zomato Delivery,2.0,1 x Bone in Smoky Bbq Grilled Chicken,Flat 15% off,585.0,25.3,78.98,0.0,0.0,0.0,531.32,,,,20.93,15.3,Incorrectly,,276fca61053d615684dcf90d9e52a504f4dfc0835b4ee5b94a6e3348e95373fb
20882713,Swaad,DLF Phase 1,Delhi NCR,6413111291,2024-12-14 19:00:00,Delivered,Zomato Delivery,3.0,"2 x Fried Chicken Beast AAC Burger, 1 x Animal Fries",Flat Rs.175 off,1165.0,50.4,157.0,0.0,0.0,0.0,1058.4,4.0,,,22.68,23.2,Incorrectly,,abc63e78149fdd017cb8c5d998e64ece7e4cc71b388ae5fab448e8ee3f414ebf
20882713,Swaad,DLF Phase 1,Delhi NCR,6431433775,2024-12-13 18:22:00,Delivered,Zomato Delivery,3.0,2 x Fried Chicken Ghostbuster Tender,Buy 1 Get 1 - ₹325.00,325.0,16.25,0.0,0.0,0.0,0.0,341.25,,,,17.57,12.4,Incorrectly,,33022a19b9248a31629ca1da6892fcb97c144ce8be0727d7cb536628996bebf8
20882713,Swaad,DLF Phase 1,Delhi NCR,6435563749,2024-12-13 17:36:00,Delivered,Zomato Delivery,3.0,"1 x Bone in Jamaican Grilled Chicken Quarter + Angara Rice, 1 x Bone in Peri Peri Grilled Chicken",Buy 1 Get 1 - ₹415.00,420.0,21.0,0.0,0.0,0.0,0.0,441.0,,,,23.07,12.5,Incorrectly,,2ef632777ba53eb05c772833f22089236ae3da08f2eec60203a1ffa65679a617
20882713,Swaad,DLF Phase 1,Delhi NCR,6432958253,2024-12-13 11:41:00,Delivered,Zomato Delivery,3.0,"1 x Bone in Jamaican Grilled Chicken, 1 x Bone in Angara Grilled Chicken",Buy 1 Get 1 - ₹310.00,310.0,15.5,0.0,0.0,0.0,0.0,325.5,,,,15.38,10.5,Incorrectly,,3ce1f4adc0589b882b6d1a15302fde575f8d4b5645cb91ad022b55a5aaa217e2
20882713,Swaad,DLF Phase 1,Delhi NCR,6425760233,2024-12-11 17:28:00,Delivered,Zomato Delivery,5.0,1 x Grilled Chicken Peri Peri Tender,,310.0,7.75,0.0,155.0,0.0,0.0,162.75,,,,13.25,11.5,Incorrectly,,0e047cd844ca08651c2eea1f5c45a4a727a6069799c39292c6ad4592b17cabc3
21077127,Aura Pizzas,Sector 135,Delhi NCR,6456792204,2024-12-20 23:42:00,Delivered,Zomato Delivery,6.0,1 x Peri Peri Chicken Melt,,489.0,12.23,0.0,244.5,0.0,0.0,256.73,,,,12.93,18.7,Incorrectly,,248c01619df6d50fa6bf7e6303a9b614f07ab71bbdb66f199678e06d383490a5
21077127,Aura Pizzas,Sector 135,Delhi NCR,6446560013,2024-12-17 14:09:00,Delivered,Zomato Delivery,6.0,"4 x Cheesy Garlic Bread, 2 x Bageecha Pizza, 2 x All About Chicken Pizza",Flat Rs.175 off,4512.0,216.85,175.0,0.0,0.0,0.0,4553.85,,,,37.53,10.6,Incorrectly,,fd1e43dafad8648f0ea8ec54fbcd5c2ca490dcbe197d0f2169ee3e956437f16a
21077127,Aura Pizzas,Sector 135,Delhi NCR,6429217404,2024-12-14 14:16:00,Delivered,Zomato Delivery,16.0,"1 x Malai Gud Pide, 1 x Spinach Sumac Pide",Buy 1 Get 1 - ₹259.00,329.0,16.45,0.0,0.0,0.0,0.0,345.45,5.0,,,17.82,22.9,Incorrectly,,915e4bfd3dbf078e6e26fc2e2d6d1d836e7794ee80bb2befd20c7082c7e8728b
21309083,Swaad,Shahdara,Delhi NCR,6451472618,2024-12-20 20:09:00,Delivered,Zomato Delivery,11.0,1 x Bone in Jamaican Grilled Chicken,Flat 15% off,755.0,32.65,101.93,0.0,0.0,0.0,685.72,,,,16.68,22.8,Incorrectly,,8cbad99248f6697e95ea73399662e71c0ca068f74afb5089b8695f0e6ac86d6f
20320607,Swaad,Sector 4,Delhi NCR,6476873425,2024-12-31 22:45:00,Delivered,Zomato Delivery,7.0,"1 x Grilled Chicken Jamaican Tender, 1 x Fried Chicken Angara Tender",Flat 15% off,895.0,38.71,120.83,0.0,0.0,0.0,812.88,,,,17.95,10.1,Incorrectly,,d462cbdeda6de9628dcce304cc2e7dbf92f60784f50e10dd9f6fbb8b1b898876
20320607,Swaad,Sector 4,Delhi NCR,6479515999,2024-12-29 17:47:00,Delivered,Zomato Delivery,6.0,"1 x Bone in Kabuli Grilled Chicken, 1 x Grilled Chicken Peri Peri Tender",,1480.0,37.0,0.0,740.0,0.0,0.0,777.0,2.0,,,20.18,15.5,Incorrectly,,1c2aefead7a658eb201e17bc5edac6432875335886b8bf96e617af366fce295e
20320607,Swaad,Sector 4,Delhi NCR,6463909223,2024-12-24 11:19:00,Delivered,Zomato Delivery,0.5,1 x Animal Fries,,355.0,17.75,0.0,0.0,0.0,0.0,372.75,,,,15.88,11.6,Incorrectly,,996440b386120ff0a4844d83149b1a0e0ea4a45c18ddb5ac6cb1d5c64d83c2bd
20554001,Swaad,Greater Kailash 2 (GK2),Delhi NCR,6471782300,2024-12-26 21:42:00,Delivered,Zomato Delivery,5.0,1 x Bone in Jamaican Grilled Chicken,50% off upto Rs.100,585.0,24.75,90.0,0.0,0.0,0.0,519.75,,,,23.37,19.8,Incorrectly,,be52c1b2a156002e55b97d27cd61f9537d99a6239f38039debdb0202c1a1ec27
20635699,Aura Pizzas,Greater Kailash 2 (GK2),Delhi NCR,6481601225,2024-12-31 21:16:00,Delivered,Zomato Delivery,4.0,"1 x Bageecha Pizza, 1 x Makhani Paneer Pizza",50% off upto Rs.100,1178.0,54.4,90.0,0.0,0.0,0.0,1142.4,,,,64.2,45.4,Incorrectly,,3a01af0af5ed9540e145953d178dcd26d165495c6dffe7120787df99115000e1
20635699,Aura Pizzas,Greater Kailash 2 (GK2),Delhi NCR,6477845824,2024-12-28 19:13:00,Delivered,Zomato Delivery,3.0,"1 x Bageecha Pizza, 1 x Angara Paneer Melt, 1 x Chilli Cheese Garlic Bread",Flat 15% off,1307.0,56.53,176.45,0.0,0.0,0.0,1187.08,,,,17.47,21.0,Incorrectly,,8ac2928946afe39af602e7b9c5ba5c1a54ba34797e232214cfb832e39e500c29
20635699,Aura Pizzas,Greater Kailash 2 (GK2),Delhi NCR,6472848330,2024-12-28 17:41:00,Delivered,Zomato Delivery,0.5,"1 x Bageecha Pizza, 1 x Jamaican Chicken Melt",Flat Rs.175 off,1078.0,46.05,157.0,0.0,0.0,0.0,967.05,,,,25.78,10.6,Incorrectly,,d65b5861746dbb8667afd9be37483b3e90968faab5b7d24121729a00f052db5d
20635699,Aura Pizzas,Greater Kailash 2 (GK2),Delhi NCR,6475766291,2024-12-28 01:08:00,Delivered,Zomato Delivery,4.0,"4 x Margherita Pizza, 1 x Margherita Pizza",,3450.0,172.5,0.0,0.0,0.0,0.0,3622.5,,,,69.33,36.2,Incorrectly,,b62068d04c7fe0aa61b42d0e5bf5eb2fa0bd94ac1a4f788fc8b20b5e18988ea1
20635699,Aura Pizzas,Greater Kailash 2 (GK2),Delhi NCR,6472274035,2024-12-26 15:26:00,Delivered,Zomato Delivery,5.0,2 x Herbed Potato,Buy 1 Get 1 - ₹208.00,208.0,10.4,0.0,0.0,0.0,0.0,218.4,,,,20.27,12.5,Incorrectly,Non-refunded complaint,37e95c19e7950ed66a03be08bdae84e4d8d2233da37a9412da38a81b970d8e11
20635699,Aura Pizzas,Greater Kailash 2 (GK2),Delhi NCR,6458454046,2024-12-25 18:30:00,Delivered,Zomato Delivery,8.0,1 x Makhani Paneer Pizza,,579.0,28.95,0.0,0.0,0.0,0.0,607.95,,,,15.45,12.6,Incorrectly,,58e1aee2bf00e96f6c1cef988b5b354687e1668b6f5899e0a01c194287b7477f
20659868,Aura Pizzas,Sector 4,Delhi NCR,6457418731,2024-12-31 20:37:00,Delivered,Zomato Delivery,5.0,5 x Angara Paneer Melt,Flat 15% off,2245.0,97.1,303.08,0.0,0.0,0.0,2039.02,5.0,,,38.63,10.5,Incorrectly,,8e95693013e495cdfac1ec0ff3be09755fe133345df97bbe612dab28a6c3f28c
20659868,Aura Pizzas,Sector 4,Delhi NCR,6474977489,2024-12-29 15:59:00,Delivered,Zomato Delivery,5.0,1 x All About Chicken Pizza,50% off upto Rs.100,659.0,25.66,90.0,0.0,0.0,55.9,538.76,,,,16.92,16.6,Incorrectly,,a255e213ef12283351396cb811ef35328fe56391589abf2a86c3484293da63be
20659868,Aura Pizzas,Sector 4,Delhi NCR,6479126219,2024-12-29 15:36:00,Delivered,Zomato Delivery,3.0,"1 x Onion Rings, 1 x Mushroom Pizza",,838.0,37.71,0.0,0.0,0.0,83.8,791.91,5.0,,,12.87,10.4,Incorrectly,,88969420f17a3284ecb20b208663a6ad3079c5f3d6fc62ea3f76fda5447a794f
20659868,Aura Pizzas,Sector 4,Delhi NCR,6472836398,2024-12-26 22:19:00,Delivered,Zomato Delivery,9.0,"1 x All About Chicken Pizza, 1 x Murgh Amritsari Seekh Pide",Buy 1 Get 1 - ₹349.00,659.0,32.95,0.0,0.0,0.0,0.0,691.95,,,,12.22,13.3,Incorrectly,,934a4903a2c47ad47d5e4e7e3595ca35b389ca5eeebb8477f9043f3a95d12cb9
20659868,Aura Pizzas,Sector 4,Delhi NCR,6467313134,2024-12-25 19:39:00,Delivered,Zomato Delivery,7.0,"1 x Indian Masala Fries, 1 x Peri Peri Paneer Pizza",Flat Rs.200 off,957.0,37.85,200.0,0.0,0.0,0.0,794.85,,,,17.8,14.4,Incorrectly,,dda50db6ef1d1623cfe84cfc657738ca1f4d3884df478f5866177e5638fb8323
20659868,Aura Pizzas,Sector 4,Delhi NCR,6467880394,2024-12-25 18:24:00,Delivered,Zomato Delivery,2.0,1 x Margherita Pizza,50% off upto Rs.100,459.0,18.45,90.0,0.0,0.0,0.0,387.45,,,,14.65,10.2,Incorrectly,,1d5b0489f1cc6e01586a0b9b17db06b7aa261933631f9826e9e89846f231590c
20659868,Aura Pizzas,Sector 4,Delhi NCR,6460428957,2024-12-25 02:07:00,Delivered,Zomato Delivery,6.0,1 x Chilli Cheese Garlic Bread,60% off upto Rs.120,259.0,8.45,90.0,0.0,0.0,0.0,177.45,,,,18.57,19.3,Incorrectly,,bbaf63a5bacd5cb61e40a019ad24b2b7456021ac982cec1e4b084c70478e3cb7
20659868,Aura Pizzas,Sector 4,Delhi NCR,6458706672,2024-12-24 02:30:00,Delivered,Zomato Delivery,12.0,"1 x Murgh Amritsari Seekh Melt, 1 x Mushroom Mozzarella Melt",Flat 15% off,928.0,40.14,125.28,0.0,0.0,0.0,842.86,,,,17.8,15.6,Incorrectly,,d108c09c16226cb6b5d475cf19135771f34f8d8f7bb57b4042bb4478524a6443
20659868,Aura Pizzas,Sector 4,Delhi NCR,6461662546,2024-12-24 01:33:00,Delivered,Zomato Delivery,16.0,1 x Bageecha Pizza,,599.0,29.95,0.0,0.0,0.0,0.0,628.95,5.0,,,16.6,13.4,Incorrectly,,0b1a2daa51012ae93ef2b4a72e9b09e2b2a076d3e50a369da508f35f9ff24ac3
20659868,Aura Pizzas,Sector 4,Delhi NCR,6460440277,2024-12-22 21:04:00,Delivered,Zomato Delivery,4.0,"1 x Spinach Sumac Pide, 1 x Loaded Korean Grilled Chicken Pizza, 1 x Bageecha Pizza",Flat Rs.300 off,1787.0,75.85,270.0,0.0,0.0,0.0,1592.85,,,,31.43,13.3,Incorrectly,,8a1ea68f2ec51bef29d4556c4be3698130610adf2152b2f64b6a4d2df6386872
20659868,Aura Pizzas,Sector 4,Delhi NCR,6459395356,2024-12-22 15:00:00,Delivered,Zomato Delivery,11.0,"1 x Herbed Potato, 1 x Bageecha Pizza",,747.0,18.68,0.0,373.5,0.0,0.0,392.18,,,,24.33,21.2,Incorrectly,,751cda899faac24871dfd0589496a09ed55cd47db98ec9f800113c547af06fac
20659868,Aura Pizzas,Sector 4,Delhi NCR,6459300275,2024-12-22 14:09:00,Delivered,Zomato Delivery,7.0,1 x Murgh Amritsari Seekh Melt,,479.0,23.95,0.0,0.0,0.0,0.0,502.95,,,,9.78,14.2,Incorrectly,,cd097d82fb45f7f6010fef91ff43901833e74c336cf4e67270d4eb5071391f67
20882652,Aura Pizzas,DLF Phase 1,Delhi NCR,6480366690,2024-12-31 12:55:00,Delivered,Zomato Delivery,4.0,"1 x Bageecha Pizza, 1 x Tripple Cheese Pizza, 1 x Chilli Cheese Garlic Bread",Flat Rs.300 off,1607.0,65.35,300.0,0.0,0.0,0.0,1372.35,,,,0.2,14.0,Incorrectly,,08fd137dae891d88f366287f042df2afaea98074c5fed349475d15fbb9d56743
20882652,Aura Pizzas,DLF Phase 1,Delhi NCR,6481805375,2024-12-30 12:51:00,Delivered,Zomato Delivery,2.0,"1 x All About Chicken Pizza, 1 x Tripple Cheese Pizza, 1 x Indian Masala Fries",Flat Rs.300 off,1606.0,66.8,270.0,0.0,0.0,0.0,1402.8,,,,23.67,13.2,Incorrectly,,b6bd71527e6b72eafa9a6d988c37a5812b8ec69f0f98fb7cc95d002fb33f720f
20882652,Aura Pizzas,DLF Phase 1,Delhi NCR,6469635846,2024-12-29 19:47:00,Delivered,Zomato Delivery,3.0,"1 x Peri Peri Chicken Melt, 1 x Jamaican Chicken Melt",Flat 15% off,968.0,41.87,130.68,0.0,0.0,0.0,879.19,,,,21.93,12.5,Incorrectly,,954172d1f027427383639ea9b40df3d6dcca24ece3d7088c9e56620bb12e2d3c
20882652,Aura Pizzas,DLF Phase 1,Delhi NCR,6478766839,2024-12-29 14:09:00,Delivered,Zomato Delivery,3.0,1 x Makhani Paneer Pizza,,579.0,28.95,0.0,0.0,0.0,0.0,607.95,,,,17.2,13.4,Incorrectly,,fd16b474b3a22789c1d866a980cea241f1a1b8d4727b1f42b184e5bf6402abfa
20882652,Aura Pizzas,DLF Phase 1,Delhi NCR,6473023621,2024-12-26 23:56:00,Delivered,Zomato Delivery,6.0,1 x Jamaican Chicken Melt,50% off upto Rs.100,538.0,22.4,90.0,0.0,0.0,0.0,470.4,,,,0.3,11.4,Incorrectly,,a659863ab6064e87e4ec240a7b5a7748deb7c0afa164edb8e537c0c634d050ae
20882652,Aura Pizzas,DLF Phase 1,Delhi NCR,6472390425,2024-12-26 20:06:00,Delivered,Zomato Delivery,6.0,"1 x Tripple Cheese Pizza, 1 x Bageecha Pizza",Buy 1 Get 1 - ₹628.00,678.0,33.9,0.0,0.0,0.0,0.0,711.9,,,,19.62,15.2,Incorrectly,,861369662ec2f49741d98204b12dfedb1d31d3a16409a08212f2875d706333ca
20882652,Aura Pizzas,DLF Phase 1,Delhi NCR,6470660016,2024-12-25 21:07:00,Delivered,Zomato Delivery,10.0,1 x Bageecha Pizza,Flat Rs.200 off,927.0,36.35,200.0,0.0,0.0,0.0,763.35,5.0,,,21.68,13.8,Incorrectly,,e5407708dcd251c6fd4ccb213b44ce183e00936e0cbc9451e460a5a1aba21f79
20882652,Aura Pizzas,DLF Phase 1,Delhi NCR,6468913577,2024-12-25 17:42:00,Delivered,Zomato Delivery,2.0,"1 x Bageecha Pizza, 1 x Chilli Cheese Garlic Bread",Flat Rs.200 off,918.0,35.9,200.0,0.0,0.0,0.0,753.9,,,,17.18,11.7,Incorrectly,,0b7c3f74fbd7f0a200774013017f9dfeb998c1a5d95a8de95fc585f25f367889
20882652,Aura Pizzas,DLF Phase 1,Delhi NCR,6463741678,2024-12-24 12:12:00,Delivered,Zomato Delivery,11.0,1 x Mutton Seekh Pizza,,998.0,24.95,0.0,499.0,0.0,0.0,523.95,5.0,,,22.15,14.1,Incorrectly,,6690cd0f6a10abb376ade78714b97de869413506c0bfd585a1e49f5e03464d1e
20882652,Aura Pizzas,DLF Phase 1,Delhi NCR,6457557019,2024-12-22 13:45:00,Delivered,Zomato Delivery,5.0,1 x Peri Peri Chicken Melt,,489.0,12.23,0.0,244.5,0.0,0.0,256.73,4.0,,,18.85,13.7,Incorrectly,,ef4bb1f47832a40ccedf0c2ba41b21ff0b0546489ae9e976a509a51bf70a07a6
20882713,Swaad,DLF Phase 1,Delhi NCR,6461809897,2024-12-22 19:14:00,Delivered,Zomato Delivery,2.0,"2 x Fried Chicken Classic Tender, 1 x Fried Chicken Peri Peri Tenders + Peri Peri Fries",Flat Rs.175 off,1115.0,47.9,157.0,0.0,0.0,0.0,1005.9,,,,21.25,11.1,Incorrectly,,87bca08d6a9d4222768f3860cf226737256e83b94b42d4a17c25aea59ac2bc52
20882713,Swaad,DLF Phase 1,Delhi NCR,6451722382,2024-12-22 16:10:00,Delivered,Zomato Delivery,3.0,2 x Bone in Kabuli Grilled Chicken,,1170.0,29.25,0.0,585.0,0.0,0.0,614.25,,,,18.83,14.8,Incorrectly,,df536dc7e7d94f4761558277b2ef90ecbd6e0d13f69ccd436989a51a11f12b83
20968194,Dilli Burger Adda,Sector 4,Delhi NCR,6462480276,2024-12-29 00:50:00,Delivered,Zomato Delivery,2.0,"1 x Grilled Paneer Burger, 1 x Atomic Veg Burger, 1 x Dirty Saucy Fries",Flat Rs.175 off,925.0,38.4,157.0,0.0,0.0,0.0,806.4,,,,27.28,28.5,Incorrectly,,df2becc334775c3f36fc776cecd27b43c454d32cf0fbfb5ffbeae10fade94bda
20968194,Dilli Burger Adda,Sector 4,Delhi NCR,6454859292,2024-12-25 20:46:00,Delivered,Zomato Delivery,6.0,1 x Classic Bacon Melt Tenderloin Burger,50% off upto Rs.100,420.0,14.9,90.0,0.0,0.0,32.0,312.9,,,,39.92,24.2,Incorrectly,,e494a3a1030f1b5a252351b53beb014d3655b5c30ecc6f7bd25a1f3dff140c07
20968206,Dilli Burger Adda,Greater Kailash 2 (GK2),Delhi NCR,6425811090,2024-12-29 20:18:00,Delivered,Zomato Delivery,5.0,"1 x Grilled Chicken Dirty Burger, 1 x Peri Peri Fries",,548.0,24.66,0.0,0.0,0.0,54.8,517.86,,,,28.5,15.5,Incorrectly,,51048113d324f042aa291422f52e6b3ce78167435fef98db6b58429a223cd9ec
21077127,Aura Pizzas,Sector 135,Delhi NCR,6466631826,2024-12-31 13:39:00,Delivered,Zomato Delivery,3.0,1 x Bageecha Pizza,50% off upto Rs.100,599.0,25.45,90.0,0.0,0.0,0.0,534.45,,,,16.9,17.6,Incorrectly,,c5256e6bb35321018e6dab59d6da7d5cf4ca4f10d6b11a1fb5fc63d689be346c
21077127,Aura Pizzas,Sector 135,Delhi NCR,6463606490,2024-12-28 18:36:00,Delivered,Zomato Delivery,5.0,3 x Makhani Paneer Pizza,Flat Rs.175 off,2247.0,103.6,175.0,0.0,0.0,0.0,2175.6,,,,16.7,16.6,Incorrectly,,2086aa384b3fbca2898e6165ae33e0afa720ae97e913d96af99e7e2a3f032d72
21077127,Aura Pizzas,Sector 135,Delhi NCR,6470128636,2024-12-26 20:49:00,Delivered,Zomato Delivery,1.0,1 x Onion Rings,50% off upto Rs.100,229.0,6.95,90.0,0.0,0.0,0.0,145.95,,,,8.33,19.2,Incorrectly,Poor taste or quality,8c54e6d6d1421cf193f58811d5be6b56bee4ab4b112070a0b07df38c638c772b
21077127,Aura Pizzas,Sector 135,Delhi NCR,6458110838,2024-12-21 22:28:00,Delivered,Zomato Delivery,4.0,"1 x Indian Masala Fries, 1 x Chilli Cheese Garlic Bread, 1 x Bageecha Pizza",Flat Rs.175 off,1056.0,44.05,175.0,0.0,0.0,0.0,925.05,,,,20.58,12.5,Incorrectly,,44579995047dac38393a5525de43499a796534f28940cbf235b55ca4f618a5ae
21173951,Aura Pizzas,Vasant Kunj,Delhi NCR,6474525871,2024-12-31 18:22:00,Delivered,Zomato Delivery,5.0,"1 x Peri Peri Paneer Pizza, 1 x Jamaican Chicken Melt",Flat Rs.300 off,1248.0,47.4,300.0,0.0,0.0,0.0,995.4,,,,21.13,12.5,Incorrectly,,6d4ac17f9c8b4223f16f21ab8d42257f2259908f47362a6cdca9ae19f85df4db
21173951,Aura Pizzas,Vasant Kunj,Delhi NCR,6480746975,2024-12-31 13:13:00,Delivered,Zomato Delivery,4.0,"1 x Angara Paneer Melt, 1 x Peri Peri Chicken Melt",,938.0,34.68,0.0,244.5,0.0,0.0,728.18,,,,24.53,15.6,Incorrectly,,30a3fd5ad8ce094cf83c0518e441db08e53af9adc0cbcdd2d10962f48eff9267
21309083,Swaad,Shahdara,Delhi NCR,6465153604,2024-12-26 19:09:00,Delivered,Zomato Delivery,1.0,1 x Bone in Peri Peri Grilled Chicken,,585.0,29.25,0.0,0.0,0.0,0.0,614.25,,,,12.95,11.5,Incorrectly,,6fa9817f7e161e3736f968be3af9d0f74f97aa386e7b8add1f1d03eba4476a4d
20320607,Swaad,Sector 4,Delhi NCR,6509594726,2025-01-09 02:42:00,Delivered,Zomato Delivery,6.0,1 x Grilled Chicken Peri Peri Boneless Breast,,325.0,16.25,0.0,0.0,0.0,0.0,341.25,,,,18.37,13.6,Incorrectly,,b9b275352d32006457fbb1e8bd987c56b0fe99b0e0e8082e0d9e316717caf0e2
20320607,Swaad,Sector 4,Delhi NCR,6496210425,2025-01-06 18:58:00,Delivered,Zomato Delivery,4.0,"1 x Grilled Chicken Jamaican Tangdi, 1 x Grilled Chicken Smoky BBQ Tangdi",Flat 15% off,810.0,35.03,109.35,0.0,0.0,0.0,735.68,,,,15.02,10.7,Incorrectly,,44f8f2ed6a29f4609778a19514dc9e91452777dd97c37eba8bca339338b54ff5
20554001,Swaad,Greater Kailash 2 (GK2),Delhi NCR,6503779281,2025-01-08 14:52:00,Delivered,Zomato Delivery,5.0,"1 x Angara Grilled Paneer (8 pcs), 1 x AAC Saucy Fries, 1 x Bone in Angara Grilled Chicken",,880.0,44.0,0.0,0.0,0.0,0.0,924.0,,,,18.98,12.2,Incorrectly,,85a69c77e6c73a8f2f36139d4d936cef036bc5057113fe0c56e2cedc952ef551
20554001,Swaad,Greater Kailash 2 (GK2),Delhi NCR,6497866398,2025-01-04 11:10:00,Delivered,Zomato Delivery,2.0,1 x Fried Chicken Peri Peri Tender,50% off upto Rs.100,460.0,18.5,90.0,0.0,0.0,0.0,388.5,,,,19.43,10.8,Incorrectly,,50803afbfff2d3452eff99984471f64c8377c574a98ac9b13774aa13fa180e20
20635699,Aura Pizzas,Greater Kailash 2 (GK2),Delhi NCR,6512547209,2025-01-09 20:05:00,Delivered,Zomato Delivery,2.0,"1 x All About Chicken Pizza, 1 x Murgh Amritsari Garlic Bread",Flat 15% off,1178.0,50.95,159.03,0.0,0.0,0.0,1069.92,,,,20.78,12.5,Incorrectly,,3f712b4e8457db32d39e386656a908f27e6ba4c039de233585ff49edcd206df1
20635699,Aura Pizzas,Greater Kailash 2 (GK2),Delhi NCR,6480688815,2025-01-01 21:19:00,Delivered,Zomato Delivery,2.0,1 x Bageecha Pizza,Flat Rs.100 off,599.0,29.95,0.0,0.0,0.0,0.0,628.95,,,,32.55,24.9,Incorrectly,,6988735c739916f19581527853c6e1512ddf9a0fea56af689e60d826e3f6e5f2
20659868,Aura Pizzas,Sector 4,Delhi NCR,6505034491,2025-01-09 19:07:00,Delivered,Zomato Delivery,3.0,"1 x Pepperoni Garlic Bread, 1 x Loaded Korean Grilled Chicken Pizza, 1 x Cheesy Garlic Bread, 1 x Loaded Jamaican Grilled Chicken Pizza, 1 x Bageecha Pizza",Flat 15% off,2885.0,124.78,389.48,0.0,0.0,0.0,2620.3,,,,29.8,21.6,Incorrectly,,7db0f352403194ad9867929584a2c25afdc6257f691c2f4433334dfb458eee45
20659868,Aura Pizzas,Sector 4,Delhi NCR,6500298952,2025-01-06 19:45:00,Delivered,Zomato Delivery,10.0,"1 x Indian Masala Cripser Fries, 1 x Mushroom Pizza",Flat Rs.175 off,1018.0,38.84,157.0,0.0,0.0,84.3,815.54,,,,16.38,14.6,Incorrectly,,e318414ab65607c15c42871e7ea7feedacff329e0111314f411dc1fff052eb89
20659868,Aura Pizzas,Sector 4,Delhi NCR,6502923546,2025-01-06 19:24:00,Delivered,Zomato Delivery,19.0,"2 x Jamaican Chicken Melt, 2 x Murgh Amritsari Seekh Melt",Flat Rs.300 off,1996.0,86.3,270.0,0.0,0.0,0.0,1812.3,5.0,,,26.42,13.2,Incorrectly,,398d45adfbc9c6d6219e31441183133dd07d97093c03a0b226d3cc4009a2c548
20659868,Aura Pizzas,Sector 4,Delhi NCR,6500551062,2025-01-06 18:34:00,Delivered,Zomato Delivery,3.0,1 x Peanut Butter Chocolate Pide,60% off upto Rs.120,309.0,10.95,90.0,0.0,0.0,0.0,229.95,,,,22.6,16.9,Incorrectly,,2e52b9c6e5bb768e3659003db09dee56f4567356357b0e9eee1928a03dd591fd
20659868,Aura Pizzas,Sector 4,Delhi NCR,6498717373,2025-01-05 12:21:00,Delivered,Zomato Delivery,1.0,"1 x Jamaican Chicken Melt, 3 x Chilli Cheese Garlic Bread, 1 x Bageecha Pizza, 1 x Makhani Paneer Pizza, 1 x Just Pepperoni Pizza, 1 x Mushroom Pizza, 1 x All About Chicken Pizza, 1 x Loaded Korean Grilled Chicken Pizza",Flat 15% off,6259.0,270.7,844.97,0.0,0.0,0.0,5684.73,5.0,,,28.87,30.5,Incorrectly,,4cea2c0e8538581a212461af512de0a460ad6c255a1dcf77a5fa207b8a1b8ee1
20659868,Aura Pizzas,Sector 4,Delhi NCR,6494502053,2025-01-03 21:58:00,Delivered,Zomato Delivery,4.0,"1 x Murgh Amritsari Seekh Pide, 1 x Masala Paneer Pide",60% off upto Rs.120,668.0,28.9,90.0,0.0,0.0,0.0,606.9,,,,16.98,11.0,Incorrectly,,061f0e06e0f3e9f1b0b41fa2671f8ee83c72d6b9d218c57e9b77980f29f9db67
20659868,Aura Pizzas,Sector 4,Delhi NCR,6491573562,2025-01-03 19:13:00,Delivered,Zomato Delivery,9.0,"1 x Bageecha Pizza, 3 x Malai Gud Pide, 1 x Murgh Amritsari Seekh Pizza",,2385.0,119.25,0.0,0.0,0.0,0.0,2504.25,,,,24.18,18.6,Incorrectly,,e1fee0ad6fa37a1eb8be2993e5406c12a649cbd1044e0fa8b3b67bfe85882a70
20659868,Aura Pizzas,Sector 4,Delhi NCR,6487535840,2025-01-02 20:32:00,Delivered,Zomato Delivery,6.0,"1 x Makhani Paneer Pizza, 1 x Cheesy Garlic Bread, 1 x All About Chicken Pizza",Flat Rs.300 off,1756.0,74.3,270.0,0.0,0.0,0.0,1560.3,,,,18.1,10.5,Incorrectly,,a39bcd5a0e3c7abe9c0689740271e36a829fe9b353f3a84e041f2a68ce9a74b5
20659868,Aura Pizzas,Sector 4,Delhi NCR,6484021625,2025-01-02 02:27:00,Delivered,Zomato Delivery,4.0,"1 x Makhani Paneer Pizza, 1 x Bacon Pepperoni Melt, 1 x Murgh Amritsari Seekh Pizza, 1 x Tripple Cheese Pizza",Flat 15% off,3212.0,138.92,433.62,0.0,0.0,0.0,2917.3,,,,70.5,73.8,Incorrectly,,ef2f5ef6d2e0f7dce89b41391bf8787710802b9223cce35094e58efa50576bef
20659868,Aura Pizzas,Sector 4,Delhi NCR,6486935317,2025-01-01 15:36:00,Delivered,Zomato Delivery,9.0,2 x Masala Paneer Pide,Buy 1 Get 1 - ₹319.00,319.0,15.95,0.0,0.0,0.0,0.0,334.95,,,,18.65,18.7,Incorrectly,,f22e21c5e6d03dc17e09db24c74aa2e31027e86a233494adfd215b4a04dad24a
20659868,Aura Pizzas,Sector 4,Delhi NCR,6489425980,2025-01-01 13:21:00,Delivered,Zomato Delivery,2.0,1 x Cheesy Garlic Bread,,298.0,14.9,0.0,0.0,0.0,0.0,312.9,,,,14.22,12.0,Incorrectly,,97e6812c7ebfbb5f05efe48d78abe0fd07f575f405a289d3541aa9d81417ba92
20659868,Aura Pizzas,Sector 4,Delhi NCR,6480975880,2025-01-01 12:23:00,Delivered,Zomato Delivery,2.0,2 x Mutton Seekh Pizza,,1358.0,33.95,0.0,679.0,0.0,0.0,712.95,4.0,,,17.53,22.9,Incorrectly,,14cdc51fd83b41abf4f9fbf5b4d5112c58feb8809113bdd436011432bf7e7eca
20882652,Aura Pizzas,DLF Phase 1,Delhi NCR,6500429956,2025-01-06 11:09:00,Delivered,Zomato Delivery,2.0,1 x Chilli Cheese Garlic Bread,50% off upto Rs.100,259.0,8.45,90.0,0.0,0.0,0.0,177.45,,,,14.95,13.5,Incorrectly,,1c259bbf02146ccdf75d14fa008fada8e0435d567d23a45644a21e90a525b1d3
20882652,Aura Pizzas,DLF Phase 1,Delhi NCR,6494944334,2025-01-05 19:14:00,Delivered,Zomato Delivery,7.0,"1 x Bageecha Pizza, 1 x Chilli Cheese Garlic Bread",Flat 15% off,918.0,39.7,123.93,0.0,0.0,0.0,833.77,,,,14.85,16.9,Incorrectly,,211e2c639111a9b686e09172a38b0256940da0db95a9930b832a23921a939f81
20882652,Aura Pizzas,DLF Phase 1,Delhi NCR,6491273567,2025-01-02 13:04:00,Delivered,Zomato Delivery,5.0,"1 x Peri Peri Chicken Melt, 1 x Pepperoni Garlic Bread",,768.0,19.2,0.0,384.0,0.0,0.0,403.2,5.0,,,21.68,13.9,Incorrectly,,348ef15e51e9aa399b561eb1c85d8c56f64471dfb5b71ef9be96ccf8cd478559
20882652,Aura Pizzas,DLF Phase 1,Delhi NCR,6492625346,2025-01-02 11:19:00,Delivered,Zomato Delivery,6.0,1 x Margherita Pizza,,538.0,24.21,0.0,0.0,0.0,53.8,508.41,,,,17.55,10.2,Incorrectly,,7aaed2b522e58df24b2f4695c8bd3cca44bdfc12c0194e09cef01ce461eaf218
20882652,Aura Pizzas,DLF Phase 1,Delhi NCR,6488049622,2025-01-01 20:24:00,Delivered,Zomato Delivery,3.0,"1 x Peri Peri Paneer Pizza, 1 x Angara Paneer Melt",Buy 1 Get 1 - ₹449.00,579.0,28.95,0.0,0.0,0.0,0.0,607.95,,,,18.52,13.7,Incorrectly,,fd16b474b3a22789c1d866a980cea241f1a1b8d4727b1f42b184e5bf6402abfa
20882652,Aura Pizzas,DLF Phase 1,Delhi NCR,6488304606,2025-01-01 20:12:00,Delivered,Zomato Delivery,5.0,2 x Jamaican Chicken Melt,Buy 1 Get 1 - ₹479.00,479.0,23.95,0.0,0.0,0.0,0.0,502.95,,,,19.28,11.1,Incorrectly,,1f7b46027ad7b439232260ae6caf8f16debf62569801e5e074de3b1d9c1e170c
20882652,Aura Pizzas,DLF Phase 1,Delhi NCR,6490217697,2025-01-01 18:56:00,Delivered,Zomato Delivery,6.0,"1 x Murgh Amritsari Seekh Pizza, 1 x All About Chicken Pizza",Buy 1 Get 1 - ₹629.00,659.0,32.95,0.0,0.0,0.0,0.0,691.95,,,,17.78,12.0,Incorrectly,,07a86fd075d5acf4983daf729318877ca1584e62348b8813b930f797effc6bad
20882652,Aura Pizzas,DLF Phase 1,Delhi NCR,6488839992,2025-01-01 18:49:00,Delivered,Zomato Delivery,2.0,"2 x Murgh Amritsari Seekh Pide, 1 x Margherita Pizza, 1 x Angara Paneer Melt, 1 x Chicken Pepperoni Pizza, 1 x Peri Peri Paneer Pizza, 1 x Bellpepper Onion Pizza, 1 x Jamaican Chicken Melt, 1 x Spinach Sumac Pide, 1 x Masala Paneer Pide, 2 x Herbed Potato",Buy 1 Get 1 - ₹2323.00,2463.0,123.15,0.0,0.0,0.0,0.0,2586.15,5.0,,,26.17,12.9,Incorrectly,,5be965a6260a7361ce2ecc41cf4c166ddcc47a6acabf073661b756929dc923fd
20882713,Swaad,DLF Phase 1,Delhi NCR,6509477443,2025-01-08 19:00:00,Delivered,Zomato Delivery,2.0,"1 x Grilled Chicken Angara Tender, 1 x Fried Chicken Peri Peri Tender",Flat 15% off,635.0,27.46,85.73,0.0,0.0,0.0,576.73,,,,18.55,11.5,Incorrectly,,70a955dc5306af93c36ab66ca6e6c8d291fa633acfdbe75a6d3365cd5ca24468
20882713,Swaad,DLF Phase 1,Delhi NCR,6496394715,2025-01-05 20:20:00,Delivered,Zomato Delivery,3.0,"1 x Animal Fries, 1 x Bone in Peri Peri Grilled Chicken",Flat 15% off,665.0,28.76,89.78,0.0,0.0,0.0,603.98,,,,16.35,14.6,Incorrectly,,1ebb9af211f9ddbb3dfdab36f3f5603c0fa8352f3b61bd5afc6628348394f6bd
21077127,Aura Pizzas,Sector 135,Delhi NCR,6490198819,2025-01-03 18:59:00,Delivered,Zomato Delivery,3.0,"1 x Masala Paneer Pide, 1 x Peri Peri Crisper Fries",,638.0,31.9,0.0,0.0,0.0,0.0,669.9,,,,14.68,12.9,Incorrectly,,c039829617279554e2a68e143b82eaef9d3921f521ea689f8687cef9c26da4a4
21077127,Aura Pizzas,Sector 135,Delhi NCR,6483931257,2025-01-01 20:38:00,Delivered,Zomato Delivery,7.0,"1 x Murgh Amritsari Seekh Melt, 1 x Jamaican Chicken Melt",Buy 1 Get 1 - ₹479.00,479.0,23.95,0.0,0.0,0.0,0.0,502.95,,,,2.85,13.7,Incorrectly,,e0b06e0d07a223c86b7f61f348c3aa72a56d3b4ff59d7a7231e7508ff4f20384
20320607,Swaad,Sector 4,Delhi NCR,6538898143,2025-01-20 11:16:00,Delivered,Zomato Delivery,3.0,"1 x Fried Chicken Angara Tender, 1 x Fried Chicken Peri Peri Tender",Buy 1 Get 1 - ₹460.00,460.0,23.0,0.0,0.0,0.0,0.0,483.0,5.0,,,17.47,17.3,Incorrectly,,ef6d92983fd3ad66734c7cb2a8a7c2e9b8599faeba85f156d6284ccec8e62e06
20320607,Swaad,Sector 4,Delhi NCR,6519937816,2025-01-19 18:55:00,Delivered,Zomato Delivery,2.0,"2 x Herbed Potato, 6 x Grilled Chicken Jamaican Boneless Breast, 1 x Kabuli Grilled Paneer (8 pcs)",Flat 20% off,3441.0,141.08,619.38,0.0,0.0,0.0,2962.7,,,,28.83,19.1,Incorrectly,,7ca81b9d40d023438eb17f6e2d31db8b06f4d8d83d8fd88c459fd409b966fe49
20320607,Swaad,Sector 4,Delhi NCR,6527964296,2025-01-16 12:42:00,Delivered,Zomato Delivery,3.0,"2 x Grilled Chicken Jamaican Tender, 1 x Herbed Potato",Flat 20% off,1288.0,52.81,231.84,0.0,0.0,0.0,1108.97,,,,18.47,15.4,Incorrectly,,1c8c41e64dad8da0a77ec7991b2566a7b1182c9a383ec6a9557fb9907e15134e
20554001,Swaad,Greater Kailash 2 (GK2),Delhi NCR,6539338660,2025-01-20 21:58:00,Delivered,Zomato Delivery,2.0,"1 x Bone in Kabuli Grilled Chicken, 1 x Bone in Jamaican Grilled Chicken, 1 x Bone in Peri Peri Grilled Chicken, 1 x Bone in Angara Grilled Chicken",Buy 1 Get 1 - ₹620.00,620.0,31.0,0.0,0.0,0.0,0.0,651.0,,,,24.08,17.9,Incorrectly,,9f42fddcc0618b28e4631531d63783d8d23cc8af763973b92129716bf5a4f369
20554001,Swaad,Greater Kailash 2 (GK2),Delhi NCR,6536903800,2025-01-18 20:12:00,Delivered,Zomato Delivery,4.0,1 x Fried Chicken Peri Peri Tender,Flat Rs.50 off,520.0,24.0,40.0,0.0,0.0,0.0,504.0,1.0,,,20.08,13.9,Incorrectly,,4080cb6d978f8a8e721d2f25977c950d9997cbc6bda88ad592017ca92d9842bb
20554001,Swaad,Greater Kailash 2 (GK2),Delhi NCR,6533338495,2025-01-18 02:02:00,Delivered,Zomato Delivery,1.0,1 x Grilled Chicken Afghani Boneless Breast,50% off upto Rs.100,325.0,12.25,80.0,0.0,0.0,0.0,257.25,,,,16.65,11.6,Incorrectly,,8883dc02f2845f20d94ef573e6a104238e5621632968b7eb92c35b4dc6685c4e
20554001,Swaad,Greater Kailash 2 (GK2),Delhi NCR,6532724128,2025-01-18 00:22:00,Delivered,Zomato Delivery,3.0,"1 x AAC Grilled Chicken Burger, 1 x AAC Grilled Paneer Burger",Flat 15% off,720.0,31.14,97.2,0.0,0.0,0.0,653.94,,,,23.4,13.1,Incorrectly,,c5ac734188e2a825fa6efd94817d12490ae128fce07a0540765f58a3aa4a1c4f
20635699,Aura Pizzas,Greater Kailash 2 (GK2),Delhi NCR,6530390810,2025-01-16 17:33:00,Delivered,Zomato Delivery,2.0,"1 x Murgh Amritsari Seekh Pizza, 1 x Margherita Pizza, 1 x Peri Peri Chicken Melt",,1827.0,82.22,0.0,0.0,0.0,182.7,1726.52,,,,22.7,12.5,Incorrectly,,fb030711dc72929461c37e00c9440eead6f57c51dd051689eb6d12dc68797ed1
20635699,Aura Pizzas,Greater Kailash 2 (GK2),Delhi NCR,6530372391,2025-01-16 12:03:00,Delivered,Zomato Delivery,1.0,"1 x Murgh Amritsari Garlic Bread, 1 x Just Pepperoni Pizza",,1188.0,59.4,0.0,0.0,0.0,0.0,1247.4,,,,17.92,10.6,Incorrectly,,d62b0e918c2ded36d779a45ac804284d2f19e391bde18a92676ea8ad6dc2648e
20635699,Aura Pizzas,Greater Kailash 2 (GK2),Delhi NCR,6523617382,2025-01-15 01:06:00,Delivered,Zomato Delivery,1.0,"1 x Bacon Pepperoni Melt, 1 x Grilled Chicken Tangdi",Flat Rs.175 off,1096.0,46.95,157.0,0.0,0.0,0.0,985.95,,,,19.33,12.5,Incorrectly,,8e5ab440dd78c80bd417ea56cb786fb9cd8da45bdd8c7e4e2539cc780a6174c9
20635699,Aura Pizzas,Greater Kailash 2 (GK2),Delhi NCR,6521731035,2025-01-13 18:52:00,Delivered,Zomato Delivery,9.0,1 x Jamaican Chicken Melt,50% off upto Rs.100,499.0,20.45,90.0,0.0,0.0,0.0,429.45,,,,16.17,13.4,Incorrectly,,d4cf9427b70c6a8c50f6793cdf2caefd1017c4cd6d8671e3afef19bb8bcb015b
20635699,Aura Pizzas,Greater Kailash 2 (GK2),Delhi NCR,6504773243,2025-01-11 13:17:00,Delivered,Zomato Delivery,5.0,"1 x Chilli Cheese Garlic Bread, 1 x Masala Paneer Pide",50% off upto Rs.100,598.0,25.4,90.0,0.0,0.0,0.0,533.4,,,,20.65,13.9,Incorrectly,,3f08de7dbb9a597b5f1080577012de6ab550f586c9b61b08e06fba20d53b9620
20659868,Aura Pizzas,Sector 4,Delhi NCR,6536056389,2025-01-18 15:32:00,Delivered,Zomato Delivery,3.0,"1 x Angara Paneer Melt, 1 x Margherita Pizza, 1 x Tipsy Tiger Ginger Ale",Flat Rs.175 off,1166.05,50.45,157.0,0.0,0.0,0.0,1059.5,,,,17.1,15.0,Incorrectly,,530dbca24f9f3c1dd54aeb3ccf9abe50a6870ca5306e62c03cebd366953104d7
20659868,Aura Pizzas,Sector 4,Delhi NCR,6532043535,2025-01-17 18:55:00,Delivered,Zomato Delivery,5.0,1 x All About Chicken Pizza,Flat Rs.150 off,679.0,27.95,120.0,0.0,0.0,0.0,586.95,,,,28.93,23.6,Incorrectly,,4c5003dbac5f01e8ad4619f5ca85186ef1bd9deed15299d2de7f7ecbae759f83
20659868,Aura Pizzas,Sector 4,Delhi NCR,6526445852,2025-01-14 18:17:00,Delivered,Zomato Delivery,8.0,"1 x Peanut Butter Chocolate Pide, 1 x Mushroom Mozzarella Melt",Buy 1 Get 1 - ₹309.00,479.0,23.95,0.0,0.0,0.0,0.0,502.95,,,,19.73,10.8,Incorrectly,Poor taste or quality,f6773797c24cc58a7b36211533167920c94d093dc24523c0a7425e4d42523644
20659868,Aura Pizzas,Sector 4,Delhi NCR,6522569288,2025-01-13 00:47:00,Delivered,Zomato Delivery,5.0,1 x Jamaican Chicken Melt,60% off upto Rs.120,499.0,20.45,90.0,0.0,0.0,0.0,429.45,,,,15.22,15.0,Incorrectly,,ba9e0260de1d84044cc6fa4de18444c51f7fc341bb12641c4bb3a26233386caf
20882652,Aura Pizzas,DLF Phase 1,Delhi NCR,6515726161,2025-01-11 12:57:00,Delivered,Zomato Delivery,1.0,"1 x Just Pepperoni Pizza, 1 x Margherita Pizza",Flat Rs.300 off,1568.0,64.9,270.0,0.0,0.0,0.0,1362.9,,,,21.22,12.3,Incorrectly,,a107412cdfc2b31c49c7b63145b6195c7b40a4014c7e80246d484d7419646821
20882652,Aura Pizzas,DLF Phase 1,Delhi NCR,6516374116,2025-01-11 12:54:00,Delivered,Zomato Delivery,5.0,1 x Murgh Amritsari Seekh Pizza,,649.0,16.23,0.0,324.5,0.0,0.0,340.73,,,,14.48,16.7,Incorrectly,,45e1de5c105f0e0a1d5baecffa3d145a94f26b66ca97fe0c83ecedd96f5420b9
20882713,Swaad,DLF Phase 1,Delhi NCR,6542983663,2025-01-20 18:31:00,Delivered,Zomato Delivery,4.0,"1 x Animal Fries, 1 x Bone in Kabuli Grilled Chicken",Buy 1 Get 1 - ₹310.00,355.0,17.75,0.0,0.0,0.0,0.0,372.75,,,,21.82,11.3,Incorrectly,,3fd2102ab5e3343354c662d2a086dc7349b290e8650221aeed29c136c3c1c7f6
20882713,Swaad,DLF Phase 1,Delhi NCR,6540612134,2025-01-20 17:30:00,Delivered,Zomato Delivery,7.0,"2 x Angara Sauce, 1 x Fried Chicken Angara Tender, 1 x Fried Chicken Kabuli Tender",Buy 1 Get 1 - ₹385.00,385.0,19.25,0.0,0.0,0.0,0.0,404.25,,,,20.87,17.8,Incorrectly,,b87b115e3d8d4679f33d4d5a27da20af3a25c7e270b9f88f65056fd489c84346
20882713,Swaad,DLF Phase 1,Delhi NCR,6537090075,2025-01-20 12:37:00,Delivered,Zomato Delivery,4.0,2 x Bone in Peri Peri Grilled Chicken,Buy 1 Get 1 - ₹430.00,430.0,21.5,0.0,0.0,0.0,0.0,451.5,5.0,,,18.73,11.6,Incorrectly,,5710f883f2df9ee226071e55edbeaecab823146379d891edcb92261f5c56a7b0
20968171,Dilli Burger Adda,DLF Phase 1,Delhi NCR,6530825464,2025-01-16 17:59:00,Delivered,Zomato Delivery,2.0,"1 x Mutton Smashed Burger, 1 x Grilled Chicken Dirty Burger",,700.0,17.5,0.0,350.0,0.0,0.0,367.5,,,,14.28,13.5,Incorrectly,,ffe786f8e9251c9304a25b4c2d1992798361dcd79cc2cdaf4493aa325e76d35c
21077127,Aura Pizzas,Sector 135,Delhi NCR,6525651188,2025-01-14 21:05:00,Delivered,Zomato Delivery,15.0,"1 x Bacon Pepperoni Melt, 1 x Tripple Cheese Pizza, 1 x All About Chicken Pizza, 1 x Mutton Seekh Pizza, 2 x Fried Chicken Tenders",Buy 1 Get 1 - ₹1535.00,2277.0,113.85,0.0,0.0,0.0,0.0,2390.85,,,,26.48,16.4,Incorrectly,,541961322fd448b6376edac37aecd56c8eda8babe28256ebdfa217a3afe52765
21077127,Aura Pizzas,Sector 135,Delhi NCR,6520848264,2025-01-14 16:12:00,Delivered,Zomato Delivery,1.0,"1 x Peri Peri Crisper Fries, 1 x Tripple Cheese Pizza, 1 x Indian Masala Cripser Fries, 1 x Bageecha Pizza",Buy 1 Get 1 - ₹968.00,1028.0,51.4,0.0,0.0,0.0,0.0,1079.4,,,,15.75,17.0,Incorrectly,,672690115e23361716f009b630bdf559c58f7f3cd993fb6a99f1a274d427ded2
21077127,Aura Pizzas,Sector 135,Delhi NCR,6525481199,2025-01-14 16:08:00,Delivered,Zomato Delivery,3.0,"1 x Makhani Paneer Pizza, 1 x All About Chicken Pizza",Buy 1 Get 1 - ₹609.00,679.0,33.95,0.0,0.0,0.0,0.0,712.95,,,,17.45,13.2,Incorrectly,,26e57df7f330deaaac5c6138ede6527ba40142e7006fc8da320b923197c17801
21077127,Aura Pizzas,Sector 135,Delhi NCR,6520082223,2025-01-14 14:45:00,Delivered,Zomato Delivery,1.0,2 x Tripple Cheese Pizza,,1538.0,38.45,0.0,769.0,0.0,0.0,807.45,,,,18.32,15.6,Incorrectly,,415a595671eafb35376740cc70bf6e237b5856cea9996830d7e356052e40d7b7
21077127,Aura Pizzas,Sector 135,Delhi NCR,6513147145,2025-01-11 14:09:00,Delivered,Zomato Delivery,4.0,"1 x Murgh Amritsari Seekh Pizza, 1 x Spinach Sumac Pide",,998.0,24.95,0.0,499.0,0.0,0.0,523.95,5.0,,,19.82,17.0,Incorrectly,,5828fbbbf9796025bf656615d60a060162f5b1d266dab6b2bf42ca9a31058085
20320607,Swaad,Sector 4,Delhi NCR,6559707641,2025-01-28 15:50:00,Delivered,Zomato Delivery,2.0,"1 x Fried Chicken Beast AAC Burger, 1 x Bone in Smoky Bbq Grilled Chicken, 1 x Bone in Peri Peri Grilled Chicken",Flat 15% off,1194.0,51.64,161.19,0.0,0.0,0.0,1084.45,,,,16.87,11.6,Incorrectly,,57220ebd0b15a1458f5237fe91112d5a85ee7536f36533d3c8777dccb7611340
20554001,Swaad,Greater Kailash 2 (GK2),Delhi NCR,6541164543,2025-01-21 19:15:00,Delivered,Zomato Delivery,3.0,"1 x AAC Saucy Fries, 1 x Fried Chicken Angara Tender",Flat 15% off,735.0,31.79,99.23,0.0,0.0,0.0,667.56,,,,16.62,12.9,Incorrectly,,d988ed5c851e6f5e49f61afbfd0d615a24a1185807a1149a80568aa99fc7b447
20635699,Aura Pizzas,Greater Kailash 2 (GK2),Delhi NCR,6564236377,2025-01-30 12:49:00,Delivered,Zomato Delivery,6.0,"1 x Cheesy Garlic Bread, 1 x Peri Peri Chicken Melt",Flat Rs.150 off,748.0,31.4,120.0,0.0,0.0,0.0,659.4,,,,12.2,10.3,Incorrectly,,57d5eee03366165bdee4181f3ec01b489725c8eaf942e54ff1fee583b79f0bf0
20635699,Aura Pizzas,Greater Kailash 2 (GK2),Delhi NCR,6564291283,2025-01-28 20:45:00,Delivered,Zomato Delivery,7.0,1 x All About Chicken Pizza,Flat Rs.150 off,679.0,27.95,120.0,0.0,0.0,0.0,586.95,,,,12.37,12.6,Incorrectly,,3582bfeccccc5cdc6ef98083269d86736a9a47ada280b4952a66d2bdc6d58dbe
20635699,Aura Pizzas,Greater Kailash 2 (GK2),Delhi NCR,6555176581,2025-01-25 15:11:00,Delivered,Zomato Delivery,9.0,"1 x Mutton Seekh Pizza, 2 x Fried Chicken Tenders, 1 x Loaded Pork Pepperoni Pizza",Flat Rs.150 off,1908.0,89.4,120.0,0.0,0.0,0.0,1877.4,,,,22.73,16.3,Incorrectly,,d7ff5f04509804dd77032c0eda2f1467a9e8a72dc7d02e04673dce0a736a6186
20635699,Aura Pizzas,Greater Kailash 2 (GK2),Delhi NCR,6549432506,2025-01-24 13:55:00,Delivered,Zomato Delivery,4.0,"1 x Tripple Cheese Pizza, 1 x Murgh Amritsari Seekh Pizza, 1 x Spinach Sumac Pide, 1 x Just Pepperoni Pide",,1966.0,49.15,0.0,983.0,0.0,0.0,1032.15,,,,28.88,10.4,Incorrectly,,1fe7dc1ce084248c6ba14fe939fbe12c46376dbeccaae9daeeabe47af7427f58
20659868,Aura Pizzas,Sector 4,Delhi NCR,6565956128,2025-01-31 19:28:00,Delivered,Zomato Delivery,3.0,"1 x Peri Peri Grilled Chicken Pizza, 1 x Fried Chicken Tenders",Flat Rs.150 off,834.0,35.7,120.0,0.0,0.0,0.0,749.7,,,,20.65,18.9,Incorrectly,,51d1bc93591ce0052d0c999ad43f4a3e1af817d9d9fe4fcd7fced2d4032884e0
20659868,Aura Pizzas,Sector 4,Delhi NCR,6559076968,2025-01-30 20:18:00,Delivered,Zomato Delivery,1.0,1 x Loaded Jamaican Grilled Chicken Pizza,Flat 15% off,859.0,37.15,115.97,0.0,0.0,0.0,780.18,,,,27.8,10.5,Incorrectly,,4a7a557af83e4210ab730673229de961bb351bd9c3e6dfded67cf762065cb1c5
20659868,Aura Pizzas,Sector 4,Delhi NCR,6553646950,2025-01-30 19:48:00,Delivered,Zomato Delivery,2.0,"1 x Murgh Amritsari Garlic Bread, 1 x Bageecha Pizza",Flat Rs.175 off,1128.0,48.55,157.0,0.0,0.0,0.0,1019.55,,,,16.52,14.0,Incorrectly,,24658aa8fa3064eb471f70aaef0f3082d372bbd21e6698e7fd85285d4211ab0f
20659868,Aura Pizzas,Sector 4,Delhi NCR,6567014612,2025-01-29 21:12:00,Delivered,Zomato Delivery,7.0,"1 x Jamaican Chicken Melt, 1 x Cheesy Garlic Bread, 1 x Peri Peri Fries",Flat Rs.150 off,946.0,41.3,120.0,0.0,0.0,0.0,867.3,,,,21.47,14.9,Incorrectly,,de0e644c9b1f0a14c6dcf35eacc6f1cb277b2fd5d3791b1ceffd943703e7ee81
20659868,Aura Pizzas,Sector 4,Delhi NCR,6562853860,2025-01-28 18:26:00,Delivered,Zomato Delivery,8.0,"1 x Makhani Paneer Pizza, 1 x Chilli Cheese Garlic Bread",Flat Rs.150 off,878.0,37.9,120.0,0.0,0.0,0.0,795.9,,,,17.35,18.8,Incorrectly,,8db779785ff16051e78a26ca2d9c6a32c1681775900de117a9938a6780f09c7b
20659868,Aura Pizzas,Sector 4,Delhi NCR,6542445434,2025-01-24 21:15:00,Delivered,Zomato Delivery,13.0,4 x Grilled Chicken Tangdi,,2116.0,105.8,0.0,0.0,0.0,0.0,2221.8,,,,12.4,10.7,Incorrectly,,154773d6ee15f35c549e3f19fc7996edd659875954ff0b5e77c1e0379a15f8d5
20659868,Aura Pizzas,Sector 4,Delhi NCR,6540243148,2025-01-22 18:53:00,Delivered,Zomato Delivery,1.0,1 x Peri Peri Crisper Fries,60% off upto Rs.120,199.0,5.47,89.55,0.0,0.0,0.0,114.92,,,,13.2,15.9,Incorrectly,,851cd0503dae91b08e379728394e41908cd0d7f0ea239bb1b13a18664f57fa6e
20659868,Aura Pizzas,Sector 4,Delhi NCR,6545276528,2025-01-21 21:11:00,Delivered,Zomato Delivery,9.0,"1 x Chilli Cheese Garlic Bread, 1 x Murgh Amritsari Garlic Bread, 1 x Peri Peri Crisper Fries, 1 x Bageecha Pizza, 1 x Peri Peri Grilled Chicken Pizza",Flat 15% off,2094.0,90.57,282.69,0.0,0.0,0.0,1901.88,,,,20.9,10.3,Incorrectly,,59c6bb0f876d47bbf3ac2a99c75e50b8b92c5e8fee31d5e976708e740c79912a
20882652,Aura Pizzas,DLF Phase 1,Delhi NCR,6571647213,2025-01-31 18:49:00,Delivered,Zomato Delivery,1.0,1 x Bageecha Pizza,Flat Rs.150 off,629.0,25.45,120.0,0.0,0.0,0.0,534.45,,,,14.2,12.6,Incorrectly,,ec25fca278570cca8c5d8783ba3cff9cf0a1642e796a9aaf510b1cd21f917369
20882652,Aura Pizzas,DLF Phase 1,Delhi NCR,6544089961,2025-01-25 19:02:00,Delivered,Zomato Delivery,5.0,"1 x Chilli Cheese Garlic Bread, 1 x Cheesy Garlic Bread",Buy 1 Get 1 - ₹249.00,269.0,13.45,0.0,0.0,0.0,0.0,282.45,,,,11.18,12.6,Incorrectly,,e61c098b495bae28221c8f7178fca647ed056c16aa423dde28568b4ab6b93ac8
20882652,Aura Pizzas,DLF Phase 1,Delhi NCR,6540665643,2025-01-24 18:49:00,Delivered,Zomato Delivery,1.0,1 x Bageecha Pizza,,829.0,41.45,0.0,0.0,0.0,0.0,870.45,,,,14.07,11.0,Incorrectly,,354ec27fdcbae4ead2f606b6923419b1a41d4ae6246dc9ea69103c07d0836f88
20882652,Aura Pizzas,DLF Phase 1,Delhi NCR,6547450466,2025-01-22 14:20:00,Delivered,Zomato Delivery,15.0,1 x Angara Paneer Melt,,479.0,23.95,0.0,0.0,0.0,0.0,502.95,,,,13.33,10.7,Incorrectly,,ee15cff9067254d3ca488dcd7524dff0d6cfd064fb0f4d915d1ae7760041226a
20968194,Dilli Burger Adda,Sector 4,Delhi NCR,6552115035,2025-01-25 23:56:00,Delivered,Zomato Delivery,1.0,"1 x Dirty Saucy Fries, 2 x Grilled Chicken Dirty Burger, 1 x Herbed Potato",,1113.0,27.83,0.0,556.5,0.0,0.0,584.33,,,,25.63,25.0,Incorrectly,,7a7f734de179da84231af2bf02f5da8966491b034bb935c4062449dfd681e6f9
21077127,Aura Pizzas,Sector 135,Delhi NCR,6552590228,2025-01-26 19:24:00,Delivered,Zomato Delivery,4.0,1 x All About Chicken Pizza,,938.0,46.9,0.0,0.0,0.0,0.0,984.9,5.0,,,18.83,18.6,Incorrectly,,01d9f85ae4f9d8d5e1107b9cefb5d247abd3d5432ae5edfa820ca3326ab1af90
21077127,Aura Pizzas,Sector 135,Delhi NCR,6557986582,2025-01-26 13:46:00,Delivered,Zomato Delivery,13.0,1 x Bageecha Pizza,,629.0,31.45,0.0,0.0,0.0,0.0,660.45,,,,14.92,11.5,Incorrectly,,3811c6b76e93625a8c7ed3e6ceff1cecca76fe49333a756e01266d516d789b9f
21077127,Aura Pizzas,Sector 135,Delhi NCR,6550164536,2025-01-24 16:50:00,Delivered,Zomato Delivery,1.0,1 x Bageecha Pizza,Flat 15% off,829.0,36.48,99.48,0.0,0.0,0.0,766.0,,,,18.18,13.0,Incorrectly,,739d7fe3f950007519ccc7551c772cfcb358b852fe4dca21fb5ed2af45f302fd
21077127,Aura Pizzas,Sector 135,Delhi NCR,6532722409,2025-01-22 19:32:00,Delivered,Zomato Delivery,6.0,"1 x Murgh Amritsari Seekh Melt, 1 x Mutton Seekh Pizza",Flat Rs.175 off,1188.0,50.65,175.0,0.0,0.0,0.0,1063.65,,,,17.9,19.3,Incorrectly,,e0b06e0d07a223c86b7f61f348c3aa72a56d3b4ff59d7a7231e7508ff4f20384
21077127,Aura Pizzas,Sector 135,Delhi NCR,6545645325,2025-01-21 20:02:00,Delivered,Zomato Delivery,12.0,"1 x Indian Masala Cripser Fries, 1 x Garlic Aioli, 1 x Herbed Potato, 1 x Peri Peri Fries",,605.0,30.25,0.0,0.0,0.0,0.0,635.25,,,,23.1,18.1,Incorrectly,,3b1192bd1ca26c50dedf21444a283aa48d97738cd2b7111cae0c8b62f2f3f923
21077127,Aura Pizzas,Sector 135,Delhi NCR,6543054016,2025-01-21 18:26:00,Delivered,Zomato Delivery,4.0,"1 x Harissa Mayo, 1 x Chilli Cheese Garlic Bread, 1 x Peri Peri Crisper Fries, 1 x Margherita Pizza",Flat Rs.175 off,1077.0,45.1,175.0,0.0,0.0,0.0,947.1,,,,16.32,10.7,Incorrectly,,b9adcb3c31dda26172f879efeeccaf87ef1fb443f01e13f90a0ade5c0064dfd7
21145152,Tandoori Junction,Sector 4,Delhi NCR,6534034310,2025-01-22 18:50:00,Delivered,Zomato Delivery,4.0,1 x Smoky BBQ Boneless Grilled Chicken Breast,,649.0,38.94,0.0,0.0,0.0,0.0,687.94,,,,15.12,14.5,Incorrectly,,11f2f24056c2f71abd19d6f9f29ec3ed450f30d3638db2b3670443ba1eecb014
21309083,Swaad,Sector 135,Delhi NCR,6558403861,2025-01-26 16:33:00,Delivered,Zomato Delivery,9.0,"1 x Angara Grilled Paneer (8 pcs), 1 x Red Rice",,514.0,25.7,0.0,0.0,0.0,0.0,539.7,,,,28.35,27.2,Incorrectly,,d48444e4f82517c9ecb0ba63ea311b9ac4a15df20a089734179632be0f902006
21309083,Swaad,Sector 135,Delhi NCR,6552721086,2025-01-25 21:04:00,Delivered,Zomato Delivery,10.0,"1 x Salted Crisper Fries, 1 x Fried Chicken Beast AAC Burger",Flat 15% off,554.0,23.96,74.79,0.0,0.0,0.0,503.17,,,,19.25,11.5,Incorrectly,,de3821422eedb1ef2747c4b128f0c07bcb970f3babc13c282d62cdd1b4e1a926
