Restaurant ID,Restaurant name,Subzone,City,Order ID,Order Placed At,Order Status,Delivery,Distance,Items in order,Instructions,Discount construct,Bill subtotal,Packaging charges,Restaurant discount (Promo),"Restaurant discount (Flat offs, Freebies & others)",Gold discount,Brand pack discount,Total,Rating,Review,Cancellation / Rejection reason,Restaurant compensation (Cancellation),Restaurant penalty (Rejection),KPT duration (minutes),Rider wait time (minutes),Order Ready Marked,Customer complaint tag,Customer ID,Order Item Count
20320607,Swaad,Sector 4,Delhi NCR,6153489136,"07:21 PM, September 08 2024",Delivered,Zomato Delivery,4km,"2 x Tipsy Tiger Ginger Ale, 1 x Bone in Jamaican Grilled Chicken, 1 x Bone in Smoky Bbq Grilled Chicken",,,858.1,42.91,0.0,0.0,0.0,0.0,901.01,,,,,,20.3,8.6,Correctly,,a4fb8d5447830dfa482d20ce3a20bce637c3a956fba93cee95726869ddb39231,4
20320607,Swaad,Sector 4,Delhi NCR,6153460436,"12:21 AM, September 05 2024",Delivered,Zomato Delivery,10km,"1 x Fried Chicken Peri Peri Tender, 1 x Garlic Aioli, 1 x Fried Chicken Classic Tender, 1 x Indian Pico De-Gallo",,,905.0,26.0,0.0,385.0,0.0,0.0,546.0,,,,,,20.03,2.1,Correctly,,932461e0c80b5cd50d0585d7081ae87732ddf0e5e4d9ea6fc978e38528705fb8,4
20320607,Swaad,Sector 4,Delhi NCR,6147352865,"09:13 PM, September 04 2024",Delivered,Zomato Delivery,4km,"2 x Grilled Chicken Smoky BBQ Tangdi, 1 x Fried Chicken Classic Tender, 1 x Grilled Chicken Jamaican Tender",,,1445.0,36.5,0.0,715.0,0.0,0.0,766.5,,,,,,22.9,1.5,Correctly,,7babac4e1c879400e88c6246478861778312573e3b831070ce9dce1542091e05,4
20320607,Swaad,Sector 4,Delhi NCR,6152451484,"07:49 PM, September 04 2024",Delivered,Zomato Delivery,3km,"2 x Bone in Peri Peri Grilled Chicken, 2 x Garlic Aioli",Order: less spicy please.,,960.0,24.0,0.0,480.0,0.0,0.0,504.0,,,,,,19.27,0.1,Correctly,,3a2f94ba1632c59e184821af36cf18763ebacbd2119bfe63d729077d3c4fe499,4
20320607,Swaad,Sector 4,Delhi NCR,6130555847,"06:13 PM, September 04 2024",Delivered,Zomato Delivery,1km,"2 x Grilled Chicken Peri Peri Tender, 2 x Salted Krispers",,,978.0,24.45,0.0,489.0,0.0,0.0,513.45,1.0,not picking calls and not responding and now arguments that I cannot pick calls ..if you want to cancel the order pls go ahead ,,,,14.28,5.9,Correctly,,f6964b4dbe5c91e63c19798e3aeaeae5bd1b4661f6531954931b2caec13b5adf,4
20320607,Swaad,Sector 4,Delhi NCR,6151773822,"04:42 PM, September 04 2024",Delivered,Zomato Delivery,2km,"1 x Cafreal dip, 1 x Indian Pico De-Gallo, 1 x Bone in Peri Peri Grilled Chicken, 1 x Bone in Angara Grilled Chicken",,,740.0,18.5,0.0,370.0,0.0,0.0,388.5,5.0,,,,,19.73,9.9,Correctly,,8a766ef646ef1de0bbbde631f5117d0bee4dceb361852fb00024f75b1e51011b,4
20554001,Swaad,Greater Kailash 2 (GK2),Delhi NCR,6169113831,"07:00 PM, September 10 2024",Delivered,Zomato Delivery,5km,"1 x Angara Rice, 1 x Fried Chicken Angara Tender, 1 x Angara Aloo Tuk Tuki, 1 x Onion Bombs",,50% off upto Rs.100,789.0,34.45,100.0,0.0,0.0,0.0,723.45,,,,,,21.0,5.9,Correctly,,d6746a64d75c5bf82c17637c2297996def4c4f915364fb85a263b9ad358c7bf2,4
20554001,Swaad,Greater Kailash 2 (GK2),Delhi NCR,6149764916,"10:12 PM, September 09 2024",Delivered,Zomato Delivery,7km,"1 x Fried Chicken Angara Tender, 1 x Fried Chicken Kabuli Tender, 1 x AAC Signature Krispers, 1 x Animal Fries",,Flat Rs.175 off,1204.0,51.45,175.0,0.0,0.0,0.0,1080.45,,,,,,16.68,2.7,Correctly,,960b6543eb5611330f0e49b13ee776597444ca7c81314eb2d8abc73cbd81e0e0,4
20554001,Swaad,Greater Kailash 2 (GK2),Delhi NCR,6162695816,"08:41 PM, September 08 2024",Delivered,Zomato Delivery,5km,"1 x GhostBuster Sauce, 1 x Bone in Peri Peri Grilled Chicken, 1 x Bone in Smoky Bbq Grilled Chicken, 1 x Bone in Jamaican Grilled Chicken",,50% off upto Rs.100,990.0,44.5,100.0,0.0,0.0,0.0,934.5,,,,,,18.42,0.6,Correctly,,057d730ed0a3375de69e7a52622a5cda123cfa526e12fd4122c504fbf81f2c8a,4
20554001,Swaad,Greater Kailash 2 (GK2),Delhi NCR,6158591577,"12:14 AM, September 08 2024",Delivered,Zomato Delivery,2km,"1 x Bone in Jamaican Grilled Chicken, 1 x Grilled Chicken Angara Tangdi, 1 x Bone in Peri Peri Grilled Chicken, 1 x Animal Fries",,Flat Rs.175 off,1380.0,60.25,175.0,0.0,0.0,0.0,1265.25,,,,,,19.6,0.4,Correctly,,372ac9920241d6946f0ea45257b4ae55aed34a1a9112197da30684876304df45,4
20554001,Swaad,Greater Kailash 2 (GK2),Delhi NCR,6162040119,"10:34 PM, September 07 2024",Delivered,Zomato Delivery,7km,"1 x AAC Signature Fries, 1 x Animal Fries, 1 x Fried Chicken Angara Tender, 1 x Cafreal dip",,Flat Rs.175 off,929.0,37.7,175.0,0.0,0.0,0.0,791.7,,,,,,18.98,1.3,Correctly,,960b6543eb5611330f0e49b13ee776597444ca7c81314eb2d8abc73cbd81e0e0,4
20554001,Swaad,Greater Kailash 2 (GK2),Delhi NCR,6153049929,"10:41 PM, September 04 2024",Delivered,Zomato Delivery,7km,"1 x Garlic Aioli, 1 x Cafreal dip, 1 x Bone in Jamaican Grilled Chicken, 1 x Bone in Peri Peri Grilled Chicken",,,1290.0,32.25,0.0,645.0,0.0,0.0,677.25,,,,,,18.53,0.7,Correctly,,fce2e2e461c71e769370ea33a93f36c31af7352b322c96936aa6d658e154afa3,4
20554001,Swaad,Greater Kailash 2 (GK2),Delhi NCR,6149395754,"09:37 PM, September 04 2024",Delivered,Zomato Delivery,1km,"1 x Bone in Kabuli Grilled Chicken, 2 x Garlic Aioli, 1 x Bone in Jamaican Grilled Chicken",,,1290.0,32.25,0.0,645.0,0.0,0.0,677.25,,,,,,23.25,1.1,Correctly,,1a20f30451c13cd56e3561e62f54a8d37d05e3823dca7eb80fac4e27d4747be6,4
20554001,Swaad,Greater Kailash 2 (GK2),Delhi NCR,6145211525,"08:16 PM, September 04 2024",Delivered,Zomato Delivery,1km,"1 x Bone in Jamaican Grilled Chicken, 1 x Bone in Peri Peri Grilled Chicken, 1 x Bone in Smoky Bbq Grilled Chicken, 1 x Bone in Angara Grilled Chicken",,,2340.0,58.5,0.0,1170.0,0.0,0.0,1228.5,4.0,,,,,18.72,0.4,Correctly,,3d27fc416de581dff391a7af0b004b28790fa526d9c3035b693f5e0f72bcccd8,4
20554001,Swaad,Greater Kailash 2 (GK2),Delhi NCR,6151075924,"06:48 PM, September 04 2024",Delivered,Zomato Delivery,4km,"1 x Animal Fries, 2 x Harisa Mayo, 1 x Bone in Jamaican Grilled Chicken",,,785.0,20.75,0.0,370.0,0.0,0.0,435.75,,,,,,22.07,0.4,Correctly,,e820fe42037309204742128445b33cc4752323bab7ff5674c5483279de2b53a3,4
20554001,Swaad,Greater Kailash 2 (GK2),Delhi NCR,6144240421,"06:31 PM, September 04 2024",Delivered,Zomato Delivery,1km,"1 x Grilled Chicken Smoky BBQ Tender, 1 x Grilled Chicken Jamaican Tender, 1 x Salted Fries, 1 x AAC Special Slaw",,,937.0,23.95,0.0,458.0,0.0,0.0,502.95,,,,,,12.6,0.7,Correctly,,fe38e9a74482b3f126dcd5afb5c7b29bcf7222a6cf201c3b6273c1d24355dff2,4
20554001,Swaad,Greater Kailash 2 (GK2),Delhi NCR,6143031049,"04:08 PM, September 04 2024",Delivered,Zomato Delivery,2km,"1 x Garlic Aioli, 1 x AAC Signature Fries, 2 x Grilled Chicken Peri Peri Tangdi",,,1059.0,29.7,0.0,465.0,0.0,0.0,623.7,,,,,,18.12,0.2,Correctly,,8262aff58673f392152c2e19f57ffb62b40d990add339ee28ad9cbf9efde3f8d,4
20554001,Swaad,Greater Kailash 2 (GK2),Delhi NCR,6150530192,"01:22 PM, September 04 2024",Delivered,Zomato Delivery,2km,"1 x Grilled Chicken Angara Tender, 1 x Angara Aloo Tuk Tuki, 1 x Grilled Chicken Jamaican Tender, 1 x Salted Krispers",,,957.0,24.45,0.0,468.0,0.0,0.0,513.45,,,,,,20.35,2.7,Correctly,,d775e8eac0bf356fd581d8752f207dc125b4b17eed9bcd2a32837c77a6b736bb,4
20554001,Swaad,Greater Kailash 2 (GK2),Delhi NCR,6147153950,"07:49 PM, September 03 2024",Delivered,Zomato Delivery,2km,"1 x Grilled Chicken Jamaican Tender, 1 x Grilled Chicken Angara Tender, 1 x Grilled Chicken Ghostbuster Tangdi, 1 x Bone in Peri Peri Grilled Chicken",,Flat Rs.175 off,1765.0,79.5,175.0,0.0,0.0,0.0,1669.5,,,,,,19.63,0.5,Correctly,,b2feee65db0a8a15ed9719d550e8fbe88d0b8d0732ca8fd9c252c86970f8a2ac,4
20554001,Swaad,Greater Kailash 2 (GK2),Delhi NCR,6139878163,"05:43 PM, September 01 2024",Delivered,Zomato Delivery,5km,"1 x Fried Chicken Classic Tender, 1 x Fried Chicken Angara Tender, 2 x Salted Krispers",,Flat Rs.175 off,1278.0,55.15,175.0,0.0,0.0,0.0,1158.15,,,,,,20.57,11.1,Correctly,,9a5890f649f8670edc60d513c58eb3647a906f990f9adc077db545ac4ebbce9a,4
20635699,Aura Pizzas,Greater Kailash 2 (GK2),Delhi NCR,6151952607,"08:37 PM, September 07 2024",Delivered,Zomato Delivery,3km,"1 x Grilled Tangdis, 1 x Peri Peri Fries, 1 x Herbed Potato, 1 x All About Chicken Pizza",,Flat Rs.200 off,1385.0,59.25,200.0,0.0,0.0,0.0,1244.25,,,,,,27.42,0.7,Correctly,,7fdc73035712fcf5135ba59528cb77a6f1764633f78c17bd195123b8ee089b70,4
20635699,Aura Pizzas,Greater Kailash 2 (GK2),Delhi NCR,6160176733,"08:19 PM, September 07 2024",Delivered,Zomato Delivery,4km,"1 x Tipsy Tiger Fresh Lime Soda, 2 x Tipsy Tiger Ginger Ale, 1 x Desi Pepperoni Pizza",,,1016.15,50.81,0.0,0.0,0.0,0.0,1066.96,,,,,,20.32,7.9,Correctly,,60c15615aac8c2f3ca6fa25673a4fea90a725866f601e84a94508b3807d66f52,4
20635699,Aura Pizzas,Greater Kailash 2 (GK2),Delhi NCR,6158822918,"07:37 PM, September 07 2024",Delivered,Zomato Delivery,1km,"1 x Just Pepperoni Pizza, 2 x Grilled Tangdis, 1 x Bageecha Pizza",,,1786.0,89.3,0.0,0.0,0.0,0.0,1875.3,,,,,,22.33,0.6,Correctly,,6574d337013b7dfab485b5d4744930756ec4b7c618ff4147611b07e45d22f5b7,4
20635699,Aura Pizzas,Greater Kailash 2 (GK2),Delhi NCR,6157822311,"06:46 PM, September 07 2024",Delivered,Zomato Delivery,4km,"1 x Cheesy Garlic Bread, 1 x Murgh Amritsari Seekh Pide, 1 x OG Cheese Pide, 1 x Garlic Aioli",,Flat Rs.200 off,997.0,39.85,200.0,0.0,0.0,0.0,836.85,,,,,,18.77,1.8,Correctly,,d7b59691627a2d2c3e663c6fbc4922d7887b4d38afa312ac5a7042b93ba59834,4
20635699,Aura Pizzas,Greater Kailash 2 (GK2),Delhi NCR,6157237871,"12:27 AM, September 07 2024",Delivered,Zomato Delivery,3km,"2 x Margherita Pizza, 2 x Salted Fries",,Buy 1 Get 1 - ₹628.00,628.0,31.4,0.0,0.0,0.0,0.0,659.4,,,,,,20.62,0.7,Correctly,,4ed56ff64d45956b83c8a9a80b0b36fd80a7d5539d4a40d3c50f3b9171812c63,4
20635699,Aura Pizzas,Greater Kailash 2 (GK2),Delhi NCR,6153451511,"11:42 PM, September 06 2024",Delivered,Zomato Delivery,7km,"2 x Herbed Potato, 1 x All About Chicken Pizza, 1 x Murgh Amritsari Seekh Pizza",,Buy 1 Get 1 - ₹777.00,807.0,40.35,0.0,0.0,0.0,0.0,847.35,5.0,,,,,15.82,0.3,Correctly,,90726195b11db837c22949b17410ab82ca054e568903764c0d035ee91e88d1df,4
20635699,Aura Pizzas,Greater Kailash 2 (GK2),Delhi NCR,6157096262,"10:27 PM, September 06 2024",Delivered,Zomato Delivery,6km,"1 x Indian Masala Fries, 1 x Peri Peri Fries, 1 x Malai Gud Pide, 1 x All About Chicken Pizza",,Buy 1 Get 1 - ₹448.00,897.0,44.85,0.0,0.0,0.0,0.0,941.85,,,,,,30.7,6.5,Correctly,,c112f67e0a04ba5da6b699baa271ec5e751a2211cf670a12fafcd56d2f4bb316,4
20635699,Aura Pizzas,Greater Kailash 2 (GK2),Delhi NCR,6157038464,"09:37 PM, September 06 2024",Delivered,Zomato Delivery,2km,"1 x Just Pepperoni Pide, 1 x Murgh Amritsari Seekh Pide, 2 x Cheesy Garlic Bread",,Buy 1 Get 1 - ₹588.00,638.0,31.9,0.0,0.0,0.0,0.0,669.9,,,,,,11.08,0.2,Correctly,,7091cbf5929f330fee7b0c812d1c5566c628771ea6254fab0bfdfcbc4d7deb93,4
20635699,Aura Pizzas,Greater Kailash 2 (GK2),Delhi NCR,6154108616,"08:09 PM, September 06 2024",Delivered,Zomato Delivery,2km,"1 x Fried Chicken Strips, 1 x Cheesy Garlic Bread, 2 x Angara Paneer Melt",,Buy 1 Get 1 - ₹688.00,698.0,34.9,0.0,0.0,0.0,0.0,732.9,5.0,,,,,16.05,0.4,Correctly,,87914cdf29e9abadd81682bc1f10c5060e5ef20a11a3afa9ecf8b6f48d4fe98c,4
20635699,Aura Pizzas,Greater Kailash 2 (GK2),Delhi NCR,6157301650,"07:49 PM, September 06 2024",Delivered,Zomato Delivery,3km,"1 x Just Pepperoni Pizza, 2 x Indian Masala Fries, 1 x All About Chicken Pizza",,Buy 1 Get 1 - ₹838.00,848.0,42.4,0.0,0.0,0.0,0.0,890.4,,,,,,22.0,0.3,Correctly,,223b285d3bfa0e515e1b5c6b70a372934b22f3de43730c25cc0d9a1692daa647,4
20635699,Aura Pizzas,Greater Kailash 2 (GK2),Delhi NCR,6156954288,"07:32 PM, September 06 2024",Delivered,Zomato Delivery,4km,"1 x Tripple Cheese Pizza, 1 x Makhani Paneer Pizza, 1 x Murgh Amritsari Seekh Pide, 1 x Chicken Pepperoni Pizza",,Buy 1 Get 1 - ₹1098.00,1558.0,77.9,0.0,0.0,0.0,0.0,1635.9,,,,,,20.58,2.9,Correctly,,d4cfb68c503e3019995f8300e6dfb6637d578645a14d174d8634d2c19fbe276f,4
20635699,Aura Pizzas,Greater Kailash 2 (GK2),Delhi NCR,6157237443,"07:11 PM, September 06 2024",Delivered,Zomato Delivery,5km,"1 x Bellpepper Onion Pizza, 1 x Peri Peri Grilled Chicken Pizza, 2 x Grilled Tangdis",,Buy 1 Get 1 - ₹848.00,888.0,44.4,0.0,0.0,0.0,0.0,932.4,,,,,,13.47,1.1,Correctly,,95756f60e5740c12d14b2aaf0e83d149c2f8236886083cdcc1ed7afd54a32234,4
20635699,Aura Pizzas,Greater Kailash 2 (GK2),Delhi NCR,6157098262,"06:43 PM, September 06 2024",Delivered,Zomato Delivery,4km,"1 x Cheesy Garlic Bread, 3 x Grilled Tangdis",,Buy 1 Get 1 - ₹508.00,538.0,26.9,0.0,0.0,0.0,0.0,564.9,,,,,,16.62,0.5,Correctly,,d8ef42c657181ebe1048716fa48a16d01c226175f7b5f56c178be43a428a92ac,4
20635699,Aura Pizzas,Greater Kailash 2 (GK2),Delhi NCR,6155683019,"06:08 PM, September 06 2024",Delivered,Zomato Delivery,6km,"1 x Fried Chicken Strips, 1 x All About Chicken Pizza, 1 x Herbed Potato, 1 x Mushroom Pizza",,Buy 1 Get 1 - ₹757.00,848.0,42.4,0.0,0.0,0.0,0.0,890.4,4.0,,,,,18.3,2.3,Correctly,,8ddedb44eb97d83e4d41d89b3d7520c45c6cf32e6e5b0bbe3b9746149f13487a,4
20635699,Aura Pizzas,Greater Kailash 2 (GK2),Delhi NCR,6153423907,"04:02 PM, September 06 2024",Delivered,Zomato Delivery,5km,"1 x Bageecha Pizza, 1 x Salted Fries, 1 x Peri Peri Fries, 1 x All About Chicken Pizza",,Buy 1 Get 1 - ₹828.00,867.0,43.35,0.0,0.0,0.0,0.0,910.35,,,,,,22.73,9.0,Correctly,,0d372c57645c12ce7c1b3bed9c2821080fb635e7c20059ecec883ed8bcbd421e,4
20635699,Aura Pizzas,Greater Kailash 2 (GK2),Delhi NCR,6154851519,"03:42 PM, September 06 2024",Delivered,Zomato Delivery,3km,"2 x Jamaican Chicken Melt, 2 x Murgh Amritsari Seekh Melt",,Buy 1 Get 1 - ₹958.00,958.0,47.9,0.0,0.0,0.0,0.0,1005.9,,,,,,24.3,1.2,Correctly,,ebc9c452d6266a60bb54366e3eb60196d25065fd7febd4b30681618ea8da90dd,4
20635699,Aura Pizzas,Greater Kailash 2 (GK2),Delhi NCR,6154316507,"02:04 PM, September 06 2024",Delivered,Zomato Delivery,3km,"1 x Murgh Amritsari Garlic Bread, 1 x Mushroom Mozzarella Melt, 1 x Murgh Amritsari Seekh Melt, 1 x Chilli Cheese Garlic Bread",,Buy 1 Get 1 - ₹708.00,768.0,38.4,0.0,0.0,0.0,0.0,806.4,,,,,,28.27,4.9,Correctly,,74f2e080f6b0779df14917017442a4112806b13528e1c38dea9d0815986de66e,4
20635699,Aura Pizzas,Greater Kailash 2 (GK2),Delhi NCR,6153715258,"12:18 PM, September 06 2024",Delivered,Zomato Delivery,4km,"1 x Cheesy Garlic Bread, 1 x Mushroom Pizza, 1 x Bageecha Pizza, 1 x Chilli Cheese Garlic Bread",,Buy 1 Get 1 - ₹1038.00,1058.0,52.9,0.0,0.0,0.0,0.0,1110.9,,,,,,23.48,1.3,Correctly,,7c125b06f253ab440c46d4678d905851c0fd02b73cfeb7764da27ab1515de230,4
20635699,Aura Pizzas,Greater Kailash 2 (GK2),Delhi NCR,6149351158,"10:22 PM, September 03 2024",Delivered,Zomato Delivery,7km,"1 x Bageecha Pizza, 1 x Indian Masala Fries, 1 x Peri Peri Fries, 1 x All About Chicken Pizza",,Flat Rs.200 off,1756.0,77.8,200.0,0.0,0.0,0.0,1633.8,,,,,,15.17,2.6,Correctly,,ff6569b63ce268cc8ffc4f70adf8a0c641c72959df45ff006314a93282b6202b,4
20635699,Aura Pizzas,Greater Kailash 2 (GK2),Delhi NCR,6144237051,"09:10 PM, September 03 2024",Delivered,Zomato Delivery,3km,"1 x Harisa Mayo, 1 x Garlic Aioli, 1 x Fried Chicken Strips, 1 x Just Pepperoni Pizza",,Flat Rs.200 off,1057.0,42.85,200.0,0.0,0.0,0.0,899.85,,,,,,16.8,2.2,Correctly,,a8d9bdc0de8f6ae03bf9b787f2780d45b34f8de115904daff239dc0e322be80e,4
20635699,Aura Pizzas,Greater Kailash 2 (GK2),Delhi NCR,6130548562,"08:28 PM, September 03 2024",Delivered,Zomato Delivery,1km,"1 x Cheesy Garlic Bread, 1 x Bacon Pepperoni Melt, 2 x Just Pepperoni Pizza",,,2676.0,133.8,0.0,0.0,0.0,0.0,2809.8,,,,,,20.02,0.7,Correctly,,cd0fc39a6d6fae6c44119ce616390e3c3b1644973779060d11f4023bcba3d485,4
20635699,Aura Pizzas,Greater Kailash 2 (GK2),Delhi NCR,6141496357,"01:37 AM, September 03 2024",Delivered,Zomato Delivery,2km,"1 x Indian Masala Fries, 1 x Bageecha Pizza, 1 x Chilli Cheese Garlic Bread, 1 x Just Pepperoni Pizza",,Flat Rs.200 off,1896.0,84.8,200.0,0.0,0.0,0.0,1780.8,,,,,,18.17,0.4,Correctly,,401cde60f40f145e8f2dc8e3c48b8cf2c19582a3983b49b3fd80091f5059ad36,4
20659868,Aura Pizzas,Sector 4,Delhi NCR,6161695316,"01:21 PM, September 10 2024",Delivered,Zomato Delivery,5km,"1 x Chilli Cheese Garlic Bread, 1 x Masala Paneer Pide, 1 x Bageecha Pizza, 1 x Herbed Potato",,Flat Rs.125 off,1404.0,65.55,93.0,0.0,0.0,0.0,1376.55,,,,,,18.6,2.2,Correctly,,f07a52c86e9148823634c0a31135efb7a944682790c9604ecdb4c603a7d80cb8,4
20659868,Aura Pizzas,Sector 4,Delhi NCR,6162006019,"08:55 PM, September 09 2024",Delivered,Zomato Delivery,9km,"2 x Masala Paneer Pide, 1 x Bageecha Pizza, 1 x Makhani Paneer Pizza",,Flat 15% off,2186.0,92.91,327.9,0.0,0.0,0.0,1951.01,,,,,,15.58,1.2,Correctly,,3949c48329676412fe4e4f89ade6d5889680810e21cbb9ee9f9135921da17337,4
20659868,Aura Pizzas,Sector 4,Delhi NCR,6161357699,"04:06 PM, September 08 2024",Delivered,Zomato Delivery,9km,"1 x Margherita Pizza, 2 x Salted Fries, 1 x Peri Peri Fries",,Flat Rs.125 off,986.0,44.65,93.0,0.0,0.0,0.0,937.65,,,,,,19.02,15.3,Correctly,,d5dcdf072e8bc59aef586fb4f5cb923335bade91f626d670e861dd457f0f715e,4
20659868,Aura Pizzas,Sector 4,Delhi NCR,6116926909,"09:26 PM, September 07 2024",Delivered,Zomato Delivery,6km,"1 x Murgh Amritsari Seekh Pizza, 1 x Jamaican Chicken Melt, 2 x Indian Masala Fries",,,1821.0,91.05,0.0,0.0,0.0,0.0,1912.05,,,,,,20.65,2.0,Correctly,,604e8242015a95d7a475f20a44977b8fbc32793950ec1672d58d45991049fec1,4
20659868,Aura Pizzas,Sector 4,Delhi NCR,6158030420,"11:32 AM, September 07 2024",Delivered,Zomato Delivery,4km,4 x Grilled Tangdis,,Buy 1 Get 1 - ₹538.00,538.0,26.9,0.0,0.0,0.0,0.0,564.9,,,,,,21.07,2.1,Correctly,,6942ce2329fce1c5f80908fbca8f5d377b94ddfbe703aa1f89fac7524ef794cc,4
20659868,Aura Pizzas,Sector 4,Delhi NCR,6155304878,"10:26 PM, September 06 2024",Delivered,Zomato Delivery,15km,"1 x Murgh Amritsari Seekh Melt, 1 x Angara Paneer Melt, 1 x Jamaican Chicken Melt, 1 x Murgh Amritsari Seekh Pide",,Buy 1 Get 1 - ₹987.00,1005.0,50.25,0.0,0.0,0.0,0.0,1055.25,,,,,,16.73,1.6,Correctly,,c985abd2a1a1d7b51d2c6a9fcf4f67252e05d9867eafac1b056c044b8ff3e42b,4
20659868,Aura Pizzas,Sector 4,Delhi NCR,6149367369,"10:00 PM, September 06 2024",Delivered,Zomato Delivery,6km,"1 x Herbed Potato, 1 x Angara Paneer Melt, 1 x Makhani Paneer Pizza, 1 x Cheesy Garlic Bread",,Buy 1 Get 1 - ₹597.00,818.0,40.9,0.0,0.0,0.0,0.0,858.9,,,,,,16.08,1.4,Correctly,,262e4863b543929998d14373f6986c1a660b341a626849c64c233b6ed5f6b3e0,4
20659868,Aura Pizzas,Sector 4,Delhi NCR,6154762589,"08:02 PM, September 06 2024",Delivered,Zomato Delivery,9km,"1 x All About Chicken Pizza, 1 x Murgh Amritsari Seekh Melt, 1 x Mutton Seekh Pizza, 1 x Jamaican Chicken Melt",,Buy 1 Get 1 - ₹1138.00,1158.0,57.9,0.0,0.0,0.0,0.0,1215.9,4.0,,,,,15.17,1.8,Correctly,,8b5c4d6170343fbee92a6e577268b8aa8492105bdacbb8c6d9c2855f9bad8a4f,4
20659868,Aura Pizzas,Sector 4,Delhi NCR,6151885564,"07:22 PM, September 06 2024",Delivered,Zomato Delivery,6km,"2 x Herbed Potato, 1 x Murgh Amritsari Seekh Pide, 1 x OG Cheese Pide",,Buy 1 Get 1 - ₹497.00,497.0,24.85,0.0,0.0,0.0,0.0,521.85,3.0,,,,,18.45,1.7,Correctly,,deb9f30320a3dfce74a88c454c5159c69f7c91ba475d1c20510dcf72e4963101,4
20659868,Aura Pizzas,Sector 4,Delhi NCR,6151715537,"05:57 PM, September 06 2024",Delivered,Zomato Delivery,8km,"2 x Makhani Paneer Pizza, 2 x Bageecha Pizza",,Buy 1 Get 1 - ₹1548.00,1548.0,77.4,0.0,0.0,0.0,0.0,1625.4,5.0,,,,,11.92,2.1,Correctly,,16038666aab43a92bdbd41cae17f28fa6b5babadd47527a7a305b8163ebaf504,4
20659868,Aura Pizzas,Sector 4,Delhi NCR,6150002514,"05:53 PM, September 06 2024",Delivered,Zomato Delivery,6km,"3 x Indian Masala Fries, 1 x All About Chicken Pizza",,Buy 1 Get 1 - ₹316.00,817.0,40.85,0.0,0.0,0.0,0.0,857.85,,,,,,13.75,2.0,Correctly,,04ad0ce2d6ed2bbcd4bc7b126a2d0d466a0d1c0b75aa752eea164c39db4f551f,4
20659868,Aura Pizzas,Sector 4,Delhi NCR,6157274012,"03:36 PM, September 06 2024",Delivered,Zomato Delivery,6km,"1 x Chilli Cheese Garlic Bread, 1 x Mushroom Mozzarella Melt, 1 x Angara Paneer Melt, 1 x Cheesy Garlic Bread",Order: Please request the delivery person to keep the boxes straight and not to tilt them. Thanks. :),Buy 1 Get 1 - ₹688.00,708.0,35.4,0.0,0.0,0.0,0.0,743.4,,,,,,19.63,8.4,Correctly,,a13a8a159e693a3dc75e6f3add10e5186d0164eb1791fe63df0373da7609feb6,4
20659868,Aura Pizzas,Sector 4,Delhi NCR,6151841178,"01:36 PM, September 06 2024",Delivered,Zomato Delivery,2km,"1 x Chilli Cheese Garlic Bread, 2 x Peri Peri Fries, 1 x Peri Peri Grilled Chicken Pizza",,Buy 1 Get 1 - ₹448.00,808.0,40.4,0.0,0.0,0.0,0.0,848.4,,,,,,16.32,0.6,Correctly,,85321a528e39eed8e77d8401608584541d9cf4cc5af43853462e94aa3217e743,4
20659868,Aura Pizzas,Sector 4,Delhi NCR,6143750861,"08:52 PM, September 01 2024",Delivered,Zomato Delivery,9km,"1 x Peri Peri Grilled Chicken Pizza, 3 x Grilled Tangdis",,Flat 15% off,1505.0,63.96,225.75,0.0,0.0,0.0,1343.21,,,,,,14.12,1.7,Correctly,,d5dcdf072e8bc59aef586fb4f5cb923335bade91f626d670e861dd457f0f715e,4
20659868,Aura Pizzas,Sector 4,Delhi NCR,6140763362,"01:54 AM, September 01 2024",Delivered,Zomato Delivery,8km,"1 x Margherita Pizza, 2 x Herbed Potato, 1 x Mushroom Mozzarella Melt",,Flat Rs.125 off,1204.0,55.55,93.0,0.0,0.0,0.0,1166.55,,,,,,15.82,1.2,Correctly,,6858219c0daea36ae34eab06276647584f3c0c4f2fc2527c989c15ea3a6a7362,4
20882652,Aura Pizzas,DLF Phase 1,Delhi NCR,6165927208,"08:44 PM, September 09 2024",Delivered,Zomato Delivery,8km,"1 x Tipsy Tiger Ginger Ale, 1 x Bacon Pepperoni Melt, 1 x Tipsy Tiger Fresh Lime Soda, 1 x Murgh Amritsari Garlic Bread",,,1403.1,70.16,0.0,0.0,0.0,0.0,1473.26,,,,,,19.5,6.7,Correctly,,2b77441d2edf85252e34e7aa29aad0183855638077b178b362b977b00d2991c8,4
20882652,Aura Pizzas,DLF Phase 1,Delhi NCR,6165129065,"01:35 PM, September 09 2024",Delivered,Zomato Delivery,7km,"1 x Bageecha Pizza, 1 x Angara Paneer Melt, 1 x Salted Fries, 1 x Harisa Mayo",,Flat Rs.200 off,1277.0,53.85,200.0,0.0,0.0,0.0,1130.85,,,,,,25.21,6.2,Correctly,,cc253a165b04f7b8f63e01685ff74244730097cd46214ad8a109cdb952bddeda,4
20882652,Aura Pizzas,DLF Phase 1,Delhi NCR,6160396218,"12:43 AM, September 08 2024",Delivered,Zomato Delivery,5km,"1 x Jamaican Chicken Melt, 1 x Murgh Amritsari Seekh Pide, 1 x Mutton Seekh Pide, 1 x Pepperoni Garlic Bread",,Flat Rs.200 off,1506.0,65.3,200.0,0.0,0.0,0.0,1371.3,5.0,,,,,19.52,0.8,Correctly,,94208e62fe6e67c8ade26a0de895ecd7c321613566b62d6a0f380710d834fd4b,4
20882652,Aura Pizzas,DLF Phase 1,Delhi NCR,6159374016,"12:12 AM, September 07 2024",Delivered,Zomato Delivery,2km,"1 x Desi Chicken Pepperoni Pizza, 1 x Indian Pico De-Gallo, 1 x Jamaican Chicken Melt, 1 x Cafreal Sauce",,Buy 1 Get 1 - ₹539.00,669.0,33.45,0.0,0.0,0.0,0.0,702.45,,,,,,18.23,3.5,Correctly,Poor packaging or spillage,707a8d3aeaef9e0552204fa578b2a2cb51300c2e0287cefefdcddf09b3da91b1,4
20882652,Aura Pizzas,DLF Phase 1,Delhi NCR,6158915195,"11:59 PM, September 06 2024",Delivered,Zomato Delivery,6km,"1 x Just Pepperoni Pide, 1 x OG Cheese Pide, 1 x Murgh Amritsari Seekh Pizza, 1 x Murgh Amritsari Seekh Melt",,Buy 1 Get 1 - ₹1075.00,1097.0,54.85,0.0,0.0,0.0,0.0,1151.85,,,,,,25.23,1.7,Correctly,,6dddf931369b975e160050440753ae9f3f6d497a9a8f1368c4525b5402bd193f,4
20882652,Aura Pizzas,DLF Phase 1,Delhi NCR,6154044782,"08:39 PM, September 06 2024",Delivered,Zomato Delivery,5km,"1 x Murgh Amritsari Seekh Pide, 1 x Mutton Seekh Pide, 1 x Grilled Tangdis, 1 x Indian Masala Fries",,Buy 1 Get 1 - ₹538.00,668.0,33.4,0.0,0.0,0.0,0.0,701.4,,,,,,25.17,2.7,Correctly,,0e958b7b953dfd996de4e73d14aa638c5a49eadbb89c9c492c8a00f7b3413fe5,4
20882652,Aura Pizzas,DLF Phase 1,Delhi NCR,6156847145,"08:05 PM, September 06 2024",Delivered,Zomato Delivery,4km,"1 x Bageecha Pizza, 1 x Makhani Paneer Pizza, 1 x Cheesy Garlic Bread, 1 x Masala Paneer Pide",,Buy 1 Get 1 - ₹878.00,918.0,45.9,0.0,0.0,0.0,0.0,963.9,,,,,,30.07,2.8,Correctly,,d862ec2dc0f065390778ecfdf9e4f5e799207a91da0c7f6ca3bb90569d5a5d03,4
20882652,Aura Pizzas,DLF Phase 1,Delhi NCR,6156178189,"07:25 PM, September 06 2024",Delivered,Zomato Delivery,10km,"1 x Just Pepperoni Pide, 1 x Murgh Amritsari Seekh Pizza, 1 x All About Chicken Pizza, 1 x OG Cheese Pide",Order: please make all pizzas loaded with cheese and meat toppings thanks . trying you for the first time,Buy 1 Get 1 - ₹1396.00,1416.0,70.8,0.0,0.0,0.0,0.0,1486.8,,,,,,24.26,1.0,Correctly,,5bf20af52bb1cea9ac355416719f98d956cb92e92f79da0b32c85e62e93bfe7e,4
20882652,Aura Pizzas,DLF Phase 1,Delhi NCR,6146569813,"12:13 AM, September 03 2024",Delivered,Zomato Delivery,14km,"1 x Grilled Tangdis, 1 x Herbed Potato, 1 x Cafreal Sauce, 1 x Desi Chicken Pepperoni Pizza",,Flat Rs.200 off,1086.0,44.3,200.0,0.0,0.0,0.0,930.3,,,,,,18.8,1.7,Correctly,,e9275a32d65ed1414c38bca38fd7b15b37e83dd97614c2a6b7cd232409b22134,4
20882713,Swaad,DLF Phase 1,Delhi NCR,6150828992,"07:34 PM, September 04 2024",Delivered,Zomato Delivery,6km,"1 x Grilled Chicken Jamaican Tender, 1 x Grilled Chicken Angara Tender, 1 x Bone in Jamaican Grilled Chicken, 1 x Bone in Angara Grilled Chicken",,,1240.0,31.0,0.0,620.0,0.0,0.0,651.0,5.0,,,,,24.08,7.2,Correctly,,257be4b7402d3e7ba83a4eec501018b8806a69d76078b874f695aa621033aba5,4
20882713,Swaad,DLF Phase 1,Delhi NCR,6149635152,"07:18 PM, September 04 2024",Delivered,Zomato Delivery,7km,"2 x Salted Fries, 1 x Fried Chicken Ghostbuster Tender, 1 x Fried Chicken Kabuli Tender",,,988.0,24.7,0.0,494.0,0.0,0.0,518.7,,,,,,24.83,2.5,Correctly,,fe9ac822560d387939cffc4b18bac42fc8e270cd27795b5fdb25db9957ba4418,4
21077127,Aura Pizzas,Sector 135,Delhi NCR,6159357348,"07:47 PM, September 07 2024",Delivered,Zomato Delivery,6km,"1 x Chilli Cheese Garlic Bread, 1 x Bageecha Pizza, 1 x Indian Masala Fries, 1 x Margherita Pizza",,Flat Rs.200 off,1896.0,84.8,200.0,0.0,0.0,0.0,1780.8,,,,,,17.55,2.4,Correctly,,da25dc1d4938a689e844ba37d86bb0e71ea2cd092401bbe2bd386b46d87a1855,4
21077127,Aura Pizzas,Sector 135,Delhi NCR,6158615531,"10:59 PM, September 06 2024",Delivered,Zomato Delivery,3km,"1 x Murgh Amritsari Seekh Pide, 1 x Chilli Cheese Garlic Bread, 1 x Masala Paneer Pide, 1 x Pepperoni Garlic Bread",,Buy 1 Get 1 - ₹578.00,628.0,31.4,0.0,0.0,0.0,0.0,659.4,,,,,,12.65,0.2,Correctly,,06cf1bb567462fc2cd8c11546d6daf71fbd5f670ee06e6353c509d63a10b2425,4
21077127,Aura Pizzas,Sector 135,Delhi NCR,6158385225,"10:45 PM, September 06 2024",Delivered,Zomato Delivery,2km,"2 x Chilli Cheese Garlic Bread, 2 x Makhani Paneer Pizza",,Buy 1 Get 1 - ₹1087.00,1087.0,54.35,0.0,0.0,0.0,0.0,1141.35,4.0,,,,,15.33,2.5,Correctly,,0642bc14063e09ae72651525307e3eef11543979140f421e872eaed2fac2ae20,4
21077127,Aura Pizzas,Sector 135,Delhi NCR,6155819631,"06:33 PM, September 06 2024",Delivered,Zomato Delivery,2km,"2 x OG Cheese Pide, 1 x Mutton Seekh Pide, 1 x All About Chicken Pizza",,Buy 1 Get 1 - ₹748.00,1208.0,60.4,0.0,0.0,0.0,0.0,1268.4,,,,,,14.43,0.8,Correctly,,6f0b825546a8a70c39e2dec231cb4e9b6d98900871822340faa85bc4db4ba034,4
21077127,Aura Pizzas,Sector 135,Delhi NCR,6148647544,"05:45 PM, September 06 2024",Delivered,Zomato Delivery,9km,"2 x Chilli Cheese Garlic Bread, 1 x Bageecha Pizza, 1 x Makhani Paneer Pizza",,Buy 1 Get 1 - ₹1008.00,1058.0,52.9,0.0,0.0,0.0,0.0,1110.9,,,,,,14.32,0.3,Correctly,,29ddb2b1893c37a03205cb33caf8da12afdef9c498cb044d203964441222dd80,4
21077127,Aura Pizzas,Sector 135,Delhi NCR,6148324321,"04:25 PM, September 06 2024",Delivered,Zomato Delivery,2km,"1 x Makhani Paneer Pizza, 1 x Bageecha Pizza, 2 x Chilli Cheese Garlic Bread",,Buy 1 Get 1 - ₹838.00,858.0,42.9,0.0,0.0,0.0,0.0,900.9,,,,,,18.48,6.5,Correctly,,d91547a70da853c6b27dfff2f33819d681364f232cf95b040e68acea805440d0,4
21077127,Aura Pizzas,Sector 135,Delhi NCR,6138896835,"08:33 PM, September 03 2024",Delivered,Zomato Delivery,4km,"1 x Bageecha Pizza, 1 x Cheesy Garlic Bread, 1 x All About Chicken Pizza, 1 x Mutton Seekh Pide",,Flat Rs.200 off,2216.0,100.8,200.0,0.0,0.0,0.0,2116.8,,,,,,19.92,12.0,Correctly,,cff07264f8a544d3cc7d684a549b87efa7f3e4b632bc31e5f0306bf8dfbdfdda,4
21077127,Aura Pizzas,Sector 135,Delhi NCR,6141030392,"08:28 PM, September 01 2024",Delivered,Zomato Delivery,6km,"1 x Bageecha Pizza, 1 x All About Chicken Pizza, 1 x Chilli Cheese Garlic Bread, 1 x Masala Potato Pide",,Flat Rs.200 off,1816.0,80.8,200.0,0.0,0.0,0.0,1696.8,,,,,,18.63,0.7,Correctly,,b68c0f8babea8793482b028b6076b4f957c0bd3c0d87b395dc2d304ffeb91e6c,4
21173951,Aura Pizzas,Vasant Kunj,Delhi NCR,6152498469,"08:44 PM, September 06 2024",Delivered,Zomato Delivery,1km,"2 x Masala Paneer Pide, 2 x Salted Fries",,Buy 1 Get 1 - ₹488.00,488.0,24.4,0.0,0.0,0.0,0.0,512.4,,,,,,24.65,0.5,Correctly,,052d2018ba5b5d5f406f51a9cb65693f74a6d2efb6a03cb6b7f394d8ac96db09,4
21309083,Swaad,Sector 135,Delhi NCR,6147191081,"07:36 PM, September 04 2024",Delivered,Zomato Delivery,5km,"1 x Grilled Chicken Ghostbuster Tangdi, 1 x Grilled Chicken Angara Tender, 1 x Bone in Jamaican Grilled Chicken, 1 x Grilled Chicken Jamaican Tangdi",,,1770.0,44.25,0.0,885.0,0.0,0.0,929.25,,,,,,26.55,2.6,Correctly,,3a9004eb6b8b8e63f625d39f17df9b4fdccd508cc3cb510323555da1a6d0161c,4
21309083,Swaad,Sector 135,Delhi NCR,6143494285,"11:53 AM, September 04 2024",Delivered,Zomato Delivery,5km,"1 x Fried Chicken Angara Tender, 2 x Peri Peri Fries, 1 x Animal Fries",,,1178.0,30.2,0.0,574.0,0.0,0.0,634.2,,,,,,34.08,12.6,Correctly,,0babf942e96870c81e4e68981c0be460959912a9832439fb1b1085678ac97fd0,4
20320607,Swaad,Sector 4,Delhi NCR,6185307097,"01:22 AM, September 20 2024",Delivered,Zomato Delivery,5km,"1 x Bone in Jamaican Grilled Chicken, 1 x Animal Fries, 1 x Fried Chicken Angara Tender, 1 x Iced Green Tea - Peach",,Flat Rs.175 off,1085.24,45.51,175.0,0.0,0.0,0.0,955.75,,,,,,18.05,2.4,Correctly,,9e1c4eaa2f6e13706d858728e7be5bbe96ce35dc60451c94945835eceee10e21,4
20320607,Swaad,Sector 4,Delhi NCR,6166823024,"01:39 AM, September 12 2024",Delivered,Zomato Delivery,2km,"2 x Bone in Smoky Bbq Grilled Chicken, 2 x Iced Green Tea - Mojito",,,810.48,20.26,0.0,405.24,0.0,0.0,425.5,,,,,,15.33,0.7,Correctly,,6d78b288a08aeaa6e3c8d5d0c3b55efae620e0d494689db51f418fdbe738a7e0,4
20320607,Swaad,Sector 4,Delhi NCR,6167343782,"04:46 PM, September 11 2024",Delivered,Zomato Delivery,9km,"2 x Bone in Smoky Bbq Grilled Chicken, 2 x Onion Bombs",,,936.0,23.4,0.0,468.0,0.0,0.0,491.4,,,,,,22.75,2.4,Correctly,,eb2adba58f751315852db3ed76273742b716de24301d29efca2bb2c455d5251e,4
20320607,Swaad,Sector 4,Delhi NCR,6170475075,"01:16 PM, September 11 2024",Delivered,Zomato Delivery,4km,"1 x Grilled Chicken Peri Peri Tender, 2 x Bone in Smoky Bbq Grilled Chicken, 1 x Grilled Chicken Smoky BBQ Tender",,,1790.0,44.75,0.0,895.0,0.0,0.0,939.75,,,,,,22.85,4.0,Correctly,,7babac4e1c879400e88c6246478861778312573e3b831070ce9dce1542091e05,4
20554001,Swaad,Greater Kailash 2 (GK2),Delhi NCR,6180420396,"07:26 PM, September 20 2024",Delivered,Zomato Delivery,5km,"1 x Bone in Peri Peri Grilled Chicken, 1 x Fried Chicken Ghostbuster Tender, 1 x Peri Peri Fries, 1 x Bone in Angara Grilled Chicken",,Flat Rs.175 off,1684.0,75.45,175.0,0.0,0.0,0.0,1584.45,,,,,,26.88,10.7,Correctly,,057d730ed0a3375de69e7a52622a5cda123cfa526e12fd4122c504fbf81f2c8a,4
20554001,Swaad,Greater Kailash 2 (GK2),Delhi NCR,6196979917,"06:31 PM, September 20 2024",Delivered,Zomato Delivery,1km,"1 x Grilled Chicken Jamaican Tender, 1 x Grilled Chicken Peri Peri Tender, 1 x Grilled Chicken Smoky BBQ Tender, 1 x Animal Fries",,Flat Rs.175 off,1345.0,58.5,175.0,0.0,0.0,0.0,1228.5,,,,,,19.18,0.4,Correctly,,84014f38a9c59ac991c3300f3b566292c1f0b5ba950ac6e9932383bc753f1de0,4
20554001,Swaad,Greater Kailash 2 (GK2),Delhi NCR,6174645500,"04:14 PM, September 12 2024",Delivered,Zomato Delivery,1km,"1 x Grilled Chicken Peri Peri Tender, 1 x Peri Peri Fries, 1 x Bone in Jamaican Grilled Chicken, 1 x Fried Chicken Angara Tender",,,1409.0,70.45,0.0,0.0,0.0,0.0,1479.45,,,,,,21.42,6.8,Correctly,,48cd90d356a533c1108927d0ee54ce569afad807bff145fef84197eb71d5fe62,4
20554001,Swaad,Greater Kailash 2 (GK2),Delhi NCR,6163958537,"11:51 AM, September 12 2024",Delivered,Zomato Delivery,4km,"1 x Fried Chicken Peri Peri Tender, 1 x Angara Rice, 1 x Animal Fries, 1 x AAC Special Slaw",,,976.0,25.15,0.0,473.0,0.0,0.0,528.15,,,,,,24.4,5.9,Correctly,,bf028cad155ee654eaf56e027ee3d948f4156b0f893d6a53f3152418d7a1965d,4
20554001,Swaad,Greater Kailash 2 (GK2),Delhi NCR,6173905570,"11:56 PM, September 11 2024",Delivered,Zomato Delivery,2km,"1 x Animal Fries, 1 x Jamaican Sauce, 1 x Fried Chicken Angara Tender, 1 x India Dynamite sauce",,,935.0,26.0,0.0,415.0,0.0,0.0,546.0,,,,,,18.37,5.2,Correctly,,7e49787241d6eb6e78fba6cb9b892cc964ad0545aadcf505627621b001016f69,4
20554001,Swaad,Greater Kailash 2 (GK2),Delhi NCR,6167448113,"11:22 PM, September 11 2024",Delivered,Zomato Delivery,10km,"1 x Bone in Kabuli Grilled Chicken, 1 x Grilled Chicken Angara Tangdi, 1 x Bone in Peri Peri Grilled Chicken, 1 x Grilled Chicken Peri Peri Tangdi",,,2200.0,55.0,0.0,1100.0,0.0,0.0,1155.0,,,,,,21.07,4.2,Correctly,,36e72ae6ee88836ae378bc5f12376ce0f5a61bc05adfd817065c9afeb6b756e4,4
20554001,Swaad,Greater Kailash 2 (GK2),Delhi NCR,6168329490,"10:30 PM, September 11 2024",Delivered,Zomato Delivery,1km,"1 x Bone in Angara Grilled Chicken, 1 x Grilled Chicken Tangdi Jamaican + Salted Krispers, 1 x Bone in Smoky Bbq Grilled Chicken, 1 x Grilled Chicken Angara Tenders + Salted Fries",,,1925.0,51.5,0.0,895.0,0.0,0.0,1081.5,,,,,,19.93,0.7,Correctly,,479a4d2c2db0b69d7d13cbb2e9636e5fc9113b59db3d27562de3d608b4fbdd78,4
20554001,Swaad,Greater Kailash 2 (GK2),Delhi NCR,6166313680,"10:17 PM, September 11 2024",Delivered,Zomato Delivery,3km,"1 x Grilled Chicken Smoky BBQ Tender, 1 x Angara Rice, 1 x AAC Signature Krispers, 1 x Grilled Chicken Peri Peri Tender",,,1027.0,25.9,0.0,509.0,0.0,0.0,543.9,,,,,,18.72,2.5,Correctly,,1b32a3605c4e73216d98d26118c346d8be9cd90a83daf95eed46c5b6c4188f14,4
20554001,Swaad,Greater Kailash 2 (GK2),Delhi NCR,6166195076,"10:08 PM, September 11 2024",Delivered,Zomato Delivery,3km,"2 x Bone in Smoky Bbq Grilled Chicken, 2 x Salted Krispers",,,978.0,24.45,0.0,489.0,0.0,0.0,513.45,,,,,,15.05,1.2,Correctly,,3166f8ae696045ea808aeb9d282051c090aa7fe27997c1c4c42ac4c49aa705b5,4
20554001,Swaad,Greater Kailash 2 (GK2),Delhi NCR,6170685015,"05:32 PM, September 11 2024",Delivered,Zomato Delivery,2km,"1 x Fried Chicken Classic Tender, 1 x Bone in Peri Peri Grilled Chicken, 1 x Animal Fries, 1 x Bone in Jamaican Grilled Chicken",,,1850.0,47.0,0.0,910.0,0.0,0.0,987.0,,,,,,26.55,13.1,Correctly,,46e7c013caa65486fb0a60371bf749fe9c7983ff1b0d205df714871e5655f159,4
20554001,Swaad,Greater Kailash 2 (GK2),Delhi NCR,6168141067,"03:06 PM, September 11 2024",Delivered,Zomato Delivery,5km,"1 x Bone in Angara Grilled Chicken, 2 x Grilled Chicken Jamaican Tender, 1 x Bone in Jamaican Grilled Chicken",,,1240.0,31.0,0.0,620.0,0.0,0.0,651.0,,,,,,28.38,15.9,Correctly,,61e9d9b20b26c901f044c131fdb836aeeaf4dbb26f0516e7a5053ef5ad5df0e6,4
20554001,Swaad,Greater Kailash 2 (GK2),Delhi NCR,6169704105,"01:40 PM, September 11 2024",Delivered,Zomato Delivery,1km,"1 x Bone in Peri Peri Grilled Chicken, 2 x AAC Special Slaw, 1 x Bone in Jamaican Grilled Chicken",,,1146.0,31.4,0.0,518.0,0.0,0.0,659.4,,,,,,25.8,6.5,Correctly,,605a080a0ada9fec8b6be3a586c73817f079827f6adcede346323f658b13e008,4
20635699,Aura Pizzas,Greater Kailash 2 (GK2),Delhi NCR,6196010645,"08:31 PM, September 19 2024",Delivered,Zomato Delivery,1km,"2 x Mutton Seekh Pide, 2 x Just Pepperoni Pizza",,Buy 1 Get 1 - ₹1614.00,1614.0,80.7,0.0,0.0,0.0,0.0,1694.7,,,,,,25.55,2.8,Correctly,,f845ca89455757dfe32d59370f609e30fae2f4951dd097e02e1f3e56476c0d6e,4
20635699,Aura Pizzas,Greater Kailash 2 (GK2),Delhi NCR,6191101487,"06:57 PM, September 19 2024",Delivered,Zomato Delivery,5km,"1 x All About Chicken Pizza, 1 x Jamaican Chicken Melt, 2 x Fried Chicken Strips",,Buy 1 Get 1 - ₹848.00,867.0,43.35,0.0,0.0,0.0,0.0,910.35,,,,,,18.07,1.4,Correctly,,f629c16b433af10cb73ef2dc377312860b7d7e2bef283bf672945913345e162d,4
20635699,Aura Pizzas,Greater Kailash 2 (GK2),Delhi NCR,6190559536,"01:04 PM, September 19 2024",Delivered,Zomato Delivery,3km,"1 x Mutton Seekh Pide, 1 x Jamaican Chicken Melt, 1 x Just Pepperoni Pide, 1 x Murgh Amritsari Seekh Melt",,Buy 1 Get 1 - ₹878.00,878.0,43.9,0.0,0.0,0.0,0.0,921.9,,,,,,28.07,0.2,Correctly,,ebc9c452d6266a60bb54366e3eb60196d25065fd7febd4b30681618ea8da90dd,4
20635699,Aura Pizzas,Greater Kailash 2 (GK2),Delhi NCR,6187459831,"07:14 PM, September 16 2024",Delivered,Zomato Delivery,2km,"1 x Bageecha Pizza, 1 x Angara Paneer Melt, 1 x Murgh Amritsari Seekh Pizza, 1 x Desi Pepperoni Pizza",,,2336.0,116.8,0.0,0.0,0.0,0.0,2452.8,,,,,,21.13,13.2,Correctly,,41e01a458c6e44c8b01397809282beceea9305662c3432513c12a151e9218cda,4
20635699,Aura Pizzas,Greater Kailash 2 (GK2),Delhi NCR,6135720742,"12:24 PM, September 15 2024",Delivered,Zomato Delivery,5km,"2 x Chilli Cheese Garlic Bread, 2 x Indian Masala Fries",,Buy 1 Get 1 - ₹448.00,448.0,22.4,0.0,0.0,0.0,0.0,470.4,,,,,,15.02,4.7,Correctly,,f5485559a31a34fd4b323db1266101c097c7337b3fde14f85114ff10600745fa,4
20635699,Aura Pizzas,Greater Kailash 2 (GK2),Delhi NCR,6160967032,"01:01 AM, September 15 2024",Delivered,Zomato Delivery,3km,"1 x Fried Chicken Strips, 1 x Grilled Tangdis, 1 x Mutton Seekh Pizza, 1 x Desi Chicken Pepperoni Pizza",,Buy 1 Get 1 - ₹798.00,948.0,47.4,0.0,0.0,0.0,0.0,995.4,,,,,,14.93,0.8,Correctly,,85b50382298582325a0217131d56d5449e3ae3966a11c4e7249fe237ce29efef,4
20635699,Aura Pizzas,Greater Kailash 2 (GK2),Delhi NCR,6182333869,"12:45 AM, September 15 2024",Delivered,Zomato Delivery,6km,"1 x Fried Chicken Strips, 1 x Murgh Amritsari Garlic Bread, 2 x Salted Fries",,Buy 1 Get 1 - ₹358.00,458.0,22.9,0.0,0.0,0.0,0.0,480.9,,,,,,17.25,2.3,Correctly,,c9621133a96623d21fd3de6a759f5a82d453b325bdcd00955cb6559cf65cf595,4
20635699,Aura Pizzas,Greater Kailash 2 (GK2),Delhi NCR,6180362058,"09:15 PM, September 14 2024",Delivered,Zomato Delivery,3km,"1 x Mushroom Pizza, 1 x Peri Peri Fries, 1 x Indian Masala Fries, 1 x Murgh Amritsari Seekh Pizza",,Buy 1 Get 1 - ₹798.00,818.0,40.9,0.0,0.0,0.0,0.0,858.9,,,,,,32.08,6.2,Correctly,,42a708f043bad0695a5899891f6b6c340658b5fece143bcd9e1a819a1e14cdae,4
20635699,Aura Pizzas,Greater Kailash 2 (GK2),Delhi NCR,6180822643,"09:04 PM, September 14 2024",Delivered,Zomato Delivery,3km,"2 x Makhani Paneer Pizza, 2 x Just Pepperoni Pide",Order: Please add extra pepperoni in the pide,Buy 1 Get 1 - ₹1148.00,1148.0,57.4,0.0,0.0,0.0,0.0,1205.4,,,,,,20.93,4.1,Correctly,,f13ab9d619c094d2f1720c7d15708a0c3c3712f72cb93817d5b9cb8bb4b88e55,4
20635699,Aura Pizzas,Greater Kailash 2 (GK2),Delhi NCR,6178807762,"07:40 PM, September 14 2024",Delivered,Zomato Delivery,3km,"2 x Tripple Cheese Pizza, 2 x Peri Peri Fries",,Buy 1 Get 1 - ₹738.00,738.0,36.9,0.0,0.0,0.0,0.0,774.9,,,,,,18.5,0.7,Correctly,,c13ddab5d060e207e2f5f4a8b8b2a34cd8c6e8c29b75a19668cf25c462e18162,4
20635699,Aura Pizzas,Greater Kailash 2 (GK2),Delhi NCR,6181176019,"07:39 PM, September 14 2024",Delivered,Zomato Delivery,6km,"1 x Herbed Potato, 1 x Grilled Tangdis, 1 x Peri Peri Fries, 1 x All About Chicken Pizza",,Buy 1 Get 1 - ₹578.00,1127.0,56.35,0.0,0.0,0.0,0.0,1183.35,,,,,,18.88,0.9,Correctly,,435cd8ab7e1f1246ba82193d877bd9637ad1979fe7d384e81f251cf4bdbc6f2c,4
20635699,Aura Pizzas,Greater Kailash 2 (GK2),Delhi NCR,6158130351,"07:13 PM, September 14 2024",Delivered,Zomato Delivery,6km,"1 x Peri Peri Fries, 1 x Indian Masala Fries, 1 x Masala Potato Pide, 1 x Masala Paneer Pide",,Buy 1 Get 1 - ₹488.00,508.0,25.4,0.0,0.0,0.0,0.0,533.4,,,,,,14.3,0.5,Correctly,,edd494b10c825a63b4e7b58c74c2fd568816d4c9cd8584b938e30ef0e4242a26,4
20635699,Aura Pizzas,Greater Kailash 2 (GK2),Delhi NCR,6178498651,"05:42 PM, September 14 2024",Delivered,Zomato Delivery,2km,"1 x All About Chicken Pizza, 1 x Murgh Amritsari Seekh Melt, 1 x Jamaican Chicken Melt, 1 x Just Pepperoni Pizza",,Buy 1 Get 1 - ₹1128.00,1138.0,56.9,0.0,0.0,0.0,0.0,1194.9,,,,,,19.27,1.5,Correctly,,f91de9a02b40b26b66fb9dc3dbbc63b25ce80cfed74ff370a4187c113fc6c983,4
20635699,Aura Pizzas,Greater Kailash 2 (GK2),Delhi NCR,6178796023,"04:34 PM, September 14 2024",Delivered,Zomato Delivery,1km,"2 x Chilli Cheese Garlic Bread, 2 x Cheesy Garlic Bread",,Buy 1 Get 1 - ₹498.00,498.0,24.9,0.0,0.0,0.0,0.0,522.9,,,,,,22.8,0.5,Correctly,,33219491e80916f8289f35d338cc25c0a4ee1dbbc16f4a8b6fdf5144609561b5,4
20635699,Aura Pizzas,Greater Kailash 2 (GK2),Delhi NCR,6174331394,"03:56 PM, September 14 2024",Delivered,Zomato Delivery,6km,"1 x Chilli Cheese Garlic Bread, 1 x Peri Peri Fries, 1 x Peri Peri Grilled Chicken Pizza, 1 x Murgh Amritsari Seekh Pizza",,Buy 1 Get 1 - ₹1018.00,1147.0,57.35,0.0,0.0,0.0,0.0,1204.35,,,,,,23.98,4.8,Correctly,,7f6d7f6ff2958eaaa3dbfe4f702bcfceab65a5e0a5be2b166d31df4ce69d0647,4
20635699,Aura Pizzas,Greater Kailash 2 (GK2),Delhi NCR,6172983517,"12:10 PM, September 14 2024",Delivered,Zomato Delivery,5km,"1 x Bageecha Pizza, 1 x Makhani Paneer Pizza, 1 x Chilli Cheese Garlic Bread, 1 x Malai Gud Pide",,Buy 1 Get 1 - ₹838.00,858.0,42.9,0.0,0.0,0.0,0.0,900.9,,,,,,20.87,8.3,Correctly,,ff729de85a72cae609c0016f30f0ccc1f37452385ecedafd4635aeafdc7bebf3,4
20635699,Aura Pizzas,Greater Kailash 2 (GK2),Delhi NCR,6178483290,"11:04 PM, September 13 2024",Delivered,Zomato Delivery,5km,"1 x Cheesy Garlic Bread, 3 x Grilled Tangdis",,Flat Rs.200 off,1046.0,42.3,200.0,0.0,0.0,0.0,888.3,,,,,,20.75,0.4,Correctly,,d8ef42c657181ebe1048716fa48a16d01c226175f7b5f56c178be43a428a92ac,4
20635699,Aura Pizzas,Greater Kailash 2 (GK2),Delhi NCR,6177435486,"07:47 PM, September 13 2024",Delivered,Zomato Delivery,<1km,"1 x Chilli Cheese Garlic Bread, 1 x Margherita Pizza, 1 x Herbed Potato, 1 x All About Chicken Pizza",,Flat Rs.200 off,1725.0,76.25,200.0,0.0,0.0,0.0,1601.25,,,,,,19.87,0.5,Correctly,,b04d3e3fb18d2e8645da22eecc45486007a4263795092018e955dcd294c40653,4
20659868,Aura Pizzas,Sector 4,Delhi NCR,6198882857,"09:27 PM, September 20 2024",Delivered,Zomato Delivery,3km,"1 x Makhani Paneer Pizza, 1 x All About Chicken Pizza, 1 x Malai Gud Pide, 1 x Chilli Cheese Garlic Bread",,Flat 15% off,1956.0,83.13,293.4,0.0,0.0,0.0,1745.73,,,,,,28.08,5.3,Correctly,,91e29840e3791f87ccf3846cc05a9ec4eb535c08a33745bf50629d7d73d28e96,4
20659868,Aura Pizzas,Sector 4,Delhi NCR,6198294949,"08:34 PM, September 20 2024",Delivered,Zomato Delivery,9km,"1 x Bageecha Pizza, 1 x Just Pepperoni Pizza, 2 x Garlic Aioli",,Flat Rs.125 off,1368.0,63.75,93.0,0.0,0.0,0.0,1338.75,,,,,,12.72,1.8,Correctly,,c8bd7b26e12c26acc493dee83e1faa478e813de89b8009e63edf12b7bf6a63ea,4
20659868,Aura Pizzas,Sector 4,Delhi NCR,6195890106,"10:09 PM, September 19 2024",Delivered,Zomato Delivery,4km,"1 x Garlic Aioli, 1 x Chilli Cheese Garlic Bread, 1 x Harisa Mayo, 1 x Cheesy Garlic Bread",,Buy 1 Get 1 - ₹299.00,319.0,15.95,0.0,0.0,0.0,0.0,334.95,,,,,,13.17,1.1,Correctly,,ccca3502ca8187a6510458ec9ea50d505346d06228eb2d585ef035b7675ef40a,4
20659868,Aura Pizzas,Sector 4,Delhi NCR,6194656670,"08:01 PM, September 19 2024",Delivered,Zomato Delivery,14km,"1 x Masala Paneer Pide, 1 x Bageecha Pizza, 1 x Chilli Cheese Garlic Bread, 1 x Makhani Paneer Pizza",,Buy 1 Get 1 - ₹1068.00,1118.0,55.9,0.0,0.0,0.0,0.0,1173.9,,,,,,20.23,9.8,Correctly,,6019283c02cda5339bae039c3c61a08bc243c6583adefa0dd605a53104cc8377,4
20659868,Aura Pizzas,Sector 4,Delhi NCR,6180758657,"06:53 PM, September 19 2024",Delivered,Zomato Delivery,8km,"1 x Murgh Amritsari Seekh Pizza, 1 x Peri Peri Grilled Chicken Pizza, 1 x Mutton Seekh Pide, 1 x Just Pepperoni Pide",,Buy 1 Get 1 - ₹1208.00,1228.0,61.4,0.0,0.0,0.0,0.0,1289.4,,,,,,16.62,2.3,Correctly,,277eea0cf345e072ff5f03d2f20d98ca58b299b90c4fe543b72b65a206f33914,4
20659868,Aura Pizzas,Sector 4,Delhi NCR,6191136240,"02:53 PM, September 19 2024",Delivered,Zomato Delivery,6km,"1 x Spinach Sumac Pide, 1 x Peri Peri Paneer Pizza, 1 x Bageecha Pizza, 1 x Masala Paneer Pide",,Buy 1 Get 1 - ₹1088.00,1128.0,56.4,0.0,0.0,0.0,0.0,1184.4,,,,,,13.22,2.0,Correctly,,4b8fde5f0353d7e8e872fec846507ffeac29c93071cfb0f595dd4111ac1f951e,4
20659868,Aura Pizzas,Sector 4,Delhi NCR,6193418651,"12:43 PM, September 19 2024",Delivered,Zomato Delivery,7km,"1 x All About Chicken Pizza, 1 x Just Pepperoni Pide, 1 x Mutton Seekh Pide, 1 x Just Pepperoni Pizza",,Buy 1 Get 1 - ₹1258.00,1258.0,62.9,0.0,0.0,0.0,0.0,1320.9,,,,,,15.35,1.6,Correctly,,3ff830bc78f59b1fabf9217fa9f1ba64d00087871ff13f7922b0d0359d28267e,4
20659868,Aura Pizzas,Sector 4,Delhi NCR,6183143906,"08:26 PM, September 16 2024",Delivered,Zomato Delivery,6km,"1 x Herbed Potato, 1 x Just Pepperoni Pizza, 1 x Grilled Tangdis, 1 x Jamaican Chicken Melt",,Flat 15% off,1624.0,69.02,243.6,0.0,0.0,0.0,1449.42,,,,,,18.47,11.2,Correctly,,a708d4a0a0ac7b8b7bc221ff45bedbfee003c876e7a01c7bcd76d39dc2ceeedd,4
20659868,Aura Pizzas,Sector 4,Delhi NCR,6179151381,"12:05 AM, September 15 2024",Delivered,Zomato Delivery,10km,"1 x Tripple Cheese Pizza, 1 x Jamaican Chicken Melt, 1 x Murgh Amritsari Seekh Melt, 1 x Mushroom Mozzarella Melt",,Buy 1 Get 1 - ₹928.00,1228.0,61.4,0.0,0.0,0.0,0.0,1289.4,,,,,,22.88,1.7,Correctly,,d70b1b91d4517b696a75b4b3adb868723931764a64e0199d926609eec805052e,4
20659868,Aura Pizzas,Sector 4,Delhi NCR,6182442050,"11:13 PM, September 14 2024",Delivered,Zomato Delivery,3km,"1 x Bellpepper Onion Pizza, 1 x Peri Peri Paneer Pizza, 2 x Cheesy Garlic Bread",,Buy 1 Get 1 - ₹1008.00,1028.0,51.4,0.0,0.0,0.0,0.0,1079.4,,,,,,22.3,1.1,Correctly,,875718b63f640a1a7f65020b414dda5a518d2b4c0081249770f2c6568b9954ca,4
20659868,Aura Pizzas,Sector 4,Delhi NCR,6178898382,"07:37 PM, September 14 2024",Delivered,Zomato Delivery,12km,"1 x Makhani Paneer Pizza, 1 x Mushroom Pizza, 1 x Bageecha Pizza, 1 x Peri Peri Paneer Pizza",,Buy 1 Get 1 - ₹1178.00,1188.0,59.4,0.0,0.0,0.0,0.0,1247.4,,,,,,14.03,2.2,Correctly,,89206e86a4a5e897e7dca2466b0f4a58e01bf268949f24a33fc4718a63b4e0a0,4
20659868,Aura Pizzas,Sector 4,Delhi NCR,6179596821,"06:44 PM, September 14 2024",Delivered,Zomato Delivery,6km,"1 x Angara Paneer Melt, 1 x OG Cheese Pide, 1 x Salted Fries, 1 x Mushroom Mozzarella Melt",,Buy 1 Get 1 - ₹618.00,798.0,39.9,0.0,0.0,0.0,0.0,837.9,,,,,,16.93,1.7,Correctly,,320e56132b556f41b94e3156f6a021954ca551b2419870e75c7d2fa582b6731c,4
20659868,Aura Pizzas,Sector 4,Delhi NCR,6180928595,"06:34 PM, September 14 2024",Delivered,Zomato Delivery,11km,"1 x Bageecha Pizza, 1 x Chilli Cheese Garlic Bread, 1 x Cheesy Garlic Bread, 1 x Makhani Paneer Pizza",,Buy 1 Get 1 - ₹988.00,1058.0,52.9,0.0,0.0,0.0,0.0,1110.9,,,,,,15.25,1.7,Correctly,,d652614bead0871d25ce413350b90dbed80fb260e2380dd2afb59d61c4e2933b,4
20659868,Aura Pizzas,Sector 4,Delhi NCR,6175685589,"06:07 PM, September 14 2024",Delivered,Zomato Delivery,<1km,"1 x Bageecha Pizza, 1 x Tripple Cheese Pizza, 1 x Angara Paneer Melt, 1 x Peri Peri Paneer Pizza",,Buy 1 Get 1 - ₹1218.00,1548.0,77.4,0.0,0.0,0.0,0.0,1625.4,,,,,,16.45,1.8,Correctly,,256bc88127f5fa891da994946aacd328592d1d295c3617729ef5626f37698691,4
20659868,Aura Pizzas,Sector 4,Delhi NCR,6174266972,"12:37 PM, September 14 2024",Delivered,Zomato Delivery,1km,"1 x Makhani Paneer Pizza, 1 x Tipsy Tiger Fresh Lime Soda, 1 x Cheesy Garlic Bread, 1 x Tipsy Tiger Ginger Ale",,Buy 1 Get 1 - ₹239.00,817.1,40.86,0.0,0.0,0.0,0.0,857.96,,,,,,11.87,7.5,Correctly,,934a0e9baddf858dc7c804d90cbdc994855bc40b5b8c99f260b71c9eee163d7a,4
20659868,Aura Pizzas,Sector 4,Delhi NCR,6167461984,"11:57 AM, September 14 2024",Delivered,Zomato Delivery,9km,"1 x All About Chicken Pizza, 1 x Jamaican Chicken Melt, 1 x Murgh Amritsari Seekh Melt, 1 x Desi Pepperoni Pizza",,Buy 1 Get 1 - ₹1338.00,1378.0,68.9,0.0,0.0,0.0,0.0,1446.9,,,,,,18.18,2.9,Correctly,,8b5c4d6170343fbee92a6e577268b8aa8492105bdacbb8c6d9c2855f9bad8a4f,4
20659868,Aura Pizzas,Sector 4,Delhi NCR,6171298632,"08:02 PM, September 11 2024",Delivered,Zomato Delivery,8km,"1 x Makhani Paneer Pizza, 1 x Chilli Cheese Garlic Bread, 1 x Malai Gud Pide, 1 x All About Chicken Pizza",,Flat 15% off,1926.0,81.86,288.9,0.0,0.0,0.0,1718.96,,,,,,21.38,0.9,Correctly,,e8830bb20bc498cf681480d936b1806c12cc47b317d08bc428646c280c11f74d,4
20882652,Aura Pizzas,DLF Phase 1,Delhi NCR,6189671788,"09:47 PM, September 19 2024",Delivered,Zomato Delivery,10km,"2 x Chicken Pepperoni Pizza, 2 x Chilli Cheese Garlic Bread",,Buy 1 Get 1 - ₹858.00,858.0,42.9,0.0,0.0,0.0,0.0,900.9,,,,,,19.74,11.0,Correctly,,77dfc5dc294695af5c4b3799720c53a076ec4c4bb302f00f115a256b4755733e,4
20882652,Aura Pizzas,DLF Phase 1,Delhi NCR,6195301032,"06:34 PM, September 19 2024",Delivered,Zomato Delivery,7km,"1 x Margherita Pizza, 1 x Bageecha Pizza, 1 x Herbed Potato, 1 x Cheesy Garlic Bread",,Buy 1 Get 1 - ₹607.00,838.0,41.9,0.0,0.0,0.0,0.0,879.9,,,,,,19.34,10.4,Correctly,,76e054784c8870e022a363acac54cbeb05e2f6a7e09df51bfb02b4c12d48eb99,4
20882652,Aura Pizzas,DLF Phase 1,Delhi NCR,6193305059,"06:02 PM, September 19 2024",Delivered,Zomato Delivery,6km,"1 x Masala Paneer Pide, 1 x Murgh Amritsari Seekh Melt, 1 x Jamaican Chicken Melt, 1 x Murgh Amritsari Seekh Pide",,Buy 1 Get 1 - ₹798.00,828.0,41.4,0.0,0.0,0.0,0.0,869.4,,,,,,19.15,5.4,Correctly,,6e5d818327abc7bde334cff6047727bf9d12d513f52d0b269a04a64a9c9b07b0,4
20882652,Aura Pizzas,DLF Phase 1,Delhi NCR,6187616462,"03:26 PM, September 19 2024",Delivered,Zomato Delivery,7km,"1 x Mutton Seekh Pizza, 1 x Herbed Potato, 1 x Grilled Tangdis, 1 x Murgh Amritsari Seekh Melt",,Buy 1 Get 1 - ₹945.00,948.0,47.4,0.0,0.0,0.0,0.0,995.4,,,,,,16.94,11.8,Correctly,,764c1c7f0b0fd3290ebe9a394c9942376f58e2bfbce1480a1293504aa21bcbbb,4
20882652,Aura Pizzas,DLF Phase 1,Delhi NCR,6177143315,"07:36 PM, September 14 2024",Delivered,Zomato Delivery,1km,"1 x Peri Peri Fries, 1 x Just Pepperoni Pide, 1 x Spinach Sumac Pide, 1 x Fried Chicken Strips",,Buy 1 Get 1 - ₹518.00,648.0,32.4,0.0,0.0,0.0,0.0,680.4,,,,,,23.13,2.7,Correctly,,24f9d8e61aa36de80cf805b4495ab08e75773de7c9fa9f5ef7ab47174866ee31,4
20882652,Aura Pizzas,DLF Phase 1,Delhi NCR,6180906759,"07:12 PM, September 14 2024",Delivered,Zomato Delivery,6km,"1 x Margherita Pizza, 2 x Just Pepperoni Pide, 1 x All About Chicken Pizza",,Buy 1 Get 1 - ₹858.00,1058.0,52.9,0.0,0.0,0.0,0.0,1110.9,,,,,,19.91,4.1,Correctly,,2143d516a0de66bc0e0e001a838cef67c0d64b0d31fd2b8fbe92bb8b29a3beb4,4
20882652,Aura Pizzas,DLF Phase 1,Delhi NCR,6181210180,"06:59 PM, September 14 2024",Delivered,Zomato Delivery,9km,"1 x Makhani Paneer Pizza, 1 x Chilli Cheese Garlic Bread, 1 x Cheesy Garlic Bread, 1 x Bageecha Pizza",,Buy 1 Get 1 - ₹1067.00,1137.0,56.85,0.0,0.0,0.0,0.0,1193.85,,,,,,26.5,11.9,Correctly,,23ce7f0f186f1efeed884c7a44b9f4d0d5b43abf77c0b65b3e0d9f2170700916,4
20882652,Aura Pizzas,DLF Phase 1,Delhi NCR,6181050254,"06:56 PM, September 14 2024",Delivered,Zomato Delivery,10km,"2 x Fried Chicken Strips, 1 x Pepperoni Garlic Bread, 1 x Grilled Tangdis",,Buy 1 Get 1 - ₹458.00,468.0,23.4,0.0,0.0,0.0,0.0,491.4,5.0,,,,,25.35,16.0,Correctly,,abbc1c703d38e7dadc1b14897464d37075d126213e17fead37b3440769880849,4
20882652,Aura Pizzas,DLF Phase 1,Delhi NCR,6180083728,"02:39 PM, September 14 2024",Delivered,Zomato Delivery,5km,"1 x Tripple Cheese Pizza, 1 x Jamaican Chicken Melt, 1 x Just Pepperoni Pizza, 1 x Bageecha Pizza",,Buy 1 Get 1 - ₹1137.00,1198.0,59.9,0.0,0.0,0.0,0.0,1257.9,,,,,,18.75,3.4,Correctly,,e16f60bcd3dd4f524976cf3d9744c32f82228426b5201e7a607e0a773c883af6,4
20882713,Swaad,DLF Phase 1,Delhi NCR,6171239165,"01:18 PM, September 11 2024",Delivered,Zomato Delivery,3km,"2 x Bone in Jamaican Grilled Chicken, 2 x Bone in Kabuli Grilled Chicken",,,2340.0,58.5,0.0,1170.0,0.0,0.0,1228.5,,,,,,23.1,2.1,Correctly,,854cb78e9e8e3d3998c0f5410940adae9dfebb22bc08b13f015605185192d0c4,4
21077127,Aura Pizzas,Sector 135,Delhi NCR,6195722149,"01:28 PM, September 20 2024",Delivered,Zomato Delivery,6km,"1 x Masala Paneer Pide, 1 x Peri Peri Crisper Fries, 1 x Garlic Aioli, 1 x Peri Peri Paneer Pizza",,Flat Rs.200 off,1157.0,47.85,200.0,0.0,0.0,0.0,1004.85,5.0,,,,,21.15,14.0,Correctly,,b6d244ef8c00d9d37423c837eb2053e8dde424429b1cbaeef4f1293534be4c42,4
21077127,Aura Pizzas,Sector 135,Delhi NCR,6194631723,"08:10 PM, September 19 2024",Delivered,Zomato Delivery,10km,"1 x Chilli Cheese Garlic Bread, 1 x All About Chicken Pizza, 1 x Murgh Amritsari Seekh Melt, 1 x Fried Chicken Strips",,Buy 1 Get 1 - ₹668.00,918.0,45.9,0.0,0.0,0.0,0.0,963.9,,,,,,14.37,4.3,Correctly,,b316a2e3256338a4a500c40395f1794656a4135c7e9652d1e971f44443930318,4
21077127,Aura Pizzas,Sector 135,Delhi NCR,6195153137,"07:22 PM, September 19 2024",Delivered,Zomato Delivery,5km,"1 x Just Pepperoni Pizza, 1 x Herbed Potato, 1 x Bageecha Pizza, 1 x Fried Chicken Strips",,Buy 1 Get 1 - ₹747.00,838.0,41.9,0.0,0.0,0.0,0.0,879.9,,,,,,21.88,1.6,Correctly,,c6b6dc536b970d05e919e98863adf8575146420611f0be37e4a40688bb3c98b4,4
21077127,Aura Pizzas,Sector 135,Delhi NCR,6164304576,"07:19 PM, September 19 2024",Delivered,Zomato Delivery,5km,"1 x Murgh Amritsari Seekh Melt, 1 x Murgh Amritsari Seekh Pide, 1 x Chilli Cheese Garlic Bread, 1 x Jamaican Chicken Melt",,Buy 1 Get 1 - ₹856.00,946.0,47.3,0.0,0.0,0.0,0.0,993.3,5.0,,,,,21.73,8.1,Correctly,,d7ce6d336c9e601bed43770275104d852485ff85f2525ba7138e820e89bb2b21,4
21077127,Aura Pizzas,Sector 135,Delhi NCR,6176371434,"09:44 PM, September 14 2024",Delivered,Zomato Delivery,11km,"1 x Murgh Amritsari Garlic Bread, 1 x All About Chicken Pizza, 1 x Bageecha Pizza, 1 x Jamaican Chicken Melt",,Buy 1 Get 1 - ₹948.00,1198.0,59.9,0.0,0.0,0.0,0.0,1257.9,,,,,,20.9,1.8,Correctly,,abf6104bf0b045e0be04c838cb96280efb1c2c5c45b3a90635eec4f5334c7b92,4
21077127,Aura Pizzas,Sector 135,Delhi NCR,6170946556,"09:20 PM, September 14 2024",Delivered,Zomato Delivery,10km,"1 x Mutton Seekh Pide, 1 x Murgh Amritsari Seekh Pizza, 1 x All About Chicken Pizza, 1 x Pepperoni Garlic Bread",,Buy 1 Get 1 - ₹908.00,1058.0,52.9,0.0,0.0,0.0,0.0,1110.9,,,,,,12.73,0.3,Correctly,,9d13b5807a63e3d9d3b6aa594d9bae44b7b1e8f69a62f6fcd02dbc3aa049df0e,4
21077127,Aura Pizzas,Sector 135,Delhi NCR,6173346711,"08:40 PM, September 14 2024",Delivered,Zomato Delivery,4km,"1 x Jamaican Chicken Melt, 2 x Murgh Amritsari Garlic Bread, 1 x Murgh Amritsari Seekh Melt",,Buy 1 Get 1 - ₹768.00,768.0,38.4,0.0,0.0,0.0,0.0,806.4,,,,,,15.42,1.1,Correctly,,f2dabd3689745f20a4e0c366ddd58ff60adb9683072c7b0d1f9af0d1626d3a2e,4
21077127,Aura Pizzas,Sector 135,Delhi NCR,6178608319,"08:03 PM, September 14 2024",Delivered,Zomato Delivery,11km,"2 x Chicken Pepperoni Pizza, 1 x Murgh Amritsari Seekh Pizza, 1 x Jamaican Chicken Melt",,Buy 1 Get 1 - ₹1157.00,1386.0,69.3,0.0,0.0,0.0,0.0,1455.3,,,,,,14.23,1.7,Correctly,,882fda53a85e9de362b410d76f5ccffa8227ae9de4d08446ad3c6da8e0ae993e,4
21077127,Aura Pizzas,Sector 135,Delhi NCR,6164570661,"05:03 PM, September 13 2024",Delivered,Zomato Delivery,1km,"1 x Peri Peri Paneer Melt, 1 x Peri Peri Fries, 1 x Mushroom Mozzarella Melt, 1 x Chilli Cheese Garlic Bread",,Flat Rs.200 off,1356.0,57.8,200.0,0.0,0.0,0.0,1213.8,,,,,,16.23,0.4,Correctly,,46e4ecbcbb9e539afb4179dff3dbc0262225718f5c64a371fe9140f005ba1f83,4
21077127,Aura Pizzas,Sector 135,Delhi NCR,6167981836,"04:37 PM, September 13 2024",Delivered,Zomato Delivery,10km,"1 x Makhani Paneer Pizza, 1 x Tipsy Tiger Fresh Lime Soda, 2 x Iced Green Tea - Mojito",Order: add extra paneer,Flat Rs.200 off,1058.53,42.93,200.0,0.0,0.0,0.0,901.46,,,,,,10.8,1.1,Correctly,,a3b9d6254dc25c209ecc3458470e3d004ac9c600ce2df057994359a39e969827,4
21077127,Aura Pizzas,Sector 135,Delhi NCR,6169925228,"03:01 PM, September 13 2024",Rejected,Zomato Delivery,11km,"1 x Cafreal Sauce, 1 x Bageecha Pizza, 1 x Jamaican Chicken Melt, 1 x Murgh Amritsari Garlic Bread",,Flat Rs.200 off,1427.0,61.35,200.0,0.0,0.0,0.0,1288.35,,,Cancelled by Customer,939.73,,15.77,1.6,Correctly,,54b5191619a38636f41c3dc8dd30d532a528131fde023aa517cbb22cee556056,4
21173951,Aura Pizzas,Vasant Kunj,Delhi NCR,6194240925,"02:26 PM, September 19 2024",Delivered,Zomato Delivery,5km,"1 x Peri Peri Paneer Pizza, 1 x Angara Paneer Melt, 1 x All About Chicken Pizza, 1 x Murgh Amritsari Seekh Melt",,Buy 1 Get 1 - ₹1184.00,1238.0,61.9,0.0,0.0,0.0,0.0,1299.9,,,,,,22.57,4.2,Correctly,,d6ea4936b46cb6d7d23776c98af309801bd9a180477d8a077e551a0218b6cfe8,4
21173951,Aura Pizzas,Vasant Kunj,Delhi NCR,6174807322,"07:16 PM, September 15 2024",Delivered,Zomato Delivery,1km,"1 x Chilli Cheese Garlic Bread, 1 x Bageecha Pizza, 1 x Herbed Potato, 1 x Mushroom Pizza",,Flat Rs.200 off,1815.0,80.75,200.0,0.0,0.0,0.0,1695.75,,,,,,24.4,1.7,Correctly,,2410ae6372aac3befe9815bbae82ab70b7049f53570f8e0c6cf306160602f0d8,4
21173951,Aura Pizzas,Vasant Kunj,Delhi NCR,6182071413,"01:52 PM, September 15 2024",Delivered,Zomato Delivery,2km,"1 x Bageecha Pizza, 1 x Chicken Pepperoni Pizza, 1 x Murgh Amritsari Seekh Pizza, 1 x Mushroom Mozzarella Melt",,Flat Rs.200 off,2276.0,103.8,200.0,0.0,0.0,0.0,2179.8,,,,,,31.72,8.9,Correctly,,218f638e573750ac0b21f88c4c267eeb316a80cefe1d9688785a406292fb4423,4
21173951,Aura Pizzas,Vasant Kunj,Delhi NCR,6176383948,"08:45 PM, September 14 2024",Delivered,Zomato Delivery,3km,"1 x Murgh Amritsari Seekh Pizza, 2 x Chilli Cheese Garlic Bread, 1 x Bageecha Pizza",,Buy 1 Get 1 - ₹1058.00,1068.0,53.4,0.0,0.0,0.0,0.0,1121.4,,,,,,25.3,0.9,Correctly,,137cb79a898566a6d8c867f8d06c0af66ff7654b8241da63a880282d2a544d29,4
21173951,Aura Pizzas,Vasant Kunj,Delhi NCR,6170026112,"01:33 PM, September 14 2024",Delivered,Zomato Delivery,3km,"1 x Malai Gud Pide, 1 x Peri Peri Paneer Pizza, 1 x Cheesy Garlic Bread, 1 x Bageecha Pizza",,Buy 1 Get 1 - ₹818.00,858.0,42.9,0.0,0.0,0.0,0.0,900.9,,,,,,25.58,1.0,Correctly,,ce61c081bf2ad8e20c775a9fa6ba25afadda704358d98b344feab4a15bbc643a,4
21309083,Swaad,Sector 135,Delhi NCR,6196999855,"11:04 AM, September 20 2024",Delivered,Zomato Delivery,7km,"1 x Grilled Chicken Angara Tender, 1 x Grilled Chicken Peri Peri Tender, 2 x AAC Special Slaw",,,1386.0,69.3,0.0,0.0,0.0,0.0,1455.3,,,,,,27.43,3.4,Correctly,,0075fd932e9c3b880c370e2ca2e6303d70cc46696b4293e911db681faa55abc2,4
21309083,Swaad,Sector 135,Delhi NCR,6174141128,"04:56 PM, September 15 2024",Delivered,Zomato Delivery,4km,"1 x Bone in Jamaican Grilled Chicken, 1 x AAC Signature Crisper Fries, 1 x Bone in Peri Peri Grilled Chicken, 1 x Fried Chicken Ghostbuster Tender",,,1499.0,74.95,0.0,0.0,0.0,0.0,1573.95,,,,,,26.8,7.8,Correctly,,868624c537edb4f1dbda0cc6ba964f950306578374d464a68c8fb817216b324e,4
21309083,Swaad,Sector 135,Delhi NCR,6181515014,"04:04 PM, September 15 2024",Delivered,Zomato Delivery,1km,"1 x Bone in Peri Peri Grilled Chicken, 1 x Angara Aloo Tuk Tuki, 1 x Iced Green Tea - Mojito, 1 x Animal Fries",,,1193.24,59.66,0.0,0.0,0.0,0.0,1252.9,,,,,,26.53,5.6,Correctly,,d29444285f5e8b24b17e3c35b2308cab03bf24701f2c2685e87bfa588790c273,4
20320607,Swaad,Sector 4,Delhi NCR,6212295616,"11:20 PM, September 25 2024",Delivered,Zomato Delivery,2km,"2 x Salted Crisper Fries, 2 x AAC Grilled Chicken Burger",,,1108.0,27.7,0.0,554.0,0.0,0.0,581.7,,,,,,20.47,7.5,Correctly,,39b23bc8a3f90fe38c859eb3d82f6ae8a5f03f081ca65facfaf192d4c3f8a564,4
20320607,Swaad,Sector 4,Delhi NCR,6204380420,"07:57 PM, September 25 2024",Delivered,Zomato Delivery,2km,"2 x AAC Grilled Paneer Burger, 1 x Peri Peri Fries, 1 x AAC Grilled Chicken Burger",,,1254.0,36.0,0.0,534.0,0.0,0.0,756.0,5.0,,,,,34.7,19.2,Correctly,,0920f4db393ca8f7e4df8aa2f1b7aa193b1f060ac7c01845a40243400069939f,4
20320607,Swaad,Sector 4,Delhi NCR,6200793882,"08:30 PM, September 22 2024",Delivered,Zomato Delivery,3km,"1 x Angara Grilled Paneer (8 pcs), 1 x Grilled Chicken Angara Tender, 1 x Bone in Jamaican Grilled Chicken, 1 x Angara Rice",,Flat Rs.175 off,1173.0,49.9,175.0,0.0,0.0,0.0,1047.9,,,,,,30.62,11.9,Correctly,,d199f1476a74fd9da55c53c2afdef880712eb3a6118a907b0fec11cb20b248c8,4
20320607,Swaad,Sector 4,Delhi NCR,6193292792,"11:34 AM, September 22 2024",Delivered,Zomato Delivery,11km,"2 x Bone in Smoky Bbq Grilled Chicken, 2 x Fried Chicken Peri Peri Tender",,,2260.0,56.5,0.0,1130.0,0.0,0.0,1186.5,,,,,,23.95,11.9,Correctly,,98eda32083d81a603dfeb89959da4d0d7786f21f62d282e5bd2b32767b56a47b,4
20320607,Swaad,Sector 4,Delhi NCR,6201105699,"02:28 AM, September 22 2024",Delivered,Zomato Delivery,2km,"2 x AAC Grilled Chicken Burger, 2 x Salted Crisper Fries",,,1108.0,27.7,0.0,554.0,0.0,0.0,581.7,,,,,,14.68,6.4,Correctly,,39b23bc8a3f90fe38c859eb3d82f6ae8a5f03f081ca65facfaf192d4c3f8a564,4
20320607,Swaad,Sector 4,Delhi NCR,6197459363,"07:27 PM, September 21 2024",Delivered,Zomato Delivery,8km,"2 x Bone in Smoky Bbq Grilled Chicken, 2 x Bone in Jamaican Grilled Chicken Quarter + Angara Rice",,,2110.0,52.75,0.0,1055.0,0.0,0.0,1107.75,,,,,,28.95,10.2,Correctly,,fa35a1c67a2ad6f7fdbf720c68ae3f03e193124d869cd37e9e146ec0c75bbd75,4
20320607,Swaad,Sector 4,Delhi NCR,6188146587,"02:51 PM, September 21 2024",Delivered,Zomato Delivery,7km,"1 x Grilled Chicken Jamaican Tender, 1 x Grilled Chicken Smoky BBQ Tender, 2 x Fried Chicken Peri Peri Tender",,,1790.0,44.75,0.0,895.0,0.0,0.0,939.75,,,,,,26.92,14.5,Correctly,,5caef0c72e5bc44c8c10c181f7605c5d714243dbf40c312d619091b3cd4e452e,4
20320607,Swaad,Sector 4,Delhi NCR,6198905730,"01:35 PM, September 21 2024",Delivered,Zomato Delivery,11km,"1 x Bone in Jamaican Grilled Chicken Quarter + Angara Rice, 1 x Bone in Angara Grilled Chicken, 1 x Grilled Chicken Angara Tenders + Salted Fries, 1 x Bone in Jamaican Grilled Chicken",,,2020.0,51.0,0.0,1000.0,0.0,0.0,1071.0,,,,,,16.07,2.4,Correctly,Non-refunded complaint,4908e255222d4608aa634f8040fcd5d5340663c73f5115f0e37e5eaa105da053,4
20554001,Swaad,Greater Kailash 2 (GK2),Delhi NCR,6214878262,"08:41 PM, September 26 2024",Delivered,Zomato Delivery,2km,"1 x Garlic Aioli, 1 x Grilled Chicken Ghostbuster Tangdi, 1 x AAC Signature Fries, 1 x Jamaican Sauce",,Flat Rs.200 off,714.0,31.7,80.0,0.0,0.0,0.0,665.7,,,,,,21.32,7.5,Correctly,,8262aff58673f392152c2e19f57ffb62b40d990add339ee28ad9cbf9efde3f8d,4
20554001,Swaad,Greater Kailash 2 (GK2),Delhi NCR,6210673061,"10:44 PM, September 25 2024",Delivered,Zomato Delivery,2km,"1 x Garlic Aioli, 2 x Animal Fries, 1 x Harisa Mayo",,,830.0,20.75,0.0,415.0,0.0,0.0,435.75,,,,,,18.43,2.8,Correctly,,2ff489a7e14162967cb1077f7bb40bc9fb55604130317bb5af57f8f40436f35f,4
20554001,Swaad,Greater Kailash 2 (GK2),Delhi NCR,6209498713,"08:18 PM, September 25 2024",Delivered,Zomato Delivery,2km,"2 x AAC Signature Fries, 2 x Garlic Aioli",,,498.0,12.45,0.0,249.0,0.0,0.0,261.45,,,,,,19.87,3.7,Correctly,,293bf9dc9a1694cb0dd4d03f73c07f7f6b25698f100de824474e170ea81228cb,4
20554001,Swaad,Greater Kailash 2 (GK2),Delhi NCR,6206149318,"07:53 PM, September 25 2024",Delivered,Zomato Delivery,1km,"2 x Grilled Chicken Jamaican Tender, 1 x Grilled Chicken Angara Tender, 1 x Bone in Peri Peri Grilled Chicken",,,1515.0,44.75,0.0,620.0,0.0,0.0,939.75,,,,,,18.1,9.7,Correctly,,2de02535cad939d3a42faafbea396454376474c26f6b30bc5362a59015bc7509,4
20554001,Swaad,Greater Kailash 2 (GK2),Delhi NCR,6208333433,"06:04 PM, September 25 2024",Delivered,Zomato Delivery,3km,"2 x Grilled Chicken Smoky BBQ Tender, 2 x Grilled Chicken Ghostbuster Tangdi",,,2140.0,53.5,0.0,1070.0,0.0,0.0,1123.5,,,,,,20.47,0.8,Correctly,,e07ad0c93f830ed578864094eeeb4c6b547f6d7e270c764b88bb868e16c91ec0,4
20554001,Swaad,Greater Kailash 2 (GK2),Delhi NCR,6206835463,"01:14 PM, September 25 2024",Delivered,Zomato Delivery,1km,"1 x Salted Fries, 2 x Fried Chicken Angara Tender, 1 x Peri Peri Fries",,,1008.0,25.7,0.0,494.0,0.0,0.0,539.7,,,,,,21.38,1.0,Correctly,,9d0618cbc3c6ef6f7752f4fb518b26fa6e4c084a253b8b64a0b93d8089242b40,4
20554001,Swaad,Greater Kailash 2 (GK2),Delhi NCR,6210364903,"11:52 AM, September 25 2024",Delivered,Zomato Delivery,3km,"1 x Angara Rice, 2 x Animal Fries, 1 x Harisa Mayo",,,918.0,25.15,0.0,415.0,0.0,0.0,528.15,,,,,,21.68,6.1,Correctly,,b1f4830f9ece1d6238661dec58cbf34bbf5e6ae9569a247651937d6673c7739d,4
20554001,Swaad,Greater Kailash 2 (GK2),Delhi NCR,6210860638,"02:40 AM, September 25 2024",Delivered,Zomato Delivery,4km,"1 x Animal Fries, 1 x Grilled Chicken Angara Tender, 1 x Indian Pico De-Gallo, 1 x India Dynamite sauce",,,785.0,20.75,0.0,370.0,0.0,0.0,435.75,,,,,,20.92,3.0,Correctly,,e820fe42037309204742128445b33cc4752323bab7ff5674c5483279de2b53a3,4
20554001,Swaad,Greater Kailash 2 (GK2),Delhi NCR,6207097139,"01:18 AM, September 25 2024",Delivered,Zomato Delivery,2km,"1 x Animal Fries, 1 x Onion Bombs, 2 x Bone in Peri Peri Grilled Chicken",,,1133.0,33.25,0.0,468.0,0.0,0.0,698.25,,,,,,21.08,1.7,Correctly,,372ac9920241d6946f0ea45257b4ae55aed34a1a9112197da30684876304df45,4
20554001,Swaad,Greater Kailash 2 (GK2),Delhi NCR,6207778167,"09:05 PM, September 23 2024",Delivered,Zomato Delivery,3km,"1 x Angara Rice, 1 x Grilled Chicken Jamaican Tender, 1 x Grilled Chicken Peri Peri Tender, 1 x Grilled Chicken Angara Tender",,Flat Rs.175 off,1388.0,60.65,175.0,0.0,0.0,0.0,1273.65,,,,,,15.42,0.3,Correctly,,fa349c6dc98e68acb8803775e935ab1c804c9625f9fd66ef5aad83488765251d,4
20554001,Swaad,Greater Kailash 2 (GK2),Delhi NCR,6202697152,"12:59 AM, September 22 2024",Delivered,Zomato Delivery,1km,"2 x Fried Chicken Angara Tender, 2 x Animal Fries",,,1360.0,34.0,0.0,680.0,0.0,0.0,714.0,,,,,,22.32,0.4,Correctly,,1ca7b111fd3e8a6dfb871fe1a39400e14bd05f76fee57aac1ea07735392f707b,4
20554001,Swaad,Greater Kailash 2 (GK2),Delhi NCR,6200245713,"09:25 PM, September 21 2024",Delivered,Zomato Delivery,3km,"1 x Grilled Chicken Jamaican Tender, 1 x Fried Chicken Angara Tender, 1 x Animal Fries, 1 x Fried Chicken Kabuli Tender",,,1315.0,34.0,0.0,635.0,0.0,0.0,714.0,,,,,,22.75,3.5,Correctly,,d5f43bf947500848ea801af769c03e384b9d5a8aaa0cf3ad80c377f5e8975d8a,4
20554001,Swaad,Greater Kailash 2 (GK2),Delhi NCR,6197167221,"05:50 PM, September 21 2024",Delivered,Zomato Delivery,2km,"1 x Bone in Angara Grilled Chicken, 1 x Animal Fries, 1 x Bone in Kabuli Grilled Chicken, 1 x Fried Chicken Ghostbuster Tender",,,1850.0,47.0,0.0,910.0,0.0,0.0,987.0,,,,,,21.28,4.9,Correctly,,46e7c013caa65486fb0a60371bf749fe9c7983ff1b0d205df714871e5655f159,4
20554001,Swaad,Greater Kailash 2 (GK2),Delhi NCR,6198537360,"02:50 PM, September 21 2024",Delivered,Zomato Delivery,2km,"2 x Bone in Kabuli Grilled Chicken, 2 x Bone in Kabuli Grilled Chicken",,,2710.0,67.75,0.0,1355.0,0.0,0.0,1422.75,,,,,,29.45,7.4,Correctly,,50e012fdbc91a5040bddf4e5fe60216aef555f2ca28ab2f913a3038bbffe9f89,4
20554001,Swaad,Greater Kailash 2 (GK2),Delhi NCR,6194494661,"03:17 AM, September 21 2024",Delivered,Zomato Delivery,2km,"1 x Jamaican Sauce, 1 x Bone in Kabuli Grilled Chicken, 1 x Bone in Jamaican Grilled Chicken, 1 x Bone in Peri Peri Grilled Chicken",,Flat Rs.175 off,990.0,40.75,175.0,0.0,0.0,0.0,855.75,,,,,,17.63,0.4,Correctly,,372ac9920241d6946f0ea45257b4ae55aed34a1a9112197da30684876304df45,4
20635699,Aura Pizzas,Greater Kailash 2 (GK2),Delhi NCR,6210668230,"12:17 AM, September 25 2024",Delivered,Zomato Delivery,1km,"1 x Makhani Paneer Pizza, 1 x Peanut Butter Chocolate Pide, 1 x Bageecha Pizza, 1 x Masala Paneer Pide",,Buy 1 Get 1 - ₹878.00,918.0,45.9,0.0,0.0,0.0,0.0,963.9,,,,,,20.07,3.0,Correctly,,27670287b7e5661e5827080ee00310f66173be76dc1a7c7e806c3224564d9edc,4
20635699,Aura Pizzas,Greater Kailash 2 (GK2),Delhi NCR,6211102149,"10:26 PM, September 24 2024",Delivered,Zomato Delivery,5km,"1 x Chilli Cheese Garlic Bread, 1 x Pepperoni Garlic Bread, 2 x Murgh Amritsari Garlic Bread",,Buy 1 Get 1 - ₹548.00,627.0,31.35,0.0,0.0,0.0,0.0,658.35,,,,,,15.38,1.8,Correctly,,9cc58404af607db22cb4e8f211eca97df967e04c45268afbec324826402737ed,4
20635699,Aura Pizzas,Greater Kailash 2 (GK2),Delhi NCR,6209526576,"09:04 PM, September 24 2024",Delivered,Zomato Delivery,6km,"1 x Onion Rings, 1 x Jamaican Chicken Melt, 1 x Peri Peri Crisper Fries, 1 x All About Chicken Pizza",,Buy 1 Get 1 - ₹479.00,1087.0,54.35,0.0,0.0,0.0,0.0,1141.35,,,,,,30.62,6.9,Correctly,,435cd8ab7e1f1246ba82193d877bd9637ad1979fe7d384e81f251cf4bdbc6f2c,4
20635699,Aura Pizzas,Greater Kailash 2 (GK2),Delhi NCR,6208223700,"08:37 PM, September 24 2024",Delivered,Zomato Delivery,9km,"1 x Bageecha Pizza, 1 x Chilli Cheese Garlic Bread, 1 x Peanut Butter Chocolate Pide, 1 x Peri Peri Paneer Pizza",Order: Please send extra tissues. Thank you.,Buy 1 Get 1 - ₹1028.00,1098.0,54.9,0.0,0.0,0.0,0.0,1152.9,,,,,,21.35,1.5,Correctly,,f3355841642fc3c1bb9860f8af3d58ff8a3f667ef40664685ee2731508de813b,4
20635699,Aura Pizzas,Greater Kailash 2 (GK2),Delhi NCR,6201619264,"11:49 AM, September 24 2024",Delivered,Zomato Delivery,2km,"1 x Tripple Cheese Pizza, 1 x Bellpepper Onion Pizza, 2 x Chilli Cheese Garlic Bread",,Buy 1 Get 1 - ₹808.00,838.0,41.9,0.0,0.0,0.0,0.0,879.9,,,,,,20.67,4.8,Correctly,,2779580bc8208d2ff13bac731b9d3541149942a4dee7558c5aa6ba0cee0e1972,4
20635699,Aura Pizzas,Greater Kailash 2 (GK2),Delhi NCR,6193501476,"09:33 PM, September 22 2024",Delivered,Zomato Delivery,2km,"1 x Spinach Sumac Pide, 1 x Cheesy Garlic Bread, 1 x All About Chicken Pizza, 1 x Salted Crisper Fries",,Flat Rs.200 off,1606.0,70.3,200.0,0.0,0.0,0.0,1476.3,,,,,,24.35,2.7,Correctly,,0c62cae0e51ea4d4e03fe0f9be67b1fbe4391c286b9ed3f0b1f7626ad0058286,4
20635699,Aura Pizzas,Greater Kailash 2 (GK2),Delhi NCR,6197225336,"10:51 PM, September 21 2024",Delivered,Zomato Delivery,1km,"1 x Just Pepperoni Pizza, 2 x Cheesy Garlic Bread, 1 x Bageecha Pizza",,Flat Rs.200 off,2136.0,96.8,200.0,0.0,0.0,0.0,2032.8,,,,,,26.08,19.1,Correctly,,7df3fe889e0b6d2a2845fb3005e1a1f52484c23120b5b6b78e06456c4ff5f8c1,4
20659868,Aura Pizzas,Sector 4,Delhi NCR,6227719606,"10:25 PM, September 30 2024",Delivered,Zomato Delivery,6km,"1 x Desi Chicken Pepperoni Pizza, 1 x All About Chicken Pizza, 1 x Herbed Potato, 1 x Mutton Seekh Pide",,Flat 15% off,2002.0,85.09,300.3,0.0,0.0,0.0,1786.79,5.0,,,,,22.28,11.0,Correctly,,a9eec94f4b5abac2079ea26d789e1036966ee9ef99b011baaafbe67a8a385d46,4
20659868,Aura Pizzas,Sector 4,Delhi NCR,6223768138,"07:45 PM, September 29 2024",Delivered,Zomato Delivery,2km,"1 x Brocolli Onion Pizza, 1 x Bageecha Pizza, 1 x Masala Paneer Pide, 1 x Angara Paneer Melt",,Flat 15% off,1976.0,83.98,296.4,0.0,0.0,0.0,1763.58,,,,,,28.37,16.1,Correctly,,3ebc7ff81e6ff1f0b70d8d2bd053b39c5dd309a40343d2bd962ba2c41e0a00b5,4
20659868,Aura Pizzas,Sector 4,Delhi NCR,6215372847,"10:37 PM, September 27 2024",Delivered,Zomato Delivery,16km,"1 x Margherita Pizza, 1 x Chilli Cheese Garlic Bread, 1 x Bageecha Pizza, 1 x Bageecha Pizza",,Flat 15% off,2116.0,89.93,317.4,0.0,0.0,0.0,1888.53,,,,,,25.77,20.3,Correctly,Item(s) missing or not delivered,91a3ad5cf66418f13666ab7a6b1cd8dad100c815369688a02fccbf4aaa64b2a5,4
20659868,Aura Pizzas,Sector 4,Delhi NCR,6213495600,"02:03 PM, September 27 2024",Delivered,Zomato Delivery,6km,"1 x Makhani Paneer Pizza, 1 x Murgh Amritsari Seekh Pizza, 1 x Tripple Cheese Pizza, 1 x Chilli Cheese Garlic Bread",,Flat 15% off,2803.0,119.13,420.45,0.0,0.0,0.0,2501.68,,,,,,14.68,1.7,Correctly,,f2d92c78b415eadfd5c8b2cd3e7ce33dcc8772bc62782cfe4de0efe8e5f577ab,4
20659868,Aura Pizzas,Sector 4,Delhi NCR,6196387131,"11:35 AM, September 26 2024",Delivered,Zomato Delivery,10km,"1 x Chilli Cheese Garlic Bread, 1 x All About Chicken Pizza, 1 x Masala Paneer Pide, 1 x Makhani Paneer Pizza",,Flat 15% off,2235.0,94.99,335.25,0.0,0.0,0.0,1994.74,,,,,,23.85,15.7,Correctly,,25837c6c1bdd168ce00a9d674a00b2e96db4d2412f891e0c6be3f71cd4e128d5,4
20659868,Aura Pizzas,Sector 4,Delhi NCR,6207698623,"09:01 PM, September 24 2024",Delivered,Zomato Delivery,3km,"1 x Masala Paneer Pide, 1 x Masala Potato Pide, 1 x Bageecha Pizza, 1 x Peri Peri Paneer Pizza",,Buy 1 Get 1 - ₹1068.00,1118.0,55.9,0.0,0.0,0.0,0.0,1173.9,5.0,,,,,14.57,1.4,Correctly,,6524f625486e961ca53410fcf97ee203df36ac778dd8c6eb5b36f75e7fb5cc12,4
20659868,Aura Pizzas,Sector 4,Delhi NCR,6194647395,"08:18 PM, September 24 2024",Delivered,Zomato Delivery,4km,"2 x Jamaican Chicken Melt, 2 x Murgh Amritsari Garlic Bread",,Buy 1 Get 1 - ₹768.00,768.0,38.4,0.0,0.0,0.0,0.0,806.4,,,,,,22.0,2.0,Correctly,,b4b4367a7b0aa5128480accf55b23cf458cacc071f64e6615558a86676cda440,4
20659868,Aura Pizzas,Sector 4,Delhi NCR,6207495403,"08:15 PM, September 24 2024",Delivered,Zomato Delivery,2km,"2 x Fried Chicken Strips, 2 x Grilled Tangdis",,Buy 1 Get 1 - ₹458.00,458.0,22.9,0.0,0.0,0.0,0.0,480.9,,,,,,22.72,1.8,Correctly,,a22684df97931992aa8abd5f86910de5ed7b98389e6cfb73748d2fb955e31a30,4
20659868,Aura Pizzas,Sector 4,Delhi NCR,6209897740,"07:56 PM, September 24 2024",Delivered,Zomato Delivery,9km,"1 x Jamaican Chicken Melt, 1 x All About Chicken Pizza, 1 x Murgh Amritsari Seekh Melt, 1 x Desi Pepperoni Pizza",,Buy 1 Get 1 - ₹1338.00,1378.0,68.9,0.0,0.0,0.0,0.0,1446.9,5.0,,,,,20.03,9.7,Correctly,,8b5c4d6170343fbee92a6e577268b8aa8492105bdacbb8c6d9c2855f9bad8a4f,4
20659868,Aura Pizzas,Sector 4,Delhi NCR,6200547724,"05:07 PM, September 24 2024",Delivered,Zomato Delivery,4km,"2 x Grilled Tangdis, 2 x Fried Chicken Strips",,Buy 1 Get 1 - ₹458.00,458.0,22.9,0.0,0.0,0.0,0.0,480.9,,,,,,15.57,1.9,Correctly,,6942ce2329fce1c5f80908fbca8f5d377b94ddfbe703aa1f89fac7524ef794cc,4
20659868,Aura Pizzas,Sector 4,Delhi NCR,6196172620,"09:37 PM, September 22 2024",Delivered,Zomato Delivery,12km,"1 x Chilli Cheese Garlic Bread, 1 x All About Chicken Pizza, 1 x Murgh Amritsari Garlic Bread, 1 x Peri Peri Paneer Pizza",,Flat 15% off,2176.0,92.48,326.4,0.0,0.0,0.0,1942.08,,,,,,30.68,19.8,Correctly,,7e46a5563f173e5f3077bb042d9102b497810b84326ff51145b57ed8f49db642,4
20659868,Aura Pizzas,Sector 4,Delhi NCR,6204121596,"07:31 PM, September 22 2024",Delivered,Zomato Delivery,3km,"1 x Peri Peri Grilled Chicken Pizza, 1 x Cheesy Garlic Bread, 1 x All About Chicken Pizza, 1 x Bageecha Pizza",,Flat 15% off,2116.0,89.93,317.4,0.0,0.0,0.0,1888.53,,,,,,24.1,12.0,Correctly,,58f25b50a6be88c4a2fdfafe7d5c18d3e4d6ba365726fdc445e80b041430da4b,4
20659868,Aura Pizzas,Sector 4,Delhi NCR,6198086345,"01:21 PM, September 22 2024",Delivered,Zomato Delivery,1km,"1 x Mushroom Mozzarella Melt, 1 x Bageecha Pizza, 1 x OG Cheese Pide, 1 x Peri Peri Paneer Pizza",,Flat 15% off,2166.0,92.06,324.9,0.0,0.0,0.0,1933.16,,,,,,20.17,8.0,Correctly,,3046a2aeffc9056e104fa6dac5efae59bc27682406909e1ac30c8a4512f66b95,4
20659868,Aura Pizzas,Sector 4,Delhi NCR,6197823732,"07:30 PM, September 21 2024",Delivered,Zomato Delivery,3km,"1 x Peri Peri Grilled Chicken Pizza, 1 x Peri Peri Paneer Melt, 1 x Mushroom Mozzarella Melt, 1 x Chilli Cheese Garlic Bread",,Flat 15% off,1996.0,84.83,299.4,0.0,0.0,0.0,1781.43,,,,,,20.42,1.5,Correctly,,38932f7bd6c0f7c04ca81751c76ddb41cd9d65df34b301fae8794f44ced62025,4
20659868,Aura Pizzas,Sector 4,Delhi NCR,6198047538,"07:10 PM, September 21 2024",Delivered,Zomato Delivery,3km,"1 x Jamaican Chicken Melt, 2 x Fried Chicken Strips, 1 x Angara Paneer Melt",,Flat Rs.125 off,1306.0,60.65,93.0,0.0,0.0,0.0,1273.65,,,,,,22.85,13.1,Correctly,,186c70602b2b7ec290df144638c6a86ca9fe81206170e7a18c915b8769281592,4
20659868,Aura Pizzas,Sector 4,Delhi NCR,6186245887,"03:08 PM, September 21 2024",Delivered,Zomato Delivery,6km,"2 x Tipsy Tiger Ginger Ale, 1 x Peri Peri Paneer Pizza, 1 x OG Cheese Pide",,,1166.1,58.31,0.0,0.0,0.0,0.0,1224.41,,,,,,28.62,19.2,Correctly,,919f1104a3c4fe9afeafc33870fa58c1e9be83a1aba1a12439420223b8c05129,4
20882652,Aura Pizzas,DLF Phase 1,Delhi NCR,6227213698,"07:26 PM, September 30 2024",Delivered,Zomato Delivery,4km,"1 x Masala Paneer Pide, 1 x Peri Peri Paneer Melt, 1 x Chilli Cheese Garlic Bread, 1 x Bageecha Pizza",,Flat Rs.200 off,1636.0,71.8,200.0,0.0,0.0,0.0,1507.8,,,,,,22.98,0.3,Correctly,,f817e1a119c8140a7455e156d8b798be6d857b4ba2be8a5f8a7074e5fb33d161,4
20882652,Aura Pizzas,DLF Phase 1,Delhi NCR,6212466826,"01:33 PM, September 27 2024",Delivered,Zomato Delivery,4km,"3 x Peri Peri Crisper Fries, 1 x Bageecha Pizza",,Flat Rs.200 off,1396.0,59.8,200.0,0.0,0.0,0.0,1255.8,,,,,,18.76,6.1,Correctly,,74086d27d19825ced423c50694bf3b9b72021f52697983a7566245f212185fb9,4
20882652,Aura Pizzas,DLF Phase 1,Delhi NCR,6210440556,"07:33 PM, September 24 2024",Delivered,Zomato Delivery,2km,"1 x Makhani Paneer Pizza, 1 x Peri Peri Grilled Chicken Pizza, 1 x Murgh Amritsari Seekh Pizza, 1 x Peri Peri Paneer Pizza",,Buy 1 Get 1 - ₹1558.00,1598.0,79.9,0.0,0.0,0.0,0.0,1677.9,,,,,,22.64,10.7,Correctly,,d27d37014be4f72ef1b09cf66abe3018e11e012c3b4836f6e74844387be03b5c,4
20882652,Aura Pizzas,DLF Phase 1,Delhi NCR,6208620039,"07:04 PM, September 24 2024",Delivered,Zomato Delivery,4km,"2 x Murgh Amritsari Garlic Bread, 2 x Murgh Amritsari Seekh Pizza",,Buy 1 Get 1 - ₹918.00,918.0,45.9,0.0,0.0,0.0,0.0,963.9,,,,,,16.16,2.8,Correctly,,7f861f10a842337aae5639139ca4c85608d2a659186d5f268342c37acd561139,4
20882652,Aura Pizzas,DLF Phase 1,Delhi NCR,6209239804,"03:16 PM, September 24 2024",Delivered,Zomato Delivery,6km,"1 x OG Cheese Pide, 1 x Murgh Amritsari Seekh Melt, 1 x Pepperoni Garlic Bread, 1 x Murgh Amritsari Seekh Pizza",,Buy 1 Get 1 - ₹1074.00,1097.0,54.85,0.0,0.0,0.0,0.0,1151.85,,,,,,23.06,9.2,Correctly,,6dddf931369b975e160050440753ae9f3f6d497a9a8f1368c4525b5402bd193f,4
20882652,Aura Pizzas,DLF Phase 1,Delhi NCR,6200435416,"12:56 PM, September 21 2024",Delivered,Zomato Delivery,4km,"1 x Indian Pico De-Gallo, 1 x Masala Paneer Pide, 1 x Harisa Mayo, 1 x Bageecha Pizza",,Flat Rs.200 off,1238.0,51.9,200.0,0.0,0.0,0.0,1089.9,,,,,,27.1,1.6,Correctly,,4c231ea895b0c782a39019791fac9d535604418f1e65e06a8eca2135f94333eb,4
20882713,Swaad,DLF Phase 1,Delhi NCR,6223149639,"04:42 PM, September 29 2024",Delivered,Zomato Delivery,<1km,"1 x Tipsy Tiger Ginger Ale, 1 x Fried Chicken Peri Peri Tender, 1 x Tipsy Tiger Fresh Lime Soda, 1 x Animal Fries",,,1038.1,51.91,0.0,0.0,0.0,0.0,1090.01,,,,,,21.01,5.3,Correctly,,0afe9d168c1213afce6ed532fc4aa3f2d402c40315138b25f38ceb7bfbab8f00,4
20882713,Swaad,DLF Phase 1,Delhi NCR,6212108134,"07:32 PM, September 25 2024",Delivered,Zomato Delivery,3km,"1 x Garlic Aioli, 1 x Cafreal dip, 2 x Bone in Kabuli Grilled Chicken",,,740.0,18.5,0.0,370.0,0.0,0.0,388.5,,,,,,17.22,1.9,Correctly,,d93f88736b36b36ed7e5472b5ee30d608d5bb06119da0832f74aeecb7552dc3b,4
20882713,Swaad,DLF Phase 1,Delhi NCR,6193594922,"11:25 AM, September 21 2024",Delivered,Zomato Delivery,5km,"1 x Bone in Jamaican Grilled Chicken, 1 x Grilled Chicken Peri Peri Tender, 2 x Grilled Chicken Ghostbuster Tangdi",,,1430.0,35.75,0.0,715.0,0.0,0.0,750.75,,,,,,24.01,6.4,Correctly,,967411688c6efb17ddc6ef0176cfdc4946a75b52e57e7aacd104ff6d02b1ae3c,4
20968194,Dilli Burger Adda,Sector 4,Delhi NCR,6198831167,"08:26 PM, September 21 2024",Delivered,Zomato Delivery,11km,"1 x Salted Fries, 1 x Signature Smashed Tenderloin Burger, 1 x Fried Chicken Strips, 1 x Chicken 69",Order: Angara fried tenders,30% off upto Rs.75,1159.0,43.9,75.0,0.0,108.4,97.56,921.94,,,,,,30.3,12.9,Correctly,,e95735d1ef5483b7be82d8ca84e7d43c6762496f62459d12dabeaffcc41ec317,4
21077127,Aura Pizzas,Sector 135,Delhi NCR,6211761468,"08:17 PM, September 28 2024",Delivered,Zomato Delivery,5km,"1 x Chilli Cheese Garlic Bread, 1 x Masala Paneer Pide, 2 x Bageecha Pizza",,,1776.0,88.8,0.0,0.0,0.0,0.0,1864.8,,,,,,16.28,0.6,Correctly,,cc4ea4e9cb5e6dd2317ac6bd28e6a96715f793958e49c180270f771c541c5bf3,4
21077127,Aura Pizzas,Sector 135,Delhi NCR,6213936069,"11:25 PM, September 27 2024",Delivered,Zomato Delivery,6km,"2 x Bageecha Pizza, 2 x Chilli Cheese Garlic Bread",,Flat Rs.200 off,1716.0,75.8,200.0,0.0,0.0,0.0,1591.8,,,,,,18.03,5.2,Correctly,,3f2d2719c2da89e43b2f88dea980085233982b7778eaae19cc812add89bdc0af,4
21077127,Aura Pizzas,Sector 135,Delhi NCR,6218148299,"08:13 PM, September 27 2024",Delivered,Zomato Delivery,7km,"1 x Chilli Cheese Garlic Bread, 1 x Angara Paneer Melt, 1 x Peri Peri Paneer Pizza, 1 x Bageecha Pizza",,Flat Rs.200 off,2204.0,100.2,200.0,0.0,0.0,0.0,2104.2,,,,,,19.98,4.8,Correctly,,2da5199d90ccb7a91f8e9ea5263a6a8fdabbe32611ea8bd093f921aaf063fb59,4
21077127,Aura Pizzas,Sector 135,Delhi NCR,6196170928,"10:29 PM, September 24 2024",Delivered,Zomato Delivery,2km,"1 x Bageecha Pizza, 1 x Masala Potato Pide, 1 x Mushroom Pizza, 1 x Herbed Potato",,Buy 1 Get 1 - ₹747.00,908.0,45.4,0.0,0.0,0.0,0.0,953.4,,,,,,16.48,7.4,Correctly,,643e9008443046bc585172e4fda82eb73ecd28cdf24bffb44bacac94831a87cd,4
21077127,Aura Pizzas,Sector 135,Delhi NCR,6205330809,"08:37 PM, September 24 2024",Delivered,Zomato Delivery,5km,"1 x Makhani Paneer Pizza, 1 x Malai Gud Pide, 1 x Chilli Cheese Garlic Bread, 1 x Bageecha Pizza",,Buy 1 Get 1 - ₹838.00,858.0,42.9,0.0,0.0,0.0,0.0,900.9,,,,,,15.7,0.9,Correctly,,b4d3e0afbad7f2ae5225de1e8ec2b158c1f7f6bf1718146fb521f477b63a9e3c,4
21143186,Tandoori Junction,Greater Kailash 2 (GK2),Delhi NCR,6204415109,"03:49 PM, September 22 2024",Delivered,Zomato Delivery,9km,"1 x Grlld Potatoes, 1 x Malvani Boneless Grilled Chicken Breast, 1 x Salted Fries, 1 x Angara Boneless Grilled Chicken Breast",,,1766.0,105.96,0.0,0.0,0.0,0.0,1871.96,5.0,,,,,35.57,9.7,Correctly,,389e6424c75d3a8f76575060789f5098b4b8e1a1cfcc0ca58e59f678698d7e1e,4
21173951,Aura Pizzas,Vasant Kunj,Delhi NCR,6222875755,"08:50 PM, September 30 2024",Delivered,Zomato Delivery,2km,"2 x Bageecha Pizza, 1 x Bellpepper Onion Pizza, 1 x Chicken Pepperoni Pizza",,Flat Rs.200 off,2376.0,108.8,200.0,0.0,0.0,0.0,2284.8,,,,,,20.67,2.5,Correctly,,8e0ae3e67df0be03e2932f7d9f1bee32c70391517ee85d3dc6fae3e3d18c2a54,4
21173951,Aura Pizzas,Vasant Kunj,Delhi NCR,6211490559,"11:52 PM, September 24 2024",Delivered,Zomato Delivery,7km,"1 x Desi Pepperoni Pizza, 1 x Malai Gud Pide, 1 x Bageecha Pizza, 1 x Chilli Cheese Garlic Bread",Order: first order from you guys so prepare well and load it with cheese so I will review with pics thanks,Buy 1 Get 1 - ₹1137.00,1158.0,57.9,0.0,0.0,0.0,0.0,1215.9,,,,,,30.2,19.7,Correctly,,d162fe6748991e125eef56422f766628fa5141e9da7abe9c7c2a9dd924433543,4
21173951,Aura Pizzas,Vasant Kunj,Delhi NCR,6206390922,"10:39 PM, September 24 2024",Delivered,Zomato Delivery,2km,"1 x Just Pepperoni Pide, 1 x Murgh Amritsari Seekh Pide, 2 x Herbed Potato",,Buy 1 Get 1 - ₹497.00,547.0,27.35,0.0,0.0,0.0,0.0,574.35,,,,,,20.38,5.2,Correctly,,f663bdb8d75c4a0581a86d34b33fa77245755f88c32a2d1975f3e7bef56db3e9,4
21173951,Aura Pizzas,Vasant Kunj,Delhi NCR,6197668024,"08:33 PM, September 24 2024",Delivered,Zomato Delivery,4km,"1 x Angara Paneer Melt, 2 x Cheesy Garlic Bread, 1 x Margherita Pizza",,Buy 1 Get 1 - ₹688.00,698.0,34.9,0.0,0.0,0.0,0.0,732.9,,,,,,14.67,0.7,Correctly,,d9d7f91bdb0feccd695743841eca6376a0dba64579c642c075edaa5c633bc155,4
21173951,Aura Pizzas,Vasant Kunj,Delhi NCR,6207839175,"05:49 PM, September 24 2024",Delivered,Zomato Delivery,4km,"1 x Murgh Amritsari Seekh Pide, 1 x Spinach Sumac Pide, 1 x All About Chicken Pizza, 1 x Makhani Paneer Pizza",,Buy 1 Get 1 - ₹908.00,1008.0,50.4,0.0,0.0,0.0,0.0,1058.4,5.0,Excellent. The effort was visible. Exceedingly well made dough and superbly well stuffed. Perhaps the best in town ! Keep it up,,,,17.72,3.9,Correctly,,f98fe3356599a2d3ea815c3bba19533dce7c7f94157de1424fe70ec0b3755b8d,4
21173951,Aura Pizzas,Vasant Kunj,Delhi NCR,6209284327,"01:56 PM, September 24 2024",Delivered,Zomato Delivery,1km,"1 x Bageecha Pizza, 1 x Peri Peri Paneer Pizza, 2 x Cheesy Garlic Bread",,Buy 1 Get 1 - ₹838.00,1008.0,50.4,0.0,0.0,0.0,0.0,1058.4,,,,,,17.9,1.0,Correctly,,4a24e8d710a3842e4783fe152121a5a4c074179ba85038a8f3a25d367dd5ff61,4
21309083,Swaad,Sector 135,Delhi NCR,6219982407,"09:59 PM, September 28 2024",Delivered,Zomato Delivery,1km,"1 x Animal Fries, 1 x Grilled Chicken Jamaican Tangdi, 1 x Grilled Chicken Jamaican Tender, 1 x Grilled Chicken Jamaican Tender",,,1505.0,75.25,0.0,0.0,0.0,0.0,1580.25,,,,,,20.75,4.8,Correctly,,26881b893aabae607fb1ff838cf78b30711f1f6432f56c71ce4d6b6bbcf21fca,4
21309083,Swaad,Sector 135,Delhi NCR,6211907860,"09:36 PM, September 26 2024",Delivered,Zomato Delivery,4km,"1 x Jamaican Sauce, 1 x Bone in Jamaican Grilled Chicken, 1 x Peri Peri Crisper Fries, 1 x Fried Chicken Peri Peri Tender",,,1139.0,56.95,0.0,0.0,0.0,0.0,1195.95,,,,,,21.37,5.6,Correctly,,868624c537edb4f1dbda0cc6ba964f950306578374d464a68c8fb817216b324e,4
21309083,Swaad,Sector 135,Delhi NCR,6207961284,"08:34 PM, September 25 2024",Delivered,Zomato Delivery,1km,"1 x Bone in Smoky Bbq Grilled Chicken, 1 x Bone in Jamaican Grilled Chicken, 1 x Grilled Chicken Angara Tender, 1 x Bone in Kabuli Grilled Chicken",,,1240.0,31.0,0.0,620.0,0.0,0.0,651.0,,,,,,20.65,4.5,Correctly,,72294910bb6c816bf21c6f9a324c5f1ef8b64782f3ec2572c1fcef036a2b1bf5,4
21309083,Swaad,Sector 135,Delhi NCR,6212062507,"01:07 PM, September 25 2024",Delivered,Zomato Delivery,1km,"1 x Animal Fries, 1 x AAC Saucy Fries, 2 x Grilled Chicken Peri Peri Tender",,,1500.0,39.5,0.0,710.0,0.0,0.0,829.5,,,,,,34.93,8.6,Correctly,,88e554d1aca79956787571669fc19495255bfbdd5926d8dc555b83acee9e0e0f,4
21309083,Swaad,Sector 135,Delhi NCR,6199951753,"08:15 PM, September 21 2024",Delivered,Zomato Delivery,4km,"2 x Bone in Jamaican Grilled Chicken, 2 x Grilled Chicken Peri Peri Tender",,,2260.0,56.5,0.0,1130.0,0.0,0.0,1186.5,,,,,,28.52,3.3,Correctly,,36e4656b79e0e04735918e2f65d1ddf7ce04df35eeeec744a4c4e5ee79832039,4
21309083,Swaad,Sector 135,Delhi NCR,6197504038,"06:49 PM, September 21 2024",Delivered,Zomato Delivery,2km,"2 x Bone in Peri Peri Grilled Chicken, 2 x Angara Rice",,,916.0,22.9,0.0,458.0,0.0,0.0,480.9,,,,,,17.27,0.3,Correctly,,d143d9d20d870e53c5aac22747bb1a529929d1079b45c12a807fa629fe2673e6,4
21309083,Swaad,Sector 135,Delhi NCR,6197784180,"06:05 PM, September 21 2024",Delivered,Zomato Delivery,4km,"1 x Grilled Chicken Angara Tender, 2 x Angara Rice, 1 x Grilled Chicken Jamaican Tender",,,1096.0,28.9,0.0,518.0,0.0,0.0,606.9,,,,,,18.43,0.3,Correctly,,868624c537edb4f1dbda0cc6ba964f950306578374d464a68c8fb817216b324e,4
20320607,Swaad,Sector 4,Delhi NCR,6250829002,"10:53 PM, October 08 2024",Delivered,Zomato Delivery,7km,"1 x Cafreal dip, 1 x Garlic Aioli, 1 x Bone in Angara Grilled Chicken, 1 x Bone in Jamaican Grilled Chicken",,Flat Rs.175 off,1015.0,42.0,175.0,0.0,0.0,0.0,882.0,,,,,,16.27,6.3,Correctly,Item(s) missing or not delivered,04062455a01d26b69c48fff955f020f9fbe18caa295e70bb719437ce93c377f8,4
20320607,Swaad,Sector 4,Delhi NCR,6240035659,"09:08 PM, October 05 2024",Delivered,Zomato Delivery,4km,"1 x Animal Fries, 1 x Bone in Smoky Bbq Grilled Chicken, 1 x Fried Chicken Ghostbuster Tender, 1 x Bone in Kabuli Grilled Chicken",,Flat Rs.200 off,1300.0,60.5,90.0,0.0,0.0,0.0,1270.5,,,,,,23.9,5.4,Correctly,,b09dd845d4c113891e627a829727df0c71b77c0ab94144d61c5675be87a36aa4,4
20554001,Swaad,Greater Kailash 2 (GK2),Delhi NCR,6241342414,"05:15 PM, October 07 2024",Delivered,Zomato Delivery,5km,"1 x Onion Rings, 1 x Fried Chicken Classic Tender, 1 x Salted Crisper Fries, 1 x Grilled Chicken Smoky BBQ Tender",,Flat Rs.175 off,1212.0,51.85,175.0,0.0,0.0,0.0,1088.85,,,,,,16.68,5.2,Correctly,,45f4b64ad90a93df9e6dac922ab4dfebc4e01c9ebb54151a288bb32317a93954,4
20554001,Swaad,Greater Kailash 2 (GK2),Delhi NCR,6229392277,"05:18 PM, October 03 2024",Delivered,Zomato Delivery,2km,"1 x Bone in Jamaican Grilled Chicken, 1 x Grilled Chicken Angara Tangdi, 1 x Bone in Smoky Bbq Grilled Chicken, 1 x Tipsy Tiger Ginger Ale",,,1144.05,57.2,0.0,0.0,0.0,0.0,1201.25,,,,,,24.5,4.0,Correctly,,48cb44577728c75009b5593b0b931a59fae56da0295ab0041d523d0069e15f68,4
20635699,Aura Pizzas,Greater Kailash 2 (GK2),Delhi NCR,6254970712,"11:44 PM, October 09 2024",Delivered,Zomato Delivery,7km,"2 x Murgh Amritsari Seekh Pide, 2 x Fried Chicken Strips",,Buy 1 Get 1 - ₹538.00,538.0,26.9,0.0,0.0,0.0,0.0,564.9,3.0,,,,,13.07,0.9,Correctly,,598c794f415a33818d8296288fea69c05f326a5f7b0414135b6c9e5f5f679f0a,4
20635699,Aura Pizzas,Greater Kailash 2 (GK2),Delhi NCR,6247645490,"07:48 PM, October 09 2024",Delivered,Zomato Delivery,5km,"2 x Salted Crisper Fries, 1 x Angara Paneer Melt, 1 x Makhani Paneer Pizza",,Buy 1 Get 1 - ₹508.00,1107.0,55.35,0.0,0.0,0.0,0.0,1162.35,,,,,,14.22,2.2,Correctly,,2b44f0bd8eb3151f58faae93d69689b5195e55b6d6bca5c4c700d40d494f781c,4
20635699,Aura Pizzas,Greater Kailash 2 (GK2),Delhi NCR,6250892117,"04:06 PM, October 09 2024",Delivered,Zomato Delivery,5km,"1 x Makhani Paneer Pizza, 1 x OG Cheese Pide, 1 x Margherita Pizza, 1 x Bageecha Pizza",,Buy 1 Get 1 - ₹928.00,1058.0,52.9,0.0,0.0,0.0,0.0,1110.9,,,,,,15.25,0.7,Correctly,,d827fbc8b3b8b077f7aac1a2debbce5d8fc5bee85530c18775eb68da58a990ca,4
20635699,Aura Pizzas,Greater Kailash 2 (GK2),Delhi NCR,6234675476,"07:22 PM, October 06 2024",Delivered,Zomato Delivery,6km,"1 x Angara Paneer Melt, 1 x Malai Gud Pide, 1 x Tripple Cheese Pizza, 1 x Cheesy Garlic Bread",,Flat Rs.200 off,2013.0,95.05,112.0,0.0,0.0,0.0,1996.05,,,,,,24.23,5.7,Correctly,,1bd67c39a46d160eb8c5352519fe75d629d5e400ec442868599d86382dcc30b9,4
20635699,Aura Pizzas,Greater Kailash 2 (GK2),Delhi NCR,6229378025,"09:53 PM, October 05 2024",Delivered,Zomato Delivery,5km,"1 x Mushroom Pizza, 1 x Bageecha Pizza, 1 x Spinach Sumac Pide, 1 x OG Cheese Pide",,Buy 1 Get 1 - ₹1128.00,1148.0,57.4,0.0,0.0,0.0,0.0,1205.4,,,,,,23.68,0.8,Correctly,,818815338e2c81fc7d1dd44a823f2f4671929692bc1f00d4bb7dcc0322bb5cba,4
20635699,Aura Pizzas,Greater Kailash 2 (GK2),Delhi NCR,6241873705,"09:37 PM, October 05 2024",Delivered,Zomato Delivery,7km,"1 x Mushroom Mozzarella Melt, 1 x Malai Gud Pide, 1 x Bageecha Pizza, 1 x Mushroom Pizza",,Buy 1 Get 1 - ₹1058.00,1248.0,62.4,0.0,0.0,0.0,0.0,1310.4,,,,,,24.67,0.7,Correctly,,d93ddc9b0b8ea3f7c194af678b85b615631f9e651e07891fb2d1e25740bb3021,4
20635699,Aura Pizzas,Greater Kailash 2 (GK2),Delhi NCR,6241693183,"07:29 PM, October 05 2024",Delivered,Zomato Delivery,3km,"1 x Masala Paneer Pide, 1 x Peri Peri Paneer Pizza, 1 x Bageecha Pizza, 1 x Chilli Cheese Garlic Bread",,Buy 1 Get 1 - ₹838.00,918.0,45.9,0.0,0.0,0.0,0.0,963.9,,,,,,25.68,6.9,Correctly,,257060b0341d212eff456957c4a6d0a1475c361f14d89cf4d96e5a1c11957bb9,4
20635699,Aura Pizzas,Greater Kailash 2 (GK2),Delhi NCR,6240915278,"07:26 PM, October 05 2024",Delivered,Zomato Delivery,5km,"1 x Just Pepperoni Pizza, 1 x Margherita Pizza, 1 x Jamaican Chicken Melt, 1 x Chilli Cheese Garlic Bread",,Buy 1 Get 1 - ₹1027.00,1128.0,56.4,0.0,0.0,0.0,0.0,1184.4,,,,,,15.97,0.2,Correctly,,8e898b0277f1310339e2188fe0c947281f95ec6a81165441172bb47f439fc5b4,4
20635699,Aura Pizzas,Greater Kailash 2 (GK2),Delhi NCR,6232342677,"12:08 AM, October 04 2024",Delivered,Zomato Delivery,1km,"1 x Chilli Cheese Garlic Bread, 1 x Cheesy Garlic Bread, 1 x Indian Masala Cripser Fries, 1 x Angara Paneer Melt",,,1146.0,57.3,0.0,0.0,0.0,0.0,1203.3,,,,,,16.87,1.4,Correctly,,d62b0e918c2ded36d779a45ac804284d2f19e391bde18a92676ea8ad6dc2648e,4
20635699,Aura Pizzas,Greater Kailash 2 (GK2),Delhi NCR,6229014173,"08:36 PM, October 01 2024",Delivered,Zomato Delivery,4km,"1 x Onion Rings, 1 x All About Chicken Pizza, 1 x Mushroom Pizza, 1 x Peri Peri Crisper Fries",,Flat Rs.150 off,2086.0,98.7,112.0,0.0,0.0,0.0,2072.7,,,,,,24.33,0.3,Correctly,,ff3f91fc0f5ff9695ec094c8114b96380a228fe9c485e902e82bc45457d0ab68,4
20659868,Aura Pizzas,Sector 4,Delhi NCR,6253822948,"09:24 PM, October 09 2024",Delivered,Zomato Delivery,6km,"2 x Cheesy Garlic Bread, 1 x Margherita Pizza, 1 x Masala Paneer Pide",,Buy 1 Get 1 - ₹558.00,698.0,34.9,0.0,0.0,0.0,0.0,732.9,,,,,,17.58,1.1,Correctly,,4fab4be15fb2593b76c3025c8e8b97a79b5785b10690dc85287b4aee6cc44379,4
20659868,Aura Pizzas,Sector 4,Delhi NCR,6252677231,"07:20 PM, October 09 2024",Delivered,Zomato Delivery,2km,"1 x Mushroom Pizza, 1 x Bageecha Pizza, 1 x Spinach Sumac Pide, 1 x Margherita Pizza",,Buy 1 Get 1 - ₹928.00,1068.0,53.4,0.0,0.0,0.0,0.0,1121.4,,,,,,17.78,1.4,Correctly,,08b9a49ff41db411dd354f3be9e19ae4223737adeb27f8d939a1619065de107e,4
20659868,Aura Pizzas,Sector 4,Delhi NCR,6253166064,"05:59 PM, October 09 2024",Delivered,Zomato Delivery,6km,"1 x Peri Peri Grilled Chicken Pizza, 1 x Bacon Pepperoni Melt, 2 x Just Pepperoni Pizza",,Buy 1 Get 1 - ₹1297.00,1317.0,65.85,0.0,0.0,0.0,0.0,1382.85,,,,,,19.73,9.0,Correctly,,a05d0388a04ab6bbd57849e02f4535aa04071e50be68cbf47698846927defd23,4
20659868,Aura Pizzas,Sector 4,Delhi NCR,6252444009,"05:30 PM, October 09 2024",Delivered,Zomato Delivery,6km,"3 x Murgh Amritsari Seekh Pide, 1 x OG Cheese Pide",,Buy 1 Get 1 - ₹698.00,698.0,34.9,0.0,0.0,0.0,0.0,732.9,,,,,,11.63,4.7,Correctly,,587be3f495a7df521e551dc79942b9f0c3fa971f18d6d194e378df8eabc51d1c,4
20659868,Aura Pizzas,Sector 4,Delhi NCR,6251767974,"03:57 PM, October 09 2024",Delivered,Zomato Delivery,2km,"1 x Tipsy Tiger Ginger Ale, 2 x Tripple Cheese Pizza, 1 x Iced Green Tea - Peach",,Buy 1 Get 1 - ₹828.00,1042.29,52.12,0.0,0.0,0.0,0.0,1094.41,,,,,,18.2,11.6,Correctly,,97e6812c7ebfbb5f05efe48d78abe0fd07f575f405a289d3541aa9d81417ba92,4
20659868,Aura Pizzas,Sector 4,Delhi NCR,6228851499,"12:44 PM, October 09 2024",Delivered,Zomato Delivery,<1km,"1 x Bacon Pepperoni Melt, 1 x All About Chicken Pizza, 1 x Murgh Amritsari Seekh Pizza, 1 x Mushroom Mozzarella Melt",,Buy 1 Get 1 - ₹1078.00,1258.0,62.9,0.0,0.0,0.0,0.0,1320.9,5.0,,,,,20.0,5.5,Correctly,,8b5c4d6170343fbee92a6e577268b8aa8492105bdacbb8c6d9c2855f9bad8a4f,4
20659868,Aura Pizzas,Sector 4,Delhi NCR,6249437762,"11:07 PM, October 08 2024",Delivered,Zomato Delivery,6km,"1 x Makhani Paneer Pizza, 1 x Chilli Cheese Garlic Bread, 1 x Mushroom Pizza, 1 x Bageecha Pizza",,,3120.0,156.0,0.0,0.0,0.0,0.0,3276.0,,,,,,24.15,10.8,Correctly,,2ce93bccd457a45e3b8a93a2a0f8d8f56f05acdb4e2e010323456dcc8032cbca,4
20659868,Aura Pizzas,Sector 4,Delhi NCR,6246647778,"11:59 PM, October 06 2024",Delivered,Zomato Delivery,4km,"2 x Cheesy Garlic Bread, 1 x Bageecha Pizza, 1 x Margherita Pizza",,Flat 15% off,1536.0,65.28,230.4,0.0,0.0,0.0,1370.88,,,,,,15.57,11.6,Correctly,,ccca3502ca8187a6510458ec9ea50d505346d06228eb2d585ef035b7675ef40a,4
20659868,Aura Pizzas,Sector 4,Delhi NCR,6242550525,"11:27 AM, October 06 2024",Delivered,Zomato Delivery,17km,"1 x Chicken Pepperoni Pizza, 1 x Fried Chicken Strips, 1 x Bageecha Pizza, 1 x Murgh Amritsari Seekh Pide",,Buy 1 Get 1 - ₹788.00,1128.0,56.4,0.0,0.0,0.0,0.0,1184.4,,,,,,28.9,14.7,Correctly,,7e6a6f50cb8e254695a3ff915e57fb696a334fd0ff7191c4b8321af3e9fb581e,4
20659868,Aura Pizzas,Sector 4,Delhi NCR,6241519553,"11:23 AM, October 06 2024",Delivered,Zomato Delivery,1km,"1 x Peri Peri Paneer Pizza, 1 x Mushroom Pizza, 1 x Makhani Paneer Pizza, 1 x Tripple Cheese Pizza",,Buy 1 Get 1 - ₹1518.00,1548.0,77.4,0.0,0.0,0.0,0.0,1625.4,,,,,,23.93,10.3,Correctly,,d3929dc476d2225f862155a30dc7f6fc7d4e89d112ea45548a74c000072ee73f,4
20659868,Aura Pizzas,Sector 4,Delhi NCR,6233367347,"12:14 AM, October 06 2024",Delivered,Zomato Delivery,2km,"2 x Murgh Amritsari Garlic Bread, 2 x Cheesy Garlic Bread",,Buy 1 Get 1 - ₹528.00,528.0,26.4,0.0,0.0,0.0,0.0,554.4,,,,,,17.22,10.3,Correctly,,e773d4ab84735f46abb8f3cedb59a1b5fa765ecb9d59c563fcbd07d526a7d877,4
20659868,Aura Pizzas,Sector 4,Delhi NCR,6233756368,"08:40 PM, October 05 2024",Delivered,Zomato Delivery,6km,"1 x Chilli Cheese Garlic Bread, 1 x Cheesy Garlic Bread, 1 x Mushroom Pizza, 1 x Bageecha Pizza",,Buy 1 Get 1 - ₹838.00,868.0,43.4,0.0,0.0,0.0,0.0,911.4,,,,,,13.7,7.1,Correctly,,7941419d5786460ccbd0875533f65fff985c99987abd254571d1bcec4ff1e059,4
20659868,Aura Pizzas,Sector 4,Delhi NCR,6239775461,"07:11 PM, October 05 2024",Delivered,Zomato Delivery,6km,"2 x Makhani Paneer Pizza, 1 x Cheesy Garlic Bread, 1 x Chilli Cheese Garlic Bread",,Buy 1 Get 1 - ₹988.00,1008.0,50.4,0.0,0.0,0.0,0.0,1058.4,,,,,,26.82,9.8,Correctly,,ebbab30643856f430acf52bb14c0f90a5913785fe6dcccba0f42187f0e38154d,4
20659868,Aura Pizzas,Sector 4,Delhi NCR,6237971406,"06:29 PM, October 05 2024",Delivered,Zomato Delivery,3km,"1 x Margherita Pizza, 2 x Herbed Potato, 1 x Cheesy Garlic Bread",,Buy 1 Get 1 - ₹387.00,607.0,30.35,0.0,0.0,0.0,0.0,637.35,4.0,,,,,14.4,10.6,Correctly,,8ad4442f8d266ee3eb62d83f0fe5e8559d8005b9d29e0a483c933aa0744fcc7d,4
20659868,Aura Pizzas,Sector 4,Delhi NCR,6235953421,"01:47 PM, October 05 2024",Delivered,Zomato Delivery,9km,"1 x Mutton Seekh Pizza, 1 x Bageecha Pizza, 1 x All About Chicken Pizza, 1 x Makhani Paneer Pizza",,Buy 1 Get 1 - ₹1438.00,1498.0,74.9,0.0,0.0,0.0,0.0,1572.9,,,,,,22.18,12.2,Correctly,,8b5c4d6170343fbee92a6e577268b8aa8492105bdacbb8c6d9c2855f9bad8a4f,4
20882652,Aura Pizzas,DLF Phase 1,Delhi NCR,6252453209,"11:05 PM, October 09 2024",Delivered,Zomato Delivery,9km,"2 x Grilled Tangdis, 1 x Tripple Cheese Pizza, 1 x Chicken Pepperoni Pizza",,Buy 1 Get 1 - ₹1018.00,1078.0,53.9,0.0,0.0,0.0,0.0,1131.9,,,,,,20.14,9.4,Correctly,,d0d6b266aabb32a7bb068257018a2d28a1e102c6d0eef3b06d6149d37375f765,4
20882652,Aura Pizzas,DLF Phase 1,Delhi NCR,6250797953,"08:38 PM, October 09 2024",Delivered,Zomato Delivery,6km,"1 x Bageecha Pizza, 2 x Chilli Cheese Garlic Bread, 1 x Makhani Paneer Pizza",,Buy 1 Get 1 - ₹838.00,858.0,42.9,0.0,0.0,0.0,0.0,900.9,5.0,,,,,21.24,2.9,Correctly,,2d6088907b5b7adc1640581b063f433d138bb8722741d86483182d81948357a7,4
20882652,Aura Pizzas,DLF Phase 1,Delhi NCR,6253490768,"07:58 PM, October 09 2024",Delivered,Zomato Delivery,7km,"2 x Margherita Pizza, 2 x Cheesy Garlic Bread",,Buy 1 Get 1 - ₹888.00,888.0,44.4,0.0,0.0,0.0,0.0,932.4,,,,,,25.49,14.4,Correctly,,9d7ba153939d7d1be57a9a9a00c36c89ac11adf025d6822ac3082f28f51c4d0e,4
20882652,Aura Pizzas,DLF Phase 1,Delhi NCR,6245530715,"07:48 PM, October 09 2024",Delivered,Zomato Delivery,7km,"1 x Grilled Tangdis, 1 x Herbed Potato, 1 x Bacon Pepperoni Melt, 1 x Murgh Amritsari Seekh Melt",,Buy 1 Get 1 - ₹826.00,868.0,43.4,0.0,0.0,0.0,0.0,911.4,,,,,,26.68,1.9,Correctly,,764c1c7f0b0fd3290ebe9a394c9942376f58e2bfbce1480a1293504aa21bcbbb,4
20882652,Aura Pizzas,DLF Phase 1,Delhi NCR,6243260484,"10:37 PM, October 05 2024",Delivered,Zomato Delivery,6km,"2 x Grilled Tangdis, 1 x All About Chicken Pizza, 1 x Mutton Seekh Pizza",,Buy 1 Get 1 - ₹928.00,948.0,47.4,0.0,0.0,0.0,0.0,995.4,,,,,,21.67,6.2,Correctly,,7ecb39b659542b7ec896b10676778f1cbe26eca389d603c7945a9f00b22a6aa8,4
20882652,Aura Pizzas,DLF Phase 1,Delhi NCR,6242382936,"07:51 PM, October 05 2024",Delivered,Zomato Delivery,6km,"1 x Angara Paneer Melt, 1 x Murgh Amritsari Seekh Melt, 1 x Mushroom Mozzarella Melt, 1 x Jamaican Chicken Melt",,Buy 1 Get 1 - ₹928.00,987.0,49.35,0.0,0.0,0.0,0.0,1036.35,,,,,,23.17,1.5,Correctly,,e84edbd6d0d785f9df755c02dc15df16fe28b7a75d3333572baf27022a1ef3cf,4
20882652,Aura Pizzas,DLF Phase 1,Delhi NCR,6236811436,"07:50 PM, October 05 2024",Delivered,Zomato Delivery,10km,"1 x Chilli Cheese Garlic Bread, 1 x Bageecha Pizza, 1 x Masala Potato Pide, 1 x Murgh Amritsari Seekh Pizza",,Buy 1 Get 1 - ₹858.00,928.0,46.4,0.0,0.0,0.0,0.0,974.4,,,,,,16.42,13.8,Correctly,,6ce65c41c97e6614a9541693c389377d7dd3f9e2be5008a207e152cc4ec7ca16,4
20882652,Aura Pizzas,DLF Phase 1,Delhi NCR,6239798675,"07:18 PM, October 05 2024",Delivered,Zomato Delivery,2km,"1 x Spinach Sumac Pide, 1 x Masala Potato Pide, 2 x Herbed Potato",,Buy 1 Get 1 - ₹447.00,477.0,23.85,0.0,0.0,0.0,0.0,500.85,,,,,,18.14,11.3,Correctly,,b256c78ad3fe9d12cc4307015e4d978ea68c345bef8a9299dc70b03f04505b6e,4
20882652,Aura Pizzas,DLF Phase 1,Delhi NCR,6222488493,"12:05 AM, October 02 2024",Delivered,Zomato Delivery,10km,"1 x Mayonnaise, 1 x Chilli Cheese Garlic Bread, 1 x Makhani Paneer Pizza, 1 x Harisa Mayo",,,1248.0,62.4,0.0,0.0,0.0,0.0,1310.4,,,,,,16.56,4.4,Correctly,,21df3ddeeb0153581a072d492c075b8248170071f3084425f0dc345086637a99,4
20882713,Swaad,DLF Phase 1,Delhi NCR,6222476573,"04:23 PM, October 01 2024",Delivered,Zomato Delivery,2km,"1 x Bone in Angara Grilled Chicken, 1 x Bone in Jamaican Grilled Chicken, 1 x Bone in Peri Peri Grilled Chicken, 1 x Bone in Kabuli Grilled Chicken",,Flat Rs.175 off,1240.0,53.25,175.0,0.0,0.0,0.0,1118.25,,,,,,21.33,1.6,Correctly,,bff915ebc13a0905db566ac617f49b6a3cf00d8135c9a583fb8f6aded4712e90,4
21077127,Aura Pizzas,Sector 135,Delhi NCR,6244244632,"08:03 PM, October 08 2024",Delivered,Zomato Delivery,<1km,"1 x Harisa Mayo, 1 x Bellpepper Onion Pizza, 1 x Salted Crisper Fries, 1 x Herbed Potato",,50% off upto Rs.100,966.0,43.3,100.0,0.0,0.0,0.0,909.3,,,,,,15.43,5.6,Correctly,,ff20d19318e34e397532fee758c8602a67880c82a61a4ce1653b2b0a3ce703e5,4
21077127,Aura Pizzas,Sector 135,Delhi NCR,6239282079,"08:27 PM, October 06 2024",Delivered,Zomato Delivery,16km,"1 x Bageecha Pizza, 2 x Chilli Cheese Garlic Bread, 1 x Makhani Paneer Pizza",,Flat Rs.200 off,1696.0,74.8,200.0,0.0,0.0,0.0,1570.8,,,,,,16.77,9.8,Correctly,,1bf8bc596e64e8dd4a0c1280f70cc911934c1b1e068a8fe19fc89667c5e6c18f,4
21077127,Aura Pizzas,Sector 135,Delhi NCR,6244412948,"01:32 PM, October 06 2024",Delivered,Zomato Delivery,10km,"1 x Malai Gud Pide, 1 x All About Chicken Pizza, 1 x Bacon Pepperoni Melt, 1 x Peri Peri Chicken Melt",,Buy 1 Get 1 - ₹858.00,1148.0,57.4,0.0,0.0,0.0,0.0,1205.4,4.0,,,,,21.38,1.4,Correctly,,d12d4acf1820455f670a9a2d6ee224341162c9cd651767315f95270f88fe7824,4
21077127,Aura Pizzas,Sector 135,Delhi NCR,6237064979,"09:00 PM, October 05 2024",Delivered,Zomato Delivery,2km,"1 x Makhani Paneer Pizza, 1 x Bageecha Pizza, 2 x Chilli Cheese Garlic Bread",,Buy 1 Get 1 - ₹838.00,858.0,42.9,0.0,0.0,0.0,0.0,900.9,,,,,,14.15,0.9,Correctly,,128b40822ce095ad8f600c6cf7046dcae832448a58a296e9f051e6b19e35bda1,4
21077127,Aura Pizzas,Sector 135,Delhi NCR,6233237539,"06:43 PM, October 05 2024",Delivered,Zomato Delivery,3km,"1 x Angara Paneer Melt, 1 x Mushroom Mozzarella Melt, 1 x Makhani Paneer Pizza, 1 x Bageecha Pizza",,Buy 1 Get 1 - ₹1028.00,1048.0,52.4,0.0,0.0,0.0,0.0,1100.4,,,,,,18.33,7.3,Correctly,,2f701d8fb85663bdb45fdb81777fd4568fbe8da1f69c2dae15a36301f8b63f99,4
21077127,Aura Pizzas,Sector 135,Delhi NCR,6234497264,"07:56 PM, October 03 2024",Delivered,Zomato Delivery,4km,"1 x Tripple Cheese Pizza, 1 x Bellpepper Onion Pizza, 1 x Cheesy Garlic Bread, 1 x Peri Peri Paneer Pizza",,Flat Rs.200 off,2546.0,117.3,200.0,0.0,0.0,0.0,2463.3,,,,,,18.47,18.9,Correctly,,14229483bd2be41f003721b1838fd59994379c7faf69d0e089282230c2eb9cce,4
21077127,Aura Pizzas,Sector 135,Delhi NCR,6233242460,"03:30 PM, October 02 2024",Delivered,Zomato Delivery,4km,"1 x Masala Potato Pide, 1 x Bageecha Pizza, 1 x Chilli Cheese Garlic Bread, 1 x Spinach Sumac Pide",Order: please don't add butter or cheese,Flat Rs.200 off,1486.0,64.3,200.0,0.0,0.0,0.0,1350.3,,,,,,17.43,5.0,Correctly,,c21121baeae17611c4b836a7234c40ebbff38faff5ea32705e2e2b9343d65855,4
21077127,Aura Pizzas,Sector 135,Delhi NCR,6230020312,"10:28 PM, October 01 2024",Delivered,Zomato Delivery,2km,"2 x Harisa Mayo, 1 x Herbed Potato, 1 x Jamaican Chicken Melt",,Flat Rs.200 off,945.0,37.25,200.0,0.0,0.0,0.0,782.25,,,,,,21.17,10.3,Correctly,,390d687f79e8fac66f4451c0823f64a814feebbbe9d2ffcafc4fc3218bc47b42,4
21173951,Aura Pizzas,Vasant Kunj,Delhi NCR,6252699601,"12:43 PM, October 09 2024",Delivered,Zomato Delivery,6km,"1 x Bageecha Pizza, 1 x Bellpepper Onion Pizza, 1 x Chilli Cheese Garlic Bread, 1 x Spinach Sumac Pide",,Buy 1 Get 1 - ₹838.00,928.0,46.4,0.0,0.0,0.0,0.0,974.4,,,,,,24.28,7.5,Correctly,,631c8b52e77277ba22d3dd25bc73c23213df0c74f9d5af1764e262091756df3d,4
21173951,Aura Pizzas,Vasant Kunj,Delhi NCR,6242251932,"07:37 PM, October 06 2024",Delivered,Zomato Delivery,5km,"1 x Peri Peri Crisper Fries, 1 x Malai Gud Pide, 1 x Bageecha Pizza, 1 x Desi Pepperoni Pizza",,Flat Rs.200 off,1716.0,75.8,200.0,0.0,0.0,0.0,1591.8,,,,,,25.8,3.2,Correctly,,dbe860ba6c86e64812c344e27840672fd3fb0320e52c315c15b67c0d4c211ed0,4
21173951,Aura Pizzas,Vasant Kunj,Delhi NCR,6240196915,"10:33 PM, October 05 2024",Delivered,Zomato Delivery,2km,"1 x Margherita Pizza, 1 x Bageecha Pizza, 2 x Cheesy Garlic Bread",,Buy 1 Get 1 - ₹698.00,838.0,41.9,0.0,0.0,0.0,0.0,879.9,,,,,,13.45,1.5,Correctly,,b6483bc7ae91b384b7c627474e2b3d2ad19edf6315d2a7c9216e42e4873f8b11,4
21173951,Aura Pizzas,Vasant Kunj,Delhi NCR,6238827076,"07:36 PM, October 05 2024",Delivered,Zomato Delivery,7km,"2 x Malai Gud Pide, 2 x Bageecha Pizza",,Buy 1 Get 1 - ₹858.00,858.0,42.9,0.0,0.0,0.0,0.0,900.9,,,,,,25.25,2.6,Correctly,,28e97b3f4817d7c7d50cc133a50306dc7d8c71e657328a3ab878a3d548558de8,4
21173951,Aura Pizzas,Vasant Kunj,Delhi NCR,6231776068,"07:30 PM, October 05 2024",Delivered,Zomato Delivery,<1km,"2 x Murgh Amritsari Seekh Pide, 2 x Cheesy Garlic Bread",,Buy 1 Get 1 - ₹588.00,588.0,29.4,0.0,0.0,0.0,0.0,617.4,,,,,,19.88,0.8,Correctly,,f056f4dd8984caf40e95e6d5835610772f40f8fd501d5efc3d4f29744c119492,4
21173951,Aura Pizzas,Vasant Kunj,Delhi NCR,6238109542,"05:23 PM, October 05 2024",Delivered,Zomato Delivery,18km,"1 x Malai Gud Pide, 1 x Tripple Cheese Pizza, 1 x Cheesy Garlic Bread, 1 x Bageecha Pizza",,Buy 1 Get 1 - ₹988.00,1058.0,52.9,0.0,0.0,0.0,0.0,1110.9,,,,,,24.55,0.6,Correctly,,8d8cee35f0e5d9a8083f421fe118b1f3e7f8bfd1a77f7a05aeaef4184973cdea,4
20320607,Swaad,Sector 4,Delhi NCR,6284641089,"02:52 AM, October 20 2024",Delivered,Zomato Delivery,2km,"2 x AAC Grilled Chicken Burger, 2 x Salted Fries",,,1088.0,27.2,0.0,544.0,0.0,0.0,571.2,5.0,,,,,21.97,12.4,Correctly,,e773d4ab84735f46abb8f3cedb59a1b5fa765ecb9d59c563fcbd07d526a7d877,4
20320607,Swaad,Sector 4,Delhi NCR,6280659875,"01:15 AM, October 20 2024",Delivered,Zomato Delivery,4km,"1 x India Dynamite sauce, 1 x Fried Chicken Peri Peri Tender, 1 x Jamaican Sauce, 1 x Grilled Chicken Peri Peri Tender",,,755.0,19.25,0.0,370.0,0.0,0.0,404.25,,,,,,21.53,11.6,Correctly,,9a6a44e1b5d0d38f838c0ca28f23bc57d95787ecd41f8b4438124ea7d76f3beb,4
20320607,Swaad,Sector 4,Delhi NCR,6282131220,"01:13 AM, October 20 2024",Delivered,Zomato Delivery,2km,"2 x Grilled Chicken Angara Tender, 2 x Peri Peri Fries",,,1488.0,37.2,0.0,744.0,0.0,0.0,781.2,,,,,,34.48,30.2,Correctly,,0781815deb4a10a574e9fee4fa0b86b074d4a0b36175d5a626dbc4710568bff4,4
20320607,Swaad,Sector 4,Delhi NCR,6284322282,"10:59 PM, October 19 2024",Delivered,Zomato Delivery,3km,"1 x Bone in Angara Grilled Chicken, 1 x Bone in Smoky Bbq Grilled Chicken, 1 x Bone in Kabuli Grilled Chicken, 1 x Animal Fries",,,1285.0,33.25,0.0,620.0,0.0,0.0,698.25,,,,,,13.67,0.8,Correctly,,639e6d0499dee3f2becb0f8ee9fbd01cbeb9b5e7130a4382057af02238cbbfcd,4
20320607,Swaad,Sector 4,Delhi NCR,6271447156,"09:55 PM, October 19 2024",Delivered,Zomato Delivery,7km,"2 x Bone in Jamaican Grilled Chicken, 2 x Salted Fries",,,958.0,23.95,0.0,479.0,0.0,0.0,502.95,,,,,,18.45,2.4,Correctly,,1715d4b162f14347b0baada39ddde53d2d8e0e891fd5dea8fb1bd51b2066f1af,4
20320607,Swaad,Sector 4,Delhi NCR,6276251339,"09:44 PM, October 19 2024",Delivered,Zomato Delivery,9km,"1 x AAC Grilled Chicken Burger, 1 x Animal Fries, 1 x Fried Chicken Peri Peri Tender, 1 x Fried Chicken Ghostbuster Tender",,,1380.0,35.0,0.0,680.0,0.0,0.0,735.0,,,,,,20.72,1.4,Correctly,,8b5c4d6170343fbee92a6e577268b8aa8492105bdacbb8c6d9c2855f9bad8a4f,4
20320607,Swaad,Sector 4,Delhi NCR,6278099470,"08:52 PM, October 19 2024",Rejected,Zomato Delivery,7km,"2 x Salted Fries, 2 x Bone in Jamaican Grilled Chicken",,,958.0,23.95,0.0,479.0,0.0,0.0,502.95,,,Cancelled by Zomato,360.91,,12.42,2.0,Correctly,,1715d4b162f14347b0baada39ddde53d2d8e0e891fd5dea8fb1bd51b2066f1af,4
20320607,Swaad,Sector 4,Delhi NCR,6283432922,"07:14 PM, October 19 2024",Delivered,Zomato Delivery,6km,"1 x Grilled Chicken Angara Tender, 1 x Grilled Chicken Jamaican Tender, 1 x Fried Chicken Kabuli Tender, 1 x Fried Chicken Ghostbuster Tender",,,1270.0,31.75,0.0,635.0,0.0,0.0,666.75,,,,,,20.45,1.0,Correctly,,e9bc59119cf7bac394fa0f3f0dd14273e163ffcff42d57bc33493ae868e6c858,4
20320607,Swaad,Sector 4,Delhi NCR,6272876242,"07:12 PM, October 19 2024",Delivered,Zomato Delivery,2km,"1 x Salted Fries, 1 x Bone in Peri Peri Grilled Chicken, 1 x Bone in Jamaican Grilled Chicken, 1 x Angara Aloo Tuk Tuki",,,947.0,23.95,0.0,468.0,0.0,0.0,502.95,,,,,,19.9,7.4,Correctly,,7941419d5786460ccbd0875533f65fff985c99987abd254571d1bcec4ff1e059,4
20320607,Swaad,Sector 4,Delhi NCR,6279007495,"04:33 PM, October 19 2024",Delivered,Zomato Delivery,10km,"1 x Grilled Chicken Smoky BBQ Tender, 1 x Bone in Jamaican Grilled Chicken, 1 x Fried Chicken Angara Tender, 1 x Bone in Angara Grilled Chicken",,,1255.0,31.75,0.0,620.0,0.0,0.0,666.75,,,,,,17.57,0.9,Correctly,,a1966e23db7a3d55fd26d502fe140604b52ee3f6c69c5527ca8548a207588485,4
20320607,Swaad,Sector 4,Delhi NCR,6257538645,"10:12 PM, October 18 2024",Delivered,Zomato Delivery,7km,"1 x Smoky BBQ Sauce, 1 x Fried Chicken Kabuli Tender, 1 x India Dynamite sauce, 1 x Fried Chicken Peri Peri Tender",,Flat Rs.200 off,770.0,34.0,90.0,0.0,0.0,0.0,714.0,,,,,,19.43,2.8,Correctly,,d9e7258bb90083bf2de280e4e4483e6411d34dcf581bec386fcf67adf2ae5e87,4
20554001,Swaad,Greater Kailash 2 (GK2),Delhi NCR,6279806709,"10:17 PM, October 20 2024",Delivered,Zomato Delivery,2km,"1 x Garlic Aioli, 1 x Harisa Mayo, 1 x Bone in Jamaican Grilled Chicken, 1 x Bone in Kabuli Grilled Chicken",,Flat Rs.175 off,850.0,33.75,175.0,0.0,0.0,0.0,708.75,,,,,,14.88,3.8,Correctly,,2b7109d2bb21ff995b25f2da0e5aea53f72f56b788869e4cd9fe4fc3eba0079f,4
20554001,Swaad,Greater Kailash 2 (GK2),Delhi NCR,6283614174,"10:48 PM, October 19 2024",Delivered,Zomato Delivery,5km,"1 x Bone in Angara Grilled Chicken, 1 x Bone in Jamaican Grilled Chicken, 2 x Bone in Smoky Bbq Grilled Chicken",,,1515.0,44.75,0.0,620.0,0.0,0.0,939.75,,,,,,19.0,0.3,Correctly,,63629b4476ca3758041f22b016447a7a8aad1cef31464e80588cc75bd2138501,4
20554001,Swaad,Greater Kailash 2 (GK2),Delhi NCR,6284407678,"10:25 PM, October 19 2024",Delivered,Zomato Delivery,3km,"1 x Angara Rice, 2 x Bone in Smoky Bbq Grilled Chicken, 1 x Salted Fries",,,1157.0,29.45,0.0,568.0,0.0,0.0,618.45,,,,,,22.25,4.0,Correctly,,3166f8ae696045ea808aeb9d282051c090aa7fe27997c1c4c42ac4c49aa705b5,4
20554001,Swaad,Greater Kailash 2 (GK2),Delhi NCR,6282381451,"08:52 PM, October 19 2024",Delivered,Zomato Delivery,4km,"1 x AAC Signature Fries, 2 x Angara Sauce, 1 x Fried Chicken Classic Tender",,,829.0,26.0,0.0,309.0,0.0,0.0,546.0,,,,,,14.7,0.8,Correctly,,7a3966308d37b772588f9c026237c5bf4d2f157a6817dc92c93913b551ce55cc,4
20554001,Swaad,Greater Kailash 2 (GK2),Delhi NCR,6283645613,"08:23 PM, October 19 2024",Delivered,Zomato Delivery,4km,"1 x Bone in Smoky Bbq Grilled Chicken, 1 x Salted Crisper Fries, 1 x Bone in Peri Peri Grilled Chicken, 1 x AAC Special Slaw",,,1497.0,38.2,0.0,733.0,0.0,0.0,802.2,,,,,,21.83,3.0,Correctly,,f913d9f3374fd04107e50c1f00ae6798d709cbc4826fc71bd8f9eb50f0ab7fb9,4
20554001,Swaad,Greater Kailash 2 (GK2),Delhi NCR,6279067183,"07:13 PM, October 19 2024",Delivered,Zomato Delivery,1km,"1 x Fried Chicken Peri Peri Tender, 1 x Bone in Peri Peri Grilled Chicken, 1 x Grilled Chicken Peri Peri Tangdi, 1 x Animal Fries",,,1395.0,36.5,0.0,665.0,0.0,0.0,766.5,,,,,,18.43,1.8,Correctly,,c8c77bd4f7c72fb423f98f7fac1bfda5d77459009a7c074749ce26011b0317e2,4
20554001,Swaad,Greater Kailash 2 (GK2),Delhi NCR,6274166642,"06:31 PM, October 16 2024",Delivered,Zomato Delivery,1km,"1 x Bone in Peri Peri Grilled Chicken, 1 x Bone in Jamaican Grilled Chicken, 1 x Peri Peri Sauce, 1 x Smoky BBQ Sauce",,Flat Rs.175 off,1290.0,55.75,175.0,58.5,0.0,0.0,1112.25,,,,,,26.62,7.3,Correctly,,25492bbc87ae706d5a3b6ea99c993ef17f75a8e11594ed0656eb66b803a68fbf,4
20554001,Swaad,Greater Kailash 2 (GK2),Delhi NCR,6270048458,"04:08 PM, October 16 2024",Delivered,Zomato Delivery,7km,"1 x Grilled Chicken Smoky BBQ Tender, 1 x Fried Chicken Classic Tender, 1 x Tipsy Tiger Fresh Lime Soda, 1 x India Dynamite sauce",,Flat Rs.175 off,1069.05,44.7,175.0,0.0,0.0,0.0,938.75,,,,,,22.35,5.3,Correctly,,34bd50ed717b9060f0927eb86d9b79dcb474cbe16f4d39a7c2621f35e6263b63,4
20554001,Swaad,Greater Kailash 2 (GK2),Delhi NCR,6267606562,"01:58 PM, October 14 2024",Delivered,Zomato Delivery,9km,"1 x Fried Chicken Peri Peri Tender, 1 x Bone in Jamaican Grilled Chicken, 1 x Onion Rings, 1 x Bone in Peri Peri Grilled Chicken",,,1724.0,86.2,0.0,0.0,0.0,0.0,1810.2,,,,,,27.38,0.3,Correctly,,a9108c4453be3b64d043423d5c24ff0c100c17ef442cca7fef7e2ee0403f5e63,4
20635699,Aura Pizzas,Greater Kailash 2 (GK2),Delhi NCR,6282063704,"12:47 AM, October 20 2024",Delivered,Zomato Delivery,5km,"1 x Desi Chicken Pepperoni Pizza, 1 x Jamaican Chicken Melt, 1 x Peri Peri Crisper Fries, 1 x Onion Rings",,,1805.0,90.25,0.0,0.0,0.0,0.0,1895.25,,,,,,19.33,3.1,Correctly,,2b44f0bd8eb3151f58faae93d69689b5195e55b6d6bca5c4c700d40d494f781c,4
20635699,Aura Pizzas,Greater Kailash 2 (GK2),Delhi NCR,6280707349,"02:52 AM, October 19 2024",Delivered,Zomato Delivery,4km,"1 x Makhani Paneer Pizza, 3 x Cheesy Garlic Bread",,50% off upto Rs.100,1296.0,59.8,100.0,0.0,0.0,0.0,1255.8,,,,,,13.65,2.1,Correctly,,9a3b2b934026e1b4c1aee016cc069cf3d28d75bab5a0843ef5f96e25b34fde22,4
20635699,Aura Pizzas,Greater Kailash 2 (GK2),Delhi NCR,6276480536,"10:33 PM, October 17 2024",Delivered,Zomato Delivery,9km,"1 x Bageecha Pizza, 1 x Peanut Butter Chocolate Pide, 1 x Chilli Cheese Garlic Bread, 1 x Peri Peri Paneer Pizza",Order: Please send extra tissues. Thank you.,Buy 1 Get 1 - ₹1028.00,1098.0,54.9,0.0,0.0,0.0,0.0,1152.9,,,,,,27.05,6.8,Correctly,,f3355841642fc3c1bb9860f8af3d58ff8a3f667ef40664685ee2731508de813b,4
20635699,Aura Pizzas,Greater Kailash 2 (GK2),Delhi NCR,6277266402,"10:07 PM, October 17 2024",Delivered,Zomato Delivery,3km,"1 x Bageecha Pizza, 2 x Herbed Potato, 1 x Herbed Potato",,Buy 1 Get 1 - ₹356.00,747.0,37.35,0.0,0.0,0.0,0.0,784.35,,,,,,25.17,9.3,Correctly,Non-refunded complaint,16d22c973a95a746a904e775ed6457b35e1e7385f2862dd8d5bb194ea5c347df,4
20635699,Aura Pizzas,Greater Kailash 2 (GK2),Delhi NCR,6277262589,"08:41 PM, October 17 2024",Delivered,Zomato Delivery,3km,"1 x Cheesy Garlic Bread, 1 x Chilli Cheese Garlic Bread, 1 x Tripple Cheese Pizza, 1 x Mushroom Mozzarella Melt",,Buy 1 Get 1 - ₹688.00,808.0,40.4,0.0,0.0,0.0,0.0,848.4,,,,,,17.85,1.3,Correctly,,100bf3065ae4cc61a06b862e057d74343dca19de0a9a4bea255d9391cf718968,4
20635699,Aura Pizzas,Greater Kailash 2 (GK2),Delhi NCR,6277876715,"08:23 PM, October 17 2024",Delivered,Zomato Delivery,4km,"2 x Cheesy Garlic Bread, 1 x Makhani Paneer Pizza, 1 x Peri Peri Grilled Chicken Pizza",,Buy 1 Get 1 - ₹988.00,1068.0,53.4,0.0,0.0,0.0,0.0,1121.4,,,,,,19.67,0.6,Correctly,,88b40ae22233b674624654f2dba1c26492bc386dd86007a84e8a3ecb3dc374d2,4
20635699,Aura Pizzas,Greater Kailash 2 (GK2),Delhi NCR,6277398696,"07:22 PM, October 17 2024",Delivered,Zomato Delivery,1km,"1 x Angara Paneer Melt, 1 x OG Cheese Pide, 1 x Malai Gud Pide, 1 x Margherita Pizza",,Buy 1 Get 1 - ₹887.00,998.0,49.9,0.0,0.0,0.0,0.0,1047.9,5.0,,,,,13.72,3.5,Correctly,,0cbcfec2f6713b43bff881b2903e551e74e3c911adce6a38b93a6367f48f683d,4
20635699,Aura Pizzas,Greater Kailash 2 (GK2),Delhi NCR,6274539566,"12:52 PM, October 17 2024",Delivered,Zomato Delivery,15km,"1 x All About Chicken Pizza, 2 x Fried Chicken Strips, 1 x Jamaican Chicken Melt",,Buy 1 Get 1 - ₹668.00,848.0,42.4,0.0,0.0,0.0,0.0,890.4,,,,,,24.27,4.9,Correctly,,0d33888c159311c60f9a96915b720be375c35444292977b1ae3d29a40df76dd3,4
20635699,Aura Pizzas,Greater Kailash 2 (GK2),Delhi NCR,6272502170,"09:29 PM, October 15 2024",Delivered,Zomato Delivery,1km,"1 x Tripple Cheese Pizza, 1 x Peri Peri Paneer Pizza, 1 x Herbed Potato, 1 x Chilli Cheese Garlic Bread",,,1535.0,76.75,0.0,0.0,0.0,0.0,1611.75,,,,,,27.58,12.4,Correctly,,dfde4a1875a724bcca61207d0f182b3b57ecf2e250efc8dc7996ae5937410c83,4
20635699,Aura Pizzas,Greater Kailash 2 (GK2),Delhi NCR,6263894252,"10:57 PM, October 14 2024",Delivered,Zomato Delivery,1km,"1 x Indian Pico De-Gallo, 1 x Harisa Mayo, 1 x Margherita Pizza, 1 x Peri Peri Crisper Fries",,50% off upto Rs.100,778.0,33.9,100.0,0.0,0.0,0.0,711.9,,,,,,12.25,5.0,Correctly,,239a1bf2f79df448d2cca9d8a6a594b137c617677065da7cc5f7c6e74d7871ba,4
20635699,Aura Pizzas,Greater Kailash 2 (GK2),Delhi NCR,6260172020,"09:02 PM, October 12 2024",Delivered,Zomato Delivery,4km,"1 x Salted Crisper Fries, 1 x Margherita Pizza, 1 x Tipsy Tiger Ginger Ale, 1 x Tipsy Tiger Fresh Lime Soda",,50% off upto Rs.100,876.1,38.81,100.0,0.0,0.0,0.0,814.91,,,,,,19.22,0.9,Correctly,,6a5b9c0b683eb9cb73a227ff9c1ade6d2b26f55ddd924956297298828e7ae5b1,4
20659868,Aura Pizzas,Sector 4,Delhi NCR,6275480663,"11:50 PM, October 17 2024",Delivered,Zomato Delivery,19km,"1 x Desi Pepperoni Pizza, 2 x Herbed Potato, 1 x All About Chicken Pizza",,Buy 1 Get 1 - ₹1047.00,1067.0,53.35,0.0,0.0,0.0,0.0,1120.35,,,,,,20.48,11.1,Correctly,,f59c2f596917273e50b09928d7e117882c8ecc7768b63fd0f6217da4ad41baff,4
20659868,Aura Pizzas,Sector 4,Delhi NCR,6277007282,"11:12 PM, October 17 2024",Delivered,Zomato Delivery,12km,"2 x Mushroom Mozzarella Melt, 2 x Angara Paneer Melt",,Buy 1 Get 1 - ₹1016.00,1016.0,50.8,0.0,0.0,0.0,0.0,1066.8,,,,,,18.07,6.4,Correctly,,cb921e091c3c9352a0c293475b189e1bcfc3a15fff4de847b5120f8fdc8e18d3,4
20659868,Aura Pizzas,Sector 4,Delhi NCR,6273488998,"11:03 PM, October 17 2024",Delivered,Zomato Delivery,8km,"2 x Fried Chicken Strips, 1 x Peri Peri Paneer Pizza, 1 x Peri Peri Grilled Chicken Pizza",,Buy 1 Get 1 - ₹1037.00,1097.0,54.85,0.0,0.0,0.0,0.0,1151.85,,,,,,22.87,3.4,Correctly,,7276eb53be1801c2daf1879d042f1e3a343bfe14b01b87ae19dbccc7b4317a81,4
20659868,Aura Pizzas,Sector 4,Delhi NCR,6278117988,"09:20 PM, October 17 2024",Delivered,Zomato Delivery,12km,"2 x Mushroom Mozzarella Melt, 2 x Angara Paneer Melt",,Buy 1 Get 1 - ₹1016.00,1016.0,50.8,0.0,0.0,0.0,0.0,1066.8,,,,,,19.98,2.6,Correctly,,cb921e091c3c9352a0c293475b189e1bcfc3a15fff4de847b5120f8fdc8e18d3,4
20659868,Aura Pizzas,Sector 4,Delhi NCR,6274623021,"08:30 PM, October 17 2024",Delivered,Zomato Delivery,2km,"1 x Murgh Amritsari Seekh Pizza, 1 x Makhani Paneer Pizza, 2 x Grilled Tangdis",,Buy 1 Get 1 - ₹1018.00,1078.0,53.9,0.0,0.0,0.0,0.0,1131.9,,,,,,33.45,11.9,Correctly,,0c8ab039d438e4aac736812dfd086f057ff83e00b3ab4e7b2d71dfc176a201f6,4
20659868,Aura Pizzas,Sector 4,Delhi NCR,6273667302,"08:24 PM, October 17 2024",Delivered,Zomato Delivery,9km,"1 x Mushroom Mozzarella Melt, 1 x Margherita Pizza, 2 x Makhani Paneer Pizza",,Buy 1 Get 1 - ₹1028.00,1038.0,51.9,0.0,0.0,0.0,0.0,1089.9,,,,,,33.23,10.6,Correctly,,e70e7d32900497098d8779c0dec91ff3d5244e717a85b885f16a1b2d0b51c2ff,4
20659868,Aura Pizzas,Sector 4,Delhi NCR,6277594768,"08:17 PM, October 17 2024",Delivered,Zomato Delivery,2km,"1 x Makhani Paneer Pizza, 1 x Peri Peri Paneer Pizza, 1 x Masala Paneer Pide, 1 x Cheesy Garlic Bread",,Buy 1 Get 1 - ₹818.00,898.0,44.9,0.0,0.0,0.0,0.0,942.9,,,,,,31.73,19.3,Correctly,,e92b757be92eb87770fc6ed55b214a248368b5d0f6aade0c031c44ff098d8589,4
20659868,Aura Pizzas,Sector 4,Delhi NCR,6276517995,"08:00 PM, October 17 2024",Delivered,Zomato Delivery,9km,"1 x Desi Pepperoni Pizza, 1 x All About Chicken Pizza, 1 x Mutton Seekh Pizza, 1 x Murgh Amritsari Seekh Pizza",,Buy 1 Get 1 - ₹1488.00,1578.0,78.9,0.0,0.0,0.0,0.0,1656.9,5.0,,,,,21.53,1.6,Correctly,,8b5c4d6170343fbee92a6e577268b8aa8492105bdacbb8c6d9c2855f9bad8a4f,4
20659868,Aura Pizzas,Sector 4,Delhi NCR,6274638481,"07:35 PM, October 17 2024",Delivered,Zomato Delivery,4km,"1 x Bageecha Pizza, 1 x Malai Gud Pide, 1 x Peanut Butter Chocolate Pide, 1 x Murgh Amritsari Seekh Pizza",,Buy 1 Get 1 - ₹858.00,928.0,46.4,0.0,0.0,0.0,0.0,974.4,,,,,,21.8,5.9,Correctly,,b44629cf44d956da26487c4f5039a5e1b325d96963af8045235ca662b59c8d96,4
20659868,Aura Pizzas,Sector 4,Delhi NCR,6273772317,"06:43 PM, October 17 2024",Delivered,Zomato Delivery,8km,"1 x Cheesy Garlic Bread, 1 x Chilli Cheese Garlic Bread, 1 x Tripple Cheese Pizza, 1 x Makhani Paneer Pizza",,Buy 1 Get 1 - ₹788.00,838.0,41.9,0.0,0.0,0.0,0.0,879.9,5.0,,,,,18.37,7.7,Correctly,,7ed8344d7a54f9935bbb0fdf5d2b10dbb1c52a619c182b8af39d2cde84d1cb5d,4
20659868,Aura Pizzas,Sector 4,Delhi NCR,6275265266,"05:31 PM, October 17 2024",Delivered,Zomato Delivery,3km,"1 x Makhani Paneer Pizza, 1 x Peri Peri Paneer Pizza, 1 x Margherita Pizza, 1 x Bageecha Pizza",,Buy 1 Get 1 - ₹1208.00,1378.0,68.9,0.0,0.0,0.0,0.0,1446.9,,,,,,16.28,1.0,Correctly,,53e09741ecef7bb1af3890c85dbb183af42cd778f628b8f29d99460b2ddcd509,4
20659868,Aura Pizzas,Sector 4,Delhi NCR,6276355393,"01:40 PM, October 17 2024",Delivered,Zomato Delivery,3km,"1 x Makhani Paneer Pizza, 2 x Herbed Potato, 1 x Mushroom Mozzarella Melt",Order: Please don't put Onions and garlic. If unavoidable plz write a note that it has garlic or Onions,Buy 1 Get 1 - ₹597.00,727.0,36.35,0.0,0.0,0.0,0.0,763.35,,,,,,16.22,1.7,Correctly,,a91edcad8c60f107fa5ef1334caf83695f7b0729bd3e4fc949bd4506922f5867,4
20659868,Aura Pizzas,Sector 4,Delhi NCR,6257662246,"04:29 PM, October 16 2024",Delivered,Zomato Delivery,6km,"2 x Tipsy Tiger Ginger Ale, 1 x Garlic Aioli, 1 x Bageecha Pizza",,,976.1,48.81,0.0,67.8,0.0,0.0,957.11,,,,,,9.62,1.9,Correctly,,f6ea73bd641f066663118d326ac2b510cae549cfb415abe3f22258e89a1869b8,4
20659868,Aura Pizzas,Sector 4,Delhi NCR,6267399062,"02:18 PM, October 16 2024",Delivered,Zomato Delivery,8km,"2 x Makhani Paneer Pizza, 2 x Cheesy Garlic Bread",,,1636.0,81.8,0.0,0.0,0.0,0.0,1717.8,,,,,,22.17,12.8,Correctly,,6832dd59b29771a46dc36aa986225ce2921b26d5a09f1c1960e524fc35f8472e,4
20659868,Aura Pizzas,Sector 4,Delhi NCR,6271194892,"07:04 PM, October 15 2024",Delivered,Zomato Delivery,4km,"1 x Just Pepperoni Pide, 1 x Cheesy Garlic Bread, 1 x Spinach Sumac Pide, 1 x Margherita Pizza",,Flat 15% off,1505.0,63.96,225.75,0.0,0.0,0.0,1343.21,,,,,,15.92,1.6,Correctly,,9843b0369952ed753e8d252c019350a78b25b1ef5d83f7c909d03f14c0f4814c,4
20659868,Aura Pizzas,Sector 4,Delhi NCR,6263046301,"11:17 PM, October 13 2024",Delivered,Zomato Delivery,4km,"1 x Masala Potato Pide, 1 x Bageecha Pizza, 2 x Cheesy Garlic Bread",,Flat 15% off,1576.0,66.98,236.4,0.0,0.0,0.0,1406.58,1.0,,,,,16.08,14.5,Correctly,,ccca3502ca8187a6510458ec9ea50d505346d06228eb2d585ef035b7675ef40a,4
20659868,Aura Pizzas,Sector 4,Delhi NCR,6264160054,"07:00 PM, October 13 2024",Delivered,Zomato Delivery,7km,"1 x Grilled Tangdis, 1 x Chilli Cheese Garlic Bread, 1 x Jamaican Chicken Melt, 1 x Mushroom Mozzarella Melt",,,1456.0,72.8,0.0,0.0,0.0,0.0,1528.8,,,,,,18.33,12.0,Correctly,,dbc347020b6791309da16c8ab87a5d227a332253029a270407978dd5b1787a79,4
20659868,Aura Pizzas,Sector 4,Delhi NCR,6255957260,"12:17 PM, October 13 2024",Delivered,Zomato Delivery,8km,"1 x Salted Crisper Fries, 1 x Cheesy Garlic Bread, 1 x Mushroom Mozzarella Melt, 1 x Tipsy Tiger Ginger Ale",,50% off upto Rs.100,1046.05,47.3,100.0,0.0,0.0,0.0,993.35,,,,,,20.0,13.3,Correctly,,f6773797c24cc58a7b36211533167920c94d093dc24523c0a7425e4d42523644,4
20659868,Aura Pizzas,Sector 4,Delhi NCR,6256363883,"02:10 AM, October 13 2024",Delivered,Zomato Delivery,8km,"1 x Cheesy Garlic Bread, 1 x All About Chicken Pizza, 1 x Makhani Paneer Pizza, 1 x Murgh Amritsari Garlic Bread",,,2045.0,102.25,0.0,0.0,0.0,0.0,2147.25,,,,,,29.98,18.8,Correctly,,570041b7c64e20c1ee70a2561b5f98565e5d3bad18e6fad6df4c6a767c0a7184,4
20659868,Aura Pizzas,Sector 4,Delhi NCR,6249957082,"11:03 PM, October 12 2024",Delivered,Zomato Delivery,9km,"1 x Bageecha Pizza, 1 x Fried Chicken Strips, 1 x Onion Rings, 1 x Cheesy Garlic Bread",,50% off upto Rs.100,1256.0,57.8,100.0,0.0,0.0,0.0,1213.8,,,,,,16.42,2.1,Correctly,,4c0bd869c0bd91674ca2dc594cb9717c7ef4bb1dc0c7a8d9b4d5e4228f58b4a4,4
20659868,Aura Pizzas,Sector 4,Delhi NCR,6260718671,"06:50 PM, October 12 2024",Delivered,Zomato Delivery,2km,"1 x Malai Gud Pide, 1 x Bageecha Pizza, 1 x Chilli Cheese Garlic Bread, 1 x Grilled Tangdis",,Flat 15% off,1525.0,64.81,228.75,0.0,0.0,0.0,1361.06,,,,,,13.53,3.1,Correctly,,a1ffedb632315ab48b78937003cca257a77d93bb874883d32fc368cf7a5168fc,4
20659868,Aura Pizzas,Sector 4,Delhi NCR,6260219713,"11:52 PM, October 11 2024",Delivered,Zomato Delivery,1km,"1 x Makhani Paneer Pizza, 1 x Murgh Amritsari Seekh Pizza, 1 x Herbed Potato, 1 x Mushroom Mozzarella Melt",,Flat 15% off,1805.0,76.71,270.75,0.0,0.0,0.0,1610.96,,,,,,18.5,1.2,Correctly,,5a888c4c03f19f9625aa3da36b42079e3980d1feff5070beb128580feb8a3279,4
20659868,Aura Pizzas,Sector 4,Delhi NCR,6240424548,"08:16 PM, October 11 2024",Delivered,Zomato Delivery,2km,"1 x Tipsy Tiger Fresh Lime Soda, 1 x Cheesy Garlic Bread, 1 x Bageecha Pizza, 1 x Makhani Paneer Pizza",,50% off upto Rs.100,1536.05,71.8,100.0,0.0,0.0,0.0,1507.85,,,,,,13.73,2.6,Correctly,,a2493722bc3db22848ac108c214a56424347cb514d7d3d10552f258f7614f4d4,4
20882652,Aura Pizzas,DLF Phase 1,Delhi NCR,6277914844,"11:57 PM, October 17 2024",Delivered,Zomato Delivery,1km,"1 x All About Chicken Pizza, 1 x Chilli Cheese Garlic Bread, 1 x Cheesy Garlic Bread, 1 x Bageecha Pizza",,Buy 1 Get 1 - ₹838.00,918.0,45.9,0.0,0.0,0.0,0.0,963.9,,,,,,26.68,0.9,Correctly,,4234c2b502e901af63b738a5a4f5dd6f7afb73b937104468ee0657468e955f91,4
20882652,Aura Pizzas,DLF Phase 1,Delhi NCR,6270698140,"07:46 PM, October 17 2024",Delivered,Zomato Delivery,9km,"1 x Grilled Tangdis, 1 x Chilli Cheese Garlic Bread, 1 x Murgh Amritsari Seekh Pizza, 1 x Bageecha Pizza",Order: Pls send extra lot of seasoning and condiments,Buy 1 Get 1 - ₹1058.00,1078.0,53.9,0.0,0.0,0.0,0.0,1131.9,,,,,,17.96,1.8,Correctly,,3c368def2ed1faa798b855cc1e2da52baf9237b74912ce9d1d8c4014fd320778,4
20882652,Aura Pizzas,DLF Phase 1,Delhi NCR,6263972080,"12:04 PM, October 16 2024",Delivered,Zomato Delivery,1km,"1 x Cheesy Garlic Bread, 1 x Margherita Pizza, 2 x Indian Masala Cripser Fries",,Flat Rs.200 off,1286.0,54.3,200.0,0.0,0.0,0.0,1140.3,,,,,,22.58,4.3,Correctly,,51518ebbcfbf8a2f36640f5744fc078564998a30aa69aec02f703d4ca60ccaac,4
20882713,Swaad,DLF Phase 1,Delhi NCR,6282834675,"12:58 AM, October 20 2024",Delivered,Zomato Delivery,3km,"2 x Animal Fries, 2 x Bone in Kabuli Grilled Chicken",,Buy 1 Get 1 - ₹940.00,940.0,47.0,0.0,0.0,0.0,0.0,987.0,,,,,,20.5,11.4,Correctly,,02bb84dad357f1ddfca609abbe748c26c51b2a82e48520f16670dc5b3e83897d,4
20882713,Swaad,DLF Phase 1,Delhi NCR,6265677230,"08:57 PM, October 19 2024",Delivered,Zomato Delivery,6km,"1 x Grilled Chicken Angara Tender, 1 x Grilled Chicken Smoky BBQ Tangdi, 1 x Grilled Chicken Jamaican Tender, 1 x Grilled Chicken Peri Peri Tangdi",,Buy 1 Get 1 - ₹715.00,715.0,35.75,0.0,0.0,0.0,0.0,750.75,,,,,,23.03,0.4,Correctly,,6dddf931369b975e160050440753ae9f3f6d497a9a8f1368c4525b5402bd193f,4
20882713,Swaad,DLF Phase 1,Delhi NCR,6279992104,"08:17 PM, October 19 2024",Delivered,Zomato Delivery,4km,"2 x Fried Chicken Peri Peri Tenders + Peri Peri Fries, 2 x Angara Grilled Paneer (8 pcs)",,Buy 1 Get 1 - ₹760.00,760.0,38.0,0.0,0.0,0.0,0.0,798.0,,,,,,16.35,2.1,Correctly,,d22c0fcd8140875ed512e7f75870b6a0aa7c3bebdf74a7dafca26262255e2b1e,4
20882713,Swaad,DLF Phase 1,Delhi NCR,6283039885,"05:36 PM, October 19 2024",Delivered,Zomato Delivery,<1km,"1 x Grilled Chicken Tangdi Jamaican + Salted Krispers, 1 x Fried Chicken Peri Peri Tenders + Peri Peri Fries, 1 x Fried Chicken Peri Peri Tender, 1 x Bone in Kabuli Grilled Chicken",,Buy 1 Get 1 - ₹995.00,1050.0,52.5,0.0,0.0,0.0,0.0,1102.5,,,,,,20.05,3.8,Correctly,,6eacdde2b791081488bc3f96922fff77cd387e293ba7187fb7c73c2f6979fef0,4
20882713,Swaad,DLF Phase 1,Delhi NCR,6277711720,"05:21 PM, October 19 2024",Delivered,Zomato Delivery,7km,"1 x Bone in Jamaican Grilled Chicken, 1 x Bone in Peri Peri Grilled Chicken, 1 x AAC Signature Crisper Fries, 1 x Peri Peri Fries",,Buy 1 Get 1 - ₹774.00,784.0,39.2,0.0,0.0,0.0,0.0,823.2,,,,,,32.92,1.6,Correctly,,bf64b7da14de0230971c17bb14267eb981c986b6c6f7419f890477127595233e,4
20882713,Swaad,DLF Phase 1,Delhi NCR,6280624331,"01:52 PM, October 19 2024",Delivered,Zomato Delivery,6km,"1 x Fried Chicken Classic Tenders + AAC Signature Fries, 2 x Bone in Jamaican Grilled Chicken, 1 x Fried Chicken Peri Peri Tenders + Peri Peri Fries",,Buy 1 Get 1 - ₹775.00,785.0,39.25,0.0,0.0,0.0,0.0,824.25,,,,,,29.15,2.9,Correctly,,9e4306f906352be048ad0061a0556d052379070ff18dcbbe29e5ad63921dc62c,4
20882713,Swaad,DLF Phase 1,Delhi NCR,6278282983,"12:42 AM, October 19 2024",Delivered,Zomato Delivery,4km,"1 x AAC Grilled Chicken Burger, 1 x Bone in Jamaican Grilled Chicken, 1 x Bone in Smoky Bbq Grilled Chicken, 1 x Animal Fries",,Flat Rs.175 off,1570.0,69.75,175.0,42.0,0.0,0.0,1422.75,,,,,,28.35,8.3,Correctly,,de82906eb5e07fb20380f7b98d114f26db9a969a04112071a2821185ceac56da,4
21077127,Aura Pizzas,Sector 135,Delhi NCR,6277414333,"06:43 PM, October 20 2024",Delivered,Zomato Delivery,2km,"1 x Makhani Paneer Pizza, 1 x Mutton Seekh Pide, 1 x Peri Peri Crisper Fries, 1 x Chilli Cheese Garlic Bread",,Flat Rs.200 off,1725.0,76.25,200.0,0.0,0.0,0.0,1601.25,,,,,,23.57,13.8,Correctly,,eaacb1ffe876b828f51b9a180d93e0d491f26229f3f4561fa3c078d11f7b0f34,4
21077127,Aura Pizzas,Sector 135,Delhi NCR,6271250642,"02:57 PM, October 18 2024",Delivered,Zomato Delivery,13km,"1 x Jamaican Chicken Melt, 1 x Herbed Potato, 1 x Iced Green Tea - Peach, 1 x Murgh Amritsari Garlic Bread",,Flat Rs.200 off,1011.24,40.56,200.0,0.0,0.0,0.0,851.8,,,,,,20.82,14.3,Correctly,,d5b7c86875d5ca42305abe3115b910f4847b974cec305c92fc3bc4a682c0c1fb,4
21077127,Aura Pizzas,Sector 135,Delhi NCR,6270915347,"11:17 PM, October 17 2024",Delivered,Zomato Delivery,15km,"1 x Murgh Amritsari Seekh Pizza, 1 x All About Chicken Pizza, 1 x Peri Peri Paneer Pizza, 1 x Makhani Paneer Pizza",,Buy 1 Get 1 - ₹1208.00,1238.0,61.9,0.0,0.0,0.0,0.0,1299.9,,,,,,23.58,12.7,Correctly,,ddf2cb74227c701501c3f54e86aa32a01c442d9a278d19068e9fa4015ef57562,4
21077127,Aura Pizzas,Sector 135,Delhi NCR,6273464819,"09:09 PM, October 17 2024",Delivered,Zomato Delivery,6km,"1 x Murgh Amritsari Garlic Bread, 1 x Bageecha Pizza, 1 x Fried Chicken Strips, 1 x Peri Peri Grilled Chicken Pizza",,Buy 1 Get 1 - ₹788.00,908.0,45.4,0.0,0.0,0.0,0.0,953.4,,,,,,21.1,6.3,Correctly,,0c3ade3cb62bfbbe2ab4d68de2eea1b8a4fa2eea07069a0810ffa0c9624bcbd3,4
21077127,Aura Pizzas,Sector 135,Delhi NCR,6267919324,"07:03 PM, October 17 2024",Delivered,Zomato Delivery,3km,"1 x Bageecha Pizza, 1 x Peanut Butter Chocolate Pide, 1 x Masala Paneer Pide, 1 x Peri Peri Grilled Chicken Pizza",,Buy 1 Get 1 - ₹898.00,938.0,46.9,0.0,0.0,0.0,0.0,984.9,,,,,,17.05,7.7,Correctly,,329a1eb48245481279924230c7e4af64ea4f6f996fdf16b6191cf2922eefc0eb,4
21077127,Aura Pizzas,Sector 135,Delhi NCR,6268602672,"06:17 PM, October 17 2024",Delivered,Zomato Delivery,7km,"1 x Bageecha Pizza, 2 x Pepperoni Garlic Bread, 1 x Mushroom Mozzarella Melt",,Buy 1 Get 1 - ₹788.00,1017.0,50.85,0.0,0.0,0.0,0.0,1067.85,,,,,,12.13,0.7,Correctly,,7764b7fe9932ce0c586e24d13948f83ad7c57101872d6381527b440ff4cae7fc,4
21077127,Aura Pizzas,Sector 135,Delhi NCR,6258532758,"06:10 PM, October 16 2024",Delivered,Zomato Delivery,1km,4 x Chilli Cheese Garlic Bread,,Flat Rs.200 off,1036.0,41.8,200.0,0.0,0.0,0.0,877.8,,,,,,13.63,6.6,Correctly,,092312917e89d8452c5a20980a67d710d9ab1c218d6069f62e934289bab285a3,4
21173951,Aura Pizzas,Vasant Kunj,Delhi NCR,6275116150,"09:06 PM, October 17 2024",Delivered,Zomato Delivery,3km,"1 x Murgh Amritsari Seekh Melt, 1 x Mutton Seekh Pide, 1 x Just Pepperoni Pide, 1 x Murgh Amritsari Seekh Pide",,Buy 1 Get 1 - ₹857.00,887.0,44.35,0.0,0.0,0.0,0.0,931.35,,,,,,17.53,0.5,Correctly,,ed8c8864f79028c65b07de6ac784220f37e81612a09737dfb17e607f7198f67c,4
21173951,Aura Pizzas,Vasant Kunj,Delhi NCR,6275030716,"08:23 PM, October 17 2024",Delivered,Zomato Delivery,6km,4 x Murgh Amritsari Garlic Bread,,Buy 1 Get 1 - ₹578.00,578.0,28.9,0.0,0.0,0.0,0.0,606.9,,,,,,12.85,2.9,Correctly,,8e683d0a4579e0f6a7813e541a0cafc119c693a05cb332f69f868619603f4567,4
21173951,Aura Pizzas,Vasant Kunj,Delhi NCR,6250077415,"02:42 PM, October 14 2024",Delivered,Zomato Delivery,2km,"1 x Herbed Potato, 1 x Bageecha Pizza, 1 x Iced Green Tea - Mojito, 1 x Indian Masala Cripser Fries",,Flat Rs.200 off,1349.24,57.46,200.0,0.0,0.0,0.0,1206.7,,,,,,25.15,1.0,Correctly,,4c031498ff6b575149622b0e750e0793bca83dafdc9a5c9c4e4a1c09d033036d,4
21309083,Swaad,Sector 135,Delhi NCR,6279994691,"04:04 PM, October 19 2024",Delivered,Zomato Delivery,4km,"1 x Bone in Smoky Bbq Grilled Chicken, 1 x Grilled Chicken Jamaican Tender, 1 x Fried Chicken Angara Tender, 1 x Bone in Kabuli Grilled Chicken",,,1255.0,31.75,0.0,620.0,0.0,0.0,666.75,,,,,,23.7,0.5,Correctly,,2e1e008701c2b55db841a90194e728a29b8868555ff11898bc1467feed4ea0b2,4
21309083,Swaad,Sector 135,Delhi NCR,6277705892,"05:45 PM, October 18 2024",Delivered,Zomato Delivery,7km,"1 x Fried Chicken Ghostbuster Tender, 1 x Peri Peri Sauce, 1 x Fried Chicken Ghostbuster Tender, 1 x GhostBuster Sauce",,,1100.0,55.0,0.0,0.0,0.0,0.0,1155.0,,,,,,21.57,1.5,Correctly,,21a303cfa6d68d74e7e340ea0fcf583f6c28cd2f044efaed51fe3239355ac73f,4
21309083,Swaad,Sector 135,Delhi NCR,6267170703,"03:37 PM, October 15 2024",Delivered,Zomato Delivery,4km,"1 x Tipsy Tiger Fresh Lime Soda, 1 x Fried Chicken Classic Tender, 1 x Grilled Chicken Smoky BBQ Tangdi, 1 x Salted Fries",,,1153.05,57.65,0.0,0.0,0.0,0.0,1210.7,,,,,,19.2,0.6,Correctly,,60e01537463c210193bb72537b9ecd9a02872574d89f9c4a0246dc9fedbc34a1,4
21309083,Swaad,Sector 135,Delhi NCR,6260288592,"12:43 PM, October 12 2024",Delivered,Zomato Delivery,7km,"2 x AAC Special Slaw, 1 x Grilled Chicken Angara Tender, 1 x Grilled Chicken Peri Peri Tender",,,1276.0,63.8,0.0,0.0,0.0,0.0,1339.8,,,,,,19.8,1.0,Correctly,,0075fd932e9c3b880c370e2ca2e6303d70cc46696b4293e911db681faa55abc2,4
20320607,Swaad,Sector 4,Delhi NCR,6314042515,"04:04 PM, October 31 2024",Delivered,Zomato Delivery,6km,"1 x Bone in Angara Grilled Chicken, 1 x Animal Fries, 1 x Bone in Jamaican Grilled Chicken, 1 x Bone in Peri Peri Grilled Chicken",,Flat Rs.200 off,1285.0,55.25,180.0,0.0,0.0,0.0,1160.25,,,,,,15.65,5.3,Correctly,,f79ef4d02e221e90f67c865f3c8a79ed55ff024b49c3e44c9cdd6c78a2a096f5,4
20320607,Swaad,Sector 4,Delhi NCR,6307874172,"06:05 PM, October 29 2024",Delivered,Zomato Delivery,6km,"2 x Smoky BBQ Sauce, 1 x Salted Fries ., 1 x Bone in Smoky Bbq Grilled Chicken",,Flat Rs.200 off,1334.0,57.7,180.0,0.0,0.0,0.0,1211.7,,,,,,20.78,1.1,Correctly,,f74df749d0f9b3058f7077e8a29dcffa4b060891594d979589835191348130b4,4
20320607,Swaad,Sector 4,Delhi NCR,6309304427,"03:49 PM, October 28 2024",Delivered,Zomato Delivery,4km,"2 x Peri Peri Fries ., 2 x Bone in Jamaican Grilled Chicken .",,50% off upto Rs.100,998.0,44.9,100.0,0.0,0.0,0.0,942.9,,,,,,16.88,13.4,Correctly,,2e283c53cb694b0444dd0bc426d099b7e1b3a3179751dc2814a90b6584f90785,4
20320607,Swaad,Sector 4,Delhi NCR,6300231810,"04:46 PM, October 27 2024",Delivered,Zomato Delivery,11km,"2 x Bone in Smoky Bbq Grilled Chicken, 2 x Salted Fries .",,Flat Rs.200 off,1948.0,88.4,180.0,0.0,0.0,0.0,1856.4,,,,,,22.83,13.3,Correctly,,98eda32083d81a603dfeb89959da4d0d7786f21f62d282e5bd2b32767b56a47b,4
20320607,Swaad,Sector 4,Delhi NCR,6298337829,"09:05 PM, October 25 2024",Delivered,Zomato Delivery,3km,"2 x Grilled Chicken Angara Tender, 2 x Fried Chicken Angara Tender",,Buy 1 Get 1 - ₹830.00,830.0,41.5,0.0,0.0,0.0,0.0,871.5,,,,,,23.8,0.1,Correctly,,56f7216b7cb168a11081671d7a0398c69ffe06a2e1ce5907f48aa84457fa446a,4
20320607,Swaad,Sector 4,Delhi NCR,6299791697,"05:48 PM, October 25 2024",Delivered,Zomato Delivery,2km,"1 x Grilled Chicken Smoky BBQ Tender, 1 x Grilled Chicken Peri Peri Tender, 1 x Grilled Chicken Angara Tender, 1 x Grilled Chicken Jamaican Tender",,Buy 1 Get 1 - ₹620.00,620.0,31.0,0.0,0.0,0.0,0.0,651.0,,,,,,18.58,3.2,Correctly,,7e9103956f59d7c5338fb82ac1b4e1c7565f576475923548aaf8a00522d00868,4
20320607,Swaad,Sector 4,Delhi NCR,6290513140,"02:26 PM, October 25 2024",Delivered,Zomato Delivery,6km,"1 x Animal Fries, 1 x Grilled Chicken Tangdi Jamaican + Salted Krispers, 1 x Fried Chicken Peri Peri Tenders + Peri Peri Fries, 1 x Bone in Jamaican Grilled Chicken Quarter + Angara Rice",,Buy 1 Get 1 - ₹880.00,1000.0,50.0,0.0,0.0,0.0,0.0,1050.0,,,,,,31.88,20.7,Correctly,,70e43e329d3ed5f997f8643daee69966e1e53c0964c47e333acdc4e4ad134fb6,4
20320607,Swaad,Sector 4,Delhi NCR,6272160399,"02:16 PM, October 25 2024",Delivered,Zomato Delivery,2km,"2 x AAC Grilled Chicken Burger, 2 x Salted Fries",,Buy 1 Get 1 - ₹544.00,544.0,27.2,0.0,0.0,0.0,0.0,571.2,,,,,,27.15,11.5,Correctly,,e773d4ab84735f46abb8f3cedb59a1b5fa765ecb9d59c563fcbd07d526a7d877,4
20320607,Swaad,Sector 4,Delhi NCR,6291909848,"04:04 PM, October 23 2024",Delivered,Zomato Delivery,9km,"1 x Bone in Jamaican Grilled Chicken, 2 x Angara Rice, 1 x Bone in Smoky Bbq Grilled Chicken",,Buy 1 Get 1 - ₹733.00,733.0,36.65,0.0,0.0,0.0,0.0,769.65,,,,,,18.7,9.6,Correctly,,5b756ee8da43742ecb3d17a4766419cdaff05d761dd03e5ed084218de18915fc,4
20554001,Swaad,Greater Kailash 2 (GK2),Delhi NCR,6294385989,"08:54 PM, October 30 2024",Delivered,Zomato Delivery,3km,4 x Grilled Chicken Jamaican Tender,,,1740.0,87.0,0.0,0.0,0.0,0.0,1827.0,,,,,,15.37,0.4,Correctly,,12b07b9c3370baa5dd15fbfbc43c3dbc379fe66f73dbda9526c651d3fe501507,4
20554001,Swaad,Greater Kailash 2 (GK2),Delhi NCR,6287207898,"08:16 PM, October 30 2024",Delivered,Zomato Delivery,5km,"1 x Grilled Chicken Peri Peri Tender, 1 x GhostBuster Sauce, 2 x Peri Peri Crisper Fries",,Flat Rs.175 off,888.0,35.65,175.0,0.0,0.0,0.0,748.65,,,,,,25.23,3.6,Correctly,,0b6168cbaf96aa5a0ae6b46d19d83ec9cad0d9508d43d7ab6fc29796adb7cd50,4
20554001,Swaad,Greater Kailash 2 (GK2),Delhi NCR,6308555595,"06:33 PM, October 29 2024",Delivered,Zomato Delivery,6km,"1 x Fried Chicken Classic Tender ., 2 x Fried Chicken Kabuli Tender, 1 x Bone in Smoky Bbq Grilled Chicken",,,1515.0,75.75,0.0,0.0,0.0,0.0,1590.75,,,,,,25.98,7.4,Correctly,,c3a91b7d7e2292550b9c5edea1c05134fcac7366870483a8ec0260706450555d,4
20554001,Swaad,Greater Kailash 2 (GK2),Delhi NCR,6302809095,"05:51 PM, October 28 2024",Delivered,Zomato Delivery,7km,"1 x Grilled Chicken Smoky BBQ Tender, 1 x Angara Sauce, 1 x Fried Chicken Ghostbuster Tender, 1 x Tipsy Tiger Fresh Lime Soda",,Flat Rs.175 off,1074.05,44.95,175.0,0.0,0.0,0.0,944.0,,,,,,15.23,0.8,Correctly,,34bd50ed717b9060f0927eb86d9b79dcb474cbe16f4d39a7c2621f35e6263b63,4
20554001,Swaad,Greater Kailash 2 (GK2),Delhi NCR,6300673723,"09:34 PM, October 25 2024",Delivered,Zomato Delivery,2km,"1 x Grilled Chicken Peri Peri Tender, 1 x Garlic Aioli, 1 x AAC Saucy Fries, 1 x Indian Pico De-Gallo",,Buy 1 Get 1 - ₹335.00,370.0,18.5,0.0,0.0,0.0,0.0,388.5,,,,,,21.77,0.6,Correctly,,a3ff957a1b9ce90da2450b6c3c1db58b1178c029d22bd24928a4b3fb7ab2ea54,4
20554001,Swaad,Greater Kailash 2 (GK2),Delhi NCR,6298582961,"04:25 PM, October 25 2024",Delivered,Zomato Delivery,2km,"2 x Bone in Kabuli Grilled Chicken, 1 x AAC Special Slaw, 1 x Angara Rice",,Buy 1 Get 1 - ₹1193.00,1193.0,59.65,0.0,0.0,0.0,0.0,1252.65,5.0,,,,,28.88,0.6,Correctly,,50e012fdbc91a5040bddf4e5fe60216aef555f2ca28ab2f913a3038bbffe9f89,4
20554001,Swaad,Greater Kailash 2 (GK2),Delhi NCR,6296513120,"09:26 PM, October 24 2024",Delivered,Zomato Delivery,1km,"1 x AAC Special Slaw, 1 x Fried Chicken Peri Peri Tender, 1 x AAC Grilled Chicken Burger, 1 x AAC Grilled Chicken Burger",,Flat Rs.175 off,1412.0,61.85,175.0,0.0,0.0,0.0,1298.85,,,,,,17.33,1.4,Correctly,,ee6fb2d9c4a1140d3117aab225504d47496f7b19273832cd4348dcc3225a663b,4
20554001,Swaad,Greater Kailash 2 (GK2),Delhi NCR,6296912094,"07:55 PM, October 24 2024",Delivered,Zomato Delivery,1km,"1 x Bone in Jamaican Grilled Chicken, 1 x Angara Aloo Tuk Tuki, 1 x Onion Bombs, 1 x Grilled Chicken Jamaican Tender",,Flat Rs.175 off,1061.0,44.3,175.0,0.0,0.0,0.0,930.3,,,,,,24.28,4.0,Correctly,,a124c3498fef2093feb543a3e3be4c567fed0626b36687bf891e66deccd4c47b,4
20554001,Swaad,Greater Kailash 2 (GK2),Delhi NCR,6293468955,"01:04 AM, October 24 2024",Delivered,Zomato Delivery,5km,"1 x Fried Chicken Classic Tender, 1 x Grilled Chicken Smoky BBQ Tender, 1 x AAC Special Slaw, 1 x Grilled Chicken Jamaican Tender",,Flat Rs.175 off,1093.0,45.9,175.0,0.0,0.0,0.0,963.9,,,,,,14.02,1.0,Correctly,,7221474becfaf684bd1b7245e8a62e761dc86d704c1381a3a69233ec89c5ab5a,4
20554001,Swaad,Greater Kailash 2 (GK2),Delhi NCR,6294250906,"10:25 PM, October 23 2024",Delivered,Zomato Delivery,3km,"2 x Salted Fries, 2 x Bone in Smoky Bbq Grilled Chicken",,Buy 1 Get 1 - ₹589.00,589.0,29.45,0.0,0.0,0.0,0.0,618.45,,,,,,33.62,14.6,Correctly,,3166f8ae696045ea808aeb9d282051c090aa7fe27997c1c4c42ac4c49aa705b5,4
20554001,Swaad,Greater Kailash 2 (GK2),Delhi NCR,6280042060,"06:51 PM, October 23 2024",Delivered,Zomato Delivery,<1km,"1 x AAC Special Slaw, 1 x Fried Chicken Peri Peri Tender, 1 x Fried Chicken Ghostbuster Tender, 1 x Onion Bombs",,Buy 1 Get 1 - ₹473.00,483.0,24.15,0.0,0.0,0.0,0.0,507.15,,,,,,30.05,15.9,Correctly,,2d1f12dd9f69ff0247b691a1dbce5b8dd8bccf9a3e96f1e5e76aa23bad02ac44,4
20554001,Swaad,Greater Kailash 2 (GK2),Delhi NCR,6294117649,"04:53 PM, October 23 2024",Delivered,Zomato Delivery,5km,"1 x Fried Chicken Angara Tender, 1 x Fried Chicken Classic Tenders + AAC Signature Fries, 1 x Fried Chicken Peri Peri Tenders + Peri Peri Fries, 1 x Fried Chicken Kabuli Tender",,Buy 1 Get 1 - ₹790.00,800.0,40.0,0.0,0.0,0.0,0.0,840.0,,,,,,23.77,0.4,Correctly,,4edb163e60dc291613787bb2f6e612d9a18a0ea5bc880ea6098b09f5be7901dd,4
20554001,Swaad,Greater Kailash 2 (GK2),Delhi NCR,6292169755,"01:52 PM, October 23 2024",Delivered,Zomato Delivery,5km,"1 x Angara Sauce, 1 x Jamaican Sauce, 1 x Bone in Jamaican Grilled Chicken, 1 x Fried Chicken Peri Peri Tender",,Buy 1 Get 1 - ₹385.00,645.0,32.25,0.0,0.0,0.0,0.0,677.25,,,,,,20.53,0.5,Correctly,,8113b8eb4dfd9fddc442bf952615a51aad26949e564071380208b53a8896bb87,4
20635699,Aura Pizzas,Greater Kailash 2 (GK2),Delhi NCR,6314013275,"01:39 AM, October 31 2024",Delivered,Zomato Delivery,2km,"1 x Chilli Cheese Garlic Bread, 1 x Peri Peri Crisper Fries, 1 x Onion Rings, 1 x Margherita Pizza",,Flat Rs.200 off,1146.0,48.3,180.0,0.0,0.0,0.0,1014.3,,,,,,14.8,0.9,Correctly,,1ccb1159a4ae87eb40d23458d4fe33747e8299274414967ed90b7d594de184f2,4
20635699,Aura Pizzas,Greater Kailash 2 (GK2),Delhi NCR,6310760841,"12:45 PM, October 30 2024",Delivered,Zomato Delivery,15km,"2 x Herbed Potato, 1 x All About Chicken Pizza, 1 x Bacon Pepperoni Melt",,Buy 1 Get 1 - ₹747.00,807.0,40.35,0.0,0.0,0.0,0.0,847.35,4.0,,,,,27.45,0.4,Correctly,,0d33888c159311c60f9a96915b720be375c35444292977b1ae3d29a40df76dd3,4
20635699,Aura Pizzas,Greater Kailash 2 (GK2),Delhi NCR,6310411255,"11:43 PM, October 29 2024",Delivered,Zomato Delivery,5km,"1 x Peanut Butter Chocolate Pide, 1 x Chilli Cheese Garlic Bread, 2 x Onion Rings",,Buy 1 Get 1 - ₹488.00,528.0,26.4,0.0,0.0,0.0,0.0,554.4,5.0,,,,,19.47,0.3,Correctly,,9727c6a34848581fb1216f53c6d97ae92b7f9b88b809cb96c3b67990de622b1c,4
20635699,Aura Pizzas,Greater Kailash 2 (GK2),Delhi NCR,6311400511,"09:09 PM, October 29 2024",Delivered,Zomato Delivery,2km,"1 x Bellpepper Onion Pizza, 1 x Onion Rings, 1 x Peri Peri Crisper Fries, 1 x Makhani Paneer Pizza",,Buy 1 Get 1 - ₹778.00,808.0,40.4,0.0,0.0,0.0,0.0,848.4,5.0,,,,,26.03,0.4,Correctly,,e47b8c048ba30953a7ede67f1749d07870e162992dc5f04591a49f2ccc0f61db,4
20635699,Aura Pizzas,Greater Kailash 2 (GK2),Delhi NCR,6310296668,"08:34 PM, October 29 2024",Delivered,Zomato Delivery,1km,"1 x Peri Peri Crisper Fries, 1 x Peri Peri Paneer Pizza, 1 x Cheesy Garlic Bread, 1 x Bellpepper Onion Pizza",,Buy 1 Get 1 - ₹778.00,818.0,40.9,0.0,0.0,0.0,0.0,858.9,,,,,,25.03,0.8,Correctly,,f2bda842c7b0df0b2642fc56a27f1981ab6386e6fc62d87a5ebf4c08849a0e6e,4
20635699,Aura Pizzas,Greater Kailash 2 (GK2),Delhi NCR,6310412310,"08:17 PM, October 29 2024",Delivered,Zomato Delivery,1km,"1 x All About Chicken Pizza, 1 x Murgh Amritsari Seekh Pide, 1 x Mutton Seekh Pizza, 1 x Mutton Seekh Pide",,Buy 1 Get 1 - ₹1454.00,1593.0,79.65,0.0,0.0,0.0,0.0,1672.65,5.0,,,,,19.9,1.2,Correctly,,346396ccad2d03300775b09eb2806002d2162abe0c291e191bda46ac275bf795,4
20635699,Aura Pizzas,Greater Kailash 2 (GK2),Delhi NCR,6312520322,"08:11 PM, October 29 2024",Delivered,Zomato Delivery,3km,"1 x Peri Peri Crisper Fries, 1 x Pepperoni Garlic Bread, 1 x Indian Masala Cripser Fries, 1 x Murgh Amritsari Garlic Bread",,Buy 1 Get 1 - ₹478.00,488.0,24.4,0.0,0.0,0.0,0.0,512.4,,,,,,13.98,0.3,Correctly,,1b32a3605c4e73216d98d26118c346d8be9cd90a83daf95eed46c5b6c4188f14,4
20635699,Aura Pizzas,Greater Kailash 2 (GK2),Delhi NCR,6305086775,"07:49 PM, October 29 2024",Delivered,Zomato Delivery,5km,"1 x Just Pepperoni Pide, 1 x Peri Peri Chicken Melt, 1 x Jamaican Chicken Melt, 1 x Mutton Seekh Pide",,Buy 1 Get 1 - ₹957.00,967.0,48.35,0.0,0.0,0.0,0.0,1015.35,,,,,,16.55,0.3,Correctly,,f629c16b433af10cb73ef2dc377312860b7d7e2bef283bf672945913345e162d,4
20635699,Aura Pizzas,Greater Kailash 2 (GK2),Delhi NCR,6310575632,"07:30 PM, October 29 2024",Delivered,Zomato Delivery,6km,"2 x Peri Peri Crisper Fries, 2 x Tripple Cheese Pizza",,Buy 1 Get 1 - ₹1076.00,1076.0,53.8,0.0,0.0,0.0,0.0,1129.8,,,,,,18.45,0.7,Correctly,,2adc403224e4b4daf9692d54337d39c6d26090d6d521080aaa6764326477778f,4
20635699,Aura Pizzas,Greater Kailash 2 (GK2),Delhi NCR,6311469843,"06:49 PM, October 29 2024",Delivered,Zomato Delivery,6km,"1 x Peri Peri Grilled Chicken Pizza, 1 x Bageecha Pizza, 1 x All About Chicken Pizza, 1 x Margherita Pizza",,Buy 1 Get 1 - ₹1078.00,1258.0,62.9,0.0,0.0,0.0,0.0,1320.9,5.0,,,,,26.05,4.2,Correctly,,120c2e9d32e460a53b6a62885e9b49bef9690f188e0ba8dd9519d98dbf40d28d,4
20635699,Aura Pizzas,Greater Kailash 2 (GK2),Delhi NCR,6310420567,"05:46 PM, October 29 2024",Delivered,Zomato Delivery,1km,"1 x Margherita Pizza, 1 x Angara Paneer Melt, 2 x OG Cheese Pide",,Buy 1 Get 1 - ₹858.00,1058.0,52.9,0.0,0.0,0.0,0.0,1110.9,,,,,,14.97,0.6,Correctly,,d6afe1e0607129294f286ee619fa053f7912fcb31684b11f269dd113ff87ad2b,4
20635699,Aura Pizzas,Greater Kailash 2 (GK2),Delhi NCR,6310851129,"03:54 PM, October 29 2024",Delivered,Zomato Delivery,2km,"2 x Grilled Tangdis, 1 x Mutton Seekh Pizza, 1 x Desi Pepperoni Pizza",,Buy 1 Get 1 - ₹928.00,948.0,47.4,0.0,0.0,0.0,0.0,995.4,,,,,,23.27,0.6,Correctly,,e8e21af7f0cd01d6bc68028598201a7e437320928f7766b2347f3f0a8ec649e9,4
20635699,Aura Pizzas,Greater Kailash 2 (GK2),Delhi NCR,6303328808,"01:30 PM, October 29 2024",Delivered,Zomato Delivery,1km,"2 x Mushroom Pizza, 2 x Tripple Cheese Pizza",,Buy 1 Get 1 - ₹1548.00,1548.0,77.4,0.0,0.0,0.0,0.0,1625.4,,,,,,31.72,7.4,Correctly,,25cb3401e87e20f9f4053b42f5e36534e65c0182a433e8a8e73f94eea1e7f1e8,4
20635699,Aura Pizzas,Greater Kailash 2 (GK2),Delhi NCR,6304380270,"11:16 PM, October 26 2024",Delivered,Zomato Delivery,3km,"1 x Peri Peri Grilled Chicken Pizza, 2 x Pepperoni Garlic Bread, 1 x All About Chicken Pizza",,,2230.0,111.5,0.0,0.0,0.0,0.0,2341.5,,,,,,20.8,0.8,Correctly,,796b752a2e3cc0a9d31665133142fc63bceb41611367952cb8b73b461fef3f80,4
20635699,Aura Pizzas,Greater Kailash 2 (GK2),Delhi NCR,6301102969,"08:59 PM, October 26 2024",Delivered,Zomato Delivery,5km,"1 x Margherita Pizza, 2 x Cheesy Garlic Bread, 1 x Makhani Paneer Pizza",,,1706.0,85.3,0.0,0.0,0.0,0.0,1791.3,,,,,,17.08,0.5,Correctly,,166627a5509f4156e05f90e669565ece12366bf33c8af5daa906a6df3c5afa5f,4
20635699,Aura Pizzas,Greater Kailash 2 (GK2),Delhi NCR,6299520250,"06:35 PM, October 26 2024",Delivered,Zomato Delivery,1km,"1 x Harisa Mayo, 1 x Spinach Sumac Pide, 1 x Peri Peri Crisper Fries, 1 x Masala Paneer Pide",,,907.0,45.35,0.0,0.0,0.0,0.0,952.35,,,,,,12.78,1.0,Correctly,,4683dbd82d8cd493031ded3a1c4bf6daa7cfe7c7b9df2c9e47d66ac715daded1,4
20635699,Aura Pizzas,Greater Kailash 2 (GK2),Delhi NCR,6290343646,"07:48 PM, October 25 2024",Delivered,Zomato Delivery,3km,"1 x All About Chicken Pizza, 1 x Fried Chicken Strips, 1 x Grilled Tangdis, 1 x Murgh Amritsari Seekh Pizza",,50% off upto Rs.100,1746.0,82.3,100.0,0.0,0.0,0.0,1728.3,,,,,,17.4,0.5,Correctly,,3da3d85a132fc1baef59cfce1bc81514cd0462aadd839ba86f0f0748bb25f5da,4
20635699,Aura Pizzas,Greater Kailash 2 (GK2),Delhi NCR,6290147423,"01:16 AM, October 24 2024",Delivered,Zomato Delivery,5km,"1 x Just Pepperoni Pizza, 1 x Peri Peri Grilled Chicken Pizza, 1 x Tripple Cheese Pizza, 1 x Angara Paneer Melt",,,2386.0,119.3,0.0,0.0,0.0,0.0,2505.3,,,,,,20.92,2.3,Correctly,,0c61e3469834053968fbdddf14e17aa39c4a2901746b56b9e5b350d4a5f9fc88,4
20635699,Aura Pizzas,Greater Kailash 2 (GK2),Delhi NCR,6294518418,"11:04 PM, October 23 2024",Delivered,Zomato Delivery,1km,"1 x Jamaican Chicken Melt, 1 x Cheesy Garlic Bread, 1 x Peri Peri Paneer Pizza, 1 x Fried Chicken Strips",,60% off upto Rs.120,1546.0,72.35,99.0,0.0,0.0,0.0,1519.35,,,,,,22.95,7.0,Correctly,,94cf00bab8145dca00861e88c08ca148a14207a1b1002968ef3c56d3701d630f,4
20659868,Aura Pizzas,Sector 4,Delhi NCR,6316287602,"12:05 PM, October 31 2024",Delivered,Zomato Delivery,16km,"1 x Peri Peri Grilled Chicken Pizza, 1 x Desi Pepperoni Pizza, 2 x Murgh Amritsari Seekh Pizza",,Flat 15% off,2536.0,107.78,380.4,0.0,0.0,0.0,2263.38,,,,,,18.55,1.2,Correctly,,ad176c1271599c8cb32645ff32ec9a7fa589ff00557e41e708fdf2f0c46f5cd1,4
20659868,Aura Pizzas,Sector 4,Delhi NCR,6308716710,"06:56 PM, October 30 2024",Delivered,Zomato Delivery,4km,"1 x Bageecha Pizza, 2 x Cheesy Garlic Bread, 1 x All About Chicken Pizza",,,2136.0,106.8,0.0,0.0,0.0,0.0,2242.8,,,,,,29.0,15.0,Correctly,,f4a13dffcb5b03a298ef8071f494620337297e47146d2ab797f5b61a85aeb843,4
20659868,Aura Pizzas,Sector 4,Delhi NCR,6314031741,"05:06 PM, October 30 2024",Delivered,Zomato Delivery,13km,"1 x All About Chicken Pizza, 1 x Cheesy Garlic Bread, 1 x Just Pepperoni Pide, 1 x Peri Peri Paneer Melt",,Flat 15% off,2499.0,106.21,374.85,0.0,0.0,0.0,2230.36,,,,,,27.7,7.9,Correctly,,571e73d6dfe49ebdce7d67d63819aba2fff39e0a15a8d0568153af1990d0e2ab,4
20659868,Aura Pizzas,Sector 4,Delhi NCR,6311723175,"12:59 PM, October 30 2024",Delivered,Zomato Delivery,<1km,"1 x Makhani Paneer Pizza, 2 x Peri Peri Paneer Pizza, 1 x Bageecha Pizza",,Buy 1 Get 1 - ₹1158.00,1178.0,58.9,0.0,0.0,0.0,0.0,1236.9,,,,,,20.95,1.6,Correctly,,85b40bf518dc10f5074933e49667ca0f7c2bd1bf1a109ddbf385dfa95374ca49,4
20659868,Aura Pizzas,Sector 4,Delhi NCR,6313162104,"12:29 PM, October 30 2024",Delivered,Zomato Delivery,9km,"1 x Makhani Paneer Pizza, 1 x Chilli Cheese Garlic Bread, 1 x Masala Paneer Pide, 1 x Tripple Cheese Pizza",,Buy 1 Get 1 - ₹808.00,898.0,44.9,0.0,0.0,0.0,0.0,942.9,,,,,,27.42,1.8,Correctly,,88c0a3a0fba8059d446f18ba10b1c9e9a950e2dd35712e83344b6c7f78fd899e,4
20659868,Aura Pizzas,Sector 4,Delhi NCR,6307602311,"12:26 PM, October 30 2024",Delivered,Zomato Delivery,1km,"1 x Masala Paneer Pide, 1 x Makhani Paneer Pizza, 1 x Tripple Cheese Pizza, 1 x Peri Peri Paneer Melt",,Buy 1 Get 1 - ₹868.00,1038.0,51.9,0.0,0.0,0.0,0.0,1089.9,,,,,,21.48,1.0,Correctly,,0609cc70434fe44541d69fc7e7c7f48c9d5d9025d50026efc7445d3fe91b6735,4
20659868,Aura Pizzas,Sector 4,Delhi NCR,6310050829,"11:14 AM, October 30 2024",Delivered,Zomato Delivery,16km,"1 x Peri Peri Grilled Chicken Pizza, 2 x Harisa Mayo, 1 x Fried Chicken Strips",,Buy 1 Get 1 - ₹249.00,728.0,36.4,0.0,0.0,0.0,0.0,764.4,,,,,,15.85,1.3,Correctly,,e59156e2cf02f36540c5cbf93e3146feda2cb61a3c5228a0490508a23003423e,4
20659868,Aura Pizzas,Sector 4,Delhi NCR,6311261828,"12:43 AM, October 30 2024",Delivered,Zomato Delivery,3km,"2 x Angara Paneer Melt, 1 x Makhani Paneer Pizza, 1 x Bellpepper Onion Pizza",,Buy 1 Get 1 - ₹1198.00,1238.0,61.9,0.0,0.0,0.0,0.0,1299.9,,,,,,15.92,2.6,Correctly,,875718b63f640a1a7f65020b414dda5a518d2b4c0081249770f2c6568b9954ca,4
20659868,Aura Pizzas,Sector 4,Delhi NCR,6309769977,"09:29 PM, October 29 2024",Delivered,Zomato Delivery,6km,"1 x Herbed Potato, 1 x Desi Chicken Pepperoni Pizza, 1 x Pepperoni Garlic Bread, 1 x Just Pepperoni Pizza",,Buy 1 Get 1 - ₹757.00,928.0,46.4,0.0,0.0,0.0,0.0,974.4,,,,,,22.73,1.2,Correctly,,a708d4a0a0ac7b8b7bc221ff45bedbfee003c876e7a01c7bcd76d39dc2ceeedd,4
20659868,Aura Pizzas,Sector 4,Delhi NCR,6312814701,"08:53 PM, October 29 2024",Delivered,Zomato Delivery,3km,"1 x Harisa Mayo, 2 x Murgh Amritsari Seekh Pizza, 1 x Cafreal Sauce",,Buy 1 Get 1 - ₹869.00,869.0,43.45,0.0,0.0,0.0,0.0,912.45,,,,,,33.53,15.6,Correctly,,b8df39a94c8ec2034e8985b94c8173626d2ab7dd27a284d4945a446f19c627fa,4
20659868,Aura Pizzas,Sector 4,Delhi NCR,6301398265,"07:13 PM, October 29 2024",Delivered,Zomato Delivery,<1km,"1 x Makhani Paneer Pizza, 1 x Bageecha Pizza, 2 x Peri Peri Paneer Pizza",,Buy 1 Get 1 - ₹1158.00,1178.0,58.9,0.0,0.0,0.0,0.0,1236.9,,,,,,21.68,1.4,Correctly,,89fe91b42d34b12a78c7bc7f92975b843266e94a9e233c28be927eb44b3827d6,4
20659868,Aura Pizzas,Sector 4,Delhi NCR,6310404158,"06:44 PM, October 29 2024",Delivered,Zomato Delivery,2km,"1 x Bageecha Pizza, 1 x Mushroom Pizza, 1 x Makhani Paneer Pizza, 1 x Peri Peri Paneer Pizza",,Buy 1 Get 1 - ₹1178.00,1188.0,59.4,0.0,0.0,0.0,0.0,1247.4,,,,,,24.98,15.7,Correctly,,3ebc7ff81e6ff1f0b70d8d2bd053b39c5dd309a40343d2bd962ba2c41e0a00b5,4
20659868,Aura Pizzas,Sector 4,Delhi NCR,6308476253,"06:09 PM, October 29 2024",Delivered,Zomato Delivery,9km,"1 x Makhani Paneer Pizza, 1 x Bacon Pepperoni Melt, 1 x All About Chicken Pizza, 1 x Murgh Amritsari Seekh Pizza",Order: don't add green chutney dip in pizza box add one more of any orange or white dip in each pizza box,Buy 1 Get 1 - ₹1388.00,1458.0,72.9,0.0,0.0,0.0,0.0,1530.9,5.0,,,,,24.77,8.8,Correctly,,8b5c4d6170343fbee92a6e577268b8aa8492105bdacbb8c6d9c2855f9bad8a4f,4
20659868,Aura Pizzas,Sector 4,Delhi NCR,6309990782,"05:11 PM, October 29 2024",Delivered,Zomato Delivery,<1km,"1 x Bageecha Pizza, 1 x Peri Peri Paneer Pizza, 2 x Makhani Paneer Pizza",,Buy 1 Get 1 - ₹1158.00,1178.0,58.9,0.0,0.0,0.0,0.0,1236.9,,,,,,20.83,1.0,Correctly,,85b40bf518dc10f5074933e49667ca0f7c2bd1bf1a109ddbf385dfa95374ca49,4
20659868,Aura Pizzas,Sector 4,Delhi NCR,6306677798,"02:56 PM, October 29 2024",Delivered,Zomato Delivery,2km,"2 x Just Pepperoni Pide, 2 x Murgh Amritsari Seekh Pide",,Buy 1 Get 1 - ₹748.00,748.0,37.4,0.0,0.0,0.0,0.0,785.4,,,,,,14.58,7.1,Correctly,,e773d4ab84735f46abb8f3cedb59a1b5fa765ecb9d59c563fcbd07d526a7d877,4
20659868,Aura Pizzas,Sector 4,Delhi NCR,6305172164,"09:00 PM, October 27 2024",Delivered,Zomato Delivery,5km,"2 x Cheesy Garlic Bread, 1 x All About Chicken Pizza, 1 x Desi Chicken Pepperoni Pizza",,Flat 15% off,1746.0,74.21,261.9,0.0,0.0,0.0,1558.31,,,,,,18.6,4.1,Correctly,,f904c1ebf357ab56822aa31f642bb1e83c75bd0c7a1962823827b5c23d671e80,4
20659868,Aura Pizzas,Sector 4,Delhi NCR,6303213800,"08:37 PM, October 26 2024",Delivered,Zomato Delivery,11km,"2 x Bageecha Pizza, 2 x Margherita Pizza",,Flat 15% off,2896.0,123.08,434.4,0.0,0.0,0.0,2584.68,,,,,,18.68,7.2,Correctly,,c979815667a00221fc2dc41e33174465d8da2e99646d013947816960ec03f130,4
20659868,Aura Pizzas,Sector 4,Delhi NCR,6303723527,"07:58 PM, October 26 2024",Delivered,Zomato Delivery,9km,"1 x Bageecha Pizza, 1 x Spinach Sumac Pide, 1 x Herbed Potato, 1 x Mushroom Pizza",,Flat 15% off,2075.0,88.19,311.25,0.0,0.0,0.0,1851.94,,,,,,14.4,5.1,Correctly,,b390030e7f3a5bd972fc2f42d1cdc91d33aeff3bae0c185f175dd1171b5c1d38,4
20659868,Aura Pizzas,Sector 4,Delhi NCR,6297253966,"07:25 PM, October 26 2024",Delivered,Zomato Delivery,1km,"1 x Margherita Pizza, 3 x Cheesy Garlic Bread",,Flat 15% off,1505.0,63.96,225.75,0.0,0.0,0.0,1343.21,,,,,,11.87,0.5,Correctly,,27b3abc90672470a6336c8c5cfe375e527a41b1ca3f3400826feba8bde84efe1,4
20659868,Aura Pizzas,Sector 4,Delhi NCR,6302922692,"03:37 PM, October 26 2024",Delivered,Zomato Delivery,9km,"1 x Chilli Cheese Garlic Bread, 1 x Indian Masala Cripser Fries, 1 x Bageecha Pizza, 1 x All About Chicken Pizza",,Flat 15% off,1716.0,72.93,257.4,0.0,0.0,0.0,1531.53,,,,,,19.08,6.7,Correctly,,fd1e43dafad8648f0ea8ec54fbcd5c2ca490dcbe197d0f2169ee3e956437f16a,4
20659868,Aura Pizzas,Sector 4,Delhi NCR,6300946159,"09:27 PM, October 25 2024",Delivered,Zomato Delivery,2km,"1 x Bageecha Pizza, 1 x Indian Masala Cripser Fries, 2 x Iced Green Tea - Peach",,Flat Rs.120 off,1108.48,55.42,0.0,0.0,0.0,0.0,1163.9,,,,,,15.88,2.5,Correctly,,8ded19657ea9c481ddfd00f5c279fe9498178ef3f26af431fbf2892cb39cd2b1,4
20659868,Aura Pizzas,Sector 4,Delhi NCR,6299517665,"08:50 PM, October 25 2024",Delivered,Zomato Delivery,2km,"1 x Makhani Paneer Pizza, 1 x Bageecha Pizza, 2 x Cheesy Garlic Bread",,Flat 15% off,2026.0,86.11,303.9,0.0,0.0,0.0,1808.21,,,,,,17.0,2.5,Correctly,,5bcf330876d7bd16e3cd04214e98d4ec716b6568f1e9d6d7e117113bbf601253,4
20659868,Aura Pizzas,Sector 4,Delhi NCR,6288867427,"09:58 PM, October 24 2024",Delivered,Zomato Delivery,9km,"1 x Chilli Cheese Garlic Bread, 1 x Masala Paneer Pide, 1 x Peri Peri Paneer Pizza, 1 x Bageecha Pizza",,Flat 15% off,2146.0,91.21,321.9,0.0,0.0,0.0,1915.31,,,,,,19.37,13.8,Correctly,,8ebf71bdc3add424be289b79648396ef97b023da83f88c4013a2d0d04d52c92c,4
20659868,Aura Pizzas,Sector 4,Delhi NCR,6294667051,"12:30 PM, October 24 2024",Delivered,Zomato Delivery,<1km,"1 x All About Chicken Pizza, 1 x Peri Peri Grilled Chicken Pizza, 1 x Makhani Paneer Pizza, 1 x Bageecha Pizza",,Flat 15% off,2456.0,104.38,368.4,0.0,0.0,0.0,2191.98,,,,,,23.2,14.5,Correctly,,4926a4c33c478249e6743fd7b2f4ffcdcc6c65cf60923208c23bae8208b18856,4
20659868,Aura Pizzas,Sector 4,Delhi NCR,6285419296,"06:49 PM, October 21 2024",Delivered,Zomato Delivery,6km,"1 x Cheesy Garlic Bread, 1 x Murgh Amritsari Garlic Bread, 1 x All About Chicken Pizza, 1 x Angara Paneer Melt",,Flat 15% off,1636.0,69.53,245.4,0.0,0.0,0.0,1460.13,5.0,,,,,24.1,13.0,Correctly,,d53cefd1ce41c57c13b056d2e3c83fde1296124f61a3e25fa9c3f24eedd33279,4
20882652,Aura Pizzas,DLF Phase 1,Delhi NCR,6317054664,"05:57 PM, October 31 2024",Delivered,Zomato Delivery,3km,"1 x Margherita Pizza, 1 x Bageecha Pizza, 1 x Herbed Potato, 1 x Mushroom Pizza",,Flat Rs.200 off,2205.0,101.25,180.0,0.0,0.0,0.0,2126.25,,,,,,17.35,0.5,Correctly,,2b678728d717caa32ac63aa68d471d1beb16f7b482d1ecd6dafb84c86ceb13e2,4
20882652,Aura Pizzas,DLF Phase 1,Delhi NCR,6310702034,"11:39 PM, October 29 2024",Delivered,Zomato Delivery,<1km,"1 x Bellpepper Onion Pizza, 2 x Cheesy Garlic Bread, 1 x Bageecha Pizza",,Buy 1 Get 1 - ₹1028.00,1038.0,51.9,0.0,0.0,0.0,0.0,1089.9,,,,,,19.53,11.7,Correctly,,ea7f296036c9c41e066d59a9cbdff46e223a2a6d8e46dc4b538700e408b1cd5e,4
20882652,Aura Pizzas,DLF Phase 1,Delhi NCR,6310091893,"10:10 PM, October 29 2024",Delivered,Zomato Delivery,2km,"1 x Murgh Amritsari Garlic Bread, 1 x Peri Peri Grilled Chicken Pizza, 1 x Pepperoni Garlic Bread, 1 x Just Pepperoni Pizza",,Buy 1 Get 1 - ₹1108.00,1148.0,57.4,0.0,0.0,0.0,0.0,1205.4,,,,,,24.27,2.3,Correctly,,da31fadb06b0bb6d1ca9e3624534dbdaf1d447148bfdc4e8ec909b19319c859b,4
20882652,Aura Pizzas,DLF Phase 1,Delhi NCR,6310201430,"09:21 PM, October 29 2024",Delivered,Zomato Delivery,6km,"2 x Masala Paneer Pide, 2 x Mutton Seekh Pizza",,Buy 1 Get 1 - ₹1058.00,1058.0,52.9,0.0,0.0,0.0,0.0,1110.9,,,,,,16.7,2.1,Correctly,,2ea39821c0fb805fe45293defb47ae3bcacda2be52329e0bd677634b3178f075,4
20882652,Aura Pizzas,DLF Phase 1,Delhi NCR,6311795312,"09:08 PM, October 29 2024",Delivered,Zomato Delivery,4km,"2 x Garlic Aioli, 1 x Makhani Paneer Pizza, 1 x Bageecha Pizza",,Buy 1 Get 1 - ₹639.00,659.0,32.95,0.0,0.0,0.0,0.0,691.95,,,,,,15.65,0.3,Correctly,,f0315abd3464d7b70166a7350a8ae4b9a85311c0e72134ff6992edfc18bffcda,4
20882652,Aura Pizzas,DLF Phase 1,Delhi NCR,6268037770,"07:22 PM, October 29 2024",Delivered,Zomato Delivery,1km,"1 x Makhani Paneer Pizza, 1 x Masala Paneer Pide, 1 x Spinach Sumac Pide, 1 x Bageecha Pizza",,Buy 1 Get 1 - ₹1068.00,1128.0,56.4,0.0,0.0,0.0,0.0,1184.4,,,,,,15.9,4.4,Correctly,,b077221188be838b4a5920499522feabcee36491d6c9611624ef841f87224cc4,4
20882652,Aura Pizzas,DLF Phase 1,Delhi NCR,6307338972,"07:25 PM, October 27 2024",Delivered,Zomato Delivery,4km,"1 x Tripple Cheese Pizza, 1 x Chicken Pepperoni Pizza, 1 x Bageecha Pizza, 1 x Cheesy Garlic Bread",,,2252.0,112.6,0.0,0.0,0.0,0.0,2364.6,,,,,,19.02,1.7,Correctly,,d02936fc59346a46d98ae7aa63dba6311682ff94187a088a2faa1c35e8741b9e,4
20882652,Aura Pizzas,DLF Phase 1,Delhi NCR,6305563971,"05:44 PM, October 27 2024",Delivered,Zomato Delivery,4km,"1 x Tripple Cheese Pizza, 1 x Herbed Potato, 2 x Cheesy Garlic Bread",,50% off upto Rs.100,1375.0,63.75,100.0,0.0,0.0,0.0,1338.75,,,,,,16.12,2.7,Correctly,,c55ab5f26bd356dd7681489bd4591549df4d9fd8d6b8b2658bb74b4649b14761,4
20882652,Aura Pizzas,DLF Phase 1,Delhi NCR,6303344376,"10:56 PM, October 26 2024",Delivered,Zomato Delivery,9km,"1 x Angara Paneer Melt, 1 x Jamaican Chicken Melt, 2 x Murgh Amritsari Seekh Melt",,Flat Rs.200 off,2004.0,90.2,200.0,0.0,0.0,0.0,1894.2,,,,,,27.73,10.8,Correctly,Poor taste or quality,d1148b971201caa2079cfffdc19b7d92bbbd2aabcc4fa490ff1e925e81037542,4
20882652,Aura Pizzas,DLF Phase 1,Delhi NCR,6299630419,"12:40 PM, October 25 2024",Delivered,Zomato Delivery,5km,"1 x Salted Crisper Fries, 1 x Makhani Paneer Pizza, 1 x Malai Gud Pide, 1 x Murgh Amritsari Seekh Pizza",,Flat Rs.200 off,1646.0,72.3,200.0,0.0,0.0,0.0,1518.3,,,,,,27.22,10.3,Correctly,,856695ed42c61c40c87edaaa45d94a2e718b31e8679976b87c260fce1a762ad5,4
20882652,Aura Pizzas,DLF Phase 1,Delhi NCR,6297141944,"04:14 PM, October 24 2024",Delivered,Zomato Delivery,3km,"1 x Murgh Amritsari Garlic Bread, 1 x Fried Chicken Strips, 1 x Tipsy Tiger Ginger Ale, 1 x Just Pepperoni Pizza",,Flat Rs.200 off,1662.05,73.1,200.0,0.0,0.0,0.0,1535.15,5.0,,,,,15.57,2.3,Correctly,,523d60581ebb19b36db030c2597275d6e4a3ae6215caec2b6a2b82b440fe94a6,4
20882713,Swaad,DLF Phase 1,Delhi NCR,6296921352,"06:58 PM, October 25 2024",Delivered,Zomato Delivery,5km,"1 x Animal Fries, 1 x Fried Chicken Peri Peri Tenders + Peri Peri Fries, 1 x Bone in Jamaican Grilled Chicken, 1 x Fried Chicken Angara Tender",,Buy 1 Get 1 - ₹665.00,790.0,39.5,0.0,0.0,0.0,0.0,829.5,,,,,,17.25,2.8,Correctly,,9df9b740002a49dedf7f4c600af5982e2419a050faee5c8cef7985b0a057deb6,4
20882713,Swaad,DLF Phase 1,Delhi NCR,6291746455,"09:25 PM, October 23 2024",Delivered,Zomato Delivery,4km,"1 x Bone in Peri Peri Grilled Chicken, 2 x Bone in Jamaican Grilled Chicken, 1 x Bone in Smoky Bbq Grilled Chicken",,Buy 1 Get 1 - ₹620.00,620.0,31.0,0.0,0.0,0.0,0.0,651.0,,,,,,30.39,2.1,Correctly,,7cbf62ffdb1b3a48931127c1b6f5766957fd6b2b7061c02c7b449a417283feed,4
20882713,Swaad,DLF Phase 1,Delhi NCR,6288152494,"05:54 PM, October 23 2024",Delivered,Zomato Delivery,9km,"1 x Bone in Kabuli Grilled Chicken, 1 x Bone in Angara Grilled Chicken, 2 x Grilled Chicken Jamaican Tender",,Buy 1 Get 1 - ₹895.00,895.0,44.75,0.0,0.0,0.0,0.0,939.75,,,,,,20.65,6.3,Correctly,,b8f4619802237f80dec8bf45681ad2af7d38c4f090f177c1089f42965f3cf0ac,4
20882713,Swaad,DLF Phase 1,Delhi NCR,6294595869,"05:02 PM, October 23 2024",Delivered,Zomato Delivery,5km,"1 x Bone in Angara Grilled Chicken, 1 x Bone in Jamaican Grilled Chicken, 2 x Grilled Chicken Peri Peri Tender",,Buy 1 Get 1 - ₹865.00,865.0,43.25,0.0,0.0,0.0,0.0,908.25,,,,,,23.77,15.4,Correctly,,967411688c6efb17ddc6ef0176cfdc4946a75b52e57e7aacd104ff6d02b1ae3c,4
21077127,Aura Pizzas,Sector 135,Delhi NCR,6302597474,"09:33 PM, October 31 2024",Delivered,Zomato Delivery,5km,"1 x Bageecha Pizza, 1 x Margherita Pizza, 1 x Chilli Cheese Garlic Bread, 1 x Peri Peri Crisper Fries",,Flat Rs.200 off,1516.0,66.8,180.0,0.0,0.0,0.0,1402.8,,,,,,16.17,0.3,Correctly,,3f6a6b7128407650fef277f60976a104e15deac1ff056a9d7e4e26565d1ec540,4
21077127,Aura Pizzas,Sector 135,Delhi NCR,6318711159,"07:53 PM, October 31 2024",Delivered,Zomato Delivery,2km,"1 x Makhani Paneer Pizza, 1 x Harisa Mayo, 1 x Cheesy Garlic Bread, 1 x Peri Peri Paneer Melt",Order: Pls add enough paneer,Flat Rs.200 off,1337.0,57.85,180.0,0.0,0.0,0.0,1214.85,,,,,,18.08,9.3,Correctly,,c3b15ff7e332d3848443fe992362313cfc14e3f2d1f3f80f84979143c2baec38,4
21077127,Aura Pizzas,Sector 135,Delhi NCR,6312502716,"07:07 PM, October 30 2024",Delivered,Zomato Delivery,5km,"1 x Herbed Potato, 1 x Just Pepperoni Pizza, 1 x Grilled Tangdis, 1 x Salted Crisper Fries",,,1663.0,83.15,0.0,0.0,0.0,0.0,1746.15,,,,,,15.43,0.5,Correctly,,f6e68ffc4f93a1897e6c51e517b4fd8e345a93d234ae6852b0b20d82a1c3d236,4
21077127,Aura Pizzas,Sector 135,Delhi NCR,6313176609,"11:55 PM, October 29 2024",Delivered,Zomato Delivery,1km,"2 x Bageecha Pizza, 2 x Chicken Pepperoni Pizza",,Buy 1 Get 1 - ₹1198.00,1198.0,59.9,0.0,0.0,0.0,0.0,1257.9,,,,,,16.77,0.3,Correctly,,943284842ca4954e74a3393661f697d2f00537d60308e9be30603833e61011f2,4
21077127,Aura Pizzas,Sector 135,Delhi NCR,6313462266,"10:43 PM, October 29 2024",Delivered,Zomato Delivery,12km,"1 x Bellpepper Onion Pizza, 1 x OG Cheese Pide, 1 x Masala Paneer Pide, 1 x Bageecha Pizza",,Buy 1 Get 1 - ₹898.00,948.0,47.4,0.0,0.0,0.0,0.0,995.4,,,,,,27.2,1.7,Correctly,,6f73520cfa84c2d9475d28775d6ea2b07616d5667a78f2f3797c9f2c945daae4,4
21077127,Aura Pizzas,Sector 135,Delhi NCR,6298876508,"09:57 PM, October 29 2024",Delivered,Zomato Delivery,6km,"1 x Peri Peri Grilled Chicken Pizza, 2 x Fried Chicken Strips, 1 x Bageecha Pizza",,Buy 1 Get 1 - ₹788.00,808.0,40.4,0.0,0.0,0.0,0.0,848.4,,,,,,18.27,6.1,Correctly,,0c3ade3cb62bfbbe2ab4d68de2eea1b8a4fa2eea07069a0810ffa0c9624bcbd3,4
21077127,Aura Pizzas,Sector 135,Delhi NCR,6298198113,"08:35 PM, October 29 2024",Delivered,Zomato Delivery,1km,"1 x Bageecha Pizza, 1 x Cheesy Garlic Bread, 1 x Peri Peri Paneer Pizza, 1 x Chilli Cheese Garlic Bread",,Buy 1 Get 1 - ₹818.00,858.0,42.9,0.0,0.0,0.0,0.0,900.9,,,,,,15.58,6.9,Correctly,,54907aeaa67c42fa4573e29b790ce4dea821884c80b5fd6ee9ec9547ed046579,4
21077127,Aura Pizzas,Sector 135,Delhi NCR,6309725270,"08:20 PM, October 29 2024",Delivered,Zomato Delivery,10km,"1 x Margherita Pizza, 1 x Bageecha Pizza, 1 x All About Chicken Pizza, 1 x Murgh Amritsari Seekh Pizza",,Buy 1 Get 1 - ₹1167.00,1258.0,62.9,0.0,0.0,0.0,0.0,1320.9,,,,,,16.23,1.7,Correctly,,4620d72db84de97ded1e11053a5666612fade2e51310101b444a9689d53ce20c,4
21077127,Aura Pizzas,Sector 135,Delhi NCR,6307838097,"08:00 PM, October 29 2024",Delivered,Zomato Delivery,1km,"1 x Onion Rings, 2 x Fried Chicken Strips, 1 x Jamaican Chicken Melt",,Buy 1 Get 1 - ₹418.00,727.0,36.35,0.0,0.0,0.0,0.0,763.35,,,,,,14.83,1.0,Correctly,,2f722610e19984836eded3f622c0df8cc64c591d24e718c398679ad3aa0b4412,4
21077127,Aura Pizzas,Sector 135,Delhi NCR,6311807525,"06:14 PM, October 29 2024",Delivered,Zomato Delivery,1km,"1 x Angara Paneer Melt, 1 x Makhani Paneer Pizza, 1 x Peri Peri Paneer Pizza, 1 x Mushroom Mozzarella Melt",,Buy 1 Get 1 - ₹1198.00,1218.0,60.9,0.0,0.0,0.0,0.0,1278.9,,,,,,21.95,9.0,Correctly,,51d48b41dda503fb25285679824275cb60109a2bbed4a58c6ae2c8e364418938,4
21077127,Aura Pizzas,Sector 135,Delhi NCR,6310339610,"05:10 PM, October 29 2024",Delivered,Zomato Delivery,11km,"1 x Chilli Cheese Garlic Bread, 1 x Peri Peri Crisper Fries, 2 x Makhani Paneer Pizza",,Buy 1 Get 1 - ₹778.00,838.0,41.9,0.0,0.0,0.0,0.0,879.9,,,,,,16.25,6.2,Correctly,,7a45de26317adc6ee2b6266b84d6f51235be0dddd38a96112dbac5d4ffba9fb7,4
21077127,Aura Pizzas,Sector 135,Delhi NCR,6294778995,"06:35 PM, October 23 2024",Delivered,Zomato Delivery,1km,"2 x Bageecha Pizza, 1 x Chilli Cheese Garlic Bread, 1 x Peri Peri Crisper Fries",,Flat Rs.200 off,1656.0,72.8,200.0,0.0,0.0,0.0,1528.8,,,,,,17.3,8.4,Correctly,,470873b8d8a4e945a2085623b01978f22ca40b582357d0f67aa485fd6689f5ae,4
21077127,Aura Pizzas,Sector 135,Delhi NCR,6281322060,"02:39 PM, October 22 2024",Delivered,Zomato Delivery,1km,"1 x Cheesy Garlic Bread, 1 x Herbed Potato, 1 x Peri Peri Paneer Pizza, 1 x Peri Peri Crisper Fries",,Flat Rs.200 off,1165.0,48.25,200.0,0.0,0.0,0.0,1013.25,,,,,,19.1,6.5,Correctly,,5e1df7f56150566def5bc309913c5883959ab832e9606398a9c277ee68532731,4
21173951,Aura Pizzas,Vasant Kunj,Delhi NCR,6304112733,"09:20 PM, October 31 2024",Delivered,Zomato Delivery,5km,"1 x Peri Peri Crisper Fries, 1 x Tripple Cheese Pizza, 1 x Cafreal Sauce, 1 x Margherita Pizza",,Flat Rs.200 off,1267.0,54.35,180.0,0.0,0.0,0.0,1141.35,,,,,,22.67,10.3,Correctly,,13d29c2d595873cea939c13826d89ef598560c1c57f9e3733fa03f467b4a5e8f,4
21173951,Aura Pizzas,Vasant Kunj,Delhi NCR,6316577366,"08:26 PM, October 31 2024",Delivered,Zomato Delivery,10km,"1 x Herbed Potato, 1 x Margherita Pizza, 2 x Mushroom Mozzarella Melt",,,1505.0,75.25,0.0,0.0,0.0,0.0,1580.25,,,,,,18.72,6.5,Correctly,,f4a0abb1dd9eff2738cfe6c68f7ad68b26ceb068684a27bd0347eb7ca2c4900d,4
21173951,Aura Pizzas,Vasant Kunj,Delhi NCR,6306470137,"12:51 PM, October 30 2024",Delivered,Zomato Delivery,9km,"1 x Indian Masala Cripser Fries, 1 x Fried Chicken Strips, 1 x Bacon Pepperoni Melt, 1 x Desi Chicken Pepperoni Pizza",,Buy 1 Get 1 - ₹788.00,808.0,40.4,0.0,0.0,0.0,0.0,848.4,,,,,,21.9,1.3,Correctly,,46ee42a8694561afc65c0228c4853d8f02e5e3f5dc4901529b6d34f9345c0ef7,4
21173951,Aura Pizzas,Vasant Kunj,Delhi NCR,6312366122,"11:22 PM, October 29 2024",Delivered,Zomato Delivery,3km,"1 x Peri Peri Grilled Chicken Pizza, 1 x Makhani Paneer Pizza, 1 x Chilli Cheese Garlic Bread, 1 x Murgh Amritsari Garlic Bread",,Buy 1 Get 1 - ₹1008.00,1118.0,55.9,0.0,0.0,0.0,0.0,1173.9,,,,,,23.48,2.4,Correctly,,90d6f2faeb1ccf27bb5f30668e613f49ea2e8f9dafd8eff123ebc42ffa2dbc3e,4
21173951,Aura Pizzas,Vasant Kunj,Delhi NCR,6309884820,"10:42 PM, October 29 2024",Delivered,Zomato Delivery,7km,"1 x Spinach Sumac Pide, 1 x Mushroom Mozzarella Melt, 1 x Mutton Seekh Pide, 1 x Bacon Pepperoni Melt",,Buy 1 Get 1 - ₹787.00,1048.0,52.4,0.0,0.0,0.0,0.0,1100.4,,,,,,28.92,17.8,Correctly,,1b8c2e50a48dc03ac15569cdab5852be7ddf479473de31f17b731e687f7709c1,4
21173951,Aura Pizzas,Vasant Kunj,Delhi NCR,6313693572,"10:40 PM, October 29 2024",Delivered,Zomato Delivery,<1km,"2 x Tripple Cheese Pizza, 2 x OG Cheese Pide",,Buy 1 Get 1 - ₹898.00,898.0,44.9,0.0,0.0,0.0,0.0,942.9,,,,,,14.98,2.9,Correctly,,9d7373f2e22ac11b7c1e087d3b2d2e81122227523568770ea549f31dbe37d296,4
21173951,Aura Pizzas,Vasant Kunj,Delhi NCR,6313146373,"08:52 PM, October 29 2024",Delivered,Zomato Delivery,1km,"1 x Peri Peri Paneer Melt, 1 x Peanut Butter Chocolate Pide, 1 x Angara Paneer Melt, 1 x Chilli Cheese Garlic Bread",,Buy 1 Get 1 - ₹708.00,758.0,37.9,0.0,0.0,0.0,0.0,795.9,,,,,,18.67,0.9,Correctly,,3c00188705c1c66755a2bf74ae811735581a3fa0a86a8a66a2fe1f6f92c58a28,4
21173951,Aura Pizzas,Vasant Kunj,Delhi NCR,6309711654,"07:47 PM, October 29 2024",Delivered,Zomato Delivery,3km,"1 x Murgh Amritsari Garlic Bread, 1 x Bageecha Pizza, 1 x Chilli Cheese Garlic Bread, 1 x Murgh Amritsari Seekh Pizza",,Buy 1 Get 1 - ₹1058.00,1157.0,57.85,0.0,0.0,0.0,0.0,1214.85,,,,,,16.48,1.1,Correctly,,137cb79a898566a6d8c867f8d06c0af66ff7654b8241da63a880282d2a544d29,4
21173951,Aura Pizzas,Vasant Kunj,Delhi NCR,6306757736,"06:25 PM, October 29 2024",Delivered,Zomato Delivery,<1km,"2 x Cheesy Garlic Bread, 2 x Murgh Amritsari Garlic Bread",,Buy 1 Get 1 - ₹528.00,528.0,26.4,0.0,0.0,0.0,0.0,554.4,3.0,Food was tasty but upset my stomach.,,,,13.65,1.2,Correctly,,f056f4dd8984caf40e95e6d5835610772f40f8fd501d5efc3d4f29744c119492,4
21173951,Aura Pizzas,Vasant Kunj,Delhi NCR,6292875469,"09:38 PM, October 25 2024",Delivered,Zomato Delivery,6km,"1 x Garlic Aioli, 1 x Chilli Cheese Garlic Bread, 1 x Peri Peri Crisper Fries, 1 x Indian Masala Cripser Fries",,,717.0,35.85,0.0,0.0,0.0,0.0,752.85,,,,,,16.82,1.5,Correctly,,79d4fdcb6df76aa376c33a972b8560906abb0dd18ac36bd2c5daa04917b46978,4
21173951,Aura Pizzas,Vasant Kunj,Delhi NCR,6289562794,"09:24 PM, October 21 2024",Delivered,Zomato Delivery,1km,"1 x Indian Pico De-Gallo, 1 x Bageecha Pizza, 1 x All About Chicken Pizza, 1 x Chilli Cheese Garlic Bread",,,1577.0,78.85,0.0,0.0,0.0,0.0,1655.85,,,,,,20.53,5.1,Correctly,,8df6b814ebbb878905739ff9d2fc15aaa70cc8556954131f644a13a64b1efb81,4
21309083,Swaad,Shahdara,Delhi NCR,6315369295,"10:36 PM, October 30 2024",Delivered,Zomato Delivery,<1km,"1 x Fried Chicken Kabuli Tender ., 1 x Grilled Chicken Smoky BBQ Tender, 1 x Animal Fries, 1 x Fried Chicken Peri Peri Tender",,Flat Rs.200 off,1575.0,69.75,180.0,0.0,0.0,0.0,1464.75,,,,,,22.22,0.2,Correctly,,30105e64f4b681eac5e72cceb0418f9d45af61c11cd54d17242cf3fee00af9ac,4
21309083,Swaad,Shahdara,Delhi NCR,6299110267,"07:52 PM, October 28 2024",Delivered,Zomato Delivery,7km,"1 x AAC Grilled Chicken Burger, 1 x Grilled Chicken Jamaican Tangdi, 1 x Animal Fries, 1 x Grilled Chicken Angara Tangdi",,,1840.0,92.0,0.0,0.0,0.0,0.0,1932.0,,,,,,21.38,13.0,Correctly,,21f570ff6db6be84f793c28deb288604bf2b773bf2babd39cdd5195ab7e96559,4
21309083,Swaad,Sector 135,Delhi NCR,6300701332,"10:34 PM, October 25 2024",Delivered,Zomato Delivery,1km,"2 x Grilled Chicken Jamaican Tender, 2 x Bone in Kabuli Grilled Chicken",,Buy 1 Get 1 - ₹840.00,840.0,42.0,0.0,0.0,0.0,0.0,882.0,,,,,,24.7,0.2,Correctly,,1d5ff72cd49e4a6a239e19ed29e1231b681e88f97707133ad8f9e62fcb79d8fd,4
21309083,Swaad,Sector 135,Delhi NCR,6296238244,"08:38 PM, October 25 2024",Delivered,Zomato Delivery,1km,"2 x Garlic Aioli, 1 x Peri Peri Crisper Fries, 1 x Animal Fries",,Buy 1 Get 1 - ₹259.00,415.0,20.75,0.0,0.0,0.0,0.0,435.75,,,,,,12.23,0.3,Correctly,,7e9993b6d39146242e85354e8565ba5122fc5f590ecda16e128245be4ddb546b,4
21309083,Swaad,Sector 135,Delhi NCR,6289371712,"09:26 PM, October 23 2024",Delivered,Zomato Delivery,16km,"1 x Bone in Jamaican Grilled Chicken, 1 x Grilled Chicken Jamaican Tender, 1 x Bone in Smoky Bbq Grilled Chicken, 1 x Grilled Chicken Smoky BBQ Tender",,Buy 1 Get 1 - ₹1020.00,1020.0,51.0,0.0,0.0,0.0,0.0,1071.0,,,,,,33.02,15.5,Correctly,,8a70d8965f4e78fe7db4fb98ae999dfd60791e300d59785612171848c5a539f0,4
21309083,Swaad,Sector 135,Delhi NCR,6292386718,"08:25 PM, October 23 2024",Delivered,Zomato Delivery,6km,"1 x Grilled Chicken Smoky BBQ Tender, 1 x Grilled Chicken Peri Peri Tender, 1 x Peri Peri Sauce, 1 x Indian Pico De-Gallo",,Buy 1 Get 1 - ₹370.00,370.0,18.5,0.0,0.0,0.0,0.0,388.5,,,,,,13.35,0.5,Correctly,,9315fba1f1e66ccb865175f3764593a9e35bf0660c2236237db2a11c63dfaaf4,4
21309083,Swaad,Sector 135,Delhi NCR,6286921479,"08:04 PM, October 23 2024",Delivered,Zomato Delivery,9km,"1 x Bone in Peri Peri Grilled Chicken, 1 x Grilled Chicken Angara Tangdi, 1 x Bone in Jamaican Grilled Chicken, 1 x Grilled Chicken Ghostbuster Tangdi",,Buy 1 Get 1 - ₹1450.00,1450.0,72.5,0.0,0.0,0.0,0.0,1522.5,,,,,,25.45,0.5,Correctly,,23207d4079642ffefd58ba487f749cc6819fcbf4c7766a1373b31ccaa84867ab,4
21309083,Swaad,Sector 135,Delhi NCR,6292435349,"07:39 PM, October 23 2024",Delivered,Zomato Delivery,4km,"2 x Jamaican Sauce, 2 x Fried Chicken Classic Tender",,Buy 1 Get 1 - ₹520.00,520.0,26.0,0.0,0.0,0.0,0.0,546.0,,,,,,16.4,1.2,Correctly,,0b37373cea8c9c1e25a55a7d4d34b5f24d514ab9d234b39900829f606b8fef7b,4
21309083,Swaad,Sector 135,Delhi NCR,6275190686,"03:21 PM, October 23 2024",Delivered,Zomato Delivery,3km,"2 x Bone in Jamaican Grilled Chicken, 2 x Grilled Chicken Peri Peri Tender",,Buy 1 Get 1 - ₹1130.00,1130.0,56.5,0.0,0.0,0.0,0.0,1186.5,,,,,,20.87,2.5,Correctly,,36e4656b79e0e04735918e2f65d1ddf7ce04df35eeeec744a4c4e5ee79832039,4
21309083,Swaad,Sector 135,Delhi NCR,6288736066,"02:27 PM, October 23 2024",Delivered,Zomato Delivery,<1km,"1 x Salted Fries, 1 x Jamaican Sauce, 2 x Bone in Smoky Bbq Grilled Chicken",Order: No chilli please :),Buy 1 Get 1 - ₹370.00,479.0,23.95,0.0,0.0,0.0,0.0,502.95,4.0,Tasty... But the large amount of spice and lack of fibre is clearly shown in unpleasant ways the next day...,,,,18.85,1.0,Correctly,,af923d9c922c71b02b595ca53b16f1822291ae8d7069419c81fbd6d3e0709654,4
21309083,Swaad,Sector 135,Delhi NCR,6284194196,"02:45 PM, October 22 2024",Delivered,Zomato Delivery,7km,"1 x AAC Special Slaw, 1 x Angara Rice, 2 x Grilled Chicken Peri Peri Tender",,,1386.0,69.3,0.0,0.0,0.0,0.0,1455.3,,,,,,23.97,0.9,Correctly,,0075fd932e9c3b880c370e2ca2e6303d70cc46696b4293e911db681faa55abc2,4
20320607,Swaad,Sector 4,Delhi NCR,6344491964,"10:17 PM, November 10 2024",Delivered,Zomato Delivery,4km,"1 x Animal Fries, 1 x Bone in Jamaican Grilled Chicken, 1 x Bone in Kabuli Grilled Chicken, 1 x Bone in Peri Peri Grilled Chicken",,Buy 1 Get 1 - ₹665.00,680.0,34.0,0.0,0.0,0.0,0.0,714.0,,,,,,28.5,8.4,Correctly,,25108575ecbbd56a6e5a2f9e35d5e728d9a735781a1d891ce67df61e875733a7,4
20320607,Swaad,Sector 4,Delhi NCR,6344637771,"08:26 PM, November 10 2024",Delivered,Zomato Delivery,2km,"1 x Fried Chicken Kabuli Tender, 1 x Fried Chicken Classic Tender, 1 x Bone in Smoky Bbq Grilled Chicken, 1 x Bone in Kabuli Grilled Chicken",,Buy 1 Get 1 - ₹910.00,910.0,45.5,0.0,0.0,0.0,0.0,955.5,,,,,,33.07,11.3,Correctly,,0c8ab039d438e4aac736812dfd086f057ff83e00b3ab4e7b2d71dfc176a201f6,4
20320607,Swaad,Sector 4,Delhi NCR,6338666702,"08:17 PM, November 10 2024",Delivered,Zomato Delivery,3km,"1 x Fried Chicken Ghostbuster Tender, 1 x Grilled Chicken Jamaican Tender, 1 x Salted Fries, 1 x Salted Crisper Fries",,Buy 1 Get 1 - ₹604.00,639.0,31.95,0.0,0.0,0.0,0.0,670.95,,,,,,20.77,1.5,Correctly,,c1d52f9d0acfcc61c0a477f04eae4f4e1fbe35f3ceae6274cdf80b22e535200a,4
20320607,Swaad,Sector 4,Delhi NCR,6346193711,"05:33 PM, November 10 2024",Delivered,Zomato Delivery,2km,"3 x Bone in Jamaican Grilled Chicken, 1 x Fried Chicken Peri Peri Tender",Order: Please send leg pieces,Buy 1 Get 1 - ₹620.00,635.0,31.75,0.0,0.0,0.0,0.0,666.75,,,,,,23.62,10.2,Correctly,Poor taste or quality,338de5c25cf918a023998c410b84ad8d891ff2ee8dff49541ce3b141d02ea2dc,4
20320607,Swaad,Sector 4,Delhi NCR,6345257972,"04:03 PM, November 10 2024",Delivered,Zomato Delivery,9km,"1 x Bone in Angara Grilled Chicken, 1 x Kabuli Grilled Paneer (8 pcs), 1 x Bone in Smoky Bbq Grilled Chicken, 1 x Bone in Jamaican Grilled Chicken",,Buy 1 Get 1 - ₹605.00,620.0,31.0,0.0,0.0,0.0,0.0,651.0,,,,,,23.83,14.2,Correctly,,3c53f5cb36c424957540ba144365b7dc1e2dad88ec7581d7ad2c72969e529365,4
20320607,Swaad,Sector 4,Delhi NCR,6328857394,"07:48 PM, November 06 2024",Delivered,Zomato Delivery,4km,"1 x Raw Masala Lemon Shikanji, 1 x Tipsy Tiger Fresh Lime Soda, 1 x Bone in Angara Grilled Chicken ., 1 x Bone in Peri Peri Grilled Chicken .",,50% off upto Rs.100,834.29,36.72,100.0,0.0,0.0,0.0,771.01,,,,,,23.12,1.2,Correctly,,cc917491b526e5988d173bb1e2c426a454a18c194e60c5b0521d313eadb24c89,4
20554001,Swaad,Greater Kailash 2 (GK2),Delhi NCR,6346556290,"09:22 PM, November 10 2024",Delivered,Zomato Delivery,6km,"1 x Bone in Jamaican Grilled Chicken, 1 x Fried Chicken Ghostbuster Tender, 1 x Grilled Chicken Smoky BBQ Tender, 1 x Bone in Kabuli Grilled Chicken",,Buy 1 Get 1 - ₹895.00,910.0,45.5,0.0,0.0,0.0,0.0,955.5,5.0,,,,,18.03,0.7,Correctly,,e8b4a8840bb0ff921e09e5983fbe3021f84bccebcc3b669d8b885bf0085d976e,4
20554001,Swaad,Greater Kailash 2 (GK2),Delhi NCR,6344436516,"08:10 PM, November 10 2024",Delivered,Zomato Delivery,3km,"1 x Bone in Angara Grilled Chicken, 1 x Bone in Peri Peri Grilled Chicken, 1 x Bone in Smoky Bbq Grilled Chicken, 1 x Bone in Jamaican Grilled Chicken",,Buy 1 Get 1 - ₹620.00,620.0,31.0,0.0,0.0,0.0,0.0,651.0,,,,,,23.75,0.5,Correctly,,0bb8b4793afc409a1469e280dfca8a79aec557fe1a4da778fa8cddf218c76765,4
20554001,Swaad,Greater Kailash 2 (GK2),Delhi NCR,6345702851,"06:50 PM, November 10 2024",Delivered,Zomato Delivery,6km,"1 x AAC Grilled Paneer Burger, 1 x GhostBuster Sauce, 1 x Indian Pico De-Gallo, 1 x AAC Fried Paneer Burger","Order: Plz put extra angara sauce in both burgers & plz send some extra angara sauce along,we love it. Plz",Buy 1 Get 1 - ₹405.00,405.0,20.25,0.0,0.0,0.0,0.0,425.25,,,,,,14.7,2.0,Correctly,Wrong item(s) delivered,4c674924f56fbe8d5b81b07e0c2b480fbe0d8e4e2430f5984de30a2b865e9bba,4
20554001,Swaad,Greater Kailash 2 (GK2),Delhi NCR,6343989860,"06:22 PM, November 10 2024",Delivered,Zomato Delivery,3km,"2 x AAC Grilled Chicken Burger, 1 x Bone in Smoky Bbq Grilled Chicken, 1 x Bone in Jamaican Grilled Chicken",,Buy 1 Get 1 - ₹685.00,685.0,34.25,0.0,0.0,0.0,0.0,719.25,5.0,,,,,20.77,11.3,Correctly,,2ea4ef612b997ab30d94e39a06351c0c394acc416e38d12395d46a7f0f0226c4,4
20554001,Swaad,Greater Kailash 2 (GK2),Delhi NCR,6343773477,"04:46 PM, November 10 2024",Delivered,Zomato Delivery,3km,"2 x Salted Fries, 2 x Bone in Smoky Bbq Grilled Chicken",,Buy 1 Get 1 - ₹589.00,589.0,29.45,0.0,0.0,0.0,0.0,618.45,,,,,,30.75,5.5,Correctly,,3166f8ae696045ea808aeb9d282051c090aa7fe27997c1c4c42ac4c49aa705b5,4
20554001,Swaad,Greater Kailash 2 (GK2),Delhi NCR,6345955209,"03:34 PM, November 10 2024",Delivered,Zomato Delivery,4km,"1 x Angara Sauce, 1 x Grilled Chicken Smoky BBQ Tender, 1 x Bone in Jamaican Grilled Chicken, 1 x Indian Honey Mustard sauce",,Buy 1 Get 1 - ₹370.00,645.0,32.25,0.0,0.0,0.0,0.0,677.25,,,,,,21.73,0.8,Correctly,,06d472f205c5497d9b1ace68a4255fca73ff4ccbe6f0e598fffd587e433e41bd,4
20554001,Swaad,Greater Kailash 2 (GK2),Delhi NCR,6340405982,"01:28 PM, November 10 2024",Delivered,Zomato Delivery,9km,"1 x Bone in Smoky Bbq Grilled Chicken, 1 x Bone in Jamaican Grilled Chicken, 2 x Garlic Aioli",,Buy 1 Get 1 - ₹645.00,645.0,32.25,0.0,0.0,0.0,0.0,677.25,,,,,,23.17,0.9,Correctly,,c10365e155ca9ec6d3202e381b9a4cff11a023f4eab5d2bcad8ee52efd6bd865,4
20554001,Swaad,Greater Kailash 2 (GK2),Delhi NCR,6335228876,"12:57 PM, November 09 2024",Delivered,Zomato Delivery,5km,"1 x Garlic Aioli, 1 x Bone in Kabuli Grilled Chicken, 1 x Bone in Angara Grilled Chicken, 1 x Cafreal dip",,Flat Rs.200 off,740.0,27.0,200.0,0.0,0.0,0.0,567.0,5.0,,,,,21.57,0.8,Correctly,,b9927fc27a2256710d2e37d9fe95c8c8748d161d724f92183b7390dfb8a58393,4
20554001,Swaad,Greater Kailash 2 (GK2),Delhi NCR,6313508586,"08:09 PM, November 05 2024",Delivered,Zomato Delivery,1km,"1 x Grilled Chicken Jamaican Tender, 2 x Grilled Chicken Peri Peri Tangdi, 1 x Fried Chicken Classic Tender",,Flat Rs.870 off,1445.0,67.25,100.0,0.0,0.0,0.0,1412.25,5.0,,,,,14.73,0.6,Correctly,,337e897eb12a7305f3e1a1d17cb0c9f61c82710462f0463af9e11b6e8d43b633,4
20554001,Swaad,Greater Kailash 2 (GK2),Delhi NCR,6321224132,"07:46 PM, November 04 2024",Delivered,Zomato Delivery,2km,"1 x Fried Chicken Peri Peri Tender ., 1 x AAC Saucy Fries, 1 x Harisa Mayo, 1 x Smoky BBQ Sauce",Order: send Xtra tissues and plates please!!,40% off upto Rs.80,720.0,32.0,80.0,0.0,0.0,0.0,672.0,,,,,,16.27,0.8,Correctly,,4080cb6d978f8a8e721d2f25977c950d9997cbc6bda88ad592017ca92d9842bb,4
20554001,Swaad,Greater Kailash 2 (GK2),Delhi NCR,6319436113,"08:33 PM, November 01 2024",Delivered,Zomato Delivery,7km,"1 x Garlic Aioli, 1 x Fried Chicken Kabuli Tender, 1 x Fried Chicken Angara Tender, 1 x Salted Fries",,Flat Rs.175 off,879.0,40.05,78.0,0.0,0.0,0.0,841.05,,,,,,14.38,0.7,Correctly,,960b6543eb5611330f0e49b13ee776597444ca7c81314eb2d8abc73cbd81e0e0,4
20635699,Aura Pizzas,Greater Kailash 2 (GK2),Delhi NCR,6336560738,"01:47 PM, November 10 2024",Delivered,Zomato Delivery,5km,"1 x Bageecha Pizza, 1 x Salted Crisper Fries, 2 x Tipsy Tiger Ginger Ale",Order: Please send plate spoon tissue,50% off upto Rs.100,1016.1,45.81,100.0,0.0,0.0,0.0,961.91,5.0,Yummiestest pizza... 💋👌,,,,20.63,0.7,Correctly,,9368d56b97d79f7d49c2ae015682dad63414d14b4103c8c0ff4f4b1088d9f205,4
20635699,Aura Pizzas,Greater Kailash 2 (GK2),Delhi NCR,6333276407,"10:00 PM, November 09 2024",Delivered,Zomato Delivery,3km,"2 x Grilled Tangdis, 1 x Murgh Amritsari Seekh Pide, 1 x Makhani Paneer Pizza",,Flat Rs.200 off,1466.0,63.3,200.0,0.0,0.0,0.0,1329.3,,,,,,30.08,7.7,Correctly,,91b21a622347cc6afeb661ef8b08f7bf1f32806f23b0ff5e705481a6b2f57539,4
20635699,Aura Pizzas,Greater Kailash 2 (GK2),Delhi NCR,6342914676,"09:42 PM, November 09 2024",Delivered,Zomato Delivery,4km,"1 x Murgh Amritsari Seekh Pizza, 1 x Harisa Mayo, 1 x Garlic Aioli, 1 x Peri Peri Crisper Fries",,Flat Rs.200 off,948.0,37.4,200.0,0.0,0.0,0.0,785.4,1.0,,,,,31.27,11.8,Correctly,Poor packaging or spillage,108dac40eb247fe068a1bafaf2c2862d20258335337dc8cc9b7fe79ed1c22b2b,4
20635699,Aura Pizzas,Greater Kailash 2 (GK2),Delhi NCR,6340601281,"09:32 PM, November 09 2024",Delivered,Zomato Delivery,1km,"1 x All About Chicken Pizza, 1 x Desi Pepperoni Pizza, 1 x Onion Rings, 1 x Murgh Amritsari Garlic Bread",,Flat Rs.200 off,2276.0,103.8,200.0,0.0,0.0,0.0,2179.8,,,,,,23.33,0.6,Correctly,,c2661440df0da32ef6538e5bfbaa384d91a7d6e06bf3885c9bc135921d4897b9,4
20635699,Aura Pizzas,Greater Kailash 2 (GK2),Delhi NCR,6343001886,"08:35 PM, November 09 2024",Delivered,Zomato Delivery,3km,"1 x Tripple Cheese Pizza, 1 x Chicken Pepperoni Pizza, 1 x Jamaican Chicken Melt, 1 x Margherita Pizza",,,2555.0,127.75,0.0,0.0,0.0,0.0,2682.75,,,,,,19.63,0.6,Correctly,,03da70567d6cfe84ef87a836079d4de9e6ee4c2813d99dfd9555d297b97be6e0,4
20635699,Aura Pizzas,Greater Kailash 2 (GK2),Delhi NCR,6323835146,"11:11 PM, November 08 2024",Delivered,Zomato Delivery,6km,"1 x Mutton Seekh Pide, 1 x Peri Peri Crisper Fries, 1 x Salted Crisper Fries, 1 x Just Pepperoni Pide",,Buy 1 Get 1 - ₹578.00,598.0,29.9,0.0,0.0,0.0,0.0,627.9,,,,,,17.5,0.4,Correctly,,916abc26097bea25c73ae86892b065a2dde8af1ed24481f3f83687d505fd9c23,4
20635699,Aura Pizzas,Greater Kailash 2 (GK2),Delhi NCR,6338799520,"09:19 PM, November 08 2024",Delivered,Zomato Delivery,5km,"1 x All About Chicken Pizza, 1 x Peri Peri Crisper Fries, 1 x Masala Paneer Pide, 1 x Bageecha Pizza",,Buy 1 Get 1 - ₹998.00,1178.0,58.9,0.0,0.0,0.0,0.0,1236.9,,,,,,33.17,5.8,Correctly,,a0a13003f34d6c08e51b03bac6491262630313a16cfce01bdd8a7e3edc730879,4
20635699,Aura Pizzas,Greater Kailash 2 (GK2),Delhi NCR,6317505982,"08:55 PM, November 08 2024",Delivered,Zomato Delivery,2km,"1 x Murgh Amritsari Garlic Bread, 1 x Pepperoni Garlic Bread, 1 x Murgh Amritsari Seekh Pizza, 1 x Desi Chicken Pepperoni Pizza",,Buy 1 Get 1 - ₹1088.00,1108.0,55.4,0.0,0.0,0.0,0.0,1163.4,,,,,,32.17,0.8,Correctly,,e0a9209b66221237ddab8663ac6aae4a8868f67f82329e65494a4094c0de3114,4
20635699,Aura Pizzas,Greater Kailash 2 (GK2),Delhi NCR,6336566177,"07:28 PM, November 08 2024",Delivered,Zomato Delivery,3km,"2 x Murgh Amritsari Seekh Melt, 2 x Herbed Potato",,Buy 1 Get 1 - ₹627.00,627.0,31.35,0.0,0.0,0.0,0.0,658.35,,,,,,21.05,0.6,Correctly,,82d3c35189ebc76cbe28411b23efea696d32a4b90ba660ca857bba81025d1038,4
20635699,Aura Pizzas,Greater Kailash 2 (GK2),Delhi NCR,6336153548,"02:13 PM, November 08 2024",Delivered,Zomato Delivery,5km,"1 x Makhani Paneer Pizza, 1 x Cheesy Garlic Bread, 1 x Chilli Cheese Garlic Bread, 1 x Bageecha Pizza",,Buy 1 Get 1 - ₹818.00,858.0,42.9,0.0,0.0,0.0,0.0,900.9,,,,,,18.22,1.5,Correctly,,0040ddf9a39d33759d0a37718cddc2f152b0c616bfb458f59951b696bc275e9a,4
20635699,Aura Pizzas,Greater Kailash 2 (GK2),Delhi NCR,6321351269,"07:43 PM, November 04 2024",Delivered,Zomato Delivery,7km,"1 x Chilli Cheese Garlic Bread, 1 x Peri Peri Chicken Melt, 1 x Tipsy Tiger Fresh Lime Soda, 1 x Pepperoni Garlic Bread",,,1403.05,70.15,0.0,0.0,0.0,0.0,1473.2,,,,,,27.97,12.3,Correctly,,d32f1218f8866cd51329887503ad267860b5982e78a32943162d675b172110b3,4
20635699,Aura Pizzas,Greater Kailash 2 (GK2),Delhi NCR,6313566864,"02:08 PM, November 03 2024",Delivered,Zomato Delivery,5km,"2 x Cheesy Garlic Bread, 1 x Makhani Paneer Pizza, 1 x Garlic Aioli",,Flat Rs.200 off,1287.0,55.35,180.0,0.0,0.0,0.0,1162.35,,,,,,21.87,0.9,Correctly,,166627a5509f4156e05f90e669565ece12366bf33c8af5daa906a6df3c5afa5f,4
20635699,Aura Pizzas,Greater Kailash 2 (GK2),Delhi NCR,6309775957,"07:37 PM, November 02 2024",Delivered,Zomato Delivery,1km,"1 x Margherita Pizza, 1 x Tripple Cheese Pizza, 1 x Mushroom Pizza, 1 x Chilli Cheese Garlic Bread",,Flat Rs.200 off,2552.0,118.6,180.0,0.0,0.0,0.0,2490.6,,,,,,19.07,2.3,Correctly,,2d6884f7bbb0cda7decfee72baa691c9d42f4fecd43ab11a8bdd792cdba2bbc9,4
20635699,Aura Pizzas,Greater Kailash 2 (GK2),Delhi NCR,6318371292,"07:09 PM, November 01 2024",Delivered,Zomato Delivery,4km,"1 x Bageecha Pizza, 1 x Mushroom Mozzarella Melt, 2 x Peri Peri Crisper Fries",,Flat Rs.200 off,1646.0,73.3,180.0,0.0,0.0,0.0,1539.3,,,,,,15.7,3.4,Correctly,,d3658e110131ed905dbe6d29f14a310955ec69b853ea5277f9b347d1e8f9668b,4
20635699,Aura Pizzas,Greater Kailash 2 (GK2),Delhi NCR,6315421070,"03:23 AM, November 01 2024",Delivered,Zomato Delivery,5km,"1 x Herbed Potato, 1 x Peri Peri Grilled Chicken Pizza, 1 x Angara Paneer Melt, 1 x Fried Chicken Strips",,Flat Rs.200 off,1615.0,71.75,180.0,0.0,0.0,0.0,1506.75,,,,,,27.12,0.9,Correctly,,7ae69f5458b498ccdfaab1e8b7c09ee94a66308aabf8827aa27a081b8cea141a,4
20635699,Aura Pizzas,Greater Kailash 2 (GK2),Delhi NCR,6317381022,"12:23 AM, November 01 2024",Delivered,Zomato Delivery,7km,"1 x Angara Paneer Melt, 1 x Peri Peri Paneer Pizza, 1 x Makhani Paneer Pizza, 1 x Bellpepper Onion Pizza",,Flat Rs.200 off,2186.0,100.3,180.0,0.0,0.0,0.0,2106.3,,,,,,30.1,6.8,Correctly,,686a5f6b82c452ba77f1c0f31745b80ad21d482931a0767741fa4422e82c22c8,4
20659868,Aura Pizzas,Sector 4,Delhi NCR,6332732574,"11:29 PM, November 08 2024",Delivered,Zomato Delivery,3km,"2 x Herbed Potato, 2 x Margherita Pizza",,Buy 1 Get 1 - ₹607.00,607.0,30.35,0.0,0.0,0.0,0.0,637.35,,,,,,14.83,1.1,Correctly,,a7ffcb9e4f91fbff5baeddce59654687d99e418568dacce9c177aea47b9ce8fc,4
20659868,Aura Pizzas,Sector 4,Delhi NCR,6334486141,"09:13 PM, November 08 2024",Delivered,Zomato Delivery,3km,"1 x Bageecha Pizza, 1 x Murgh Amritsari Seekh Melt, 1 x Makhani Paneer Pizza, 1 x Peri Peri Paneer Melt",,Buy 1 Get 1 - ₹1038.00,1078.0,53.9,0.0,0.0,0.0,0.0,1131.9,,,,,,33.35,4.8,Correctly,,c1c50b3f23c055c06ee4003eae59e44ff3546e736627af5deacea3b0086be96b,4
20659868,Aura Pizzas,Sector 4,Delhi NCR,6332752022,"09:09 PM, November 08 2024",Delivered,Zomato Delivery,9km,"1 x Chilli Cheese Garlic Bread, 1 x Bageecha Pizza, 1 x Makhani Paneer Pizza, 1 x Malai Gud Pide",,Buy 1 Get 1 - ₹838.00,858.0,42.9,0.0,0.0,0.0,0.0,900.9,5.0,,,,,29.03,1.5,Correctly,,3b065f700cec9fc57e9eb562ea8015f7734f90e3d62b85d2dc89c88c6f6eb10d,4
20659868,Aura Pizzas,Sector 4,Delhi NCR,6330887195,"09:08 PM, November 08 2024",Delivered,Zomato Delivery,<1km,"1 x Jamaican Chicken Melt, 2 x Tipsy Tiger Fresh Lime Soda, 1 x Angara Paneer Melt",,Buy 1 Get 1 - ₹449.00,717.1,35.86,0.0,0.0,0.0,0.0,752.96,,,,,,27.02,1.0,Correctly,,2b44f0bd8eb3151f58faae93d69689b5195e55b6d6bca5c4c700d40d494f781c,4
20659868,Aura Pizzas,Sector 4,Delhi NCR,6339011111,"09:01 PM, November 08 2024",Delivered,Zomato Delivery,4km,"1 x Tripple Cheese Pizza, 1 x Mushroom Mozzarella Melt, 1 x Onion Rings, 1 x Herbed Potato",,Buy 1 Get 1 - ₹597.00,778.0,38.9,0.0,0.0,0.0,0.0,816.9,5.0,,,,,20.03,1.9,Correctly,,4d9abdbcbf54c40ab8deb1d99adf62ef07a117e22bd86fc6ba142bc3fbb43b78,4
20659868,Aura Pizzas,Sector 4,Delhi NCR,6340554705,"08:57 PM, November 08 2024",Delivered,Zomato Delivery,3km,"1 x Indian Masala Cripser Fries, 1 x Fried Chicken Strips, 2 x Garlic Aioli",,Buy 1 Get 1 - ₹249.00,259.0,12.95,0.0,0.0,0.0,0.0,271.95,,,,,,14.02,2.6,Correctly,,076d77f04269938df65a7bff427555e03258652100679f5448fb4bc59f573890,4
20659868,Aura Pizzas,Sector 4,Delhi NCR,6338485724,"08:27 PM, November 08 2024",Delivered,Zomato Delivery,2km,"1 x OG Cheese Pide, 1 x Spinach Sumac Pide, 2 x Murgh Amritsari Seekh Pizza",,Buy 1 Get 1 - ₹1217.00,1237.0,61.85,0.0,0.0,0.0,0.0,1298.85,,,,,,24.97,7.3,Correctly,,39b23bc8a3f90fe38c859eb3d82f6ae8a5f03f081ca65facfaf192d4c3f8a564,4
20659868,Aura Pizzas,Sector 4,Delhi NCR,6337687983,"08:19 PM, November 08 2024",Delivered,Zomato Delivery,7km,"1 x All About Chicken Pizza, 1 x Herbed Potato, 1 x Bageecha Pizza, 1 x Grilled Tangdis",,Buy 1 Get 1 - ₹807.00,928.0,46.4,0.0,0.0,0.0,0.0,974.4,,,,,,20.83,3.5,Correctly,,9f32ed730e16280d74962c62473a61d90cf8be24105f6887492002753e87e35a,4
20659868,Aura Pizzas,Sector 4,Delhi NCR,6333874577,"07:25 PM, November 08 2024",Delivered,Zomato Delivery,4km,"1 x Cheesy Garlic Bread, 1 x Murgh Amritsari Garlic Bread, 1 x Murgh Amritsari Seekh Pizza, 1 x Chicken Pepperoni Pizza",,Buy 1 Get 1 - ₹838.00,918.0,45.9,0.0,0.0,0.0,0.0,963.9,,,,,,27.52,1.3,Correctly,,9d44d9bd6a1443b92e0076f15feff0253f929cb4ea0931a3c50e503afd015bb3,4
20659868,Aura Pizzas,Sector 4,Delhi NCR,6322527185,"05:50 PM, November 08 2024",Delivered,Zomato Delivery,12km,"1 x Cheesy Garlic Bread, 1 x Bageecha Pizza, 1 x Peri Peri Paneer Pizza, 1 x Chilli Cheese Garlic Bread",,Buy 1 Get 1 - ₹818.00,858.0,42.9,0.0,0.0,0.0,0.0,900.9,,,,,,13.48,2.5,Correctly,,a7549c21a722fd8f39f36c4b6feb010d0626b0f75ef67be1c4927d8a3620cc04,4
20659868,Aura Pizzas,Sector 4,Delhi NCR,6336525353,"07:55 PM, November 07 2024",Delivered,Zomato Delivery,5km,"1 x Chilli Cheese Garlic Bread, 1 x Bageecha Pizza, 1 x Peri Peri Paneer Melt, 1 x Onion Rings",,,1546.0,77.3,0.0,0.0,0.0,0.0,1623.3,,,,,,21.18,1.4,Correctly,,865dd2fa567c4a4dfac1b48e52eddd93b35664ab849ad9153db883d0f01a31a2,4
20659868,Aura Pizzas,Sector 4,Delhi NCR,6335092256,"07:33 PM, November 06 2024",Delivered,Zomato Delivery,1km,"1 x Just Pepperoni Pizza, 1 x Makhani Paneer Pizza, 1 x Cheesy Garlic Bread, 1 x Peri Peri Grilled Chicken Pizza",,,2466.0,123.3,0.0,0.0,0.0,0.0,2589.3,,,,,,19.75,1.9,Correctly,,8e5eca2fbc6e09e8844c9034756cb9065ac97f322ea477c25f683d51e3561990,4
20659868,Aura Pizzas,Sector 4,Delhi NCR,6332345069,"07:40 PM, November 05 2024",Delivered,Zomato Delivery,2km,"1 x Onion Rings, 1 x Bageecha Pizza, 1 x Mushroom Pizza, 1 x Raw Masala Lemon Shikanji",,Flat 15% off,1532.24,65.12,229.84,0.0,0.0,0.0,1367.52,,,,,,23.72,6.1,Correctly,,133d80b8814155853051ba8846fa4af58043f5d9837e7e6b1082ae047c463cd8,4
20659868,Aura Pizzas,Sector 4,Delhi NCR,6331280860,"02:19 PM, November 05 2024",Delivered,Zomato Delivery,4km,"1 x Bacon Pepperoni Melt, 1 x Bageecha Pizza, 1 x Pepperoni Garlic Bread, 1 x Chilli Cheese Garlic Bread",,Flat 15% off,1795.0,76.29,269.25,0.0,0.0,0.0,1602.04,,,,,,16.72,2.0,Correctly,,64e96e7658a628edea5d4d92e72e04af7e5351b6618059136c5a752493b7317d,4
20659868,Aura Pizzas,Sector 4,Delhi NCR,6321096559,"11:29 PM, November 02 2024",Delivered,Zomato Delivery,9km,"1 x Masala Paneer Pide, 1 x Murgh Amritsari Seekh Pizza, 1 x Bageecha Pizza, 1 x Murgh Amritsari Seekh Pide",,Flat 15% off,2276.0,96.73,341.4,0.0,0.0,0.0,2031.33,,,,,,15.47,1.5,Correctly,,cd8bc8c79a5c52953a4b9e73b5306c71c200c83050b2d928ad07ad9239bdf069,4
20659868,Aura Pizzas,Sector 4,Delhi NCR,6321214189,"07:12 PM, November 01 2024",Delivered,Zomato Delivery,8km,"1 x Onion Rings, 1 x Mushroom Mozzarella Melt, 1 x Masala Paneer Pide, 1 x Bellpepper Onion Pizza",,Flat 15% off,1576.0,66.98,236.4,0.0,0.0,0.0,1406.58,5.0,,,,,18.78,9.1,Correctly,,4286ccf985c765022b3640afb75fd1620ad07e4778d1edf3d4ab0c57eb5eb67f,4
20882652,Aura Pizzas,DLF Phase 1,Delhi NCR,6340946617,"02:19 PM, November 09 2024",Delivered,Zomato Delivery,3km,"1 x Raw Masala Lemon Shikanji, 2 x Iced Green Tea - Peach, 1 x Bageecha Pizza",,50% off upto Rs.100,993.72,44.69,100.0,0.0,0.0,0.0,938.41,,,,,,14.9,1.7,Correctly,,d90b7a4822f81fe953e575e0d091ee7f2a0bf41a72cefd5cf9b4381a2529e336,4
20882652,Aura Pizzas,DLF Phase 1,Delhi NCR,6340208428,"10:38 PM, November 08 2024",Delivered,Zomato Delivery,4km,"1 x Murgh Amritsari Seekh Pide, 1 x Tripple Cheese Pizza, 1 x All About Chicken Pizza, 1 x Mutton Seekh Pide",,Buy 1 Get 1 - ₹898.00,1058.0,52.9,0.0,0.0,0.0,0.0,1110.9,,,,,,22.2,3.0,Correctly,,c8d1120968f26a0736f00a8d593a4f99961724996a88486d1dc9f84b63e762f3,4
20882652,Aura Pizzas,DLF Phase 1,Delhi NCR,6335348963,"08:03 PM, November 08 2024",Delivered,Zomato Delivery,6km,"1 x Angara Paneer Melt, 1 x Jamaican Chicken Melt, 1 x Murgh Amritsari Seekh Melt, 1 x Mushroom Mozzarella Melt",,Buy 1 Get 1 - ₹928.00,928.0,46.4,0.0,0.0,0.0,0.0,974.4,,,,,,26.4,3.7,Correctly,,e84edbd6d0d785f9df755c02dc15df16fe28b7a75d3333572baf27022a1ef3cf,4
20882652,Aura Pizzas,DLF Phase 1,Delhi NCR,6336079849,"07:39 PM, November 08 2024",Delivered,Zomato Delivery,6km,"1 x Spinach Sumac Pide, 1 x Mushroom Pizza, 1 x Bageecha Pizza, 1 x Masala Paneer Pide",,Buy 1 Get 1 - ₹918.00,938.0,46.9,0.0,0.0,0.0,0.0,984.9,,,,,,24.28,3.4,Correctly,,1895ad3ab3b1249da9e1cbcbb31f5f85a542ad047fb6dc01ff9412ebbcb15680,4
20882652,Aura Pizzas,DLF Phase 1,Delhi NCR,6330708254,"05:53 PM, November 08 2024",Delivered,Zomato Delivery,8km,"1 x Jamaican Chicken Melt, 1 x Tripple Cheese Pizza, 1 x All About Chicken Pizza, 1 x Just Pepperoni Pizza",,Buy 1 Get 1 - ₹1128.00,1208.0,60.4,0.0,0.0,0.0,0.0,1268.4,3.0,"last time we ordered the pizzas were great. The problem this time was that the pizza was smelling of the cardboard packaging which really ruined the experience. Something needs to be done about that. Also, the seekh kebabs in the pizza were not tasting right. ",,,,19.72,2.7,Correctly,,ba01fdd34a52f7b10dda86e41d67cb6add55739948b617068d26e01c10c0f181,4
20882652,Aura Pizzas,DLF Phase 1,Delhi NCR,6332717719,"08:04 PM, November 06 2024",Delivered,Zomato Delivery,4km,"1 x Cheesy Garlic Bread, 1 x Bageecha Pizza, 1 x Makhani Paneer Pizza, 1 x Masala Paneer Pide",,,1796.0,89.8,0.0,0.0,0.0,0.0,1885.8,,,,,,21.3,2.5,Correctly,,d862ec2dc0f065390778ecfdf9e4f5e799207a91da0c7f6ca3bb90569d5a5d03,4
20882652,Aura Pizzas,DLF Phase 1,Delhi NCR,6323493083,"05:20 PM, November 02 2024",Delivered,Zomato Delivery,7km,"2 x Jamaican Chicken Melt, 1 x Margherita Pizza, 1 x Bageecha Pizza",,Flat Rs.200 off,2016.0,91.8,180.0,0.0,0.0,0.0,1927.8,,,,,,21.27,17.1,Correctly,,15b18ecf3d27cb5e134093908d367a8815d195e734177da9ba94edadca3f053c,4
20882652,Aura Pizzas,DLF Phase 1,Delhi NCR,6318022657,"09:15 PM, November 01 2024",Delivered,Zomato Delivery,3km,"1 x Chilli Cheese Garlic Bread, 1 x Cheesy Garlic Bread, 1 x Bellpepper Onion Pizza, 1 x Mushroom Mozzarella Melt",,Flat Rs.200 off,1526.0,67.3,180.0,0.0,0.0,0.0,1413.3,,,,,,17.4,3.1,Correctly,,ff74e602f2cca70b6482fd235a489f07458788af8854a0784f7586a2e5cf4be7,4
20882652,Aura Pizzas,DLF Phase 1,Delhi NCR,6317988813,"01:32 PM, November 01 2024",Delivered,Zomato Delivery,5km,"2 x Cheesy Garlic Bread, 2 x Chilli Cheese Garlic Bread",,50% off upto Rs.100,996.0,44.8,100.0,0.0,0.0,0.0,940.8,,,,,,25.2,7.4,Correctly,,3c950a63a728b344c2bf9599d241a8f5034c0a5f554c12918da4d69eade0b672,4
20882713,Swaad,DLF Phase 1,Delhi NCR,6343906903,"08:47 PM, November 10 2024",Delivered,Zomato Delivery,1km,"1 x Animal Fries, 1 x Fried Chicken Angara Tender, 1 x Garlic Aioli, 1 x India Dynamite sauce",,Buy 1 Get 1 - ₹385.00,415.0,20.75,0.0,0.0,0.0,0.0,435.75,,,,,,34.55,0.5,Correctly,,2089aa3b4b2a6f4451b13db41420fb1f8f57c5ee09ecdebb74253d4b2389c6f0,4
20882713,Swaad,DLF Phase 1,Delhi NCR,6345586658,"05:18 PM, November 10 2024",Delivered,Zomato Delivery,5km,"1 x Bone in Jamaican Grilled Chicken, 1 x Grilled Chicken Peri Peri Tender, 2 x GhostBuster Sauce",,Buy 1 Get 1 - ₹490.00,495.0,24.75,0.0,0.0,0.0,0.0,519.75,,,,,,17.13,1.9,Correctly,,967411688c6efb17ddc6ef0176cfdc4946a75b52e57e7aacd104ff6d02b1ae3c,4
20882713,Swaad,DLF Phase 1,Delhi NCR,6338974801,"06:39 PM, November 09 2024",Delivered,Zomato Delivery,<1km,"1 x AAC Grilled Chicken Burger, 1 x Bone in Peri Peri Grilled Chicken ., 1 x Angara Sauce, 1 x Jamaican Sauce",,Flat Rs.175 off,805.0,31.5,175.0,0.0,0.0,0.0,661.5,,,,,,23.36,0.6,Correctly,,a18074ccae309e5f2f79e4cb33939a1b69d6cb0c0b5f9a0ee647e11454f631b4,4
20882713,Swaad,DLF Phase 1,Delhi NCR,6325729976,"04:34 PM, November 07 2024",Delivered,Zomato Delivery,2km,"1 x Bone in Jamaican Grilled Chicken ., 2 x Peri Peri Fries ., 1 x Fried Chicken Ghostbuster Tender",,,1073.0,53.65,0.0,0.0,0.0,0.0,1126.65,,,,,,17.7,8.9,Correctly,,d9edc580139474391253ebd6866c11cc1bee4691a3e08144321d3449395fee82,4
20882713,Swaad,DLF Phase 1,Delhi NCR,6328697643,"01:41 AM, November 04 2024",Delivered,Zomato Delivery,4km,"1 x Grilled Chicken Smoky BBQ Tender, 1 x AAC Grilled Chicken Burger, 1 x Fried Chicken Classic Tender ., 1 x Grilled Chicken Jamaican Tender",,,1668.0,83.4,0.0,0.0,0.0,0.0,1751.4,,,,,,26.86,4.5,Correctly,,e95efa1c6f5953f4494965cf0b581c3fc4e28f1ea4d79655b81c6528a2d74b1c,4
21077127,Aura Pizzas,Sector 135,Delhi NCR,6337513438,"07:08 PM, November 08 2024",Delivered,Zomato Delivery,1km,"1 x Murgh Amritsari Garlic Bread, 1 x Grilled Tangdis, 1 x All About Chicken Pizza, 1 x Murgh Amritsari Seekh Pizza",,Buy 1 Get 1 - ₹898.00,1027.0,51.35,0.0,0.0,0.0,0.0,1078.35,,,,,,14.38,0.6,Correctly,,c68ec8da9a1c37e8ecdb32fc4ef4429a5e03ddb27e3e92564c113fc5452578fa,4
21077127,Aura Pizzas,Sector 135,Delhi NCR,6335482493,"08:26 PM, November 07 2024",Delivered,Zomato Delivery,2km,"1 x Herbed Potato, 1 x Bageecha Pizza, 1 x Peri Peri Crisper Fries, 1 x Harisa Mayo",,,1206.0,60.3,0.0,0.0,0.0,0.0,1266.3,,,,,,19.22,0.3,Correctly,,faf55ad75256ec2bda6f9799dce5db4ff883300f1a33993643ccba744a133fc1,4
21077127,Aura Pizzas,Sector 135,Delhi NCR,6325720253,"02:42 PM, November 03 2024",Delivered,Zomato Delivery,16km,4 x Tipsy Tiger Fresh Lime Soda,,,476.2,23.81,0.0,0.0,0.0,0.0,500.01,,,,,,10.92,5.5,Correctly,,173f73a97bdf5ad971991e6ae208c50f7235ecf5d2de4a22f920620c84fe2ff1,4
21077127,Aura Pizzas,Sector 135,Delhi NCR,6322973358,"07:32 PM, November 02 2024",Delivered,Zomato Delivery,6km,"2 x Bageecha Pizza, 2 x All About Chicken Pizza",,,2516.0,125.8,0.0,0.0,0.0,0.0,2641.8,,,,,,21.13,16.0,Correctly,,3a500aba21fe3454d9d619b47777ff92e15dd1e419e05811d395808f78d9ad8c,4
21077127,Aura Pizzas,Sector 135,Delhi NCR,6320109134,"11:13 PM, November 01 2024",Delivered,Zomato Delivery,15km,"1 x Bageecha Pizza, 3 x Cheesy Garlic Bread",,,1316.0,65.8,0.0,0.0,0.0,0.0,1381.8,,,,,,17.63,12.8,Correctly,,14caaad851ee1fe9b1b8c5f1a1f25e11f0119507866829d5e35e54dc196d3ca3,4
21173951,Aura Pizzas,Vasant Kunj,Delhi NCR,6338931442,"07:43 PM, November 08 2024",Delivered,Zomato Delivery,6km,"1 x All About Chicken Pizza, 1 x Chilli Cheese Garlic Bread, 2 x Tipsy Tiger Fresh Lime Soda",,Buy 1 Get 1 - ₹259.00,897.1,44.86,0.0,0.0,0.0,0.0,941.96,,,,,,14.45,1.5,Correctly,,d28aea60a6ce6a4245392f20efc430d7dc435846d8b719ea1c0057297a928832,4
21173951,Aura Pizzas,Vasant Kunj,Delhi NCR,6339334578,"06:48 PM, November 08 2024",Delivered,Zomato Delivery,5km,"2 x Herbed Potato, 1 x Cheesy Garlic Bread, 1 x Bageecha Pizza",,Buy 1 Get 1 - ₹387.00,747.0,37.35,0.0,0.0,0.0,0.0,784.35,,,,,,28.27,12.2,Correctly,,7105aba8b338623a5fdf32cc0f11bf0e15416d0f3d9e047315e372d8f516b601,4
21173951,Aura Pizzas,Vasant Kunj,Delhi NCR,6339233202,"06:32 PM, November 08 2024",Delivered,Zomato Delivery,8km,"1 x Peri Peri Paneer Pizza, 1 x Angara Paneer Melt, 1 x Bellpepper Onion Pizza, 1 x Makhani Paneer Pizza",,Buy 1 Get 1 - ₹1028.00,1158.0,57.9,0.0,0.0,0.0,0.0,1215.9,,,,,,23.43,0.8,Correctly,,c7be0524cb98647a29199af66bbb11a9f139cf97188a3af11edd107b05b2b99d,4
21173951,Aura Pizzas,Vasant Kunj,Delhi NCR,6332321413,"06:16 PM, November 08 2024",Delivered,Zomato Delivery,3km,"2 x Cheesy Garlic Bread, 1 x Bellpepper Onion Pizza, 1 x Just Pepperoni Pizza",,Buy 1 Get 1 - ₹877.00,947.0,47.35,0.0,0.0,0.0,0.0,994.35,,,,,,12.38,1.1,Correctly,,e0e5bcdcac0952c21e9c676743be5a32e80875b89e6d54e1d6cbeddf88f14fb0,4
21173951,Aura Pizzas,Vasant Kunj,Delhi NCR,6335925125,"05:35 PM, November 08 2024",Delivered,Zomato Delivery,3km,"1 x Herbed Potato, 1 x Chilli Cheese Garlic Bread, 1 x Cheesy Garlic Bread, 1 x Salted Crisper Fries",,Buy 1 Get 1 - ₹387.00,438.0,21.9,0.0,0.0,0.0,0.0,459.9,,,,,,16.8,0.3,Correctly,,e2b58a2014c6f6ba939979eff289b2fcd10f27049b987c511e0c5c60bfc4f28c,4
21309083,Swaad,Shahdara,Delhi NCR,6344986319,"09:57 PM, November 10 2024",Delivered,Zomato Delivery,6km,"1 x Fried Chicken Angara Tender, 1 x Grilled Chicken Smoky BBQ Tangdi, 1 x Grilled Chicken Jamaican Tender, 1 x Fried Chicken Peri Peri Tender",,Buy 1 Get 1 - ₹865.00,895.0,44.75,0.0,0.0,0.0,0.0,939.75,,,,,,24.58,0.3,Correctly,,b9c209bca84a921e8c992d5f2c61aced2db0a0002ce1decdec5ece9b55cf077d,4
21309083,Swaad,Shahdara,Delhi NCR,6327201738,"06:44 PM, November 03 2024",Delivered,Zomato Delivery,1km,"1 x Bone in Angara Grilled Chicken, 1 x Bone in Jamaican Grilled Chicken, 1 x Bone in Kabuli Grilled Chicken, 1 x Bone in Smoky Bbq Grilled Chicken",,Flat Rs.200 off,1240.0,53.0,180.0,0.0,0.0,0.0,1113.0,,,,,,20.13,0.6,Correctly,,89369002e993e97de14307bd53ffc9e7b83b953873d374e91e08b4594a865925,4
21309083,Swaad,Shahdara,Delhi NCR,6323908564,"11:59 PM, November 02 2024",Delivered,Zomato Delivery,1km,"1 x Bone in Jamaican Grilled Chicken Quarter + Angara Rice, 1 x Salted Crisper Fries, 1 x Fried Chicken Classic Tender ., 1 x Tipsy Tiger Ginger Ale",,Flat Rs.200 off,1148.05,48.4,180.0,0.0,0.0,0.0,1016.45,,,,,,18.3,11.6,Correctly,,590e59dd769cd444d61294ffa339446afbdb3677417fca7c017510c92e013f39,4
20320607,Swaad,Sector 4,Delhi NCR,6362069751,"11:53 PM, November 19 2024",Delivered,Zomato Delivery,2km,"1 x AAC Signature Fries, 1 x Garlic Aioli, 2 x Grilled Chicken Angara Tender",,Buy 1 Get 1 - ₹370.00,559.0,27.95,0.0,0.0,0.0,0.0,586.95,,,,,,11.37,1.1,Correctly,,0781815deb4a10a574e9fee4fa0b86b074d4a0b36175d5a626dbc4710568bff4,4
20320607,Swaad,Sector 4,Delhi NCR,6371502755,"09:14 PM, November 19 2024",Delivered,Zomato Delivery,6km,"1 x Onion Bombs, 1 x Bone in Jamaican Grilled Chicken, 1 x Grilled Chicken Peri Peri Tender, 1 x AAC Signature Crisper Fries",,Buy 1 Get 1 - ₹468.00,509.0,25.45,0.0,0.0,0.0,0.0,534.45,5.0,,,,,24.63,15.4,Correctly,,fa41cad255318d632dc4b34e6af0ab45fe7e21c680c03b078e272e09bae8c38d,4
20320607,Swaad,Sector 4,Delhi NCR,6361802100,"07:54 PM, November 16 2024",Delivered,Zomato Delivery,5km,"1 x Fried Chicken Peri Peri Tender, 1 x Bone in Peri Peri Grilled Chicken, 1 x Onion Rings, 1 x Animal Fries",,Flat Rs.200 off,1219.0,50.95,200.0,0.0,0.0,0.0,1069.95,,,,,,19.35,9.2,Correctly,,4185a7c02984e8d03ad001dc48ff4fe6fe2794448bbbd6831852fff805f42f9d,4
20320607,Swaad,Sector 4,Delhi NCR,6350700004,"12:23 AM, November 13 2024",Delivered,Zomato Delivery,2km,"1 x Garlic Aioli, 1 x Peri Peri Fries, 2 x Grilled Chicken Angara Tender",,Flat Rs.175 off,1299.0,56.2,175.0,0.0,0.0,0.0,1180.2,,,,,,17.68,4.3,Correctly,,0781815deb4a10a574e9fee4fa0b86b074d4a0b36175d5a626dbc4710568bff4,4
20320607,Swaad,Sector 4,Delhi NCR,6349820807,"10:29 PM, November 12 2024",Delivered,Zomato Delivery,6km,"2 x Fried Chicken Angara Tender, 1 x Cafreal dip, 1 x Angara Aloo Tuk Tuki",,Flat Rs.175 off,1048.0,43.65,175.0,0.0,0.0,0.0,916.65,,,,,,19.28,1.9,Correctly,,490dc31367cd7b6ef5ac5c5a8dc2ac12779a15f9cf73eb7e2d5509af43873754,4
20320607,Swaad,Sector 4,Delhi NCR,6347442234,"03:07 PM, November 11 2024",Delivered,Zomato Delivery,9km,"1 x Grilled Chicken Jamaican Tender, 1 x AAC Grilled Chicken Burger, 1 x Bone in Angara Grilled Chicken, 1 x Fried Chicken Peri Peri Tender",,Flat Rs.175 off,1765.0,79.5,175.0,0.0,0.0,0.0,1669.5,,,,,,25.75,13.5,Correctly,,9caad09af05baf3da0b0719e7689533e6ffca4db8199d554ef93afd286b38782,4
20554001,Swaad,Greater Kailash 2 (GK2),Delhi NCR,6367980131,"05:19 PM, November 20 2024",Delivered,Zomato Delivery,2km,"1 x Angara Rice, 1 x Animal Fries, 1 x Tipsy Tiger Fresh Lime Soda, 1 x Onion Rings",,Flat Rs.125 off,851.05,38.55,80.0,0.0,0.0,0.0,809.6,,,,,,15.35,1.1,Correctly,,7abe2f96e91b57a7a00e4b6484d41c3f25b443556f5d954102b5653a838fdf67,4
20554001,Swaad,Greater Kailash 2 (GK2),Delhi NCR,6368803777,"01:19 AM, November 20 2024",Delivered,Zomato Delivery,2km,"1 x Animal Fries, 1 x Angara Sauce, 1 x GhostBuster Sauce, 1 x Fried Chicken Peri Peri Tender",,Flat Rs.125 off,800.0,36.0,80.0,0.0,0.0,0.0,756.0,,,,,,19.53,0.3,Correctly,,6a2e9bf061f8c7acb3e42d15d075093d3178e666244b95c22213ed2b8b3a4ed5,4
20554001,Swaad,Greater Kailash 2 (GK2),Delhi NCR,6371632299,"09:36 PM, November 19 2024",Delivered,Zomato Delivery,2km,"1 x Garlic Aioli, 1 x Grilled Chicken Peri Peri Tender, 1 x AAC Saucy Fries, 1 x Indian Pico De-Gallo",,Buy 1 Get 1 - ₹335.00,370.0,18.5,0.0,0.0,0.0,0.0,388.5,,,,,,22.78,0.5,Correctly,,a3ff957a1b9ce90da2450b6c3c1db58b1178c029d22bd24928a4b3fb7ab2ea54,4
20554001,Swaad,Greater Kailash 2 (GK2),Delhi NCR,6368426646,"09:24 PM, November 19 2024",Delivered,Zomato Delivery,6km,"1 x Indian Pico De-Gallo, 1 x AAC Fried Paneer Burger, 1 x AAC Grilled Paneer Burger, 1 x GhostBuster Sauce",Order: Less mayo in Grilled burger plz.... put extra angara sauce in both burgers,Buy 1 Get 1 - ₹405.00,405.0,20.25,0.0,0.0,0.0,0.0,425.25,5.0,,,,,30.53,7.7,Correctly,,4c674924f56fbe8d5b81b07e0c2b480fbe0d8e4e2430f5984de30a2b865e9bba,4
20554001,Swaad,Greater Kailash 2 (GK2),Delhi NCR,6368754384,"08:05 PM, November 19 2024",Delivered,Zomato Delivery,2km,"1 x Fried Chicken Ghostbuster Tender, 1 x Bone in Smoky Bbq Grilled Chicken, 1 x Grilled Chicken Jamaican Tender, 1 x Grilled Chicken Peri Peri Tangdi",,Buy 1 Get 1 - ₹715.00,910.0,45.5,0.0,0.0,0.0,0.0,955.5,,,,,,29.17,2.2,Correctly,,fd86910feb9badc9de24e6abe9fd6aee6a7f51818e94317b8b4c7bca4f9e119e,4
20554001,Swaad,Greater Kailash 2 (GK2),Delhi NCR,6363122467,"07:25 PM, November 19 2024",Delivered,Zomato Delivery,9km,"1 x Bone in Jamaican Grilled Chicken, 1 x Garlic Aioli, 1 x Bone in Peri Peri Grilled Chicken, 1 x Indian Pico De-Gallo",,Buy 1 Get 1 - ₹1215.00,1215.0,60.75,0.0,0.0,0.0,0.0,1275.75,,,,,,23.15,0.5,Correctly,,e8660a4fe9d52ed50c43ad49726e654c1c2f93c5e06c89649bc27da4dc9b906d,4
20554001,Swaad,Greater Kailash 2 (GK2),Delhi NCR,6369652636,"06:45 PM, November 19 2024",Delivered,Zomato Delivery,2km,"1 x Bone in Angara Grilled Chicken, 1 x Bone in Smoky Bbq Grilled Chicken, 2 x Animal Fries",,Buy 1 Get 1 - ₹665.00,665.0,33.25,0.0,0.0,0.0,0.0,698.25,,,,,,20.05,2.8,Correctly,,60374e1a1fd9ad35d86b4633c910a1de43d193cf51598f7be36185a06f3caf65,4
20554001,Swaad,Greater Kailash 2 (GK2),Delhi NCR,6369529694,"03:17 PM, November 19 2024",Delivered,Zomato Delivery,5km,"2 x Angara Rice, 2 x Bone in Jamaican Grilled Chicken",,Buy 1 Get 1 - ₹458.00,458.0,22.9,0.0,0.0,0.0,0.0,480.9,,,,,,32.17,10.8,Correctly,,f4e84f633c0355e2099a731511fa1688329dbc548ac33c533f8a5809a6515de1,4
20554001,Swaad,Greater Kailash 2 (GK2),Delhi NCR,6370333873,"03:15 PM, November 19 2024",Delivered,Zomato Delivery,2km,"2 x Bone in Kabuli Grilled Chicken, 2 x Angara Rice",,Buy 1 Get 1 - ₹1193.00,1193.0,59.65,0.0,0.0,0.0,0.0,1252.65,5.0,,,,,27.53,1.3,Correctly,,50e012fdbc91a5040bddf4e5fe60216aef555f2ca28ab2f913a3038bbffe9f89,4
20554001,Swaad,Greater Kailash 2 (GK2),Delhi NCR,6366518395,"11:36 PM, November 18 2024",Delivered,Zomato Delivery,6km,"1 x Mayonnaise, 1 x Peri Peri Fries, 1 x Harisa Mayo, 1 x Fried Chicken Classic Tender",,,1119.0,55.95,0.0,0.0,0.0,0.0,1174.95,,,,,,24.02,0.4,Correctly,,2aecabf59dfad3ae10f7df8503d018ea44f5efccac3b1349b806f22d97036dfe,4
20554001,Swaad,Greater Kailash 2 (GK2),Delhi NCR,6362025388,"08:43 PM, November 16 2024",Delivered,Zomato Delivery,1km,"1 x Bone in Kabuli Grilled Chicken, 1 x Bone in Smoky Bbq Grilled Chicken, 1 x Bone in Peri Peri Grilled Chicken, 1 x Animal Fries",,Flat Rs.200 off,2410.0,110.5,200.0,0.0,0.0,0.0,2320.5,,,,,,33.63,5.5,Correctly,,2a2ee0def647e59667b92045c139d5e6af3d88324ef056c633b928fae6a83aab,4
20554001,Swaad,Greater Kailash 2 (GK2),Delhi NCR,6359741110,"10:51 PM, November 15 2024",Delivered,Zomato Delivery,6km,"1 x Fried Chicken Peri Peri Tender, 1 x Grilled Chicken Smoky BBQ Tender, 1 x Fried Chicken Angara Tender, 1 x Bone in Jamaican Grilled Chicken",,Flat Rs.200 off,1815.0,80.75,200.0,0.0,0.0,0.0,1695.75,,,,,,23.55,0.6,Correctly,,d0499cb4c5c78d788c7c1b6b947ff8ee214a2b33a8699d2f5f2ccb1234d5f2d3,4
20635699,Aura Pizzas,Greater Kailash 2 (GK2),Delhi NCR,6361148901,"11:32 PM, November 20 2024",Delivered,Zomato Delivery,1km,"1 x Jamaican Chicken Melt, 1 x Salted Crisper Fries, 1 x Malai Gud Pide, 1 x Fried Chicken Strips",,50% off upto Rs.100,1106.0,50.3,100.0,0.0,0.0,0.0,1056.3,,,,,,30.62,7.4,Correctly,,8df388a617b2cacc895e1fc3911b4aa2681a5fa376eb3707e699cc6ecefd4805,4
20635699,Aura Pizzas,Greater Kailash 2 (GK2),Delhi NCR,6367149241,"07:14 PM, November 18 2024",Delivered,Zomato Delivery,4km,"1 x Cheesy Garlic Bread, 1 x Bageecha Pizza, 2 x Grilled Tangdis",Order: PLEASE DON'T ADD SPICE IN ANYTHING,50% off upto Rs.100,1576.0,73.8,100.0,0.0,0.0,0.0,1549.8,,,,,,31.83,5.0,Correctly,,ecfd0b84190c41d0f9adb1a4612fe8c02cd9119a48e0fa22b1a6ba9a3e887dd1,4
20635699,Aura Pizzas,Greater Kailash 2 (GK2),Delhi NCR,6365226649,"04:04 PM, November 18 2024",Delivered,Zomato Delivery,3km,"1 x Makhani Paneer Pizza, 1 x Chilli Cheese Garlic Bread, 1 x Malai Gud Pide, 1 x Bageecha Pizza",,,1696.0,84.8,0.0,0.0,0.0,0.0,1780.8,,,,,,28.3,14.1,Correctly,,91b21a622347cc6afeb661ef8b08f7bf1f32806f23b0ff5e705481a6b2f57539,4
20635699,Aura Pizzas,Greater Kailash 2 (GK2),Delhi NCR,6367966225,"03:42 PM, November 18 2024",Delivered,Zomato Delivery,5km,"1 x Makhani Paneer Pizza, 1 x Masala Paneer Pide, 1 x Indian Masala Cripser Fries, 1 x Onion Rings",,,1326.0,66.3,0.0,0.0,0.0,0.0,1392.3,,,,,,18.42,0.7,Correctly,,c960f81a68db140c6794ed597cfbe2bbb9c2c6986dad9f7dd0ed3a079e1f8114,4
20635699,Aura Pizzas,Greater Kailash 2 (GK2),Delhi NCR,6364846321,"10:35 PM, November 17 2024",Delivered,Zomato Delivery,4km,"2 x Iced Green Tea - Mojito, 1 x Chicken Pepperoni Pizza, 1 x Murgh Amritsari Seekh Melt",,Flat Rs.200 off,1416.48,60.82,200.0,0.0,0.0,0.0,1277.3,,,,,,17.02,0.5,Correctly,,abf8e441b1452d86da2ac70dd76139d1fb1a8137613a019a166a3bf79e0dc957,4
20635699,Aura Pizzas,Greater Kailash 2 (GK2),Delhi NCR,6360122722,"08:06 PM, November 15 2024",Delivered,Zomato Delivery,2km,"1 x Angara Paneer Melt, 1 x Jamaican Chicken Melt, 1 x Cheesy Garlic Bread, 1 x Fried Chicken Strips",,Buy 1 Get 1 - ₹638.00,718.0,35.9,0.0,0.0,0.0,0.0,753.9,5.0,,,,,21.97,0.5,Correctly,,87914cdf29e9abadd81682bc1f10c5060e5ef20a11a3afa9ecf8b6f48d4fe98c,4
20635699,Aura Pizzas,Greater Kailash 2 (GK2),Delhi NCR,6350193163,"07:50 PM, November 15 2024",Delivered,Zomato Delivery,4km,"1 x Chilli Cheese Garlic Bread, 1 x Makhani Paneer Pizza, 1 x Cheesy Garlic Bread, 1 x Bageecha Pizza",,Buy 1 Get 1 - ₹988.00,1058.0,52.9,0.0,0.0,0.0,0.0,1110.9,,,,,,27.65,10.3,Correctly,,29738f874cecf3d45f1168a9c42788c8d41f8f3fa17b0584b72b3f89827653c8,4
20635699,Aura Pizzas,Greater Kailash 2 (GK2),Delhi NCR,6353306154,"07:49 PM, November 15 2024",Delivered,Zomato Delivery,2km,"1 x Murgh Amritsari Garlic Bread, 1 x Chilli Cheese Garlic Bread, 1 x Fried Chicken Strips, 1 x Peri Peri Crisper Fries",,Buy 1 Get 1 - ₹448.00,488.0,24.4,0.0,0.0,0.0,0.0,512.4,,,,,,21.28,8.4,Correctly,,0cf9a29caadb91b0ff78720041df04990d419ea5292b3ef0db4f2c122a434837,4
20635699,Aura Pizzas,Greater Kailash 2 (GK2),Delhi NCR,6348988758,"06:39 PM, November 15 2024",Delivered,Zomato Delivery,4km,"1 x Chilli Cheese Garlic Bread, 3 x Herbed Potato",,Buy 1 Get 1 - ₹296.00,407.0,20.35,0.0,0.0,0.0,0.0,427.35,,,,,,24.53,6.0,Correctly,,8ddc96c5c585749c4caf0cd20ebe69aab86f1b4e11d5fa6d3b0e25920325a053,4
20635699,Aura Pizzas,Greater Kailash 2 (GK2),Delhi NCR,6357573120,"06:28 PM, November 15 2024",Delivered,Zomato Delivery,1km,"1 x Bageecha Pizza, 1 x Chilli Cheese Garlic Bread, 1 x Onion Rings, 1 x All About Chicken Pizza",,Buy 1 Get 1 - ₹828.00,918.0,45.9,0.0,0.0,0.0,0.0,963.9,5.0,"Great presentation,taste ,packaging and value for money",,,,23.65,12.4,Correctly,,80f6ed12acb9039f9e34ed20b4dd59797923e00775f5045761c7382e2cf790c6,4
20635699,Aura Pizzas,Greater Kailash 2 (GK2),Delhi NCR,6358111930,"06:24 PM, November 15 2024",Delivered,Zomato Delivery,3km,"1 x Murgh Amritsari Seekh Melt, 1 x Jamaican Chicken Melt, 2 x Peri Peri Chicken Melt",,Buy 1 Get 1 - ₹968.00,968.0,48.4,0.0,0.0,0.0,0.0,1016.4,,,,,,16.45,6.2,Correctly,,62226ece08fa0e6de796893f9af585000bd90b766815de37ad5487b46ab73fe1,4
20635699,Aura Pizzas,Greater Kailash 2 (GK2),Delhi NCR,6356657978,"07:28 PM, November 14 2024",Delivered,Zomato Delivery,4km,"1 x Bageecha Pizza, 1 x Chilli Cheese Garlic Bread, 1 x Cheesy Garlic Bread, 1 x Chicken Pepperoni Pizza",,Flat Rs.100 off,2106.0,100.3,100.0,0.0,0.0,0.0,2106.3,,,,,,23.13,3.2,Correctly,,d4901bc78b08d9a91304a2a4e8cee8879466c65e219165ba734b5b343646781f,4
20635699,Aura Pizzas,Greater Kailash 2 (GK2),Delhi NCR,6350823356,"06:16 PM, November 14 2024",Delivered,Zomato Delivery,6km,"1 x Margherita Pizza, 1 x Peri Peri Grilled Chicken Pizza, 1 x Bageecha Pizza, 1 x All About Chicken Pizza",,,2336.0,116.8,0.0,0.0,0.0,0.0,2452.8,,,,,,19.95,9.1,Correctly,,120c2e9d32e460a53b6a62885e9b49bef9690f188e0ba8dd9519d98dbf40d28d,4
20635699,Aura Pizzas,Greater Kailash 2 (GK2),Delhi NCR,6353229825,"03:01 AM, November 14 2024",Delivered,Zomato Delivery,1km,"1 x Murgh Amritsari Seekh Pide, 1 x Jamaican Chicken Melt, 1 x Makhani Paneer Pizza, 1 x Murgh Amritsari Garlic Bread",,50% off upto Rs.100,1755.0,82.75,100.0,0.0,0.0,0.0,1737.75,,,,,,21.93,0.5,Correctly,,f39512b07ba25076e3f59e9f3279df163a60b56ade7c0b7e5444972421a9d478,4
20635699,Aura Pizzas,Greater Kailash 2 (GK2),Delhi NCR,6353125378,"02:30 AM, November 14 2024",Delivered,Zomato Delivery,1km,"1 x Onion Rings, 1 x Jamaican Chicken Melt, 1 x Iced Green Tea - Peach, 1 x Fried Chicken Strips",,50% off upto Rs.100,1052.24,47.61,100.0,0.0,0.0,0.0,999.85,,,,,,14.68,0.3,Correctly,,d6742a49d518d80cd35a27a66d544e308d036f2180bf5889a0a87dfacd97a32d,4
20659868,Aura Pizzas,Sector 4,Delhi NCR,6368977138,"08:09 PM, November 20 2024",Delivered,Zomato Delivery,1km,"1 x Peri Peri Paneer Pizza, 1 x Makhani Paneer Pizza, 1 x All About Chicken Pizza, 1 x Murgh Amritsari Seekh Pizza",,,3186.0,159.3,0.0,0.0,0.0,0.0,3345.3,,,,,,27.47,13.7,Correctly,,4206e82217dfd851601f9e6f5ac63c89ee7bbb4d16337a061a7433456a2a4efb,4
20659868,Aura Pizzas,Sector 4,Delhi NCR,6370632846,"11:11 PM, November 19 2024",Delivered,Zomato Delivery,4km,"2 x Peri Peri Crisper Fries, 1 x All About Chicken Pizza, 1 x Makhani Paneer Pizza",,Flat 15% off,1836.0,78.03,275.4,0.0,0.0,0.0,1638.63,,,,,,21.27,2.0,Correctly,,1add00751893a3ddcb2f72423498d125dce7d63c175457952fca95116ba4f819,4
20659868,Aura Pizzas,Sector 4,Delhi NCR,6338298337,"06:09 PM, November 19 2024",Delivered,Zomato Delivery,7km,"1 x Makhani Paneer Pizza, 1 x Masala Paneer Pide, 1 x Malai Gud Pide, 1 x Mushroom Pizza",,Flat 15% off,1766.0,75.06,264.9,0.0,0.0,0.0,1576.16,,,,,,19.13,9.7,Correctly,,2889339460d8e4c702b1ea85deaba70c97bf8c30136700ad1432a879cf5b1c73,4
20659868,Aura Pizzas,Sector 4,Delhi NCR,6360629661,"11:38 PM, November 15 2024",Delivered,Zomato Delivery,6km,"1 x Makhani Paneer Pizza, 1 x Bageecha Pizza, 2 x Chilli Cheese Garlic Bread",,Buy 1 Get 1 - ₹838.00,858.0,42.9,0.0,0.0,0.0,0.0,900.9,,,,,,31.6,6.5,Correctly,,2d6088907b5b7adc1640581b063f433d138bb8722741d86483182d81948357a7,4
20659868,Aura Pizzas,Sector 4,Delhi NCR,6355941250,"10:18 PM, November 15 2024",Delivered,Zomato Delivery,6km,"1 x Makhani Paneer Pizza, 1 x Bageecha Pizza, 1 x Spinach Sumac Pide, 1 x Masala Potato Pide",,Buy 1 Get 1 - ₹878.00,928.0,46.4,0.0,0.0,0.0,0.0,974.4,,,,,,16.1,2.0,Correctly,,058e6ec152a1b671d4e41532ea8caa550ded393496e0d95ac9b6a5761d782095,4
20659868,Aura Pizzas,Sector 4,Delhi NCR,6359821716,"09:52 PM, November 15 2024",Delivered,Zomato Delivery,2km,"2 x Cheesy Garlic Bread, 2 x Tripple Cheese Pizza",,Buy 1 Get 1 - ₹788.00,788.0,39.4,0.0,0.0,0.0,0.0,827.4,,,,,,13.37,1.4,Correctly,,cb990bb192634fb51a071d7ab37531ea2e502a85fa672b2c3ff86d9aff36c62e,4
20659868,Aura Pizzas,Sector 4,Delhi NCR,6360164515,"08:25 PM, November 15 2024",Delivered,Zomato Delivery,3km,"1 x Onion Rings, 1 x Chicken Pepperoni Pizza, 1 x Desi Chicken Pepperoni Pizza, 1 x Pepperoni Garlic Bread",,Buy 1 Get 1 - ₹1038.00,1098.0,54.9,0.0,0.0,0.0,0.0,1152.9,,,,,,16.17,1.4,Correctly,,0fca670ab45f88650ca47e62c496c4186751054b6d8b9a9a15b7a1dff7ac3b51,4
20659868,Aura Pizzas,Sector 4,Delhi NCR,6353588696,"08:03 PM, November 15 2024",Delivered,Zomato Delivery,2km,"2 x Onion Rings, 1 x Mushroom Mozzarella Melt, 1 x Angara Paneer Melt",,Buy 1 Get 1 - ₹678.00,678.0,33.9,0.0,0.0,0.0,0.0,711.9,,,,,,13.88,1.5,Correctly,,6a8f320adcc1e861c7e9c5659b93ef78348caf331ef6e601666ca0183f1aa38b,4
20659868,Aura Pizzas,Sector 4,Delhi NCR,6358999904,"07:27 PM, November 15 2024",Delivered,Zomato Delivery,3km,"1 x Peri Peri Paneer Pizza, 2 x Fried Chicken Strips, 1 x Jamaican Chicken Melt",,Buy 1 Get 1 - ₹668.00,768.0,38.4,0.0,0.0,0.0,0.0,806.4,,,,,,31.15,23.1,Correctly,,186c70602b2b7ec290df144638c6a86ca9fe81206170e7a18c915b8769281592,4
20659868,Aura Pizzas,Sector 4,Delhi NCR,6352336904,"12:20 PM, November 15 2024",Delivered,Zomato Delivery,7km,"1 x Murgh Amritsari Seekh Melt, 1 x Just Pepperoni Pide, 1 x Jamaican Chicken Melt, 1 x Mutton Seekh Pide",,Buy 1 Get 1 - ₹878.00,878.0,43.9,0.0,0.0,0.0,0.0,921.9,,,,,,32.38,20.9,Correctly,,eff9c2fcde237a17b0e3c818c9a6378721598d6b91bef29ec8af023b69e34305,4
20659868,Aura Pizzas,Sector 4,Delhi NCR,6352445834,"11:03 AM, November 15 2024",Delivered,Zomato Delivery,4km,4 x Herbed Potato,,Buy 1 Get 1 - ₹296.00,296.0,14.8,0.0,0.0,0.0,0.0,310.8,,,,,,29.95,17.3,Correctly,,6942ce2329fce1c5f80908fbca8f5d377b94ddfbe703aa1f89fac7524ef794cc,4
20659868,Aura Pizzas,Sector 4,Delhi NCR,6355697442,"02:42 PM, November 14 2024",Delivered,Zomato Delivery,1km,"1 x Chilli Cheese Garlic Bread, 1 x Makhani Paneer Pizza, 1 x Peri Peri Crisper Fries, 1 x Tipsy Tiger Ginger Ale",,Flat Rs.125 off,1414.05,65.7,100.0,0.0,0.0,0.0,1379.75,,,,,,14.93,1.3,Correctly,,44a1baac0d21e3b9cd6ffc9612eb73df030985ac9c2889d2ae0a1b56022d69ad,4
20659868,Aura Pizzas,Sector 4,Delhi NCR,6340817745,"04:37 PM, November 13 2024",Delivered,Zomato Delivery,7km,"1 x Jamaican Chicken Melt, 1 x Spinach Sumac Pide, 1 x Chilli Cheese Garlic Bread, 1 x Angara Paneer Melt",,Flat 15% off,1516.0,64.43,227.4,0.0,0.0,0.0,1353.03,,,,,,20.67,11.0,Correctly,,9f32ed730e16280d74962c62473a61d90cf8be24105f6887492002753e87e35a,4
20659868,Aura Pizzas,Sector 4,Delhi NCR,6350239259,"12:29 AM, November 13 2024",Delivered,Zomato Delivery,7km,"2 x Spinach Sumac Pide, 2 x Margherita Pizza",,,2076.0,103.8,0.0,0.0,0.0,0.0,2179.8,,,,,,21.33,1.7,Correctly,,fe2604c2603dc11ef08a2277ca449cdd498275439cc5869d7666f46dc3ad079e,4
20659868,Aura Pizzas,Sector 4,Delhi NCR,6340146064,"07:35 PM, November 11 2024",Delivered,Zomato Delivery,2km,"1 x Tripple Cheese Pizza, 2 x Cheesy Garlic Bread, 1 x Salted Crisper Fries",,50% off upto Rs.100,1206.0,55.3,100.0,0.0,0.0,0.0,1161.3,,,,,,20.38,1.4,Correctly,,d228f5adca9c70fbdb4901f003aed8f4ce5ecb2d7e4bc211294d879fbf0a0e40,4
20882652,Aura Pizzas,DLF Phase 1,Delhi NCR,6357529030,"10:39 PM, November 15 2024",Delivered,Zomato Delivery,5km,"1 x Mushroom Mozzarella Melt, 1 x Herbed Potato, 1 x Indian Masala Cripser Fries, 1 x Margherita Pizza",Order: Please use fresh items and add cheese generously,Buy 1 Get 1 - ₹597.00,658.0,32.9,0.0,0.0,0.0,0.0,690.9,,,,,,18.8,5.7,Correctly,Non-refunded complaint,99258b10102266370772e9c8afa92d17ff7fbf4ddb1bcccfb073ed8ec872551d,4
20882652,Aura Pizzas,DLF Phase 1,Delhi NCR,6358422751,"07:37 PM, November 15 2024",Delivered,Zomato Delivery,4km,"1 x Tripple Cheese Pizza, 2 x Mushroom Mozzarella Melt, 1 x Bellpepper Onion Pizza",,Buy 1 Get 1 - ₹998.00,1028.0,51.4,0.0,0.0,0.0,0.0,1079.4,5.0,,,,,21.27,2.7,Correctly,,33ef8f0888e90fd9f34dbe6a81d5af2914488cd4f23e37813e8655bdd62072de,4
20882652,Aura Pizzas,DLF Phase 1,Delhi NCR,6355299098,"08:22 PM, November 14 2024",Delivered,Zomato Delivery,3km,"1 x Salted Crisper Fries, 1 x Cheesy Garlic Bread, 1 x Margherita Pizza, 1 x Masala Potato Pide",,50% off upto Rs.100,1176.0,53.8,100.0,0.0,0.0,0.0,1129.8,,,,,,17.88,2.1,Correctly,,69a554fc8359deb63c0b41352593bac3d6edc2e9be8a8ef0c9ab00ea5ee270cd,4
20882652,Aura Pizzas,DLF Phase 1,Delhi NCR,6347757632,"12:47 AM, November 14 2024",Delivered,Zomato Delivery,10km,"1 x Makhani Paneer Pizza, 1 x Peri Peri Crisper Fries, 1 x Herbed Potato, 1 x Salted Crisper Fries",,50% off upto Rs.100,1275.0,58.75,100.0,0.0,0.0,0.0,1233.75,,,,,,20.03,8.4,Correctly,,519df57782a36ad757cbd56552a5738a21629fed08ba167910948ea48bd52389,4
20882652,Aura Pizzas,DLF Phase 1,Delhi NCR,6355450985,"12:29 AM, November 14 2024",Delivered,Zomato Delivery,12km,"1 x Indian Masala Cripser Fries, 1 x Harisa Mayo, 1 x Makhani Paneer Pizza, 1 x Indian Pico De-Gallo",,,898.0,44.9,0.0,0.0,0.0,0.0,942.9,,,,,,17.57,4.4,Correctly,,aa7af9a99e7e90dcf27cf96b3d1a024230ac325a0b4e96e78447f4a98e57ef91,4
20882713,Swaad,DLF Phase 1,Delhi NCR,6364818297,"09:07 PM, November 19 2024",Delivered,Zomato Delivery,4km,"1 x Bone in Smoky Bbq Grilled Chicken, 1 x Grilled Chicken Ghostbuster Tangdi, 1 x Grilled Chicken Smoky BBQ Tangdi, 1 x Bone in Peri Peri Grilled Chicken",,Buy 1 Get 1 - ₹825.00,945.0,47.25,0.0,0.0,0.0,0.0,992.25,,,,,,30.75,2.2,Correctly,,be0bb43774ff5330319b60edd112aa353b4f71a001c740a05a32f85cd1be0373,4
20882713,Swaad,DLF Phase 1,Delhi NCR,6368056181,"06:47 PM, November 19 2024",Delivered,Zomato Delivery,7km,"1 x Bone in Smoky Bbq Grilled Chicken, 1 x Animal Fries, 1 x Fried Chicken Angara Tender, 1 x Bone in Peri Peri Grilled Chicken",,Buy 1 Get 1 - ₹635.00,665.0,33.25,0.0,0.0,0.0,0.0,698.25,,,,,,22.57,2.4,Correctly,,648d05d5d016e08d45aa92138415df01529d8801ccecff5bfc6f8af135fdacee,4
20882713,Swaad,DLF Phase 1,Delhi NCR,6370038732,"03:22 PM, November 19 2024",Delivered,Zomato Delivery,5km,"1 x Bone in Jamaican Grilled Chicken, 2 x GhostBuster Sauce, 1 x Grilled Chicken Peri Peri Tender",,Buy 1 Get 1 - ₹490.00,495.0,24.75,0.0,0.0,0.0,0.0,519.75,,,,,,12.54,4.0,Correctly,,967411688c6efb17ddc6ef0176cfdc4946a75b52e57e7aacd104ff6d02b1ae3c,4
20882713,Swaad,DLF Phase 1,Delhi NCR,6368079402,"12:43 PM, November 19 2024",Delivered,Zomato Delivery,5km,"1 x Bone in Jamaican Grilled Chicken, 1 x Fried Chicken Kabuli Tender, 1 x Fried Chicken Peri Peri Tender, 1 x Bone in Peri Peri Grilled Chicken",,Buy 1 Get 1 - ₹635.00,635.0,31.75,0.0,0.0,0.0,0.0,666.75,,,,,,30.7,6.0,Correctly,,429ab87ffce9cc7a5590729d0bc428a4d7c18cbe04207ff9cd204a0ab61b5674,4
20882713,Swaad,DLF Phase 1,Delhi NCR,6331908829,"02:12 PM, November 14 2024",Delivered,Zomato Delivery,4km,"2 x Animal Fries, 1 x Bone in Smoky Bbq Grilled Chicken, 1 x Bone in Jamaican Grilled Chicken",,Flat Rs.175 off,2175.0,100.0,175.0,0.0,0.0,0.0,2100.0,,,,,,25.95,,Correctly,,de82906eb5e07fb20380f7b98d114f26db9a969a04112071a2821185ceac56da,4
21077127,Aura Pizzas,Sector 135,Delhi NCR,6360000422,"11:16 PM, November 15 2024",Delivered,Zomato Delivery,<1km,"1 x Peri Peri Crisper Fries, 1 x Masala Paneer Pide, 1 x Herbed Potato, 1 x Chilli Cheese Garlic Bread",,Buy 1 Get 1 - ₹407.00,518.0,25.9,0.0,0.0,0.0,0.0,543.9,,,,,,16.65,1.4,Correctly,,445a539cad4e4e32e1bec0b1d36a7f86199a5338fe5d30af08e9402b6ce4e6e5,4
21077127,Aura Pizzas,Sector 135,Delhi NCR,6359695075,"10:16 PM, November 15 2024",Delivered,Zomato Delivery,5km,"2 x Fried Chicken Strips, 1 x Salted Crisper Fries, 1 x Pepperoni Garlic Bread",,Buy 1 Get 1 - ₹368.00,527.0,26.35,0.0,0.0,0.0,0.0,553.35,,,,,,16.75,0.9,Correctly,,c6b6dc536b970d05e919e98863adf8575146420611f0be37e4a40688bb3c98b4,4
21077127,Aura Pizzas,Sector 135,Delhi NCR,6360012896,"08:07 PM, November 15 2024",Delivered,Zomato Delivery,2km,"1 x Chilli Cheese Garlic Bread, 1 x Malai Gud Pide, 1 x Spinach Sumac Pide, 1 x Masala Paneer Pide",,Buy 1 Get 1 - ₹578.00,588.0,29.4,0.0,0.0,0.0,0.0,617.4,,,,,,11.78,2.0,Correctly,,41f3edc0a0979ed624ca498e3b9b3188f3fdf60142ec73af24f9f1af8cd3ff8a,4
21077127,Aura Pizzas,Sector 135,Delhi NCR,6359451211,"07:25 PM, November 15 2024",Delivered,Zomato Delivery,7km,"1 x Herbed Potato, 1 x Desi Chicken Pepperoni Pizza, 1 x Grilled Tangdis, 1 x Bageecha Pizza",,Buy 1 Get 1 - ₹947.00,1088.0,54.4,0.0,0.0,0.0,0.0,1142.4,,,,,,14.23,2.4,Correctly,,2e97a0f6e583d63560a0a9762d22cc46ba37f77a8389e73970a0824bf37bce14,4
21077127,Aura Pizzas,Sector 135,Delhi NCR,6359014062,"07:16 PM, November 15 2024",Delivered,Zomato Delivery,1km,"1 x Cheesy Garlic Bread, 1 x All About Chicken Pizza, 1 x Bacon Pepperoni Melt, 1 x Onion Rings",,Buy 1 Get 1 - ₹828.00,898.0,44.9,0.0,0.0,0.0,0.0,942.9,5.0,,,,,16.92,6.9,Correctly,,0eab514aa07bc5ec030e66aca77c627be2f13cf7e15161554ef54ea5c2371030,4
21077127,Aura Pizzas,Sector 135,Delhi NCR,6359149825,"06:13 PM, November 15 2024",Delivered,Zomato Delivery,5km,"1 x Fried Chicken Strips, 2 x Just Pepperoni Pizza, 1 x Murgh Amritsari Garlic Bread",,Buy 1 Get 1 - ₹838.00,938.0,46.9,0.0,0.0,0.0,0.0,984.9,,,,,,13.18,1.0,Correctly,,c195b436134ad04ebae55ef6b344a58b37072fc8c249477e1635b2201127d19a,4
21077127,Aura Pizzas,Sector 135,Delhi NCR,6356229541,"08:37 PM, November 14 2024",Delivered,Zomato Delivery,15km,"1 x Pepperoni Garlic Bread, 1 x All About Chicken Pizza, 1 x Fried Chicken Strips, 1 x Grilled Tangdis",,,1396.0,69.8,0.0,0.0,0.0,0.0,1465.8,,,,,,24.1,0.8,Correctly,,a831495b9d03f154840133dc3a085b8e813d8cd73026816d7fba9e36e9f9b5d1,4
21173951,Aura Pizzas,Vasant Kunj,Delhi NCR,6362494431,"05:32 PM, November 16 2024",Delivered,Zomato Delivery,3km,"1 x Harisa Mayo, 1 x Masala Paneer Pide, 1 x Peri Peri Paneer Melt, 1 x Chilli Cheese Garlic Bread",,,1276.0,63.8,0.0,0.0,0.0,0.0,1339.8,,,,,,19.8,0.8,Correctly,,016d4d7a87bd725966335c9179659a86d27de289e08931c58b9eb3f1d9848882,4
21173951,Aura Pizzas,Vasant Kunj,Delhi NCR,6355268962,"07:48 PM, November 15 2024",Delivered,Zomato Delivery,2km,"2 x Chilli Cheese Garlic Bread, 2 x Bageecha Pizza",,Buy 1 Get 1 - ₹858.00,858.0,42.9,0.0,0.0,0.0,0.0,900.9,,,,,,19.03,0.5,Correctly,,581f6bcf5f8d55abaadf2f388c0efce59de8b45701a29d05083a206da368fe60,4
21173951,Aura Pizzas,Vasant Kunj,Delhi NCR,6357742265,"01:01 PM, November 15 2024",Delivered,Zomato Delivery,2km,"1 x Makhani Paneer Pizza, 1 x Bageecha Pizza, 1 x Indian Masala Cripser Fries, 1 x Chilli Cheese Garlic Bread",,Buy 1 Get 1 - ₹778.00,858.0,42.9,0.0,0.0,0.0,0.0,900.9,,,,,,26.3,0.2,Correctly,,cacc696dce3f5b422a1aa58fe5455330347dcfbe357fc39213c4d840cbb0c570,4
21173951,Aura Pizzas,Vasant Kunj,Delhi NCR,6351511418,"08:29 PM, November 14 2024",Delivered,Zomato Delivery,1km,"1 x Brocolli Onion Pizza, 1 x Mushroom Pizza, 1 x Herbed Potato, 1 x Chilli Cheese Garlic Bread",,,1565.0,78.25,0.0,0.0,0.0,0.0,1643.25,,,,,,21.58,0.7,Correctly,,2410ae6372aac3befe9815bbae82ab70b7049f53570f8e0c6cf306160602f0d8,4
21173951,Aura Pizzas,Vasant Kunj,Delhi NCR,6343300848,"08:03 PM, November 12 2024",Delivered,Zomato Delivery,3km,"1 x Angara Paneer Melt, 1 x Cheesy Garlic Bread, 1 x Salted Crisper Fries, 1 x Margherita Pizza",,,1385.0,69.25,0.0,0.0,0.0,0.0,1454.25,,,,,,19.28,0.4,Correctly,,83505400cbdbce3b46af514eebe2382440c377ed89076655d6d611bd097b299f,4
21309083,Swaad,Shahdara,Delhi NCR,6364903002,"02:23 PM, November 17 2024",Delivered,Zomato Delivery,1km,"2 x Garlic Aioli, 1 x Animal Fries, 1 x Onion Bombs",,,633.0,31.65,0.0,0.0,0.0,0.0,664.65,,,,,,27.17,5.5,Correctly,,c9766608a38ef70ae70744bdce37142d9b233877dfbc26981ac73e611d2eddb4,4
20320607,Swaad,Sector 4,Delhi NCR,6389058560,"07:52 PM, November 26 2024",Delivered,Zomato Delivery,9km,"1 x Fried Chicken Ghostbuster Tender, 2 x AAC Signature Crisper Fries, 1 x Bone in Smoky Bbq Grilled Chicken",,Flat Rs.175 off,1308.0,56.65,175.0,0.0,0.0,0.0,1189.65,,,,,,28.03,14.6,Correctly,,72a4da31685b89e440b76b5fecffdb276fc9bd80339e0eb542def47b578e71e4,4
20320607,Swaad,Sector 4,Delhi NCR,6383552360,"08:11 PM, November 25 2024",Delivered,Zomato Delivery,2km,"1 x Fried Chicken Kabuli Tender, 1 x Bone in Angara Grilled Chicken, 1 x Grilled Chicken Jamaican Tangdi, 1 x AAC Grilled Chicken Burger",,Buy 1 Get 1 - ₹895.00,990.0,49.5,0.0,0.0,0.0,0.0,1039.5,5.0,,,,,20.17,1.2,Correctly,,99c0bf4591a68805f99050f5f18c002114db6fcfb5a8e518325eb59eb05db08f,4
20320607,Swaad,Sector 4,Delhi NCR,6386567329,"01:04 PM, November 25 2024",Delivered,Zomato Delivery,4km,"1 x Bone in Peri Peri Grilled Chicken, 1 x Bone in Kabuli Grilled Chicken, 1 x Fried Chicken Classic Tenders + AAC Signature Fries, 1 x Fried Chicken Peri Peri Tenders + Peri Peri Fries",,Buy 1 Get 1 - ₹1050.00,1060.0,53.0,0.0,0.0,0.0,0.0,1113.0,,,,,,22.0,1.1,Correctly,,f27f1678df564169a9126446616480abcec3d2e0f70808500182ab2254ce1ca0,4
20320607,Swaad,Sector 4,Delhi NCR,6386322792,"12:50 PM, November 25 2024",Delivered,Zomato Delivery,4km,"1 x Bone in Smoky Bbq Grilled Chicken, 1 x Bone in Jamaican Grilled Chicken, 1 x Bone in Jamaican Grilled Chicken, 1 x Bone in Smoky Bbq Grilled Chicken",,Buy 1 Get 1 - ₹895.00,895.0,44.75,0.0,0.0,0.0,0.0,939.75,,,,,,20.55,5.4,Correctly,,c98d932b1ae7e0668369564bff71afd6705ae0cc9a58610c4f09956108536d95,4
20320607,Swaad,Sector 4,Delhi NCR,6374847517,"08:55 PM, November 22 2024",Delivered,Zomato Delivery,6km,"2 x Peri Peri Crisper Fries, 1 x Angara Sauce, 1 x Fried Chicken Peri Peri Tender",,Flat Rs.200 off,918.0,35.9,200.0,0.0,0.0,0.0,753.9,,,,,,14.43,1.4,Correctly,Poor taste or quality,f40e2917a69a4868e38963cc6277df3aab2a048b7c4e01d3c9a9a0f6378424fe,4
20554001,Swaad,Greater Kailash 2 (GK2),Delhi NCR,6392234902,"03:33 PM, November 30 2024",Delivered,Zomato Delivery,<1km,"1 x AAC Grilled Chicken Burger, 1 x Fried Chicken Peri Peri Tender, 1 x Fried Chicken Beast AAC Burger, 1 x Animal Fries",,Flat 20% off,1824.0,74.78,328.32,0.0,0.0,0.0,1570.46,,,,,,30.72,2.1,Correctly,,572b3f6355376bc37d9e8bae134f65809ada47981247e55d2a191a53889c1525,4
20554001,Swaad,Greater Kailash 2 (GK2),Delhi NCR,6389279115,"07:55 PM, November 28 2024",Delivered,Zomato Delivery,2km,"1 x Grilled Chicken Jamaican Tender, 1 x Herbed Potato, 1 x Grilled Chicken Smoky BBQ Tender, 1 x Grilled Chicken Angara Tender",,Flat Rs.125 off,1593.0,75.65,80.0,0.0,0.0,0.0,1588.65,5.0,,,,,28.83,0.6,Correctly,,dda4f8ad35abef6297f6d890a093e6f2b104d84896da9575c2b502f1d6b4e5da,4
20554001,Swaad,Greater Kailash 2 (GK2),Delhi NCR,6375455380,"08:45 PM, November 27 2024",Delivered,Zomato Delivery,<1km,"1 x Peri Peri Crisper Fries, 1 x Grilled Chicken Smoky BBQ Tender, 1 x AAC Saucy Fries, 1 x Bone in Kabuli Grilled Chicken",,Flat Rs.125 off,1494.0,70.7,80.0,0.0,0.0,0.0,1484.7,5.0,,,,,21.75,0.9,Correctly,,1f94a2a47d5313518445f351987b335430a36f3adc4aa7ba0cd4911b742842f7,4
20554001,Swaad,Greater Kailash 2 (GK2),Delhi NCR,6384934166,"10:57 PM, November 25 2024",Delivered,Zomato Delivery,6km,"1 x Bone in Angara Grilled Chicken, 1 x Fried Chicken Ghostbuster Tender, 2 x Fried Chicken Peri Peri Tender",,Buy 1 Get 1 - ₹635.00,650.0,32.5,0.0,0.0,0.0,0.0,682.5,,,,,,32.08,5.8,Correctly,,66241f58bfd455f7ffc3cf2720c95295e3b225d83e3e240582c4153741c22a02,4
20554001,Swaad,Greater Kailash 2 (GK2),Delhi NCR,6381845084,"10:16 PM, November 25 2024",Delivered,Zomato Delivery,3km,"1 x Grilled Chicken Jamaican Tender, 2 x AAC Signature Crisper Fries, 1 x Grilled Chicken Peri Peri Tender",,Buy 1 Get 1 - ₹619.00,619.0,30.95,0.0,0.0,0.0,0.0,649.95,,,,,,18.53,0.9,Correctly,,1b32a3605c4e73216d98d26118c346d8be9cd90a83daf95eed46c5b6c4188f14,4
20554001,Swaad,Greater Kailash 2 (GK2),Delhi NCR,6386691621,"08:21 PM, November 25 2024",Delivered,Zomato Delivery,3km,"1 x Angara Grilled Paneer (8 pcs), 1 x Fried Chicken Classic Tender, 2 x Bone in Jamaican Grilled Chicken",,Buy 1 Get 1 - ₹880.00,910.0,45.5,0.0,0.0,0.0,0.0,955.5,,,,,,27.43,1.7,Correctly,,9c67211ec31f35027f68d1ff83f5b3d698730081fecb36f633986e3e247d8f56,4
20635699,Aura Pizzas,Greater Kailash 2 (GK2),Delhi NCR,6401068693,"09:29 PM, November 30 2024",Delivered,Zomato Delivery,5km,"1 x Salted Fries, 1 x Pepperoni Garlic Bread, 2 x Jamaican Chicken Melt",,,1415.0,70.75,0.0,0.0,0.0,0.0,1485.75,,,,,,24.48,2.7,Correctly,,0b7fb86f42901c2d86d9ca8bda393602f8fd954b1028fb65d3230312c5c2ea34,4
20635699,Aura Pizzas,Greater Kailash 2 (GK2),Delhi NCR,6401222534,"09:17 PM, November 30 2024",Delivered,Zomato Delivery,1km,"1 x Chilli Cheese Garlic Bread, 1 x Makhani Paneer Pizza, 1 x Desi Chicken Pepperoni Pizza, 1 x All About Chicken Pizza",,Flat 15% off,2276.0,98.44,307.26,0.0,0.0,0.0,2067.18,,,,,,22.5,0.6,Correctly,,ecae08a6bbd11afc34401f469e3221363582b9226b288dbfa85ae93f934f29af,4
20635699,Aura Pizzas,Greater Kailash 2 (GK2),Delhi NCR,6397304286,"05:11 PM, November 30 2024",Delivered,Zomato Delivery,3km,"1 x Mutton Seekh Pide, 1 x Garlic Aioli, 1 x Peri Peri Crisper Fries, 1 x Murgh Amritsari Seekh Pide",,Flat Rs.175 off,1007.0,42.5,157.0,0.0,0.0,0.0,892.5,5.0,,,,,14.63,0.8,Correctly,,65997477e7996ba1c8850da64d3acaf597e9bd654562f7f21a506c03c0b75761,4
20635699,Aura Pizzas,Greater Kailash 2 (GK2),Delhi NCR,6393697488,"11:57 PM, November 28 2024",Delivered,Zomato Delivery,3km,"1 x All About Chicken Pizza, 1 x Cheesy Garlic Bread, 1 x Margherita Pizza, 1 x Peri Peri Crisper Fries",,50% off upto Rs.100,1556.0,72.8,100.0,0.0,0.0,0.0,1528.8,,,,,,23.2,4.9,Correctly,,f4c7c7b711b17a934cc42daa507a61e49dca3e6cbdab7c2332edeacc52fd271a,4
20635699,Aura Pizzas,Greater Kailash 2 (GK2),Delhi NCR,6389731994,"06:56 PM, November 27 2024",Delivered,Zomato Delivery,3km,"2 x Jamaican Chicken Melt, 1 x Peri Peri Chicken Melt, 1 x Murgh Amritsari Seekh Melt",,Buy 1 Get 1 - ₹958.00,968.0,48.4,0.0,0.0,0.0,0.0,1016.4,4.0,,,,,17.87,9.6,Correctly,,62226ece08fa0e6de796893f9af585000bd90b766815de37ad5487b46ab73fe1,4
20635699,Aura Pizzas,Greater Kailash 2 (GK2),Delhi NCR,6391702824,"06:27 PM, November 27 2024",Delivered,Zomato Delivery,3km,"2 x Jamaican Chicken Melt, 2 x Peri Peri Chicken Melt",,Buy 1 Get 1 - ₹968.00,968.0,48.4,0.0,0.0,0.0,0.0,1016.4,,,,,,21.85,9.1,Correctly,,ebc9c452d6266a60bb54366e3eb60196d25065fd7febd4b30681618ea8da90dd,4
20635699,Aura Pizzas,Greater Kailash 2 (GK2),Delhi NCR,6388970600,"05:56 PM, November 27 2024",Delivered,Zomato Delivery,1km,"2 x Murgh Amritsari Seekh Pide, 2 x Mutton Seekh Pide",,Buy 1 Get 1 - ₹748.00,748.0,37.4,0.0,0.0,0.0,0.0,785.4,,,,,,18.75,3.1,Correctly,,b2798091322ca2d25283438cfece80d4e9d4e5105333a4989de3f1cfd80ea907,4
20635699,Aura Pizzas,Greater Kailash 2 (GK2),Delhi NCR,6386301441,"01:45 AM, November 25 2024",Delivered,Zomato Delivery,1km,"1 x Makhani Paneer Pizza, 1 x Cafreal Sauce, 1 x Garlic Aioli, 1 x Masala Paneer Pide",,Flat Rs.200 off,1018.0,40.9,200.0,0.0,0.0,0.0,858.9,,,,,,20.18,5.3,Correctly,Item(s) missing or not delivered,cd472b1103e68a18cfdedb0bd4f547793430ec5a5ad8fd060fe8494af5a2d42c,4
20635699,Aura Pizzas,Greater Kailash 2 (GK2),Delhi NCR,6380486768,"07:57 PM, November 24 2024",Delivered,Zomato Delivery,3km,"1 x Onion Rings, 1 x Salted Crisper Fries, 1 x Bageecha Pizza, 1 x OG Cheese Pide",,Flat Rs.200 off,1356.0,57.8,200.0,0.0,0.0,0.0,1213.8,,,,,,28.58,0.4,Correctly,,956fdecc1ccc40eb8faa11e6cc837cce062426fd219360f7204b423e7a6e785e,4
20635699,Aura Pizzas,Greater Kailash 2 (GK2),Delhi NCR,6382563531,"05:58 PM, November 24 2024",Delivered,Zomato Delivery,9km,"1 x Bellpepper Onion Pizza, 1 x All About Chicken Pizza, 1 x Chilli Cheese Garlic Bread, 1 x Herbed Potato",,Flat Rs.200 off,1705.0,75.25,200.0,0.0,0.0,0.0,1580.25,,,,,,22.22,11.1,Correctly,,efae59e672d67eb1a81c6bf76e11578aa292fb82ab2f5446e72ec9a2e3ee35f8,4
20635699,Aura Pizzas,Greater Kailash 2 (GK2),Delhi NCR,6381542829,"02:52 AM, November 24 2024",Delivered,Zomato Delivery,2km,"1 x Murgh Amritsari Seekh Pide, 1 x Bacon Pepperoni Melt, 1 x Just Pepperoni Pide, 1 x Tripple Cheese Pizza",,Buy 1 Get 1 - ₹898.00,998.0,49.9,0.0,0.0,0.0,0.0,1047.9,,,,,,25.82,10.6,Correctly,,935a245204e15b03bbf5c991fa552dceb8194deddf0414d35540c63e354fc5ef,4
20635699,Aura Pizzas,Greater Kailash 2 (GK2),Delhi NCR,6383324485,"02:30 AM, November 24 2024",Delivered,Zomato Delivery,5km,"1 x Masala Paneer Pide, 1 x Angara Paneer Melt, 1 x Just Pepperoni Pide, 1 x Mushroom Mozzarella Melt",,Buy 1 Get 1 - ₹768.00,848.0,42.4,0.0,0.0,0.0,0.0,890.4,3.0,,,,,21.28,0.7,Correctly,,0d76448ae1198fb62796b34e18cd8495375cacdabb3752636b4caa87916a313a,4
20635699,Aura Pizzas,Greater Kailash 2 (GK2),Delhi NCR,6365294184,"02:12 AM, November 24 2024",Delivered,Zomato Delivery,5km,"1 x All About Chicken Pizza, 1 x Chicken Pepperoni Pizza, 1 x Jamaican Chicken Melt, 1 x Murgh Amritsari Seekh Melt",,Buy 1 Get 1 - ₹1288.00,1338.0,66.9,0.0,0.0,0.0,0.0,1404.9,,,,,,32.58,4.0,Correctly,,c5c23a799be52381de9fc90af49dc19a1dae7c5eea10725744fea7b68f000067,4
20635699,Aura Pizzas,Greater Kailash 2 (GK2),Delhi NCR,6378145895,"01:27 AM, November 24 2024",Delivered,Zomato Delivery,1km,"1 x Just Pepperoni Pizza, 2 x Grilled Tangdis, 1 x Mutton Seekh Pizza",,Buy 1 Get 1 - ₹918.00,948.0,47.4,0.0,0.0,0.0,0.0,995.4,,,,,,25.23,8.4,Correctly,,78197afead261fec1b23a37d96a624f4ee5fff18751436bb1d8caf01f34573c1,4
20635699,Aura Pizzas,Greater Kailash 2 (GK2),Delhi NCR,6375897526,"01:04 AM, November 24 2024",Delivered,Zomato Delivery,3km,"1 x Bageecha Pizza, 2 x Herbed Potato, 1 x Murgh Amritsari Seekh Pide",,Buy 1 Get 1 - ₹497.00,747.0,37.35,0.0,0.0,0.0,0.0,784.35,,,,,,23.37,4.7,Correctly,,00360c54a3538e702016303eb89a7c09b0b184505de31168a46d7afad24bdf70,4
20635699,Aura Pizzas,Greater Kailash 2 (GK2),Delhi NCR,6381451252,"12:25 AM, November 24 2024",Delivered,Zomato Delivery,6km,"1 x Murgh Amritsari Seekh Pizza, 2 x Angara Paneer Melt, 1 x Tripple Cheese Pizza",,Buy 1 Get 1 - ₹998.00,1078.0,53.9,0.0,0.0,0.0,0.0,1131.9,,,,,,19.82,1.4,Correctly,,686a5f6b82c452ba77f1c0f31745b80ad21d482931a0767741fa4422e82c22c8,4
20635699,Aura Pizzas,Greater Kailash 2 (GK2),Delhi NCR,6377512941,"10:43 PM, November 23 2024",Delivered,Zomato Delivery,2km,"1 x Just Pepperoni Pizza, 3 x Garlic Aioli",,Buy 1 Get 1 - ₹120.00,808.0,40.4,0.0,0.0,0.0,0.0,848.4,,,,,,32.0,6.9,Correctly,,704d2bdc255014e51ed371149d1413f89ef22c3d73599866702d2c319d451f4b,4
20635699,Aura Pizzas,Greater Kailash 2 (GK2),Delhi NCR,6381803496,"08:37 PM, November 23 2024",Delivered,Zomato Delivery,7km,"1 x Bellpepper Onion Pizza, 1 x All About Chicken Pizza, 2 x Onion Rings",,Buy 1 Get 1 - ₹808.00,888.0,44.4,0.0,0.0,0.0,0.0,932.4,,,,,,20.83,1.1,Correctly,,46aaf88126904e7b6f794b54004e48720ee29f7e4c6ba26c688193c90e672fb2,4
20635699,Aura Pizzas,Greater Kailash 2 (GK2),Delhi NCR,6381148427,"08:25 PM, November 23 2024",Delivered,Zomato Delivery,5km,"2 x Peri Peri Crisper Fries, 1 x Tripple Cheese Pizza, 1 x Peri Peri Chicken Melt",,Buy 1 Get 1 - ₹688.00,748.0,37.4,0.0,0.0,0.0,0.0,785.4,,,,,,17.23,0.4,Correctly,,f8418cfa067a985c0e8fe58fb699b33acdf7cad3200cb2dd796b5b2b10bf55be,4
20635699,Aura Pizzas,Greater Kailash 2 (GK2),Delhi NCR,6378255384,"07:47 PM, November 23 2024",Delivered,Zomato Delivery,5km,"1 x Bageecha Pizza, 1 x Murgh Amritsari Garlic Bread, 1 x All About Chicken Pizza, 1 x Chilli Cheese Garlic Bread",,Buy 1 Get 1 - ₹1058.00,1148.0,57.4,0.0,0.0,0.0,0.0,1205.4,,,,,,25.32,0.6,Correctly,,46559c40560f63d85cefe820dcd9767ea38fc729e77bdc340a9a070716810da5,4
20635699,Aura Pizzas,Greater Kailash 2 (GK2),Delhi NCR,6370206690,"06:43 PM, November 23 2024",Delivered,Zomato Delivery,3km,"2 x Jamaican Chicken Melt, 1 x Murgh Amritsari Seekh Melt, 1 x Peri Peri Chicken Melt",,Buy 1 Get 1 - ₹958.00,968.0,48.4,0.0,0.0,0.0,0.0,1016.4,,,,,,19.32,5.7,Correctly,,62226ece08fa0e6de796893f9af585000bd90b766815de37ad5487b46ab73fe1,4
20635699,Aura Pizzas,Greater Kailash 2 (GK2),Delhi NCR,6380051389,"06:14 PM, November 23 2024",Delivered,Zomato Delivery,14km,"1 x Makhani Paneer Pizza, 1 x Bageecha Pizza, 1 x Cheesy Garlic Bread, 1 x OG Cheese Pide",,Buy 1 Get 1 - ₹818.00,948.0,47.4,0.0,0.0,0.0,0.0,995.4,,,,,,15.2,2.7,Correctly,,570eaedb890edba6879ae726751a623209e5d452cf4e7356f3b7aab5329bbca3,4
20635699,Aura Pizzas,Greater Kailash 2 (GK2),Delhi NCR,6379476329,"01:49 PM, November 23 2024",Delivered,Zomato Delivery,6km,4 x Murgh Amritsari Garlic Bread,,Buy 1 Get 1 - ₹578.00,578.0,28.9,0.0,0.0,0.0,0.0,606.9,,,,,,15.1,0.8,Correctly,,7f4585a219987efc2060b25abe5651abeb00f98a1a5f7aec703740819e5d052d,4
20635699,Aura Pizzas,Greater Kailash 2 (GK2),Delhi NCR,6378960196,"09:40 PM, November 22 2024",Delivered,Zomato Delivery,2km,"2 x Cheesy Garlic Bread, 1 x Tripple Cheese Pizza, 1 x Jamaican Chicken Melt",,,1506.0,75.3,0.0,0.0,0.0,0.0,1581.3,,,,,,21.48,1.6,Correctly,,fb030711dc72929461c37e00c9440eead6f57c51dd051689eb6d12dc68797ed1,4
20635699,Aura Pizzas,Greater Kailash 2 (GK2),Delhi NCR,6377195174,"07:38 PM, November 22 2024",Delivered,Zomato Delivery,2km,"1 x Angara Paneer Melt, 1 x Bageecha Pizza, 1 x All About Chicken Pizza, 1 x OG Cheese Pide",,Flat Rs.200 off,2056.0,92.8,200.0,0.0,0.0,0.0,1948.8,,,,,,25.05,5.1,Correctly,Poor taste or quality,7c8f515ad16930030359e021d20c834b0a494c7db8438228d2877b401a95664c,4
20635699,Aura Pizzas,Greater Kailash 2 (GK2),Delhi NCR,6376076213,"05:41 PM, November 21 2024",Delivered,Zomato Delivery,2km,"1 x Herbed Potato, 1 x Salted Crisper Fries, 1 x Chicken Pepperoni Pizza, 1 x Garlic Aioli",,50% off upto Rs.100,1275.0,58.75,100.0,0.0,0.0,0.0,1233.75,,,,,,28.4,16.4,Correctly,,3de121ce5edd61d618d690e01221368323855fb29001e200f7e0d5e671b08971,4
20659868,Aura Pizzas,Sector 4,Delhi NCR,6395775275,"10:25 PM, November 28 2024",Delivered,Zomato Delivery,10km,"1 x Chilli Cheese Garlic Bread, 1 x Margherita Pizza, 1 x All About Chicken Pizza, 1 x Peri Peri Crisper Fries",,Flat Rs.125 off,1576.0,73.8,100.0,0.0,0.0,0.0,1549.8,,,,,,27.73,12.1,Correctly,,e8b83f443de8894dfc53233f69abc84e2b84a82af32f1337e882283b7e69b732,4
20659868,Aura Pizzas,Sector 4,Delhi NCR,6383726975,"01:18 AM, November 28 2024",Delivered,Zomato Delivery,6km,"1 x Malai Gud Pide, 1 x Masala Paneer Pide, 1 x Chilli Cheese Garlic Bread, 1 x Herbed Potato",,Flat Rs.125 off,1045.0,42.65,100.0,0.0,0.0,92.0,895.65,,,,,,21.27,11.4,Correctly,,231701a4989e2555fc869e000b951850fdfc6c190b5583310c6b95c22e8f65b9,4
20659868,Aura Pizzas,Sector 4,Delhi NCR,6379024826,"09:37 PM, November 27 2024",Delivered,Zomato Delivery,2km,"2 x Murgh Amritsari Seekh Pizza, 1 x Grilled Tangdis, 1 x Cheesy Garlic Bread","Order: no capsicum. aka bell peppers in thepizza
no capsicum no capsicum. no zero none. please and ty",Buy 1 Get 1 - ₹1146.00,1236.0,61.8,0.0,0.0,0.0,0.0,1297.8,,,,,,31.45,9.4,Correctly,,39b23bc8a3f90fe38c859eb3d82f6ae8a5f03f081ca65facfaf192d4c3f8a564,4
20659868,Aura Pizzas,Sector 4,Delhi NCR,6390485944,"09:04 PM, November 27 2024",Delivered,Zomato Delivery,3km,"1 x Margherita Pizza, 1 x Indian Masala Cripser Fries, 1 x Makhani Paneer Pizza, 1 x Salted Crisper Fries",,Buy 1 Get 1 - ₹638.00,778.0,38.9,0.0,0.0,0.0,0.0,816.9,,,,,,18.3,1.0,Correctly,,9eeeb9ce654ebb742d64887fecb5a4d3ba193ac017ae9a9d637063c670084ef8,4
20659868,Aura Pizzas,Sector 4,Delhi NCR,6383742544,"08:44 PM, November 27 2024",Delivered,Zomato Delivery,3km,"1 x Makhani Paneer Pizza, 1 x Peri Peri Paneer Pizza, 1 x Peri Peri Paneer Melt, 1 x Angara Paneer Melt",,Buy 1 Get 1 - ₹1198.00,1228.0,61.4,0.0,0.0,0.0,0.0,1289.4,,,,,,30.55,9.7,Correctly,,875718b63f640a1a7f65020b414dda5a518d2b4c0081249770f2c6568b9954ca,4
20659868,Aura Pizzas,Sector 4,Delhi NCR,6387648080,"08:08 PM, November 27 2024",Delivered,Zomato Delivery,7km,"2 x Herbed Potato, 1 x Bellpepper Onion Pizza, 1 x Peri Peri Paneer Pizza",,Buy 1 Get 1 - ₹917.00,937.0,46.85,0.0,0.0,0.0,0.0,983.85,,,,,,24.18,4.4,Correctly,,af81c41d4f9fdfab04a7a869b258628252b336421e96dff015c4f65bde1202c1,4
20659868,Aura Pizzas,Sector 4,Delhi NCR,6390117658,"04:22 PM, November 27 2024",Delivered,Zomato Delivery,3km,"1 x Bageecha Pizza, 1 x Mushroom Pizza, 2 x Cheesy Garlic Bread",,Buy 1 Get 1 - ₹838.00,848.0,42.4,0.0,0.0,0.0,0.0,890.4,,,,,,12.03,1.6,Correctly,,b14a96ae3c3ed35027ef220c5e90c694af1ef0117d5b9176979b0f92a95355cb,4
20659868,Aura Pizzas,Sector 4,Delhi NCR,6379937976,"12:20 PM, November 27 2024",Delivered,Zomato Delivery,<1km,"1 x Desi Chicken Pepperoni Pizza, 2 x Herbed Potato, 1 x Murgh Amritsari Garlic Bread",,Buy 1 Get 1 - ₹437.00,757.0,37.85,0.0,0.0,0.0,0.0,794.85,,,,,,23.02,14.8,Correctly,,719ede1448047a43c06c3225b500b9621e3779960e4f84a55e03c21905027ce4,4
20659868,Aura Pizzas,Sector 4,Delhi NCR,6388528889,"01:17 AM, November 26 2024",Delivered,Zomato Delivery,6km,"1 x Tripple Cheese Pizza, 1 x Salted Crisper Fries, 1 x Tipsy Tiger Fresh Lime Soda, 1 x Cheesy Garlic Bread",,Flat Rs.125 off,1086.05,49.3,100.0,0.0,0.0,0.0,1035.35,,,,,,12.43,4.6,Correctly,,2ad980f06cdbe63ae7c63fc9ef572ef755ac9e125ad0dfb24d488444c890774e,4
20659868,Aura Pizzas,Sector 4,Delhi NCR,6381782499,"09:57 PM, November 24 2024",Delivered,Zomato Delivery,9km,"1 x Makhani Paneer Pizza, 1 x Masala Paneer Pide, 1 x Chilli Cheese Garlic Bread, 1 x Bageecha Pizza",,Flat 15% off,2126.0,90.36,318.9,0.0,0.0,0.0,1897.46,,,,,,19.52,1.0,Correctly,,3949c48329676412fe4e4f89ade6d5889680810e21cbb9ee9f9135921da17337,4
20659868,Aura Pizzas,Sector 4,Delhi NCR,6381647670,"08:26 PM, November 24 2024",Delivered,Zomato Delivery,8km,"1 x Bageecha Pizza, 1 x Masala Potato Pide, 1 x Angara Paneer Melt, 1 x Malai Gud Pide",,Flat 15% off,1606.0,68.26,240.9,0.0,0.0,0.0,1433.36,,,,,,19.7,2.1,Correctly,,4286ccf985c765022b3640afb75fd1620ad07e4778d1edf3d4ab0c57eb5eb67f,4
20659868,Aura Pizzas,Sector 4,Delhi NCR,6374809597,"01:49 AM, November 24 2024",Delivered,Zomato Delivery,3km,"1 x Murgh Amritsari Seekh Pide, 2 x Peri Peri Crisper Fries, 1 x Masala Paneer Pide",,Buy 1 Get 1 - ₹518.00,548.0,27.4,0.0,0.0,0.0,0.0,575.4,,,,,,19.03,5.2,Correctly,,fe78549d0ef1249af4da30df84770dbdf767dbf5c2d461424ffbd85179424373,4
20659868,Aura Pizzas,Sector 4,Delhi NCR,6377568506,"01:28 AM, November 24 2024",Delivered,Zomato Delivery,6km,"1 x Just Pepperoni Pide, 1 x All About Chicken Pizza, 1 x Murgh Amritsari Seekh Pizza, 1 x Tripple Cheese Pizza",,Buy 1 Get 1 - ₹1028.00,1208.0,60.4,0.0,0.0,0.0,0.0,1268.4,,,,,,15.98,2.1,Correctly,,37041dfa2d02db1af2637d4e232863e6b83f839395e09d8df9285a4dd5b780b6,4
20659868,Aura Pizzas,Sector 4,Delhi NCR,6380929996,"10:07 PM, November 23 2024",Delivered,Zomato Delivery,4km,"2 x Just Pepperoni Pizza, 1 x Peri Peri Crisper Fries, 1 x Onion Rings",,Buy 1 Get 1 - ₹848.00,878.0,43.9,0.0,0.0,0.0,0.0,921.9,,,,,,18.68,0.6,Correctly,,25108575ecbbd56a6e5a2f9e35d5e728d9a735781a1d891ce67df61e875733a7,4
20659868,Aura Pizzas,Sector 4,Delhi NCR,6375739007,"10:03 PM, November 23 2024",Delivered,Zomato Delivery,10km,"1 x Bageecha Pizza, 1 x Spinach Sumac Pide, 1 x Murgh Amritsari Seekh Pide, 1 x Chilli Cheese Garlic Bread",,Buy 1 Get 1 - ₹667.00,1267.0,63.35,0.0,0.0,0.0,0.0,1330.35,,,,,,17.95,1.3,Correctly,,f6a081efc849d446dfc30d2747e321346365e362f015b9d631a9ba0e718994ca,4
20659868,Aura Pizzas,Sector 4,Delhi NCR,6380232236,"08:58 PM, November 23 2024",Delivered,Zomato Delivery,2km,"1 x Spinach Sumac Pide, 1 x Peri Peri Paneer Pizza, 1 x Bageecha Pizza, 1 x Chilli Cheese Garlic Bread",,Buy 1 Get 1 - ₹1028.00,1128.0,56.4,0.0,0.0,0.0,0.0,1184.4,,,,,,22.43,1.4,Correctly,,09a12a9b643ee9a103ae4e6c487ceb0e83897d235f687589e9c11ec165fe404e,4
20659868,Aura Pizzas,Sector 4,Delhi NCR,6376281618,"08:28 PM, November 23 2024",Delivered,Zomato Delivery,3km,"1 x Chilli Cheese Garlic Bread, 1 x Mutton Seekh Pizza, 1 x Bageecha Pizza, 1 x Just Pepperoni Pizza",,Buy 1 Get 1 - ₹1177.00,1698.0,84.9,0.0,0.0,0.0,0.0,1782.9,,,,,,17.03,1.6,Correctly,,58f25b50a6be88c4a2fdfafe7d5c18d3e4d6ba365726fdc445e80b041430da4b,4
20659868,Aura Pizzas,Sector 4,Delhi NCR,6380172985,"07:17 PM, November 23 2024",Delivered,Zomato Delivery,2km,"1 x OG Cheese Pide, 1 x Margherita Pizza, 2 x Herbed Potato",,Buy 1 Get 1 - ₹497.00,607.0,30.35,0.0,0.0,0.0,0.0,637.35,,,,,,12.18,1.5,Correctly,,2b0047bd0e10dd3cef56ab5ce4ae69cf7224d1d8ef7d6183e458b11ee225eb94,4
20659868,Aura Pizzas,Sector 4,Delhi NCR,6381369654,"06:50 PM, November 23 2024",Delivered,Zomato Delivery,7km,"1 x Bageecha Pizza, 1 x Herbed Potato, 1 x Malai Gud Pide, 1 x All About Chicken Pizza",,Buy 1 Get 1 - ₹747.00,918.0,45.9,0.0,0.0,0.0,0.0,963.9,,,,,,21.37,1.1,Correctly,,f660f5e3708e9ed5f5d89c46e76d3bb62f2745b28194a579106f7b55a6649288,4
20659868,Aura Pizzas,Sector 4,Delhi NCR,6378779804,"04:16 PM, November 23 2024",Delivered,Zomato Delivery,7km,"1 x Murgh Amritsari Seekh Pide, 1 x Desi Pepperoni Pizza, 2 x Chilli Cheese Garlic Bread",,Buy 1 Get 1 - ₹727.00,1037.0,51.85,0.0,0.0,0.0,0.0,1088.85,,,,,,18.18,7.6,Correctly,,ab6ab58469aa3fdaa56cf8fd9063aad9d5a4fc8ab43d8c330b7c93f8be8037c0,4
20659868,Aura Pizzas,Sector 4,Delhi NCR,6368479738,"02:20 PM, November 23 2024",Delivered,Zomato Delivery,7km,"1 x Jamaican Chicken Melt, 1 x Makhani Paneer Pizza, 1 x Cheesy Garlic Bread, 1 x Peri Peri Crisper Fries",,Buy 1 Get 1 - ₹678.00,818.0,40.9,0.0,0.0,0.0,0.0,858.9,,,,,,21.72,6.5,Correctly,,de9b66573081d4b889d3175d0e9ac0efffddd715867e3623e0225e582809c409,4
20659868,Aura Pizzas,Sector 4,Delhi NCR,6379657818,"02:16 PM, November 23 2024",Delivered,Zomato Delivery,16km,"1 x Fried Chicken Strips, 1 x Chilli Cheese Garlic Bread, 1 x Just Pepperoni Pizza, 1 x Murgh Amritsari Seekh Pizza",,Buy 1 Get 1 - ₹998.00,1118.0,55.9,0.0,0.0,0.0,0.0,1173.9,,,,,,27.68,8.5,Correctly,,3b6d64427fa8c054495b7d808d6958f62b97b0cc4914f3e2bc0132726259300e,4
20659868,Aura Pizzas,Sector 4,Delhi NCR,6378117344,"02:16 PM, November 23 2024",Delivered,Zomato Delivery,6km,"2 x Grilled Tangdis, 1 x Murgh Amritsari Seekh Pide, 1 x Mutton Seekh Pide",,Buy 1 Get 1 - ₹677.00,727.0,36.35,0.0,0.0,0.0,0.0,763.35,,,,,,23.37,1.5,Correctly,,8eac7cebe743ccb17db2ef0f5a4c2546ead22dad0735c3d555d0e3bdf050b242,4
20659868,Aura Pizzas,Sector 4,Delhi NCR,6377163318,"11:48 AM, November 23 2024",Delivered,Zomato Delivery,9km,"1 x Jamaican Chicken Melt, 1 x Mutton Seekh Pizza, 1 x Desi Pepperoni Pizza, 1 x Murgh Amritsari Seekh Melt",Order: Please don't send the green chutney dip,Buy 1 Get 1 - ₹1378.00,1378.0,68.9,0.0,0.0,0.0,0.0,1446.9,5.0,,,,,16.63,1.3,Correctly,,8b5c4d6170343fbee92a6e577268b8aa8492105bdacbb8c6d9c2855f9bad8a4f,4
20659868,Aura Pizzas,Sector 4,Delhi NCR,6379495514,"09:54 PM, November 22 2024",Delivered,Zomato Delivery,4km,"1 x OG Cheese Pide, 1 x Tripple Cheese Pizza, 1 x Bageecha Pizza, 1 x Murgh Amritsari Seekh Pizza",,,2126.0,106.3,0.0,0.0,0.0,0.0,2232.3,,,,,,14.6,1.4,Correctly,,81e8c477d56927900767fb2e66a0daddbd4c5b019fe333c4dcfe49694ee95c99,4
20659868,Aura Pizzas,Sector 4,Delhi NCR,6361134066,"12:30 PM, November 21 2024",Delivered,Zomato Delivery,4km,"1 x Chilli Cheese Garlic Bread, 1 x Masala Paneer Pide, 1 x Mushroom Pizza, 1 x Herbed Potato",,Flat 15% off,1525.0,64.81,228.75,0.0,0.0,0.0,1361.06,,,,,,28.3,17.5,Correctly,,b20394f7be5f7735f98c9ae69fba0b1fa1df9565e3b5dc8b931afd985c10f53f,4
20882652,Aura Pizzas,DLF Phase 1,Delhi NCR,6396350422,"09:40 PM, November 30 2024",Delivered,Zomato Delivery,4km,"1 x Bageecha Pizza, 1 x Margherita Pizza, 1 x Just Pepperoni Pizza, 1 x Jamaican Chicken Melt",,Flat 15% off,2186.0,94.55,295.11,0.0,0.0,0.0,1985.44,,,,,,20.3,0.4,Correctly,,8ece776dc33ecee95fa69ff4eaf9d1adce19b2bd0116235750901e6420dc46e5,4
20882652,Aura Pizzas,DLF Phase 1,Delhi NCR,6389560084,"09:00 PM, November 27 2024",Delivered,Zomato Delivery,4km,"1 x Cheesy Garlic Bread, 1 x Mushroom Mozzarella Melt, 1 x Margherita Pizza, 1 x Herbed Potato",,Buy 1 Get 1 - ₹607.00,748.0,37.4,0.0,0.0,0.0,0.0,785.4,,,,,,26.15,1.8,Correctly,,88c4624b7f490b3a4377e2c1fefe3ea2357b9fa187d6aae1559f57ade726d86b,4
20882652,Aura Pizzas,DLF Phase 1,Delhi NCR,6385567607,"08:54 PM, November 27 2024",Delivered,Zomato Delivery,5km,"2 x Fried Chicken Strips, 1 x Jamaican Chicken Melt, 1 x Murgh Amritsari Seekh Melt",,Buy 1 Get 1 - ₹668.00,668.0,33.4,0.0,0.0,0.0,0.0,701.4,,,,,,22.88,0.3,Correctly,,c9146fa8a27c00f96c82a487471e1bbf560891a5b5672e87101461bf34487b85,4
20882652,Aura Pizzas,DLF Phase 1,Delhi NCR,6392822842,"08:40 PM, November 27 2024",Delivered,Zomato Delivery,8km,"1 x Peri Peri Grilled Chicken Pizza, 1 x Murgh Amritsari Garlic Bread, 1 x Mushroom Pizza, 1 x Spinach Sumac Pide",,Buy 1 Get 1 - ₹898.00,948.0,47.4,0.0,0.0,0.0,0.0,995.4,5.0,,,,,18.65,1.2,Correctly,,10b48de13beeb61de85716dd7e6a19b4b28e72528ec14a6db41ac17b48405a61,4
20882652,Aura Pizzas,DLF Phase 1,Delhi NCR,6385977553,"07:18 PM, November 27 2024",Delivered,Zomato Delivery,8km,"1 x Indian Masala Cripser Fries, 1 x Masala Paneer Pide, 1 x Peanut Butter Chocolate Pide, 1 x Herbed Potato",,Buy 1 Get 1 - ₹498.00,527.0,26.35,0.0,0.0,0.0,0.0,553.35,,,,,,19.67,12.0,Correctly,,b8f1829a86668cf9a183089ecdebb1e6286dca311db54f33ad645e1300dacc83,4
20882652,Aura Pizzas,DLF Phase 1,Delhi NCR,6388382640,"03:31 PM, November 26 2024",Delivered,Zomato Delivery,6km,"2 x Bageecha Pizza, 1 x Peri Peri Paneer Melt, 1 x Spinach Sumac Pide",,,1986.0,89.37,0.0,0.0,0.0,198.6,1876.77,,,,,,28.85,2.9,Correctly,,9be4632abd6ba33710cd6d303940c797e10123e13dc0ce2bc7f0a41fbe2de021,4
20882652,Aura Pizzas,DLF Phase 1,Delhi NCR,6381441001,"11:25 PM, November 23 2024",Delivered,Zomato Delivery,8km,"1 x Cheesy Garlic Bread, 1 x Chilli Cheese Garlic Bread, 1 x Bageecha Pizza, 1 x Makhani Paneer Pizza",,Buy 1 Get 1 - ₹818.00,858.0,42.9,0.0,0.0,0.0,0.0,900.9,,,,,,14.43,1.4,Correctly,,06b902a3b5faaffed9aa15a5831384e386c90bd47af90cd0b431a9007cd5232b,4
20882652,Aura Pizzas,DLF Phase 1,Delhi NCR,6380634924,"05:26 PM, November 23 2024",Delivered,Zomato Delivery,1km,"1 x Murgh Amritsari Seekh Pizza, 1 x Pepperoni Garlic Bread, 1 x Makhani Paneer Pizza, 1 x Chilli Cheese Garlic Bread",,Buy 1 Get 1 - ₹838.00,908.0,45.4,0.0,0.0,0.0,0.0,953.4,5.0,awesome,,,,19.67,3.6,Correctly,,85ba16020b941a38af34dceb05b11a854d65e23e67a14947994a3c5c319b0b62,4
20882652,Aura Pizzas,DLF Phase 1,Delhi NCR,6378034446,"04:42 PM, November 23 2024",Delivered,Zomato Delivery,9km,"1 x Angara Paneer Melt, 2 x Harisa Mayo, 1 x Murgh Amritsari Seekh Melt",,Buy 1 Get 1 - ₹627.00,677.0,33.85,0.0,0.0,0.0,0.0,710.85,,,,,,22.03,16.1,Correctly,,4f0c8bb49d63ece05f5a6e04183b590b0add9efc83dbd4179e2960d917920216,4
20882713,Swaad,DLF Phase 1,Delhi NCR,6389430506,"11:38 PM, November 27 2024",Delivered,Zomato Delivery,7km,"1 x Fried Chicken Ghostbuster Tender, 1 x Salted Fries, 1 x Grilled Chicken Peri Peri Tender, 1 x Mayonnaise",,Flat Rs.175 off,854.0,33.95,175.0,0.0,0.0,0.0,712.95,,,,,,20.58,2.6,Correctly,,0b5b619bb2961685e6353c508d17186f762dc4cb69ddb8739c85ace1ef235d2c,4
20882713,Swaad,DLF Phase 1,Delhi NCR,6387638596,"10:45 PM, November 25 2024",Delivered,Zomato Delivery,3km,"1 x AAC Saucy Fries, 1 x Bone in Jamaican Grilled Chicken, 1 x Bone in Angara Grilled Chicken, 1 x Fried Chicken Ghostbuster Tender",,Buy 1 Get 1 - ₹635.00,645.0,32.25,0.0,0.0,0.0,0.0,677.25,,,,,,29.53,5.8,Correctly,,3b0b876676d54707e1445b7804d19af7d52e973c36052eacf3688ff4b62e8871,4
20882713,Swaad,DLF Phase 1,Delhi NCR,6384406726,"10:20 PM, November 25 2024",Delivered,Zomato Delivery,5km,"2 x Garlic Aioli, 1 x Bone in Jamaican Grilled Chicken, 1 x Bone in Smoky Bbq Grilled Chicken",,Buy 1 Get 1 - ₹645.00,645.0,32.25,0.0,0.0,0.0,0.0,677.25,,,,,,11.62,1.3,Correctly,,5b173b630f55fe8f8ce02b6fb22eac7be5293d946a8e93fa91402a04cafbad08,4
20882713,Swaad,DLF Phase 1,Delhi NCR,6386807527,"07:41 PM, November 25 2024",Delivered,Zomato Delivery,6km,"1 x Fried Chicken Classic Tender, 1 x Fried Chicken Angara Tender, 1 x Grilled Chicken Smoky BBQ Tangdi, 1 x Grilled Chicken Peri Peri Tangdi",,Buy 1 Get 1 - ₹730.00,730.0,36.5,0.0,0.0,0.0,0.0,766.5,,,,,,19.37,8.9,Correctly,,6dddf931369b975e160050440753ae9f3f6d497a9a8f1368c4525b5402bd193f,4
20882713,Swaad,DLF Phase 1,Delhi NCR,6383359760,"07:09 PM, November 25 2024",Delivered,Zomato Delivery,4km,"1 x Bone in Kabuli Grilled Chicken, 1 x Bone in Jamaican Grilled Chicken, 1 x Bone in Angara Grilled Chicken, 1 x Bone in Peri Peri Grilled Chicken","Order: grill, well done",Buy 1 Get 1 - ₹620.00,620.0,31.0,0.0,0.0,0.0,0.0,651.0,,,,,,24.8,3.1,Correctly,,4b00d9d25d40f7b4bf3a7e725b2ad27180057455c9ecb2339e8d6ae071d572f6,4
21077127,Aura Pizzas,Sector 135,Delhi NCR,6393479991,"11:25 PM, November 28 2024",Delivered,Zomato Delivery,1km,"1 x Bageecha Pizza, 1 x Makhani Paneer Pizza, 1 x Malai Gud Pide, 1 x Peri Peri Paneer Melt",,,1896.0,94.8,0.0,0.0,0.0,0.0,1990.8,,,,,,19.0,9.6,Correctly,,304cc439b1d1b3cdb4117f832715d6e666d3b1d56364b47107e7261fdf735ce2,4
21077127,Aura Pizzas,Sector 135,Delhi NCR,6389606172,"09:05 PM, November 27 2024",Delivered,Zomato Delivery,6km,"1 x All About Chicken Pizza, 1 x Peri Peri Grilled Chicken Pizza, 2 x Fried Chicken Strips",,Buy 1 Get 1 - ₹808.00,848.0,42.4,0.0,0.0,0.0,0.0,890.4,,,,,,20.82,1.0,Correctly,,0c3ade3cb62bfbbe2ab4d68de2eea1b8a4fa2eea07069a0810ffa0c9624bcbd3,4
21077127,Aura Pizzas,Sector 135,Delhi NCR,6387906338,"06:00 PM, November 27 2024",Delivered,Zomato Delivery,17km,"2 x Grilled Tangdis, 1 x Chicken Pepperoni Pizza, 1 x Jamaican Chicken Melt",,Buy 1 Get 1 - ₹748.00,868.0,43.4,0.0,0.0,0.0,0.0,911.4,5.0,,,,,19.25,12.0,Correctly,,d3ea46266880e433bf0870de584cc0d78ff77f0732bb02a3deff0e096058015e,4
21077127,Aura Pizzas,Sector 135,Delhi NCR,6376278459,"08:07 PM, November 23 2024",Delivered,Zomato Delivery,6km,"3 x Fried Chicken Strips, 1 x Just Pepperoni Pizza",,Buy 1 Get 1 - ₹498.00,997.0,49.85,0.0,0.0,0.0,0.0,1046.85,,,,,,20.95,6.1,Correctly,,0b37373cea8c9c1e25a55a7d4d34b5f24d514ab9d234b39900829f606b8fef7b,4
21077127,Aura Pizzas,Sector 135,Delhi NCR,6371317974,"06:54 PM, November 23 2024",Delivered,Zomato Delivery,3km,"1 x OG Cheese Pide, 1 x Peri Peri Paneer Pizza, 1 x Bellpepper Onion Pizza, 1 x Masala Paneer Pide",,Buy 1 Get 1 - ₹898.00,928.0,46.4,0.0,0.0,0.0,0.0,974.4,,,,,,13.13,2.9,Correctly,,33bac5444f1f8152c49d0828a91e9525cdb23e44c3cb268770237f24d2d1196f,4
21077127,Aura Pizzas,Sector 135,Delhi NCR,6368529691,"06:38 PM, November 22 2024",Delivered,Zomato Delivery,<1km,"1 x Margherita Pizza, 2 x Just Pepperoni Pizza, 1 x Herbed Potato",,,1905.0,95.25,0.0,0.0,0.0,0.0,2000.25,,,,,,19.03,14.3,Correctly,,8be61e17a311cf11ad6651c72c5e547bee5a1d5ae1fded4b0da59e8a58031ed5,4
21145152,Tandoori Junction,Sector 4,Delhi NCR,6373533442,"02:53 PM, November 21 2024",Delivered,Zomato Delivery,8km,"1 x Iced Green Tea - Peach, 1 x Peri Peri Boneless Grilled Chicken Breast, 1 x Raw Masala Lemon Shikanji, 1 x Peri Peri Fries",,,1038.48,62.31,0.0,0.0,0.0,0.0,1100.79,,,,,,17.62,1.9,Correctly,,5f9f7736378e9706ba09bbb764fed459d8ae3fd5e6e136ab4250f3285fbeeb50,4
21173951,Aura Pizzas,Vasant Kunj,Delhi NCR,6399358812,"03:34 PM, November 30 2024",Delivered,Zomato Delivery,18km,"1 x All About Chicken Pizza, 1 x Chilli Cheese Garlic Bread, 1 x Murgh Amritsari Garlic Bread, 1 x Murgh Amritsari Seekh Pizza",,Flat 15% off,2532.0,109.51,341.82,0.0,0.0,0.0,2299.69,5.0,,,,,35.28,7.9,Correctly,,66bc1824b0902fbba0c01bc771218a46cd9c3e9b401f6dfb772d43d67687966f,4
21173951,Aura Pizzas,Vasant Kunj,Delhi NCR,6372819059,"08:23 PM, November 27 2024",Delivered,Zomato Delivery,2km,"2 x Murgh Amritsari Seekh Pide, 2 x Mutton Seekh Pide",,Buy 1 Get 1 - ₹807.00,807.0,40.35,0.0,0.0,0.0,0.0,847.35,,,,,,28.15,0.2,Correctly,,a2013f9bd21d2d2eb572b0622e92590260a68826403a9d67c881274b97d7e0da,4
21173951,Aura Pizzas,Vasant Kunj,Delhi NCR,6372924319,"04:34 PM, November 27 2024",Delivered,Zomato Delivery,2km,"2 x Fried Chicken Strips, 2 x All About Chicken Pizza",,Buy 1 Get 1 - ₹848.00,848.0,42.4,0.0,0.0,0.0,0.0,890.4,5.0,,,,,20.98,0.8,Correctly,,0af2070ac49f4024a9b89aed6e20d1cc80e3d4bbf20b2b9b907dfefbcbcc2d85,4
21173951,Aura Pizzas,Vasant Kunj,Delhi NCR,6379128593,"07:13 PM, November 23 2024",Delivered,Zomato Delivery,1km,"2 x Murgh Amritsari Seekh Pide, 1 x Just Pepperoni Pide, 1 x Spinach Sumac Pide",,Buy 1 Get 1 - ₹678.00,748.0,37.4,0.0,0.0,0.0,0.0,785.4,,,,,,22.15,1.5,Correctly,,4d4c7054fd8b17d84621f24bbb8353a98e89321338a7bc47adf1656f77c4b4b3,4
21173951,Aura Pizzas,Vasant Kunj,Delhi NCR,6376404544,"06:36 PM, November 23 2024",Delivered,Zomato Delivery,13km,4 x Just Pepperoni Pizza,,Buy 1 Get 1 - ₹1298.00,1298.0,64.9,0.0,0.0,0.0,0.0,1362.9,,,,,,12.97,1.7,Correctly,,e735b709e7d3fd51fb466e87e73c0bab8c29aef52b579398590ea5f51258c416,4
21309083,Swaad,Shahdara,Delhi NCR,6386133965,"02:17 PM, November 25 2024",Delivered,Zomato Delivery,2km,"1 x Bone in Peri Peri Grilled Chicken, 1 x Bone in Jamaican Grilled Chicken, 1 x Bone in Kabuli Grilled Chicken, 1 x Grilled Chicken Angara Tender",,Buy 1 Get 1 - ₹620.00,620.0,31.0,0.0,0.0,0.0,0.0,651.0,,,,,,20.85,4.8,Correctly,,b288dd02a70009b724215b48670378b39786bb173d5bf2c262058ef5945e8131,4
20320607,Swaad,Sector 4,Delhi NCR,6419467924,"03:33 PM, December 07 2024",Delivered,Zomato Delivery,6km,"1 x Fried Chicken Beast AAC Burger, 1 x AAC Grilled Chicken Burger, 1 x Bone in Smoky Bbq Grilled Chicken, 1 x Animal Fries",,,1415.0,70.75,0.0,0.0,0.0,0.0,1485.75,,,,,,25.37,14.1,Correctly,,b9034d8dd6a3052c987eb351940b124a391244ecab851a82a47f09996971496c,4
20320607,Swaad,Sector 4,Delhi NCR,6415605944,"12:22 PM, December 06 2024",Delivered,Zomato Delivery,3km,"1 x Grilled Chicken Peri Peri Tangdi, 1 x Angara Rice, 1 x Herbed Potato, 1 x Fried Chicken Beast AAC Burger",,Flat Rs.175 off,1106.0,47.45,157.0,0.0,0.0,0.0,996.45,5.0,,,,,26.33,13.3,Correctly,,a9234f2121839f7438c57595321b3e226bccf3d0d7b59ff4137549cb2464507a,4
20320607,Swaad,Sector 4,Delhi NCR,6408789282,"12:51 AM, December 04 2024",Delivered,Zomato Delivery,6km,"1 x Fried Chicken Kabuli Tender, 1 x Animal Fries, 1 x Fried Chicken Beast AAC Burger, 1 x Grilled Chicken Jamaican Tender",,Flat 20% off,1365.0,55.97,245.7,0.0,0.0,0.0,1175.27,,,,,,20.95,1.9,Correctly,,7925f52c7760eb570388bc5f145d5613204b5aba94ae7b9a11b346019e455cae,4
20554001,Swaad,Greater Kailash 2 (GK2),Delhi NCR,6413998755,"10:50 PM, December 09 2024",Delivered,Zomato Delivery,2km,"1 x Dynamite sauce, 1 x Fried Chicken Peri Peri Tender, 1 x Animal Fries, 1 x Jamaican Sauce",,Flat 15% off,800.0,34.6,108.0,0.0,0.0,0.0,726.6,,,,,,16.93,1.6,Correctly,,6a2e9bf061f8c7acb3e42d15d075093d3178e666244b95c22213ed2b8b3a4ed5,4
20554001,Swaad,Greater Kailash 2 (GK2),Delhi NCR,6419294394,"06:48 PM, December 07 2024",Delivered,Zomato Delivery,8km,"1 x Fried Chicken Kabuli Tender, 1 x Animal Fries, 1 x Fried Chicken Ghostbuster Tender, 1 x Herbed Potato",,Flat Rs.175 off,1363.0,60.3,157.0,0.0,0.0,0.0,1266.3,,,,,,24.7,4.6,Correctly,,9062600c316adae271448bcc8e831bd9b9417bc0375176ab1839f60460bdc1af,4
20554001,Swaad,Greater Kailash 2 (GK2),Delhi NCR,6406421081,"12:34 AM, December 04 2024",Delivered,Zomato Delivery,5km,"1 x Bone in Jamaican Grilled Chicken, 1 x Fried Chicken Classic Tender, 1 x Grilled Chicken Jamaican Tender, 1 x Animal Fries",,Flat 20% off,1575.0,64.58,283.5,0.0,0.0,0.0,1356.08,,,,,,27.2,0.4,Correctly,,26d1c06f9e76f1ed76a6093e22d62cbd224bc9127e558713427f7ef24e0a8879,4
20554001,Swaad,Greater Kailash 2 (GK2),Delhi NCR,6406695433,"07:06 PM, December 02 2024",Delivered,Zomato Delivery,1km,"1 x Bone in Jamaican Grilled Chicken, 1 x Bone in Jamaican Grilled Chicken, 1 x Angara Rice, 1 x Angara Grilled Paneer (8 pcs)",,Flat 20% off,1338.0,54.86,240.84,0.0,0.0,0.0,1152.02,,,,,,27.1,5.1,Correctly,,752f0a180b45a07682332cbc3e94bb12e653b897aad7c47a1edbbad525783bd3,4
20554001,Swaad,Greater Kailash 2 (GK2),Delhi NCR,6399191895,"07:07 PM, December 01 2024",Delivered,Zomato Delivery,1km,"1 x Bone in Jamaican Grilled Chicken, 1 x Fried Chicken Classic Tender, 2 x Animal Fries",,,1755.0,87.75,0.0,0.0,0.0,0.0,1842.75,,,,,,24.78,0.3,Correctly,,7bd3fdefee485271cdc0d2cc0e2fef3b3c145c27d273fe63c6de001ff3e7d8d0,4
20635699,Aura Pizzas,Greater Kailash 2 (GK2),Delhi NCR,6428690705,"10:21 PM, December 10 2024",Delivered,Zomato Delivery,6km,"1 x Murgh Amritsari Seekh Melt, 2 x Peri Peri Crisper Fries, 1 x Murgh Amritsari Seekh Pide",,,1226.0,61.3,0.0,0.0,0.0,0.0,1287.3,,,,,,16.98,0.6,Correctly,,13cd1ebf29a1cd481e0b88c7340edc087fe6d88cc1053c6d0174afc6bdb1a840,4
20635699,Aura Pizzas,Greater Kailash 2 (GK2),Delhi NCR,6428061078,"08:58 PM, December 10 2024",Delivered,Zomato Delivery,6km,"1 x Indian Salsa, 1 x Bellpepper Onion Pizza, 1 x Garlic Aioli, 1 x Cheesy Garlic Bread",,Flat 15% off,938.0,40.57,126.63,0.0,0.0,0.0,851.94,,,,,,21.05,0.6,Correctly,,5fc958f92dcc061d19046d8f716888da6895e93d554c0b8703f62132075d49fa,4
20635699,Aura Pizzas,Greater Kailash 2 (GK2),Delhi NCR,6425319034,"12:47 AM, December 10 2024",Delivered,Zomato Delivery,2km,"1 x Jamaican Chicken Melt, 1 x Bageecha Pizza, 1 x Makhani Paneer Pizza, 1 x Murgh Amritsari Garlic Bread",,Flat 15% off,1946.0,84.16,262.71,0.0,0.0,0.0,1767.45,,,,,,22.05,0.6,Correctly,,dfa630344b8333853e2d8467e343aca1a2fc79f619b56dde18881cd4422db43b,4
20635699,Aura Pizzas,Greater Kailash 2 (GK2),Delhi NCR,6423527210,"10:20 PM, December 08 2024",Delivered,Zomato Delivery,1km,"1 x Peri Peri Fries, 1 x Peri Peri Crisper Fries, 1 x Indian Masala Cripser Fries, 1 x Salted Fries",,,774.0,38.7,0.0,0.0,0.0,0.0,812.7,,,,,,13.6,0.4,Correctly,,fd22ca2853d93a4042f3491f216a1a9bd04f647ea916a187906ce4958e0eef5b,4
20635699,Aura Pizzas,Greater Kailash 2 (GK2),Delhi NCR,6422936173,"07:39 PM, December 08 2024",Delivered,Zomato Delivery,1km,"1 x Bageecha Pizza, 1 x Just Pepperoni Pizza, 1 x Makhani Paneer Pizza, 1 x Murgh Amritsari Seekh Pizza",,,2456.0,110.52,0.0,0.0,0.0,245.6,2320.92,,,,,,17.62,0.4,Correctly,,5f12046dec3701033dc5b9afdcbacfb1aa4ab103977741c978ef2cc7e178a14b,4
20635699,Aura Pizzas,Greater Kailash 2 (GK2),Delhi NCR,6406624775,"10:39 PM, December 04 2024",Delivered,Zomato Delivery,7km,"2 x Spinach Sumac Pide, 1 x Mushroom Pizza, 1 x Bageecha Pizza",,Flat Rs.300 off,2256.0,99.3,270.0,0.0,0.0,0.0,2085.3,5.0,,,,,27.85,7.5,Correctly,,e7c123c61f24d30f6ee3f7aa1373ac4d6534041dffa90948194a231057ea4754,4
20635699,Aura Pizzas,Greater Kailash 2 (GK2),Delhi NCR,6409998976,"09:24 PM, December 04 2024",Delivered,Zomato Delivery,5km,"1 x Herbed Potato, 1 x Bageecha Pizza, 1 x Peanut Butter Chocolate Pide, 1 x Masala Paneer Pide",,Flat 15% off,1425.0,55.58,192.38,0.0,0.0,121.13,1167.07,,,,,,23.95,8.7,Correctly,,1cdca2e757cb499a1eec67820e5f0b894e32fa78a1da42ffd7d561ae673c1f95,4
20635699,Aura Pizzas,Greater Kailash 2 (GK2),Delhi NCR,6408500165,"12:30 AM, December 04 2024",Delivered,Zomato Delivery,6km,"1 x Salted Fries, 2 x Murgh Amritsari Garlic Bread, 1 x Cheesy Garlic Bread",,Flat Rs.175 off,1113.0,47.8,157.0,0.0,0.0,0.0,1003.8,,,,,,15.03,0.8,Correctly,,c970c96dbb83357b8493b410c86920f992e268d805012bd9e540192becfe5011,4
20635699,Aura Pizzas,Greater Kailash 2 (GK2),Delhi NCR,6409688281,"10:10 PM, December 03 2024",Delivered,Zomato Delivery,3km,"1 x Pepperoni Garlic Bread, 1 x Onion Rings, 1 x Murgh Amritsari Garlic Bread, 1 x Indian Masala Cripser Fries",,Buy 1 Get 1 - ₹478.00,518.0,25.9,0.0,0.0,0.0,0.0,543.9,,,,,,16.78,2.1,Correctly,,1b32a3605c4e73216d98d26118c346d8be9cd90a83daf95eed46c5b6c4188f14,4
20635699,Aura Pizzas,Greater Kailash 2 (GK2),Delhi NCR,6409269132,"08:38 PM, December 03 2024",Delivered,Zomato Delivery,3km,"1 x Peri Peri Paneer Melt, 2 x Onion Rings, 1 x Angara Paneer Melt",,Buy 1 Get 1 - ₹678.00,688.0,34.4,0.0,0.0,0.0,0.0,722.4,,,,,,15.22,0.5,Correctly,,62336ca5b2283e19c174b5b762dc3ac25dbcb42860e41388cfb3b4f277590341,4
20635699,Aura Pizzas,Greater Kailash 2 (GK2),Delhi NCR,6408306818,"06:57 PM, December 03 2024",Delivered,Zomato Delivery,3km,"1 x Jamaican Chicken Melt, 1 x Murgh Amritsari Seekh Melt, 1 x Peri Peri Paneer Melt, 1 x Peri Peri Chicken Melt",,Buy 1 Get 1 - ₹938.00,968.0,48.4,0.0,0.0,0.0,0.0,1016.4,,,,,,16.7,4.1,Correctly,,62226ece08fa0e6de796893f9af585000bd90b766815de37ad5487b46ab73fe1,4
20635699,Aura Pizzas,Greater Kailash 2 (GK2),Delhi NCR,6403983330,"05:58 PM, December 03 2024",Delivered,Zomato Delivery,7km,"1 x Bageecha Pizza, 1 x Mutton Seekh Pide, 1 x Jamaican Chicken Melt, 1 x Murgh Amritsari Seekh Pizza",,Buy 1 Get 1 - ₹1198.00,1288.0,64.4,0.0,0.0,0.0,0.0,1352.4,5.0,worth it best in taste ,,,,24.83,0.6,Correctly,,6cdaa252b6b976252176ef631caad402a4346fb3540553a1acd703dde7e0eac3,4
20635699,Aura Pizzas,Greater Kailash 2 (GK2),Delhi NCR,6400444447,"02:24 PM, December 03 2024",Delivered,Zomato Delivery,<1km,"1 x Peanut Butter Chocolate Pide, 1 x Makhani Paneer Pizza, 1 x Salted Crisper Fries, 1 x Tripple Cheese Pizza",,Buy 1 Get 1 - ₹728.00,878.0,43.9,0.0,0.0,0.0,0.0,921.9,,,,,,22.65,1.5,Correctly,,d74de1e26625bc45fa4af3365055b2626bbf6d7840566cd3eedf443c0dac6ee2,4
20635699,Aura Pizzas,Greater Kailash 2 (GK2),Delhi NCR,6404891658,"01:43 PM, December 03 2024",Delivered,Zomato Delivery,2km,"1 x Chilli Cheese Garlic Bread, 1 x Margherita Pizza, 1 x Bageecha Pizza, 1 x Cheesy Garlic Bread",,Buy 1 Get 1 - ₹888.00,1058.0,52.9,0.0,0.0,0.0,0.0,1110.9,,,,,,24.18,0.7,Correctly,,c80d936e5e94fc6672965e9f08eae46c1ed33d9ea8e9810a73d58165ae3f3f91,4
20635699,Aura Pizzas,Greater Kailash 2 (GK2),Delhi NCR,6399670596,"02:46 AM, December 03 2024",Delivered,Zomato Delivery,1km,"1 x Peri Peri Paneer Pizza, 1 x Peri Peri Fries, 1 x Grilled Chicken Tangdi, 1 x All About Chicken Pizza",,Flat Rs.300 off,1705.0,71.75,270.0,0.0,0.0,0.0,1506.75,,,,,,25.07,5.6,Correctly,,b46a8f3e0fae619ceaf154d2c5ba5207699ce1a56008ce210d76d81db0c507ad,4
20659868,Aura Pizzas,Sector 4,Delhi NCR,6426403306,"05:51 PM, December 10 2024",Delivered,Zomato Delivery,3km,"1 x Herbed Potato, 1 x Cheesy Garlic Bread, 1 x Makhani Paneer Pizza, 1 x Garlic Aioli",,Flat Rs.175 off,1026.0,39.2,157.0,0.0,0.0,85.1,823.1,,,,,,14.77,0.7,Correctly,,20864ed0902b30bd52234ca77a4954c0f2510da1ed755b3de702f100c0f95266,4
20659868,Aura Pizzas,Sector 4,Delhi NCR,6427634630,"04:45 PM, December 10 2024",Delivered,Zomato Delivery,<1km,"1 x Cheesy Garlic Bread, 1 x Bageecha Pizza, 1 x Angara Paneer Melt, 1 x Makhani Paneer Pizza",,Flat Rs.300 off,1866.0,79.8,270.0,0.0,0.0,0.0,1675.8,,,,,,19.1,2.0,Correctly,,629d3b6234aaebb498342e0ad434e260a4d3c580442ac1a3a4f5f8878c596ecd,4
20659868,Aura Pizzas,Sector 4,Delhi NCR,6420346882,"07:54 PM, December 08 2024",Delivered,Zomato Delivery,6km,"1 x Spinach Sumac Pide, 1 x Mushroom Pizza, 1 x Peri Peri Paneer Melt, 1 x Chilli Cheese Garlic Bread",,Flat Rs.300 off,1656.0,69.3,270.0,0.0,0.0,0.0,1455.3,,,,,,24.0,1.6,Correctly,,2c8105bae208bcc241693d6b90aa6fcc94ebca1fedfd047b4675947fee5d62d7,4
20659868,Aura Pizzas,Sector 4,Delhi NCR,6419591443,"04:29 PM, December 07 2024",Delivered,Zomato Delivery,2km,"1 x Chilli Cheese Garlic Bread, 1 x Herbed Potato, 1 x Mushroom Mozzarella Melt, 1 x Makhani Paneer Pizza",,Flat Rs.300 off,1664.0,62.88,270.0,0.0,0.0,136.4,1320.48,,,,,,28.48,18.4,Correctly,,d9d30e5a945d170442d51aef750296f623018a76d54c2731bd7745477723d9af,4
20659868,Aura Pizzas,Sector 4,Delhi NCR,6412766449,"09:38 PM, December 06 2024",Delivered,Zomato Delivery,9km,"1 x Bageecha Pizza, 1 x Harissa Mayo, 1 x Peri Peri Paneer Pizza, 1 x Indian Salsa",,Flat 15% off,1298.0,50.62,175.23,0.0,0.0,110.33,1063.06,5.0,,,,,19.38,2.1,Correctly,,943f715ec7fd2fd572892f91bacf9c99440e31333cb7b97b62663ed4d082bf92,4
20659868,Aura Pizzas,Sector 4,Delhi NCR,6409503827,"12:53 PM, December 05 2024",Delivered,Zomato Delivery,9km,"1 x Mushroom Pizza, 1 x Chilli Cheese Garlic Bread, 1 x Garlic Aioli, 1 x Indian Masala Fries",,Flat 15% off,1373.0,59.38,185.36,0.0,0.0,0.0,1247.02,,,,,,20.62,5.0,Correctly,,44a1baac0d21e3b9cd6ffc9612eb73df030985ac9c2889d2ae0a1b56022d69ad,4
20659868,Aura Pizzas,Sector 4,Delhi NCR,6406984684,"09:34 PM, December 03 2024",Delivered,Zomato Delivery,7km,"1 x Bageecha Pizza, 1 x Herbed Potato, 1 x Chilli Cheese Garlic Bread, 1 x Jamaican Chicken Melt",,Buy 1 Get 1 - ₹627.00,858.0,42.9,0.0,0.0,0.0,0.0,900.9,,,,,,21.1,8.8,Correctly,,55cfe82ae1000602e6f194fe00b7eb7dab56851c4a1b7c72fe219f1bac1791e1,4
20659868,Aura Pizzas,Sector 4,Delhi NCR,6399445973,"05:00 PM, December 03 2024",Delivered,Zomato Delivery,8km,"2 x Chilli Cheese Garlic Bread, 1 x Onion Rings, 1 x Salted Crisper Fries",,Buy 1 Get 1 - ₹438.00,488.0,24.4,0.0,0.0,0.0,0.0,512.4,,,,,,19.13,10.8,Correctly,,00361e4d62dc6d26377686ba86320049f2e3d76da874fc01a9a1c2ba2d09c14a,4
20659868,Aura Pizzas,Sector 4,Delhi NCR,6400712315,"02:46 PM, December 03 2024",Delivered,Zomato Delivery,2km,"1 x Margherita Pizza, 1 x Chilli Cheese Garlic Bread, 1 x Cheesy Garlic Bread, 1 x Angara Paneer Melt",,Buy 1 Get 1 - ₹688.00,718.0,35.9,0.0,0.0,0.0,0.0,753.9,,,,,,18.32,4.3,Correctly,,9ad89b31f92ba76ba8787d542502368aae96da0957b1c6553fa4bb19d1c1a011,4
20659868,Aura Pizzas,Sector 4,Delhi NCR,6406433031,"02:31 PM, December 03 2024",Delivered,Zomato Delivery,7km,"2 x Herbed Potato, 2 x Masala Paneer Pide",,Buy 1 Get 1 - ₹467.00,467.0,23.35,0.0,0.0,0.0,0.0,490.35,,,,,,29.7,17.1,Correctly,,dd776b67712b35ce60b544d7408d37bee3966f6e56127df930dc6687e1867a5d,4
20659868,Aura Pizzas,Sector 4,Delhi NCR,6406705621,"12:51 PM, December 03 2024",Delivered,Zomato Delivery,<1km,"1 x Murgh Amritsari Seekh Melt, 1 x Herbed Potato, 1 x Murgh Amritsari Garlic Bread, 1 x Chilli Cheese Garlic Bread",,Buy 1 Get 1 - ₹437.00,738.0,36.9,0.0,0.0,0.0,0.0,774.9,,,,,,22.85,6.1,Correctly,Item(s) missing or not delivered,719ede1448047a43c06c3225b500b9621e3779960e4f84a55e03c21905027ce4,4
20659868,Aura Pizzas,Sector 4,Delhi NCR,6387886414,"01:21 PM, December 02 2024",Delivered,Zomato Delivery,9km,"1 x Herbed Potato, 1 x Masala Potato Pide, 2 x Bageecha Pizza",,,1645.0,41.13,0.0,822.5,0.0,0.0,863.63,5.0,"everything was good taste wise, packing, sent with good quantity of dip and chutney. ",,,,26.77,1.1,Correctly,,c80b7113d1d8b0d1038736fcaac7a5d0a4fc6302e867fe2986f6a94f84f29296,4
20659868,Aura Pizzas,Sector 4,Delhi NCR,6401535499,"05:56 PM, December 01 2024",Delivered,Zomato Delivery,12km,"1 x Peri Peri Grilled Chicken Pizza, 1 x All About Chicken Pizza, 1 x Peri Peri Paneer Pizza, 1 x Chilli Cheese Garlic Bread",,Flat 15% off,2116.0,82.52,285.66,0.0,0.0,179.86,1733.0,,,,,,26.53,10.2,Correctly,,70519a62e9b72b0123d4a0f4e7eac55f45c92b86d25d486773a7f75c35a67638,4
20659868,Aura Pizzas,Sector 4,Delhi NCR,6401415965,"12:54 AM, December 01 2024",Delivered,Zomato Delivery,6km,"1 x Chilli Cheese Garlic Bread, 1 x Bageecha Pizza, 2 x Tipsy Tiger Fresh Lime Soda",,,1155.1,57.76,0.0,0.0,0.0,0.0,1212.86,,,,,,16.43,0.7,Correctly,,21073dfa44c6942caae29d2d364d9e687f6fed697f36b83127445bdd0761f7b2,4
20882652,Aura Pizzas,DLF Phase 1,Delhi NCR,6411351658,"01:59 PM, December 06 2024",Delivered,Zomato Delivery,3km,"1 x Fried Chicken Tenders, 2 x Garlic Aioli, 1 x All About Chicken Pizza",,,964.0,48.2,0.0,0.0,0.0,0.0,1012.2,,,,,,22.9,7.3,Correctly,,8c775787262a3b060bc5cdacf52c719fb0fad6d408a9a67623ac540bfdb466e0,4
20882652,Aura Pizzas,DLF Phase 1,Delhi NCR,6412895629,"05:20 PM, December 05 2024",Delivered,Zomato Delivery,12km,"1 x Masala Paneer Pide, 1 x Margherita Pizza, 1 x Chilli Cheese Garlic Bread, 1 x Angara Paneer Melt",,Flat 15% off,1486.0,57.95,200.61,0.0,0.0,126.31,1217.03,,,,,,17.92,7.1,Correctly,,df408c6c0fe57b09b77d881db0302b7f48c599dca149e325fc0c8e49ff82c156,4
20882652,Aura Pizzas,DLF Phase 1,Delhi NCR,6405468207,"01:25 PM, December 04 2024",Delivered,Zomato Delivery,4km,"1 x Fried Chicken Tenders, 1 x Bageecha Pizza, 1 x Salted Fries, 1 x Cheesy Garlic Bread",,,1401.0,50.08,0.0,399.5,0.0,0.0,1051.58,,,,,,16.67,4.7,Correctly,,bf7189a536857bcb4713c40f8830da025ab9b9f824e7be411cfe44688666b863,4
20882652,Aura Pizzas,DLF Phase 1,Delhi NCR,6406931352,"08:58 PM, December 03 2024",Delivered,Zomato Delivery,10km,"2 x Herbed Potato, 2 x Bageecha Pizza",,Buy 1 Get 1 - ₹986.00,986.0,49.3,0.0,0.0,0.0,0.0,1035.3,,,,,,16.72,2.8,Correctly,,70fa16139c1261fa3097d56e3a7efc7eeb329f376a482b2c0cf69f372c898fc7,4
20882652,Aura Pizzas,DLF Phase 1,Delhi NCR,6396015451,"08:24 PM, December 03 2024",Delivered,Zomato Delivery,2km,"1 x Herbed Potato, 1 x Malai Gud Pide, 1 x Bageecha Pizza, 1 x Makhani Paneer Pizza",,Buy 1 Get 1 - ₹727.00,858.0,42.9,0.0,0.0,0.0,0.0,900.9,,,,,,20.13,4.8,Correctly,,bf06f67cc21229d1fb0df5eea378331885c5a55909c938fd4763c1c64ab0e718,4
20882652,Aura Pizzas,DLF Phase 1,Delhi NCR,6407897937,"07:12 PM, December 03 2024",Delivered,Zomato Delivery,6km,"1 x Bageecha Pizza, 1 x Peri Peri Paneer Pizza, 1 x Indian Masala Cripser Fries, 1 x Chilli Cheese Garlic Bread",,Buy 1 Get 1 - ₹778.00,858.0,42.9,0.0,0.0,0.0,0.0,900.9,,,,,,16.07,1.2,Correctly,,147effbde57e5c0a9fddec079091f011e05d7e1e84ba0ebebc20a315170c9d11,4
20882652,Aura Pizzas,DLF Phase 1,Delhi NCR,6404808209,"06:25 PM, December 03 2024",Delivered,Zomato Delivery,7km,"2 x OG Cheese Pide, 1 x Tripple Cheese Pizza, 1 x Chicken Pepperoni Pizza",,Buy 1 Get 1 - ₹898.00,948.0,47.4,0.0,0.0,0.0,0.0,995.4,,,,,,16.35,5.7,Correctly,,678b9a103a5fefaeaebdcbc534a9c90df737b6f32ff99d5fc216624d442a042c,4
20882713,Swaad,DLF Phase 1,Delhi NCR,6417677620,"09:43 PM, December 07 2024",Delivered,Zomato Delivery,2km,"1 x Fried Chicken Ghostbuster Tender, 1 x Fried Chicken Peri Peri Tender, 1 x Grilled Chicken Jamaican Tender, 1 x Bone in Smoky Bbq Grilled Chicken",,Flat 20% off,1805.0,74.01,324.9,0.0,0.0,0.0,1554.11,5.0,,,,,22.22,0.8,Correctly,,5d2f7eeeee6ea1dea69ed5cc2ccd9cea9d31b1e3477edd9ebdc13c05ae5728eb,4
20882713,Swaad,DLF Phase 1,Delhi NCR,6406856087,"12:24 PM, December 03 2024",Delivered,Zomato Delivery,8km,"1 x Fried Chicken Ghostbuster Tender, 2 x Fried Chicken Beast AAC Burger, 1 x Animal Fries",,Flat 20% off,1430.0,58.63,257.4,0.0,0.0,0.0,1231.23,,,,,,20.77,5.0,Correctly,,185af9de590a92e7540d578b9813ee5d3990867a9a8d582fc02bb89558455c53,4
20882713,Swaad,DLF Phase 1,Delhi NCR,6397264016,"04:55 PM, December 01 2024",Delivered,Zomato Delivery,7km,"1 x Fried Chicken Ghostbuster Tender, 2 x Bone in Kabuli Grilled Chicken, 1 x Grilled Chicken Peri Peri Tender",,Flat Rs.160 off,1255.0,31.38,0.0,627.5,0.0,0.0,658.88,5.0,,,,,21.22,7.2,Correctly,,b858dce6c61b363749441569aacc9914c3c0bceb944ce7193e687a1181e8e2bc,4
21077127,Aura Pizzas,Sector 135,Delhi NCR,6418301304,"09:18 PM, December 08 2024",Delivered,Zomato Delivery,<1km,"1 x Chilli Cheese Garlic Bread, 1 x Herbed Potato, 1 x Harissa Mayo, 1 x Iced Green Tea - Peach",,,562.24,28.11,0.0,0.0,0.0,0.0,590.35,,,,,,14.52,1.1,Correctly,,b092b9bed82d2357f1733be61f96d7e1936d7f46ffe59df106049562602dc11a,4
21077127,Aura Pizzas,Sector 135,Delhi NCR,6410874664,"04:51 PM, December 04 2024",Delivered,Zomato Delivery,2km,"1 x Cheesy Garlic Bread, 1 x Tipsy Tiger Fresh Lime Soda, 1 x Jamaican Chicken Melt, 1 x Onion Rings",,,1126.05,50.67,0.0,0.0,0.0,112.61,1064.12,5.0,,,,,18.22,11.1,Correctly,,2f4e92e47059084dd1b25460b9e8e5c30bb14e265078ec1dd2fb34b5726bcb40,4
21077127,Aura Pizzas,Sector 135,Delhi NCR,6405755106,"11:53 PM, December 03 2024",Delivered,Zomato Delivery,14km,"1 x Murgh Amritsari Seekh Melt, 1 x Pepperoni Garlic Bread, 1 x Jamaican Chicken Melt, 1 x Murgh Amritsari Garlic Bread",,Buy 1 Get 1 - ₹758.00,768.0,38.4,0.0,0.0,0.0,0.0,806.4,5.0,,,,,15.15,3.5,Correctly,,bd989b9719eb8ed43fdffafea5ad5d5c111e90591f7f97c981986d7d41aad05b,4
21077127,Aura Pizzas,Sector 135,Delhi NCR,6406685805,"11:26 PM, December 03 2024",Delivered,Zomato Delivery,1km,"2 x Masala Paneer Pide, 2 x Chilli Cheese Garlic Bread",,Buy 1 Get 1 - ₹578.00,578.0,28.9,0.0,0.0,0.0,0.0,606.9,,,,,,18.98,13.2,Correctly,,025904185d5c917cf011e0d22ae23f65fcbb05177a6264fdf1ebd99b4dfc0031,4
21077127,Aura Pizzas,Sector 135,Delhi NCR,6402453435,"01:23 PM, December 01 2024",Delivered,Zomato Delivery,6km,"1 x Salted Fries, 1 x All About Chicken Pizza, 1 x Just Pepperoni Pizza, 1 x Jamaican Chicken Melt",,,2435.0,121.75,0.0,0.0,0.0,0.0,2556.75,,,,,,32.2,24.0,Correctly,,f6e68ffc4f93a1897e6c51e517b4fd8e345a93d234ae6852b0b20d82a1c3d236,4
21173951,Aura Pizzas,Vasant Kunj,Delhi NCR,6417449097,"11:01 PM, December 10 2024",Delivered,Zomato Delivery,6km,"1 x Murgh Amritsari Seekh Melt, 1 x Bacon Pepperoni Melt, 2 x Tripple Cheese Pizza",,Flat 15% off,2852.0,123.35,385.02,0.0,0.0,0.0,2590.33,,,,,,31.92,8.2,Correctly,,9ae789c609d1127006d9a022ab86038cd3d41eb44bca3b68eddf4dd45185db3e,4
21173951,Aura Pizzas,Vasant Kunj,Delhi NCR,6410788870,"11:43 PM, December 04 2024",Delivered,Zomato Delivery,1km,"1 x Peri Peri Crisper Fries, 1 x Chilli Cheese Garlic Bread, 1 x Garlic Aioli, 1 x Desi Pepperoni Pizza",,Flat 15% off,1177.0,45.9,158.9,0.0,0.0,100.05,963.96,,,,,,13.6,0.9,Correctly,,bc0c0241681fe72b04565c37cd903258900a2bc50bc95be90e4021c6badcf37b,4
21173951,Aura Pizzas,Vasant Kunj,Delhi NCR,6403577483,"12:14 PM, December 03 2024",Delivered,Zomato Delivery,7km,"1 x Peri Peri Paneer Pizza, 1 x Murgh Amritsari Seekh Pizza, 1 x Peri Peri Grilled Chicken Pizza, 1 x Bageecha Pizza",,Buy 1 Get 1 - ₹1388.00,1428.0,71.4,0.0,0.0,0.0,0.0,1499.4,5.0,,,,,32.83,0.2,Correctly,,f7533f668c25d313d3509a6ac2c49bba7a7e90c89d3b96d72dd09a9df6f85d16,4
21173951,Aura Pizzas,Vasant Kunj,Delhi NCR,6394024197,"07:52 PM, December 02 2024",Delivered,Zomato Delivery,1km,"1 x Peri Peri Fries, 1 x Murgh Amritsari Seekh Melt, 1 x Bacon Pepperoni Melt, 1 x Malai Gud Pide",,Flat Rs.300 off,1535.0,63.25,270.0,0.0,0.0,0.0,1328.25,,,,,,29.85,1.4,Correctly,,50980d20521eb8164041e4ca0ccbe19330942aad6dc9ae64c7b6cfc6886f7cf5,4
20320607,Swaad,Sector 4,Delhi NCR,6436447201,"08:39 PM, December 13 2024",Delivered,Zomato Delivery,4km,"1 x Fried Chicken Angara Tender, 1 x Bone in Peri Peri Grilled Chicken, 1 x Bone in Jamaican Grilled Chicken, 1 x AAC Grilled Chicken Burger",,Buy 1 Get 1 - ₹934.00,1034.0,51.7,0.0,0.0,0.0,0.0,1085.7,,,,,,29.05,1.2,Correctly,,0fea79db35ddcb8e451087cd5a6aed98f9c5e6e8ea982d5382e8fea040991280,4
20320607,Swaad,Sector 4,Delhi NCR,6427915518,"07:58 PM, December 13 2024",Delivered,Zomato Delivery,7km,"1 x Angara Grilled Paneer (8 pcs), 2 x Garlic Aioli, 1 x Bone in Jamaican Grilled Chicken",,Buy 1 Get 1 - ₹355.00,430.0,21.5,0.0,0.0,0.0,0.0,451.5,,,,,,19.53,1.7,Correctly,,0f0b3ec49dae27a90edf334a6325afc2df19e67da8e7e10d5f142ffaa9ff39c6,4
20320607,Swaad,Sector 4,Delhi NCR,6434726559,"03:23 PM, December 13 2024",Delivered,Zomato Delivery,12km,"2 x Angara Rice, 1 x Bone in Angara Grilled Chicken, 1 x Bone in Smoky Bbq Grilled Chicken",,Buy 1 Get 1 - ₹733.00,733.0,36.65,0.0,0.0,0.0,0.0,769.65,,,,,,22.83,13.7,Correctly,,f119a059fc5556694e76d13e413c7987b3b984797807ef595955fd014b6ab150,4
20320607,Swaad,Sector 4,Delhi NCR,6433971002,"09:39 PM, December 12 2024",Delivered,Zomato Delivery,8km,"3 x Bone in Angara Grilled Chicken, 1 x Bone in Peri Peri Grilled Chicken",,,1240.0,62.0,0.0,0.0,0.0,0.0,1302.0,,,,,,13.97,0.5,Correctly,,ef812f2a10788bc0ec52a8f5f8501f47381decddbbb7bf73125f57937e9317dc,4
20320607,Swaad,Sector 4,Delhi NCR,6432246969,"01:39 AM, December 12 2024",Delivered,Zomato Delivery,7km,"1 x Angara Rice, 1 x Fried Chicken Peri Peri Tender, 2 x Tipsy Tiger Fresh Lime Soda",,,711.1,35.56,0.0,0.0,0.0,0.0,746.66,,,,,,10.93,2.7,Correctly,,8674621595085a246a08790a84e0b6fb8d7e4b9ea0e3c2f43524e74edf76ab08,4
20554001,Swaad,Greater Kailash 2 (GK2),Delhi NCR,6451349570,"12:51 AM, December 19 2024",Delivered,Zomato Delivery,6km,"1 x Fried Chicken Angara Tender, 1 x AAC Saucy Fries, 2 x Animal Fries",,,1445.0,72.25,0.0,0.0,0.0,0.0,1517.25,,,,,,28.78,1.7,Correctly,,13cd1ebf29a1cd481e0b88c7340edc087fe6d88cc1053c6d0174afc6bdb1a840,4
20554001,Swaad,Greater Kailash 2 (GK2),Delhi NCR,6449438959,"03:47 PM, December 18 2024",Delivered,Zomato Delivery,4km,"1 x Herbed Potato, 1 x Grilled Chicken Jamaican Tender, 1 x Animal Fries, 1 x Grilled Chicken Jamaican Tender",,Flat 20% off,1273.0,52.19,229.14,0.0,0.0,0.0,1096.05,5.0,,,,,17.3,5.0,Correctly,,2c311ec7afc12736c2d70fcac46a8f250497e2f5719d8411c2608400ee4ac118,4
20554001,Swaad,Greater Kailash 2 (GK2),Delhi NCR,6449663856,"01:57 PM, December 18 2024",Delivered,Zomato Delivery,5km,"1 x Fried Chicken Angara Tender, 1 x Grilled Chicken Jamaican Tangdi, 1 x AAC Signature Fries, 1 x Garlic Aioli",,Flat Rs.175 off,1114.0,47.85,157.0,0.0,0.0,0.0,1004.85,,,,,,23.12,1.1,Correctly,,8a2e2113b063295b1e5a0edff2016ee21d5b987cc65dc600621a35bae94dcf4d,4
20554001,Swaad,Greater Kailash 2 (GK2),Delhi NCR,6446420683,"11:49 AM, December 18 2024",Delivered,Zomato Delivery,1km,4 x Animal Fries,,Flat 20% off,1420.0,58.22,255.6,0.0,0.0,0.0,1222.62,,,,,,24.77,1.0,Correctly,,d7556bdb9220e802bdc5f1ecb09fdbe96356b1fd9400135bd3064c44653da889,4
20554001,Swaad,Greater Kailash 2 (GK2),Delhi NCR,6443635179,"07:11 PM, December 16 2024",Delivered,Zomato Delivery,<1km,"1 x Bone in Smoky Bbq Grilled Chicken, 2 x Salted Fries, 1 x Grilled Chicken Jamaican Tender",,,1658.0,82.9,0.0,0.0,0.0,0.0,1740.9,,,,,,25.3,7.3,Correctly,,f67018781d437ee0b66af68139ff981e1a2c2c63460ed8d2fd28b81a7e6e15a4,4
20554001,Swaad,Greater Kailash 2 (GK2),Delhi NCR,6423521623,"09:01 PM, December 14 2024",Delivered,Zomato Delivery,3km,"1 x Grilled Chicken Smoky BBQ Tender, 1 x Grilled Chicken Jamaican Tender, 1 x Coleslaw, 1 x Fried Chicken Angara Tender",,Flat 20% off,1478.0,60.6,266.04,0.0,0.0,0.0,1272.56,,,,,,20.72,0.6,Correctly,,eda8b400b66b3c6f9e75c09ec5ed510d93f6a4c62ba4fc20d03fabf3d61872f6,4
20554001,Swaad,Greater Kailash 2 (GK2),Delhi NCR,6420719214,"09:09 PM, December 13 2024",Delivered,Zomato Delivery,3km,"2 x AAC Signature Crisper Fries, 1 x Grilled Chicken Smoky BBQ Tender, 1 x Grilled Chicken Jamaican Tender",,Buy 1 Get 1 - ₹619.00,619.0,30.95,0.0,0.0,0.0,0.0,649.95,,,,,,22.58,0.6,Correctly,,1b32a3605c4e73216d98d26118c346d8be9cd90a83daf95eed46c5b6c4188f14,4
20554001,Swaad,Greater Kailash 2 (GK2),Delhi NCR,6434647709,"07:38 PM, December 13 2024",Delivered,Zomato Delivery,1km,"1 x Animal Fries, 1 x AAC Grilled Chicken Burger, 2 x Fried Chicken Beast AAC Burger",Order: make burgers less spicy as kids will eat them,Buy 1 Get 1 - ₹730.00,750.0,37.5,0.0,0.0,0.0,0.0,787.5,,,,,,28.18,8.1,Correctly,,2941a9ca25f6d542af7e24d21eceb8bc822dd59ec15f5907e21b0c668b174758,4
20554001,Swaad,Greater Kailash 2 (GK2),Delhi NCR,6430538708,"06:21 PM, December 13 2024",Delivered,Zomato Delivery,1km,"1 x Fried Chicken Angara Tender, 1 x Fried Chicken Peri Peri Tender, 1 x Angara Sauce, 1 x Honey Mustard sauce",,Buy 1 Get 1 - ₹385.00,385.0,19.25,0.0,0.0,0.0,0.0,404.25,,,,,,18.13,0.2,Correctly,,a25e792089149a3d12378f95b3a2b55e2597395cae03e063fa432673c6add961,4
20554001,Swaad,Greater Kailash 2 (GK2),Delhi NCR,6434839615,"01:10 PM, December 13 2024",Delivered,Zomato Delivery,5km,"1 x Fried Chicken Classic Tender, 1 x Fried Chicken Peri Peri Tender, 1 x Animal Fries, 1 x Fried Chicken Beast AAC Burger",,Buy 1 Get 1 - ₹700.00,740.0,37.0,0.0,0.0,0.0,0.0,777.0,,,,,,28.8,0.3,Correctly,,e1e6556fd64e0f102f532487234f25c02d6b61368989fc38e6478ba937789209,4
20554001,Swaad,Greater Kailash 2 (GK2),Delhi NCR,6430245251,"12:36 PM, December 13 2024",Delivered,Zomato Delivery,6km,"1 x Fried Chicken Beast AAC Burger, 1 x Peri Peri Fries, 1 x Bone in Jamaican Grilled Chicken, 1 x Angara Rice",,Buy 1 Get 1 - ₹523.00,774.0,38.7,0.0,0.0,0.0,0.0,812.7,,,,,,25.08,1.5,Correctly,,e355d21e4912f1508180ce2ecc85083bd3c7d44dfc76b21fa5604a8dfa8cb0b4,4
20635699,Aura Pizzas,Greater Kailash 2 (GK2),Delhi NCR,6447437731,"04:26 PM, December 17 2024",Delivered,Zomato Delivery,5km,"1 x Pepperoni Garlic Bread, 1 x Peri Peri Chicken Melt, 1 x Masala Potato Pide, 1 x Mutton Seekh Pizza",,,1746.0,43.65,0.0,873.0,0.0,0.0,916.65,5.0,,,,,18.33,1.7,Correctly,,6bc1a90847773ea4d7552fbce2d63941d61e2153a36ebbf6e6c414ef78dfa01d,4
20635699,Aura Pizzas,Greater Kailash 2 (GK2),Delhi NCR,6446539075,"12:33 AM, December 17 2024",Delivered,Zomato Delivery,3km,"1 x Indian Salsa, 1 x Margherita Pizza, 1 x Peri Peri Crisper Fries, 1 x Cheesy Garlic Bread",Order: Please send tomato ketchup,Flat Rs.175 off,1137.0,49.0,157.0,0.0,0.0,0.0,1029.0,,,,,,19.18,2.5,Correctly,,44e822789cb6779f05607386e9aef95955b82ab58cdd8e298b544921fa5b84a4,4
20635699,Aura Pizzas,Greater Kailash 2 (GK2),Delhi NCR,6438674347,"10:16 PM, December 15 2024",Delivered,Zomato Delivery,5km,"1 x Jamaican Chicken Melt, 1 x Murgh Amritsari Seekh Melt, 1 x All About Chicken Pizza, 1 x Indian Masala Fries",,Flat 15% off,2154.0,93.16,290.79,0.0,0.0,0.0,1956.37,,,,,,25.08,3.9,Correctly,,2b44f0bd8eb3151f58faae93d69689b5195e55b6d6bca5c4c700d40d494f781c,4
20635699,Aura Pizzas,Greater Kailash 2 (GK2),Delhi NCR,6431168576,"07:09 PM, December 15 2024",Delivered,Zomato Delivery,6km,"1 x Murgh Amritsari Garlic Bread, 1 x Bageecha Pizza, 1 x Indian Masala Cripser Fries, 1 x Salted Fries",,Flat Rs.175 off,1265.0,55.4,157.0,0.0,0.0,0.0,1163.4,,,,,,15.62,0.5,Correctly,,18b65d972d728eda4a7083847b1e2e1e9464575296319c931ddbdaec577ee61a,4
20635699,Aura Pizzas,Greater Kailash 2 (GK2),Delhi NCR,6436453973,"12:25 PM, December 15 2024",Delivered,Zomato Delivery,1km,"1 x Murgh Amritsari Garlic Bread, 1 x Peri Peri Chicken Melt, 1 x Mutton Seekh Pizza, 1 x Peanut Butter Chocolate Pide",,,2035.0,67.05,0.0,694.0,0.0,0.0,1408.05,,,,,,23.15,9.9,Correctly,,8cfec25edfe62f47a26b753eb54932c703a4ec97cd3877e3e24f94c0523063b2,4
20635699,Aura Pizzas,Greater Kailash 2 (GK2),Delhi NCR,6440400437,"02:36 AM, December 15 2024",Delivered,Zomato Delivery,6km,"1 x Salted Fries, 1 x Murgh Amritsari Seekh Pide, 1 x Desi Chicken Pepperoni Pizza, 1 x Spinach Sumac Pide",,Flat 15% off,1465.0,63.36,197.78,0.0,0.0,0.0,1330.58,,,,,,18.37,0.3,Correctly,,4cc8be170707424b9f8854f9165e647e5e864d84058ec0acdd1eb88f0436dce3,4
20635699,Aura Pizzas,Greater Kailash 2 (GK2),Delhi NCR,6436487906,"08:58 PM, December 14 2024",Delivered,Zomato Delivery,3km,"1 x Jamaican Chicken Melt, 1 x Salted Crisper Fries, 1 x Just Pepperoni Pide, 1 x Cheesy Garlic Bread",,Buy 1 Get 1 - ₹578.00,718.0,35.9,0.0,0.0,0.0,0.0,753.9,5.0,,,,,32.95,7.5,Correctly,,3122b67c0381eb9945529f3385fdd8a9529ae381b3594739336010ddee138f29,4
20635699,Aura Pizzas,Greater Kailash 2 (GK2),Delhi NCR,6433839466,"04:38 PM, December 14 2024",Delivered,Zomato Delivery,1km,"1 x Makhani Paneer Pizza, 2 x Cheesy Garlic Bread, 1 x Bageecha Pizza",,Buy 1 Get 1 - ₹818.00,838.0,41.9,0.0,0.0,0.0,0.0,879.9,,,,,,14.77,0.8,Correctly,,33219491e80916f8289f35d338cc25c0a4ee1dbbc16f4a8b6fdf5144609561b5,4
20635699,Aura Pizzas,Greater Kailash 2 (GK2),Delhi NCR,6436907833,"02:56 AM, December 14 2024",Delivered,Zomato Delivery,2km,"1 x Peri Peri Fries, 1 x All About Chicken Pizza, 1 x Just Pepperoni Pizza, 1 x Murgh Amritsari Garlic Bread",,,1795.0,80.78,0.0,0.0,0.0,179.5,1696.28,,,,,,22.55,3.9,Correctly,,200de61f39bcb934fafb7aa93f40971c7e2241f0265f1014d3a680ad419c4fe0,4
20635699,Aura Pizzas,Greater Kailash 2 (GK2),Delhi NCR,6430568616,"10:00 PM, December 13 2024",Delivered,Zomato Delivery,1km,"1 x Murgh Amritsari Seekh Pizza, 1 x Peri Peri Crisper Fries, 1 x Indian Masala Fries, 1 x All About Chicken Pizza",,Flat Rs.300 off,1805.0,69.23,270.0,0.0,0.0,150.5,1453.73,,,,,,26.3,1.4,Correctly,,6e547e606084f4dc091492adf076aedac00febd2a81da684ca07b590fa4248a8,4
20659868,Aura Pizzas,Sector 4,Delhi NCR,6453762034,"08:10 PM, December 20 2024",Delivered,Zomato Delivery,9km,"1 x Fried Chicken Tenders, 1 x Jamaican Chicken Melt, 1 x Harissa Mayo, 1 x Cheesy Garlic Bread",,Flat Rs.175 off,1138.0,49.05,157.0,0.0,0.0,0.0,1030.05,,,,,,23.5,4.4,Correctly,,956be800d8159276780a29f501e9245bfe2fe1c83c84a62e5f326473c0e9d186,4
20659868,Aura Pizzas,Sector 4,Delhi NCR,6455594858,"07:47 PM, December 20 2024",Delivered,Zomato Delivery,2km,"1 x Masala Paneer Pide, 1 x Bageecha Pizza, 1 x Herbed Potato, 1 x All About Chicken Pizza",,,2185.0,109.25,0.0,0.0,0.0,0.0,2294.25,,,,,,24.9,7.7,Correctly,,abd1c66e8da07d0d4ce6fc88e6685ff671f682aede2b4629c1c4798a3838427e,4
20659868,Aura Pizzas,Sector 4,Delhi NCR,6446130071,"07:56 PM, December 19 2024",Delivered,Zomato Delivery,10km,"1 x Masala Paneer Pide, 1 x Herbed Potato, 1 x Bageecha Pizza, 1 x Peri Peri Paneer Melt",,Flat Rs.300 off,1785.0,75.75,270.0,0.0,0.0,0.0,1590.75,,,,,,20.87,0.9,Correctly,,529c18c4411ba817101dc0e79bf31b4fa7765217053379c07c32dd7a0fc9734c,4
20659868,Aura Pizzas,Sector 4,Delhi NCR,6452267604,"02:28 PM, December 19 2024",Delivered,Zomato Delivery,7km,"1 x OG Cheese Pide, 1 x Bageecha Pizza, 1 x Onion Rings, 1 x Peri Peri Fries",,Flat Rs.300 off,1754.0,74.2,270.0,0.0,0.0,0.0,1558.2,,,,,,22.97,8.3,Correctly,,378ff8bd3811a47098d977a4249bcb8eb6e7a364dbdf2df95987ce15fbdd0cdd,4
20659868,Aura Pizzas,Sector 4,Delhi NCR,6447488245,"07:45 PM, December 17 2024",Delivered,Zomato Delivery,6km,"1 x Peri Peri Paneer Pizza, 2 x Chilli Cheese Garlic Bread, 1 x Bageecha Pizza",,Flat Rs.300 off,1775.0,75.25,270.0,0.0,0.0,0.0,1580.25,,,,,,14.38,3.9,Correctly,,5ad8f4dba6efbbe735df057786731940d4c8bc44593674caa12e516ed57ae5ab,4
20659868,Aura Pizzas,Sector 4,Delhi NCR,6446417174,"12:08 AM, December 17 2024",Delivered,Zomato Delivery,18km,"2 x Just Pepperoni Pide, 1 x Mushroom Mozzarella Melt, 1 x Jamaican Chicken Melt",,Flat Rs.300 off,1726.0,72.8,270.0,0.0,0.0,0.0,1528.8,,,,,,17.12,6.0,Correctly,,f5e56bd4c43943403d95724eaa1c0d670facb2edd3b1bf72228b07cd733838c6,4
20659868,Aura Pizzas,Sector 4,Delhi NCR,6434895039,"08:27 PM, December 14 2024",Delivered,Zomato Delivery,7km,"1 x Bageecha Pizza, 2 x Cheesy Garlic Bread, 1 x Makhani Paneer Pizza",,Buy 1 Get 1 - ₹818.00,838.0,41.9,0.0,0.0,0.0,0.0,879.9,,,,,,24.28,1.9,Correctly,,0982513182b2ccd1dc735804244e498396aedc17cd1cf70f24fa9cb421ce46ab,4
20659868,Aura Pizzas,Sector 4,Delhi NCR,6437924480,"07:36 PM, December 14 2024",Delivered,Zomato Delivery,1km,"2 x Makhani Paneer Pizza, 2 x Angara Paneer Melt",,Buy 1 Get 1 - ₹1028.00,1028.0,51.4,0.0,0.0,0.0,0.0,1079.4,,,,,,22.75,1.1,Correctly,,81cb9c2b987d3ede790aed85cf9e816d90c3b5ea34bcc7ad4ea4c4935f81e48a,4
20659868,Aura Pizzas,Sector 4,Delhi NCR,6419095939,"05:17 PM, December 14 2024",Delivered,Zomato Delivery,7km,"2 x Mushroom Mozzarella Melt, 2 x Margherita Pizza",,Buy 1 Get 1 - ₹1297.00,1297.0,64.85,0.0,0.0,0.0,0.0,1361.85,,,,,,24.77,5.4,Correctly,,218bc753c963efe375f27c5c6b55c9fbfaaabb29f4ee2b97a62098c3e7954eb6,4
20659868,Aura Pizzas,Sector 4,Delhi NCR,6436610383,"05:06 PM, December 14 2024",Delivered,Zomato Delivery,5km,"1 x Murgh Amritsari Garlic Bread, 1 x Mushroom Pizza, 1 x Mutton Seekh Pide, 1 x Makhani Paneer Pizza",,Buy 1 Get 1 - ₹868.00,1008.0,50.4,0.0,0.0,0.0,0.0,1058.4,,,,,,26.02,13.8,Correctly,Poor taste or quality,4fe3135d46ba2dd6a17d5b07baef3ff87cdbf624a3510155c7710dda4e4bc3a1,4
20659868,Aura Pizzas,Sector 4,Delhi NCR,6437952001,"02:53 PM, December 14 2024",Delivered,Zomato Delivery,3km,"2 x Jamaican Chicken Melt, 2 x Margherita Pizza",,Buy 1 Get 1 - ₹1128.00,1128.0,56.4,0.0,0.0,0.0,0.0,1184.4,,,,,,20.47,3.7,Correctly,,7039433e4915b8b840e6c79ab6f482a16e7b7cc733b7d3d97054ead0da2d8288,4
20659868,Aura Pizzas,Sector 4,Delhi NCR,6436921981,"01:54 PM, December 14 2024",Delivered,Zomato Delivery,4km,"2 x Chicken Pepperoni Pizza, 2 x Bageecha Pizza",,Buy 1 Get 1 - ₹1198.00,1198.0,59.9,0.0,0.0,0.0,0.0,1257.9,,,,,,21.17,1.3,Correctly,,64e96e7658a628edea5d4d92e72e04af7e5351b6618059136c5a752493b7317d,4
20659868,Aura Pizzas,Sector 4,Delhi NCR,6424377007,"08:33 PM, December 12 2024",Delivered,Zomato Delivery,1km,"2 x Herbed Potato, 2 x Chilli Cheese Garlic Bread",,Flat Rs.175 off,1052.0,40.37,157.0,0.0,0.0,87.7,847.67,,,,,,18.0,1.0,Correctly,,032502a9d98aada4b5267388194259f04992935d4183fb97245bfd6fc62fb57a,4
20659868,Aura Pizzas,Sector 4,Delhi NCR,6429957553,"08:38 PM, December 11 2024",Delivered,Zomato Delivery,2km,"1 x Masala Paneer Pide, 2 x Salted Crisper Fries, 1 x Tripple Cheese Pizza",,Flat 15% off,1426.0,55.61,192.51,0.0,0.0,121.21,1167.89,5.0,Fries are the best... please try!!!,,,,22.12,12.0,Correctly,,d228f5adca9c70fbdb4901f003aed8f4ce5ecb2d7e4bc211294d879fbf0a0e40,4
20882652,Aura Pizzas,DLF Phase 1,Delhi NCR,6445739560,"11:24 PM, December 20 2024",Delivered,Zomato Delivery,3km,"1 x Masala Paneer Pide, 1 x Chilli Cheese Garlic Bread, 1 x Margherita Pizza, 1 x Makhani Paneer Pizza",,Flat Rs.300 off,1856.0,79.3,270.0,0.0,0.0,0.0,1665.3,,,,,,25.63,2.4,Correctly,,d370e88f62798113ba1fe1dfe227b7f678369f13cc4aa54e22ad2047ab9cb8cd,4
20882652,Aura Pizzas,DLF Phase 1,Delhi NCR,6448018776,"07:23 PM, December 20 2024",Delivered,Zomato Delivery,7km,"1 x Pepperoni Garlic Bread, 1 x Margherita Pizza, 1 x Herbed Potato, 1 x Peri Peri Chicken Melt",,,1434.0,47.33,0.0,487.5,0.0,0.0,993.83,,,,,,25.4,12.2,Correctly,,166a92d0b3e9807d2bd622016b14e70da82771a7169606ae3026872d94328b73,4
20882652,Aura Pizzas,DLF Phase 1,Delhi NCR,6445922352,"09:50 PM, December 17 2024",Delivered,Zomato Delivery,3km,"1 x Margherita Pizza, 1 x Chilli Cheese Garlic Bread, 1 x Masala Paneer Pide, 1 x Makhani Paneer Pizza",,Flat Rs.300 off,1856.0,79.3,270.0,0.0,0.0,0.0,1665.3,,,,,,21.17,9.6,Correctly,,d370e88f62798113ba1fe1dfe227b7f678369f13cc4aa54e22ad2047ab9cb8cd,4
20882652,Aura Pizzas,DLF Phase 1,Delhi NCR,6444525589,"01:41 PM, December 16 2024",Delivered,Zomato Delivery,2km,"1 x Herbed Potato, 1 x Chilli Cheese Garlic Bread, 1 x Masala Potato Pide, 1 x Bageecha Pizza",,,1305.0,39.1,0.0,523.0,0.0,0.0,821.1,,,,,,20.6,1.7,Correctly,,7e271e28cfe50cf9e94c5f9bd32dfb933f3bc4e6ed2b3e4c444fa9de988e90c7,4
20882652,Aura Pizzas,DLF Phase 1,Delhi NCR,6436216639,"10:41 PM, December 14 2024",Delivered,Zomato Delivery,7km,"1 x Peri Peri Paneer Melt, 2 x Murgh Amritsari Seekh Melt, 1 x Angara Paneer Melt",,Buy 1 Get 1 - ₹928.00,938.0,46.9,0.0,0.0,0.0,0.0,984.9,,,,,,18.0,2.4,Correctly,,4f0c8bb49d63ece05f5a6e04183b590b0add9efc83dbd4179e2960d917920216,4
20882652,Aura Pizzas,DLF Phase 1,Delhi NCR,6434436822,"07:36 PM, December 14 2024",Delivered,Zomato Delivery,13km,"1 x Masala Paneer Pide, 1 x Cheesy Garlic Bread, 1 x Makhani Paneer Pizza, 1 x Peri Peri Paneer Pizza",,Buy 1 Get 1 - ₹988.00,1088.0,54.4,0.0,0.0,0.0,0.0,1142.4,5.0,,,,,19.42,0.9,Correctly,,09b884a021294bb93d65b6b9b0000e988397bac3dccfd3204c4f506df21be851,4
20882652,Aura Pizzas,DLF Phase 1,Delhi NCR,6422953020,"07:25 PM, December 14 2024",Delivered,Zomato Delivery,5km,"1 x Murgh Amritsari Seekh Melt, 1 x Mushroom Pizza, 1 x Jamaican Chicken Melt, 1 x Peri Peri Grilled Chicken Pizza",,Buy 1 Get 1 - ₹1088.00,1098.0,54.9,0.0,0.0,0.0,0.0,1152.9,,,,,,21.05,5.3,Correctly,,e84edbd6d0d785f9df755c02dc15df16fe28b7a75d3333572baf27022a1ef3cf,4
20882652,Aura Pizzas,DLF Phase 1,Delhi NCR,6436862983,"07:09 PM, December 14 2024",Delivered,Zomato Delivery,2km,"1 x Chilli Cheese Garlic Bread, 2 x Murgh Amritsari Seekh Pide, 1 x Peri Peri Crisper Fries",,Buy 1 Get 1 - ₹548.00,608.0,30.4,0.0,0.0,0.0,0.0,638.4,,,,,,17.58,10.2,Correctly,,86b090f3a713de475ab5dc42415eddf774c99b827446cb88e8cc47541ab346ef,4
20882652,Aura Pizzas,DLF Phase 1,Delhi NCR,6436563034,"01:55 PM, December 14 2024",Delivered,Zomato Delivery,3km,"1 x Bacon Pepperoni Melt, 1 x All About Chicken Pizza, 1 x Just Pepperoni Pizza, 1 x Jamaican Chicken Melt",,Buy 1 Get 1 - ₹1237.00,1258.0,62.9,0.0,0.0,0.0,0.0,1320.9,4.0,,,,,21.67,3.0,Correctly,,02bb84dad357f1ddfca609abbe748c26c51b2a82e48520f16670dc5b3e83897d,4
20882652,Aura Pizzas,DLF Phase 1,Delhi NCR,6409055341,"08:21 PM, December 13 2024",Delivered,Zomato Delivery,7km,"1 x Peri Peri Paneer Melt, 1 x Angara Paneer Melt, 2 x Murgh Amritsari Seekh Melt",,Flat Rs.300 off,1866.0,71.97,270.0,0.0,0.0,156.6,1511.37,,,,,,18.7,2.2,Correctly,,4f0c8bb49d63ece05f5a6e04183b590b0add9efc83dbd4179e2960d917920216,4
20882652,Aura Pizzas,DLF Phase 1,Delhi NCR,6429276433,"07:39 PM, December 13 2024",Delivered,Zomato Delivery,4km,"1 x Peri Peri Crisper Fries, 1 x All About Chicken Pizza, 2 x Tipsy Tiger Fresh Lime Soda",,Flat Rs.175 off,1296.1,51.35,157.0,0.0,0.0,112.11,1078.34,,,,,,21.8,1.9,Correctly,,4e764f45f9a9f19c2da8c451d87ccb71eb93cccdbc4a041dded486ddcaee7f73,4
20882652,Aura Pizzas,DLF Phase 1,Delhi NCR,6431268515,"02:53 PM, December 12 2024",Delivered,Zomato Delivery,5km,"1 x Peri Peri Crisper Fries, 2 x Tipsy Tiger Fresh Lime Soda, 1 x Peri Peri Paneer Pizza",,,1076.1,53.81,0.0,0.0,0.0,0.0,1129.91,,,,,,15.57,9.3,Correctly,,3537fb04140f98101f9aa69b79cc8b96de12b802ebe33033b3d5b1808168a8cc,4
20882713,Swaad,DLF Phase 1,Delhi NCR,6446429657,"02:41 PM, December 20 2024",Delivered,Zomato Delivery,3km,"1 x Bone in Smoky Bbq Grilled Chicken, 1 x Bone in Jamaican Grilled Chicken, 1 x Bone in Peri Peri Grilled Chicken, 1 x Bone in Angara Grilled Chicken",,Flat 20% off,1240.0,49.6,248.0,0.0,0.0,0.0,1041.6,,,,,,16.5,6.1,Correctly,,9e1f5429dc03919059c5b2e17cccf81396282a6ed8843191509b03b26ecb8670,4
20882713,Swaad,DLF Phase 1,Delhi NCR,6450400273,"08:57 PM, December 18 2024",Delivered,Zomato Delivery,3km,"1 x Herbed Potato, 1 x Animal Fries, 1 x Tipsy Tiger Fresh Lime Soda, 1 x Grilled Chicken Jamaican Tender",,Flat 15% off,1022.05,45.01,121.91,0.0,0.0,0.0,945.15,,,,,,18.83,0.4,Correctly,,8aeea5c92e80342d3d882a1939f16b13fbfc924e2c28006988a953fa76397813,4
20882713,Swaad,DLF Phase 1,Delhi NCR,6432796244,"11:40 PM, December 13 2024",Delivered,Zomato Delivery,1km,"1 x Honey Mustard sauce, 1 x Bone in Kabuli Grilled Chicken, 1 x Bone in Jamaican Grilled Chicken, 1 x Fried Chicken Beast AAC Burger",,Flat Rs.175 off,1055.0,44.9,157.0,0.0,0.0,0.0,942.9,,,,,,14.03,1.7,Correctly,,aef155ad829d3a0b649b869d6fd24a9b67f688b56aa1470de4dc32392b36867d,4
20882713,Swaad,DLF Phase 1,Delhi NCR,6435038873,"07:08 PM, December 13 2024",Delivered,Zomato Delivery,5km,"1 x Fried Chicken Beast AAC Burger, 1 x Fried Chicken Classic Tender, 1 x AAC Fried Paneer Burger, 1 x Animal Fries",,Buy 1 Get 1 - ₹680.00,720.0,36.0,0.0,0.0,0.0,0.0,756.0,,,,,,28.28,14.7,Correctly,,bbf357807127c17a980dcbfdf9eedf6e07f937af5dfa8f2c7fecb64caa6c1ce6,4
20882713,Swaad,DLF Phase 1,Delhi NCR,6435390111,"03:27 PM, December 13 2024",Delivered,Zomato Delivery,5km,"1 x GhostBuster Sauce, 1 x Dynamite sauce, 2 x Fried Chicken Ghostbuster Tender",,Buy 1 Get 1 - ₹385.00,385.0,19.25,0.0,0.0,0.0,0.0,404.25,,,,,,18.52,4.1,Correctly,,a60e9f7fc52a859135753256a33fb24d0518e37753e4fb77aa4597488d81c612,4
21077127,Aura Pizzas,Sector 135,Delhi NCR,6450871102,"09:41 PM, December 20 2024",Delivered,Zomato Delivery,16km,"1 x Peri Peri Crisper Fries, 1 x Onion Rings, 1 x Peri Peri Grilled Chicken Pizza, 1 x Murgh Amritsari Seekh Pizza",,Flat Rs.175 off,1976.0,90.05,175.0,0.0,0.0,0.0,1891.05,,,,,,17.43,1.3,Correctly,,3a1f73655887e30787063b5baa3bf22db45ee15f2ea79bc7a59188962f2b0120,4
21077127,Aura Pizzas,Sector 135,Delhi NCR,6440663683,"09:22 PM, December 19 2024",Delivered,Zomato Delivery,1km,"1 x Bageecha Pizza, 1 x Tipsy Tiger Ginger Ale, 1 x Herbed Potato, 1 x Chilli Cheese Garlic Bread",,Flat Rs.175 off,1185.05,50.5,175.0,0.0,0.0,0.0,1060.55,,,,,,18.5,0.9,Correctly,,cf21ada1a6fd333d102044b0836a68b30b0307e2d12fcbc7de2967968f1f0216,4
21077127,Aura Pizzas,Sector 135,Delhi NCR,6433570926,"07:29 PM, December 14 2024",Delivered,Zomato Delivery,5km,"1 x Mushroom Pizza, 1 x Bageecha Pizza, 1 x Murgh Amritsari Seekh Pide, 1 x All About Chicken Pizza",,Buy 1 Get 1 - ₹958.00,1258.0,62.9,0.0,0.0,0.0,0.0,1320.9,5.0,,,,,15.35,3.4,Correctly,,9ed328b8713d53d54d79cc3513eb76357077d8025da5cb988d88dde0987cdee3,4
21077127,Aura Pizzas,Sector 135,Delhi NCR,6438661416,"06:52 PM, December 14 2024",Delivered,Zomato Delivery,6km,"1 x Jamaican Chicken Melt, 1 x Mushroom Mozzarella Melt, 1 x Margherita Pizza, 1 x Bacon Pepperoni Melt",,Buy 1 Get 1 - ₹967.00,1078.0,53.9,0.0,0.0,0.0,0.0,1131.9,5.0,,,,,16.68,8.7,Correctly,,2a6ee1f2038fe60e2efe4f6de3e2872e3f1d804f21bc8234ee963e655aa4f7a7,4
21077127,Aura Pizzas,Sector 135,Delhi NCR,6433115825,"02:41 PM, December 14 2024",Delivered,Zomato Delivery,2km,"1 x Garlic Aioli, 1 x Harissa Mayo, 1 x Jamaican Chicken Melt, 1 x Bageecha Pizza",,Buy 1 Get 1 - ₹539.00,659.0,32.95,0.0,0.0,0.0,0.0,691.95,,,,,,16.37,5.7,Correctly,,5d2c49a8f4a16bc5452c01957ae128b9088b86797515484c412bfbef9093b122,4
21077127,Aura Pizzas,Sector 135,Delhi NCR,6433729148,"06:50 PM, December 13 2024",Delivered,Zomato Delivery,3km,"1 x Margherita Pizza, 1 x Bageecha Pizza, 2 x Tipsy Tiger Fresh Lime Soda",,,1621.1,81.06,0.0,0.0,0.0,0.0,1702.16,,,,,,15.75,9.3,Correctly,,8975d82fa44e49828335a4b3d26b8de3969b8a409884f9ec4a2cb80e0c468651,4
21077127,Aura Pizzas,Sector 135,Delhi NCR,6432570103,"08:32 PM, December 12 2024",Delivered,Zomato Delivery,1km,"1 x Makhani Paneer Pizza, 1 x All About Chicken Pizza, 1 x Chilli Cheese Garlic Bread, 1 x Murgh Amritsari Garlic Bread",,,1786.0,80.37,0.0,0.0,0.0,178.6,1687.77,,,,,,18.65,0.6,Correctly,,5d16abec574629b11d2351ffb664b3ae620b3466324991c169cdba6b26b346f9,4
21173951,Aura Pizzas,Vasant Kunj,Delhi NCR,6443585815,"07:50 PM, December 17 2024",Delivered,Zomato Delivery,1km,"1 x Bageecha Pizza, 1 x Jamaican Chicken Melt, 1 x All About Chicken Pizza, 1 x Murgh Amritsari Seekh Pizza",,Flat 15% off,2366.0,102.33,319.41,0.0,0.0,0.0,2148.92,,,,,,20.13,0.9,Correctly,,4631c8e99e6d7de6fd0f3d2109f877af2b835d0adf9559fb6ebfe02a0fc9819e,4
21173951,Aura Pizzas,Vasant Kunj,Delhi NCR,6432557541,"10:59 PM, December 14 2024",Delivered,Zomato Delivery,1km,"1 x Herbed Potato, 1 x Peri Peri Paneer Pizza, 1 x Just Pepperoni Pizza, 1 x Peri Peri Crisper Fries",,Buy 1 Get 1 - ₹727.00,908.0,45.4,0.0,0.0,0.0,0.0,953.4,,,,,,17.78,0.9,Correctly,,bc0c0241681fe72b04565c37cd903258900a2bc50bc95be90e4021c6badcf37b,4
21173951,Aura Pizzas,Vasant Kunj,Delhi NCR,6434252678,"10:37 PM, December 12 2024",Delivered,Zomato Delivery,4km,"1 x Salted Crisper Fries, 2 x Garlic Aioli, 1 x Margherita Pizza",,Flat Rs.175 off,1064.0,45.35,157.0,0.0,0.0,0.0,952.35,,,,,,18.95,4.5,Correctly,,3e35c36c9c0bbf6e0256639bf53882766a16269e441c34ea805de3e6eb3c0d8b,4
21309083,Swaad,Shahdara,Delhi NCR,6437433021,"06:17 PM, December 15 2024",Delivered,Zomato Delivery,<1km,"1 x Smoky BBQ Sauce, 1 x Jamaican Sauce, 1 x Grilled Chicken Smoky BBQ Tender, 1 x Bone in Smoky Bbq Grilled Chicken",,Flat 15% off,865.0,37.41,116.78,0.0,0.0,0.0,785.63,,,,,,21.1,4.5,Correctly,,12f044e337feba215aa8a617dbb3c17f39f04620dc65f406435cf0c06a2e94cc,4
21309083,Swaad,Shahdara,Delhi NCR,6435510623,"07:55 PM, December 13 2024",Delivered,Zomato Delivery,3km,"1 x Grilled Chicken Jamaican Tender, 1 x Bone in Peri Peri Grilled Chicken, 1 x Grilled Chicken Peri Peri Tender, 1 x Grilled Chicken Smoky BBQ Tender",,Buy 1 Get 1 - ₹870.00,1020.0,51.0,0.0,0.0,0.0,0.0,1071.0,,,,,,22.93,2.7,Correctly,,241d3de4a6993d0e54e032d9ce9b2442a0e9157361ed95c9db2c6422be1a50ab,4
21309083,Swaad,Shahdara,Delhi NCR,6434313021,"07:32 PM, December 13 2024",Delivered,Zomato Delivery,9km,"1 x Bone in Kabuli Grilled Chicken, 1 x Bone in Angara Grilled Chicken, 1 x Fried Chicken Kabuli Tender, 1 x Bone in Jamaican Grilled Chicken",,Buy 1 Get 1 - ₹620.00,635.0,31.75,0.0,0.0,0.0,0.0,666.75,,,,,,22.62,13.5,Correctly,,c5b69e8722307c80359e2ac75fbd0e6573df26b4169653a1f6f29868879d41d0,4
21309083,Swaad,Shahdara,Delhi NCR,6430297494,"07:33 PM, December 12 2024",Delivered,Zomato Delivery,10km,"1 x Grilled Chicken Smoky BBQ Tender, 3 x Grilled Chicken Peri Peri Tender",,,1740.0,87.0,0.0,0.0,0.0,0.0,1827.0,,,,,,21.68,11.2,Correctly,,62217bf3b541e8ae75f0c971b42bcee28cfd313a1f6e3481af824d9d4b693bea,4
20320607,Swaad,Sector 4,Delhi NCR,6475095130,"10:32 PM, December 27 2024",Delivered,Zomato Delivery,2km,"1 x Salted Fries, 1 x Grilled Chicken Tangdi Jamaican + Salted Krispers, 1 x Bone in Smoky Bbq Grilled Chicken, 1 x Bone in Peri Peri Grilled Chicken",,Buy 1 Get 1 - ₹704.00,895.0,44.75,0.0,0.0,0.0,0.0,939.75,,,,,,15.78,0.1,Correctly,,b3021bd5c6ee1b53414200e526d6a50e6a24231c409b8129d6aa7d5d3229750c,4
20320607,Swaad,Sector 4,Delhi NCR,6469295405,"03:40 PM, December 27 2024",Delivered,Zomato Delivery,2km,"2 x Salted Fries, 1 x Fried Chicken Beast AAC Burger, 1 x AAC Grilled Chicken Burger",,Buy 1 Get 1 - ₹544.00,544.0,27.2,0.0,0.0,0.0,0.0,571.2,,,,,,15.0,0.8,Correctly,,e773d4ab84735f46abb8f3cedb59a1b5fa765ecb9d59c563fcbd07d526a7d877,4
20320607,Swaad,Sector 4,Delhi NCR,6469656135,"02:19 PM, December 27 2024",Delivered,Zomato Delivery,7km,"1 x Grilled Chicken Ghostbuster Tangdi, 1 x Peri Peri Crisper Fries, 1 x Grilled Chicken Angara Tangdi, 1 x AAC Signature Crisper Fries",,Buy 1 Get 1 - ₹604.00,604.0,30.2,0.0,0.0,0.0,0.0,634.2,4.0,,,,,27.43,3.7,Correctly,,01586c146e9adbf9f399fc0e20e64d4945d785980a04b6f679ab6d94e172238e,4
20554001,Swaad,Greater Kailash 2 (GK2),Delhi NCR,6480914138,"07:06 PM, December 31 2024",Delivered,Zomato Delivery,<1km,"1 x Bone in Peri Peri Grilled Chicken, 1 x Angara Sauce, 1 x Grilled Chicken Angara Tender, 1 x Bone in Jamaican Grilled Chicken",,Flat 20% off,1660.0,68.06,298.8,0.0,0.0,0.0,1429.26,,,,,,22.6,10.5,Correctly,,40844668274a69607b50e7452c6058b225d4cbd74bae0738685486db110d4a78,4
20554001,Swaad,Greater Kailash 2 (GK2),Delhi NCR,6472399341,"06:29 PM, December 30 2024",Delivered,Zomato Delivery,7km,"1 x Fried Chicken Angara Tender, 1 x Fried Chicken Kabuli Tender, 1 x AAC Signature Fries, 1 x Fried Chicken Ghostbuster Tender",,Flat 20% off,1299.0,53.26,233.82,0.0,0.0,0.0,1118.44,4.0,,,,,21.37,7.3,Correctly,,960b6543eb5611330f0e49b13ee776597444ca7c81314eb2d8abc73cbd81e0e0,4
20554001,Swaad,Greater Kailash 2 (GK2),Delhi NCR,6476077359,"09:29 PM, December 28 2024",Delivered,Zomato Delivery,2km,"1 x Grilled Chicken Smoky Bbq Boneless Breast, 1 x Bone in Peri Peri Grilled Chicken, 1 x Fried Chicken Beast AAC Burger, 1 x Fried Chicken Angara Tender",,Flat 20% off,1610.0,66.01,289.8,0.0,0.0,0.0,1386.21,4.0,,,,,28.02,12.4,Correctly,,ff0d634635e569bd05208dab02f42730d93733dfe8a33a448c1ab4b19fada6b8,4
20554001,Swaad,Greater Kailash 2 (GK2),Delhi NCR,6473244186,"09:13 PM, December 27 2024",Delivered,Zomato Delivery,3km,"2 x Salted Fries, 1 x Grilled Chicken Angara Tangdi, 1 x Grilled Chicken Ghostbuster Tangdi",,Buy 1 Get 1 - ₹574.00,574.0,28.7,0.0,0.0,0.0,0.0,602.7,,,,,,20.75,0.4,Correctly,,83eaaad479cfc70236e6959b5224228258292176eda39383e799d406f7027994,4
20554001,Swaad,Greater Kailash 2 (GK2),Delhi NCR,6463288760,"06:06 PM, December 25 2024",Delivered,Zomato Delivery,1km,"1 x Grilled Chicken Jamaican Tender, 1 x Salted Fries, 1 x Mayonnaise, 1 x Animal Fries",,Flat Rs.200 off,1124.0,46.2,200.0,0.0,0.0,0.0,970.2,5.0,Amazing,,,,18.52,6.9,Correctly,,da776ea9275a5d60e3918e233158cf896607ebe857cf402bb51c32a759db9fa1,4
20635699,Aura Pizzas,Greater Kailash 2 (GK2),Delhi NCR,6486942417,"08:16 PM, December 31 2024",Delivered,Zomato Delivery,2km,"1 x Peri Peri Paneer Pizza, 1 x Murgh Amritsari Garlic Bread, 1 x Mutton Seekh Pide, 1 x Jamaican Chicken Melt",,Flat Rs.300 off,1746.0,72.3,300.0,0.0,0.0,0.0,1518.3,,,,,,23.83,0.4,Correctly,,4f36ec698b744af8419caca104f5dc32d823c0e4bfe147168c1ad3d3d5c2ba02,4
20635699,Aura Pizzas,Greater Kailash 2 (GK2),Delhi NCR,6471173549,"06:05 PM, December 31 2024",Delivered,Zomato Delivery,6km,4 x Margherita Pizza,,Flat Rs.300 off,1836.0,76.8,300.0,0.0,0.0,0.0,1612.8,,,,,,13.55,0.3,Correctly,,120c2e9d32e460a53b6a62885e9b49bef9690f188e0ba8dd9519d98dbf40d28d,4
20635699,Aura Pizzas,Greater Kailash 2 (GK2),Delhi NCR,6481058811,"12:07 PM, December 31 2024",Delivered,Zomato Delivery,4km,"1 x Just Pepperoni Pizza, 1 x Grilled Chicken Tangdi, 1 x Cheesy Garlic Bread, 1 x Herbed Potato",,Flat Rs.300 off,1515.0,57.05,300.0,74.0,0.0,0.0,1198.05,5.0,,,,,18.15,6.1,Correctly,,b2f905eb1fc684df18704cff9e00185d21720e272fc7b4b5bff636751132dd75,4
20635699,Aura Pizzas,Greater Kailash 2 (GK2),Delhi NCR,6473668571,"09:21 PM, December 29 2024",Delivered,Zomato Delivery,2km,"1 x Peri Peri Grilled Chicken Pizza, 1 x Angara Paneer Melt, 1 x Peri Peri Crisper Fries, 1 x Malai Gud Pide",,Flat Rs.300 off,1585.0,65.75,270.0,0.0,0.0,0.0,1380.75,,,,,,20.82,0.3,Correctly,,20d6b7c56dec35aa933d6f74f5d559bf5b12cbba2f5e121b1614e4b1208f61be,4
20635699,Aura Pizzas,Greater Kailash 2 (GK2),Delhi NCR,6467429038,"10:25 PM, December 27 2024",Delivered,Zomato Delivery,<1km,"1 x Jamaican Chicken Melt, 1 x Indian Masala Fries, 1 x Tripple Cheese Pizza, 1 x Peri Peri Paneer Pizza",,Flat Rs.510 off,2005.0,86.72,270.68,0.0,0.0,0.0,1821.04,4.0,,,,,20.95,0.5,Correctly,,47631ddbf32473409c462a114d81fc4fdbb8ff4c011d8fdde6847e793b4a6b2a,4
20635699,Aura Pizzas,Greater Kailash 2 (GK2),Delhi NCR,6471489163,"09:24 PM, December 26 2024",Delivered,Zomato Delivery,1km,"1 x Chicken Pepperoni Pizza, 1 x Margherita Pizza, 1 x Pepperoni Garlic Bread, 1 x Cheesy Garlic Bread",Order: Please send fresh and good pepperoni,Buy 1 Get 1 - ₹698.00,878.0,43.9,0.0,0.0,0.0,0.0,921.9,,,,,,24.12,10.0,Correctly,,31c252c664903e1ee022a03dcc80654c03aad39af8decd9f2e95d6f6557d29ce,4
20635699,Aura Pizzas,Greater Kailash 2 (GK2),Delhi NCR,6473296567,"09:11 PM, December 26 2024",Delivered,Zomato Delivery,4km,"1 x Jamaican Chicken Melt, 1 x Mushroom Mozzarella Melt, 1 x Angara Paneer Melt, 1 x Just Pepperoni Pizza",,Buy 1 Get 1 - ₹928.00,1098.0,54.9,0.0,0.0,0.0,0.0,1152.9,,,,,,26.33,5.0,Correctly,,fb68877ff7fdfbf438150b68c9f5f8f9b44f8bd2371cd6bb664d9981e8c04550,4
20635699,Aura Pizzas,Greater Kailash 2 (GK2),Delhi NCR,6471850255,"06:45 PM, December 26 2024",Delivered,Zomato Delivery,6km,"1 x Pepperoni Garlic Bread, 1 x Herbed Potato, 1 x Murgh Amritsari Garlic Bread, 1 x Murgh Amritsari Seekh Pide",,Buy 1 Get 1 - ₹437.00,628.0,31.4,0.0,0.0,0.0,0.0,659.4,,,,,,19.75,7.7,Correctly,,bec283f4cc434cbdb4751d10d38921fa7b896652ff28930c006c908555e148b2,4
20635699,Aura Pizzas,Greater Kailash 2 (GK2),Delhi NCR,6466609121,"06:22 PM, December 26 2024",Delivered,Zomato Delivery,2km,"1 x Peri Peri Paneer Pizza, 1 x Jamaican Chicken Melt, 1 x Chilli Cheese Garlic Bread, 1 x Murgh Amritsari Garlic Bread",,Buy 1 Get 1 - ₹838.00,948.0,47.4,0.0,0.0,0.0,0.0,995.4,,,,,,15.53,0.2,Correctly,,eede7b9dc4090b60422ba828b48633d9e7516b57cdf02903a396fd7d2b5550d5,4
20635699,Aura Pizzas,Greater Kailash 2 (GK2),Delhi NCR,6470202674,"09:32 PM, December 25 2024",Delivered,Zomato Delivery,2km,"2 x Angara Paneer Melt, 2 x Jamaican Chicken Melt",,Flat Rs.300 off,1856.0,79.3,270.0,0.0,0.0,0.0,1665.3,5.0,,,,,25.27,7.0,Correctly,,87914cdf29e9abadd81682bc1f10c5060e5ef20a11a3afa9ecf8b6f48d4fe98c,4
20635699,Aura Pizzas,Greater Kailash 2 (GK2),Delhi NCR,6469005734,"04:17 PM, December 25 2024",Delivered,Zomato Delivery,3km,"1 x Murgh Amritsari Seekh Pide, 1 x Cheesy Garlic Bread, 1 x Tripple Cheese Pizza, 1 x Herbed Potato",,Flat 15% off,1462.0,63.23,197.37,0.0,0.0,0.0,1327.86,,,,,,19.38,6.5,Correctly,,6f7dcebe27eaffd210f25d0264247c08691d595c7e52b9c16b2875e8cae766da,4
20635699,Aura Pizzas,Greater Kailash 2 (GK2),Delhi NCR,6467204294,"02:06 PM, December 25 2024",Delivered,Zomato Delivery,9km,"1 x Peri Peri Chicken Melt, 1 x Herbed Potato, 1 x Loaded Pork Pepperoni Pizza, 1 x Pepperoni Garlic Bread",,,1765.0,65.35,0.0,458.0,0.0,0.0,1372.35,,,,,,19.27,6.9,Correctly,,53c364829f65d23021f4eeec5ca617975c0fad3ea43e030f6e9c22ab7d661685,4
20635699,Aura Pizzas,Greater Kailash 2 (GK2),Delhi NCR,6468379341,"11:40 AM, December 25 2024",Delivered,Zomato Delivery,5km,"1 x Tipsy Tiger Fresh Lime Soda, 1 x Tipsy Tiger Ginger Ale, 1 x Margherita Pizza, 1 x Pepperoni Garlic Bread",,Flat Rs.200 off,1166.1,48.31,200.0,0.0,0.0,0.0,1014.41,,,,,,14.28,6.9,Correctly,,39f53c98c3271faaa04f7a4069a79d096bfaa29e48cbb8c11c4cd29a9143967f,4
20635699,Aura Pizzas,Greater Kailash 2 (GK2),Delhi NCR,6459089983,"12:12 AM, December 22 2024",Delivered,Zomato Delivery,1km,"1 x All About Chicken Pizza, 1 x Chilli Cheese Garlic Bread, 1 x Peri Peri Crisper Fries, 1 x Murgh Amritsari Seekh Pizza",,Flat 15% off,1746.0,75.51,235.71,0.0,0.0,0.0,1585.8,,,,,,23.5,0.6,Correctly,,23d839befd8e211d576973ab5870d03ec97d09769fbd1a7cbab4b2841942ba16,4
20635699,Aura Pizzas,Greater Kailash 2 (GK2),Delhi NCR,6447090924,"08:18 PM, December 21 2024",Delivered,Zomato Delivery,5km,"1 x Jamaican Chicken Melt, 1 x Mushroom Mozzarella Melt, 1 x Salted Fries, 1 x Murgh Amritsari Seekh Melt",,Flat Rs.300 off,1743.0,73.65,270.0,0.0,0.0,0.0,1546.65,,,,,,25.43,0.8,Correctly,,5372e6b33082e849f2f25caf0d2833ef162d785685396ae46e8a5c8ff262242e,4
20635699,Aura Pizzas,Greater Kailash 2 (GK2),Delhi NCR,6451342175,"02:29 PM, December 21 2024",Delivered,Zomato Delivery,4km,"1 x Indian Masala Fries, 1 x Herbed Potato, 1 x Bageecha Pizza, 1 x Cheesy Garlic Bread",,50% off upto Rs.100,1304.0,39.03,90.0,433.5,0.0,0.0,819.53,,,,,,20.03,6.1,Correctly,,4212783a2e254150346eae9c0eb6f7b02076a32fff243ecaf8fcd850ae838fd1,4
20659868,Aura Pizzas,Sector 4,Delhi NCR,6488150654,"10:14 PM, December 31 2024",Delivered,Zomato Delivery,9km,"1 x Tripple Cheese Pizza, 1 x Chilli Cheese Garlic Bread, 1 x Garlic Aioli, 1 x Makhani Paneer Pizza",,Flat Rs.300 off,1831.0,76.55,300.0,0.0,0.0,0.0,1607.55,,,,,,21.27,7.4,Correctly,,44a1baac0d21e3b9cd6ffc9612eb73df030985ac9c2889d2ae0a1b56022d69ad,4
20659868,Aura Pizzas,Sector 4,Delhi NCR,6484193402,"04:01 PM, December 31 2024",Delivered,Zomato Delivery,3km,"1 x Tripple Cheese Pizza, 1 x Bageecha Pizza, 1 x Margherita Pizza, 1 x Peri Peri Paneer Pizza",,Flat 15% off,2586.0,111.85,349.11,0.0,0.0,0.0,2348.74,5.0,,,,,29.97,21.2,Correctly,,6a7aa22bbaf4a0d5225bdb886d346f08211839481969a3f0d51d275b35ed635b,4
20659868,Aura Pizzas,Sector 4,Delhi NCR,6482303876,"11:45 AM, December 30 2024",Delivered,Zomato Delivery,17km,"2 x Garlic Aioli, 1 x Mushroom Mozzarella Melt, 1 x OG Cheese Pide",,Flat 15% off,1235.0,53.41,166.73,0.0,0.0,0.0,1121.68,5.0,,,,,14.55,1.5,Correctly,,f9e03b5820a6125f8ab7dea0ea10cb808ff3f80523d3084451762f9169263949,4
20659868,Aura Pizzas,Sector 4,Delhi NCR,6462091820,"08:43 PM, December 29 2024",Delivered,Zomato Delivery,3km,"1 x Bellpepper Onion Pizza, 1 x Peri Peri Paneer Melt, 2 x Angara Paneer Melt",,Flat 15% off,2146.0,92.81,289.71,0.0,0.0,0.0,1949.1,,,,,,28.8,11.6,Correctly,,bdbb28a0108a0421488a06bbce76f65740c051a6768e3d5bd8c9ecc64f31903b,4
20659868,Aura Pizzas,Sector 4,Delhi NCR,6480058165,"06:52 PM, December 29 2024",Delivered,Zomato Delivery,6km,"1 x Loaded Korean Grilled Chicken Pizza, 1 x Bageecha Pizza, 1 x Murgh Amritsari Seekh Melt, 1 x Cheesy Garlic Bread",,Flat 15% off,2176.0,94.11,293.76,0.0,0.0,0.0,1976.35,,,,,,29.57,21.0,Correctly,,a584a3919b011d26b5979f7ba630957e6f833440712d08654e1d67f70d997c27,4
20659868,Aura Pizzas,Sector 4,Delhi NCR,6474672044,"12:57 AM, December 29 2024",Delivered,Zomato Delivery,9km,"1 x Murgh Amritsari Garlic Bread, 1 x Fried Chicken Tenders, 1 x Chilli Cheese Garlic Bread, 1 x Herbed Potato",,Flat Rs.175 off,1059.0,45.1,157.0,0.0,0.0,0.0,947.1,,,,,,18.25,13.7,Correctly,,38ebcdfade9c02bbd8a566f41875f85fb0b938026df87450adfb1bb57bab3e57,4
20659868,Aura Pizzas,Sector 4,Delhi NCR,6476698487,"09:23 PM, December 28 2024",Delivered,Zomato Delivery,7km,"1 x Margherita Pizza, 1 x Makhani Paneer Pizza, 1 x Bageecha Pizza, 1 x Peri Peri Paneer Pizza",,Flat 15% off,2966.0,128.28,400.41,0.0,0.0,0.0,2693.87,,,,,,21.17,12.5,Correctly,,8bcd6fef4b0b70669ba4383a07298debbe280e2110955b288fdefad3b4133239,4
20659868,Aura Pizzas,Sector 4,Delhi NCR,6473812406,"12:47 PM, December 28 2024",Delivered,Zomato Delivery,4km,"1 x Masala Potato Pide, 1 x Mutton Seekh Pizza, 1 x Herbed Potato, 1 x Tripple Cheese Pizza",,,1735.0,57.1,0.0,593.0,0.0,0.0,1199.1,,,,,,17.37,10.3,Correctly,,4e4f219e1c8cbdc18b5dced6747f4d37db1291ca8c9022a6e8c0574cf2b05ed1,4
20659868,Aura Pizzas,Sector 4,Delhi NCR,6468847528,"01:38 AM, December 27 2024",Delivered,Zomato Delivery,2km,"1 x Murgh Amritsari Seekh Pide, 1 x Salted Crisper Fries, 1 x Cheesy Garlic Bread, 1 x Indian Masala Fries",,,965.0,48.25,0.0,0.0,0.0,0.0,1013.25,,,,,,18.22,14.4,Correctly,,8d0fbe2378a0f248e68cf3c1d542df324a09332bc47b056d2636a57693d71033,4
20659868,Aura Pizzas,Sector 4,Delhi NCR,6466502865,"06:32 PM, December 26 2024",Delivered,Zomato Delivery,9km,"1 x Margherita Pizza, 2 x Makhani Paneer Pizza, 1 x Mushroom Mozzarella Melt",,Buy 1 Get 1 - ₹1198.00,1208.0,60.4,0.0,0.0,0.0,0.0,1268.4,,,,,,14.33,1.5,Correctly,,e70e7d32900497098d8779c0dec91ff3d5244e717a85b885f16a1b2d0b51c2ff,4
20659868,Aura Pizzas,Sector 4,Delhi NCR,6469990913,"03:56 PM, December 26 2024",Delivered,Zomato Delivery,10km,"1 x Margherita Pizza, 1 x Peri Peri Crisper Fries, 1 x Herbed Potato, 1 x Bellpepper Onion Pizza",,Buy 1 Get 1 - ₹607.00,838.0,41.9,0.0,0.0,0.0,0.0,879.9,,,,,,17.4,9.5,Correctly,,b89dbbf70c74aec1ccf5e4056f71ab3d6da34f214c580769265c32565b2344be,4
20659868,Aura Pizzas,Sector 4,Delhi NCR,6464898460,"08:22 PM, December 25 2024",Delivered,Zomato Delivery,7km,"1 x Tripple Cheese Pizza, 1 x Herbed Potato, 1 x Fried Chicken Tenders, 1 x Indian Masala Fries",,Flat Rs.200 off,1080.0,44.0,200.0,0.0,0.0,0.0,924.0,,,,,,18.33,2.5,Correctly,,8695f1ad8d14c6a3c90a056fac40ac32d4d54b9617ee20e658eab77ef5dbab49,4
20659868,Aura Pizzas,Sector 4,Delhi NCR,6465258678,"01:59 PM, December 25 2024",Delivered,Zomato Delivery,3km,"1 x Chilli Cheese Garlic Bread, 1 x Pepperoni Garlic Bread, 1 x Mutton Seekh Pizza, 1 x Bageecha Pizza",,Flat Rs.200 off,2016.0,66.85,200.0,479.0,0.0,0.0,1403.85,,,,,,31.13,10.7,Correctly,,d8b9f73ead3c40ee25f9e1152305b41c7233982c756c6d909fdec7adda9cc4a4,4
20659868,Aura Pizzas,Sector 4,Delhi NCR,6453065654,"07:13 PM, December 24 2024",Delivered,Zomato Delivery,9km,"1 x Masala Paneer Pide, 1 x Onion Rings, 1 x Angara Paneer Melt, 1 x Bageecha Pizza",,Flat Rs.300 off,1596.0,66.3,270.0,0.0,0.0,0.0,1392.3,,,,,,27.0,14.8,Correctly,,3949c48329676412fe4e4f89ade6d5889680810e21cbb9ee9f9135921da17337,4
20659868,Aura Pizzas,Sector 4,Delhi NCR,6462364939,"08:52 PM, December 22 2024",Delivered,Zomato Delivery,6km,"1 x Just Pepperoni Pizza, 1 x Bageecha Pizza, 2 x Cheesy Garlic Bread",,Flat Rs.300 off,1726.0,72.8,270.0,0.0,0.0,0.0,1528.8,,,,,,16.15,1.2,Correctly,,c1f2a8c6c1535149642e6c3a4f79fae6de39715d7d53c5f4f68d34b1e4a501fd,4
20659868,Aura Pizzas,Sector 4,Delhi NCR,6454710873,"01:41 PM, December 22 2024",Delivered,Zomato Delivery,9km,4 x Herbed Potato,,,1072.0,26.8,0.0,536.0,0.0,0.0,562.8,,,,,,20.0,13.9,Correctly,,cd2b5845fe0885ba59956e54c60c04de9573060cfb0c264102c4569c0755842a,4
20882652,Aura Pizzas,DLF Phase 1,Delhi NCR,6474894313,"10:53 PM, December 31 2024",Delivered,Zomato Delivery,8km,"2 x Chilli Cheese Garlic Bread, 2 x Bageecha Pizza",,Flat 15% off,2116.0,82.52,285.66,0.0,0.0,179.86,1733.0,,,,,,27.68,15.9,Correctly,,3098c479cea30a75ce024ca635a9836dbf33f16b05cdaddf010fb110457937b2,4
20882652,Aura Pizzas,DLF Phase 1,Delhi NCR,6483582122,"10:30 PM, December 31 2024",Delivered,Zomato Delivery,15km,"1 x Bageecha Pizza, 1 x Murgh Amritsari Seekh Pizza, 1 x Jamaican Chicken Melt, 1 x Just Pepperoni Pizza",,Flat 15% off,2946.0,114.89,397.71,0.0,0.0,250.41,2412.77,,,,,,26.68,2.7,Correctly,,a1af956cb8c18ef211a8c9f5b26e6fcd1d6b344606ab4380f95b14f37f07a10c,4
20882652,Aura Pizzas,DLF Phase 1,Delhi NCR,6481988903,"05:59 PM, December 31 2024",Delivered,Zomato Delivery,7km,"1 x Bageecha Pizza, 1 x Chilli Cheese Garlic Bread, 1 x Herbed Potato, 1 x Mushroom Pizza",,Flat Rs.300 off,1615.0,67.25,270.0,0.0,0.0,0.0,1412.25,,,,,,21.5,8.7,Correctly,,166a92d0b3e9807d2bd622016b14e70da82771a7169606ae3026872d94328b73,4
20882652,Aura Pizzas,DLF Phase 1,Delhi NCR,6478480840,"02:52 PM, December 29 2024",Delivered,Zomato Delivery,9km,"1 x Peri Peri Chicken Melt, 1 x Pepperoni Garlic Bread, 1 x Herbed Potato, 1 x Mutton Seekh Pizza",,,1595.0,39.88,0.0,797.5,0.0,0.0,837.38,,,,,,21.15,2.2,Correctly,,d4901bc78b08d9a91304a2a4e8cee8879466c65e219165ba734b5b343646781f,4
20882652,Aura Pizzas,DLF Phase 1,Delhi NCR,6475026077,"03:32 PM, December 28 2024",Delivered,Zomato Delivery,6km,"2 x OG Cheese Pide, 2 x Masala Paneer Pide",,Flat 15% off,1336.0,57.78,180.36,0.0,0.0,0.0,1213.42,,,,,,20.73,10.4,Correctly,,d07d6e6c8328f35e51f7fe7d5a72f3d349e40c8adc519e2077d789647605fffb,4
20882652,Aura Pizzas,DLF Phase 1,Delhi NCR,6467763545,"09:16 PM, December 26 2024",Delivered,Zomato Delivery,12km,"1 x Mushroom Pizza, 1 x Bageecha Pizza, 1 x Cheesy Garlic Bread, 1 x Chilli Cheese Garlic Bread",,Buy 1 Get 1 - ₹838.00,868.0,43.4,0.0,0.0,0.0,0.0,911.4,5.0,,,,,23.98,11.3,Correctly,,c7f2fb5263b68583989e5478eb2588bccd49c496d467c6014ccda8730444950b,4
20882652,Aura Pizzas,DLF Phase 1,Delhi NCR,6467888699,"08:32 PM, December 26 2024",Delivered,Zomato Delivery,3km,"1 x Peri Peri Fries, 1 x All About Chicken Pizza, 1 x Jamaican Chicken Melt, 1 x Chilli Cheese Garlic Bread",,Buy 1 Get 1 - ₹479.00,1315.0,65.75,0.0,0.0,0.0,0.0,1380.75,,,,,,20.2,13.3,Correctly,,c6912969bacbdce2004ef858496a0fbc02dfacf8cac3755616c3ceede685215b,4
20882652,Aura Pizzas,DLF Phase 1,Delhi NCR,6469319129,"03:42 PM, December 26 2024",Delivered,Zomato Delivery,2km,"2 x Garlic Aioli, 2 x Cheesy Garlic Bread",,Buy 1 Get 1 - ₹299.00,299.0,14.95,0.0,0.0,0.0,0.0,313.95,,,,,,12.47,5.5,Correctly,,1d289d9220ae13911a7ddb93cd80798c490438b97cf3fc6bb86a501e523bfa4f,4
20882652,Aura Pizzas,DLF Phase 1,Delhi NCR,6448165280,"10:01 PM, December 24 2024",Delivered,Zomato Delivery,3km,"1 x Margherita Pizza, 1 x Chilli Cheese Garlic Bread, 1 x Masala Paneer Pide, 1 x Makhani Paneer Pizza",,Flat Rs.300 off,1856.0,79.3,270.0,0.0,0.0,0.0,1665.3,,,,,,25.6,4.1,Correctly,,d370e88f62798113ba1fe1dfe227b7f678369f13cc4aa54e22ad2047ab9cb8cd,4
20882652,Aura Pizzas,DLF Phase 1,Delhi NCR,6457510170,"07:37 PM, December 24 2024",Delivered,Zomato Delivery,<1km,"1 x Herbed Potato, 1 x Bageecha Pizza, 1 x Makhani Paneer Pizza, 1 x Masala Potato Pide",,Flat Rs.300 off,1625.0,67.75,270.0,0.0,0.0,0.0,1422.75,,,,,,30.38,0.5,Correctly,,c08dc4a9a1676182cf7b82e4ae51e3113db4fd723accf8e0a669e969b7c4476e,4
20882652,Aura Pizzas,DLF Phase 1,Delhi NCR,6461499413,"06:24 PM, December 23 2024",Delivered,Zomato Delivery,1km,4 x Fried Chicken Tenders,,,1440.0,72.0,0.0,0.0,0.0,0.0,1512.0,,,,,,25.17,8.8,Correctly,,24f9d8e61aa36de80cf805b4495ab08e75773de7c9fa9f5ef7ab47174866ee31,4
20882652,Aura Pizzas,DLF Phase 1,Delhi NCR,6461934115,"03:48 PM, December 23 2024",Delivered,Zomato Delivery,6km,"1 x Raw Masala Lemon Shikanji, 1 x Herbed Potato, 1 x Margherita Pizza, 1 x Chilli Cheese Garlic Bread",,Flat 15% off,1021.24,44.81,125.01,0.0,0.0,0.0,941.04,,,,,,20.55,10.7,Correctly,,e93c928d231d1c803fbd9017779d4ed684b4c842d2da5887e40be09a04fe12d5,4
20882652,Aura Pizzas,DLF Phase 1,Delhi NCR,6458666563,"09:12 PM, December 22 2024",Delivered,Zomato Delivery,9km,"1 x Chilli Cheese Garlic Bread, 1 x Bageecha Pizza, 1 x All About Chicken Pizza, 1 x Indian Masala Cripser Fries",,Flat Rs.300 off,1716.0,72.3,270.0,0.0,0.0,0.0,1518.3,,,,,,18.95,5.8,Correctly,,e0b7dbf26fd909e86ea4be1b2943489b92fa846d39f8358746e4c70e7aa2cad6,4
20882652,Aura Pizzas,DLF Phase 1,Delhi NCR,6459145021,"10:51 PM, December 21 2024",Delivered,Zomato Delivery,7km,"1 x Murgh Amritsari Seekh Pide, 1 x Fried Chicken Tenders, 1 x Jamaican Chicken Melt, 1 x Herbed Potato",,Flat Rs.175 off,1280.0,50.95,157.0,104.0,0.0,0.0,1069.95,,,,,,33.73,18.3,Correctly,,a9691afac9ff21e801a14aec757aa80328b5b47a6bdc2cc4b8a834c5a7b234e8,4
20882652,Aura Pizzas,DLF Phase 1,Delhi NCR,6451808598,"09:43 PM, December 21 2024",Delivered,Zomato Delivery,1km,"1 x Indian Masala Cripser Fries, 1 x Just Pepperoni Pide, 1 x Fried Chicken Tenders, 1 x Jamaican Chicken Melt",,Flat 15% off,1262.0,54.58,170.37,0.0,0.0,0.0,1146.21,,,,,,19.73,8.8,Correctly,,24f9d8e61aa36de80cf805b4495ab08e75773de7c9fa9f5ef7ab47174866ee31,4
20882652,Aura Pizzas,DLF Phase 1,Delhi NCR,6453490102,"01:28 PM, December 21 2024",Delivered,Zomato Delivery,6km,"1 x Mutton Seekh Pizza, 1 x Peri Peri Chicken Melt, 1 x Grilled Chicken Tangdi, 1 x Herbed Potato",,,1585.0,46.35,0.0,658.0,0.0,0.0,973.35,,,,,,17.05,5.5,Correctly,,311dc25d4651e2e7bd3cf75481a8b38ff2262f620aaf69a5337f2225ee5ce36d,4
20882713,Swaad,DLF Phase 1,Delhi NCR,6454060427,"11:22 PM, December 21 2024",Delivered,Zomato Delivery,2km,"1 x Onion Rings, 1 x Angara Rice, 1 x Fried Chicken Angara Tender, 1 x Bone in Jamaican Grilled Chicken",,Flat Rs.175 off,1072.0,45.75,157.0,0.0,0.0,0.0,960.75,,,,,,26.62,6.9,Correctly,,ef8704a8924360cdaa99f689718b9af41158ec885d68f43fcfa029dad07fbfc9,4
21077127,Aura Pizzas,Sector 135,Delhi NCR,6482543929,"09:17 PM, December 31 2024",Delivered,Zomato Delivery,7km,"2 x Murgh Amritsari Garlic Bread, 2 x Cheesy Garlic Bread",,,1056.0,52.8,0.0,0.0,0.0,0.0,1108.8,,,,,,16.7,0.2,Correctly,,8eb5c4edf520c8ed094f12d2f63b06a4aefb407cc36ccf7a440ed178fbcec289,4
21077127,Aura Pizzas,Sector 135,Delhi NCR,6482935172,"08:08 PM, December 30 2024",Delivered,Zomato Delivery,11km,"1 x Bellpepper Onion Pizza, 2 x Salted Fries, 1 x Chilli Cheese Garlic Bread",,,1404.0,70.2,0.0,0.0,0.0,0.0,1474.2,,,,,,17.48,9.7,Correctly,,835e1d4a49da74d89df4a96b9882ab7a8783e55de63bfdad504de5de122549d9,4
21077127,Aura Pizzas,Sector 135,Delhi NCR,6463987136,"01:24 PM, December 29 2024",Delivered,Zomato Delivery,6km,"1 x Bageecha Pizza, 1 x Mushroom Mozzarella Melt, 1 x Cheesy Garlic Bread, 1 x Salted Crisper Fries",,,1466.0,73.3,0.0,0.0,0.0,0.0,1539.3,,,,,,21.28,10.9,Correctly,,b714343d3fc3d4b5acb883d2a600c01b839541f46487cc76b56d2033cba7deaf,4
21077127,Aura Pizzas,Sector 135,Delhi NCR,6473801390,"11:58 PM, December 26 2024",Delivered,Zomato Delivery,2km,"1 x Murgh Amritsari Seekh Pizza, 1 x Pepperoni Garlic Bread, 1 x All About Chicken Pizza, 1 x Chilli Cheese Garlic Bread",,Buy 1 Get 1 - ₹888.00,938.0,46.9,0.0,0.0,0.0,0.0,984.9,,,,,,13.43,4.5,Correctly,,a958a2bd0486ff716fa086e2a8c58a263f8c9c8f9921b3b2af7e298dc61b8c84,4
21173951,Aura Pizzas,Vasant Kunj,Delhi NCR,6485041838,"08:54 PM, December 31 2024",Delivered,Zomato Delivery,2km,"1 x Cheesy Garlic Bread, 1 x Bellpepper Onion Pizza, 1 x Chilli Cheese Garlic Bread, 1 x Margherita Pizza",,Flat Rs.300 off,1936.0,83.3,270.0,0.0,0.0,0.0,1749.3,,,,,,26.77,0.8,Correctly,,628065799dcefab86145875f064e8996679c55760b309122244815d043998950,4
21173951,Aura Pizzas,Vasant Kunj,Delhi NCR,6483400874,"09:12 PM, December 30 2024",Delivered,Zomato Delivery,3km,4 x Fried Chicken Tenders,,Flat 15% off,1440.0,62.28,194.4,0.0,0.0,0.0,1307.88,,,,,,35.43,19.5,Correctly,,37f8c759885e1702d4412e3f39f07dbee2ba22b849a18c026457f6b1de52017c,4
21173951,Aura Pizzas,Vasant Kunj,Delhi NCR,6478558074,"07:42 PM, December 29 2024",Delivered,Zomato Delivery,2km,"1 x Murgh Amritsari Seekh Pizza, 1 x Bageecha Pizza, 1 x Onion Rings, 1 x Malai Gud Pide",,,2305.0,115.25,0.0,0.0,0.0,0.0,2420.25,,,,,,21.3,2.8,Correctly,,da8ea965f1be4585d3ec8e8dac62f77dafcb3b999567b04bac89d340c2660080,4
21173951,Aura Pizzas,Vasant Kunj,Delhi NCR,6473027549,"11:23 PM, December 26 2024",Delivered,Zomato Delivery,2km,"1 x Salted Crisper Fries, 2 x Murgh Amritsari Garlic Bread, 1 x Pepperoni Garlic Bread",,Buy 1 Get 1 - ₹468.00,568.0,28.4,0.0,0.0,0.0,0.0,596.4,,,,,,17.25,4.6,Correctly,,6872f4c6053a431321fa89fdd08c2a3bdc28c162231a7495ba57bfbcb53254a4,4
21173951,Aura Pizzas,Vasant Kunj,Delhi NCR,6471694170,"02:42 PM, December 26 2024",Delivered,Zomato Delivery,<1km,"1 x Murgh Amritsari Garlic Bread, 1 x Malai Gud Pide, 1 x All About Chicken Pizza, 1 x Peanut Butter Chocolate Pide",,Buy 1 Get 1 - ₹558.00,1148.0,57.4,0.0,0.0,0.0,0.0,1205.4,,,,,,32.57,14.5,Correctly,,229ea121f2d6ca6aa623e52276a5e1b7b01ee7462d807c44eda53ae9bee5d3bd,4
21173951,Aura Pizzas,Vasant Kunj,Delhi NCR,6456533514,"08:15 PM, December 22 2024",Delivered,Zomato Delivery,18km,"1 x Peri Peri Fries, 1 x Murgh Amritsari Seekh Pizza, 1 x All About Chicken Pizza, 1 x Tripple Cheese Pizza",,Flat Rs.300 off,2615.0,117.25,270.0,0.0,0.0,0.0,2462.25,,,,,,23.47,2.4,Correctly,,66bc1824b0902fbba0c01bc771218a46cd9c3e9b401f6dfb772d43d67687966f,4
21173951,Aura Pizzas,Vasant Kunj,Delhi NCR,6450556440,"06:49 PM, December 22 2024",Delivered,Zomato Delivery,9km,"1 x Bageecha Pizza, 1 x Salted Crisper Fries, 2 x Jamaican Chicken Melt",,,1936.0,96.8,0.0,0.0,0.0,0.0,2032.8,,,,,,24.15,6.1,Correctly,,0b7fb86f42901c2d86d9ca8bda393602f8fd954b1028fb65d3230312c5c2ea34,4
21309083,Swaad,Shahdara,Delhi NCR,6480550474,"01:20 PM, December 31 2024",Delivered,Zomato Delivery,1km,"1 x Tipsy Tiger Fresh Lime Soda, 1 x Peri Peri Crisper Fries, 1 x Kabuli Grilled Paneer (8 pcs), 1 x Peri Peri Fries",,,922.05,46.1,0.0,0.0,0.0,0.0,968.15,,,,,,27.08,18.4,Correctly,,ea95171878742538b1c22e61db528f0079c24eb83476d4baea21f16080223844,4
20320607,Swaad,Sector 4,Delhi NCR,6485542453,"07:27 PM, January 04 2025",Delivered,Zomato Delivery,5km,"1 x Tipsy Tiger Fresh Lime Soda, 1 x Animal Fries, 1 x Onion Rings, 1 x Bone in Jamaican Grilled Chicken",,Flat 20% off,1348.05,56.34,221.22,0.0,0.0,0.0,1183.17,,,,,,18.08,6.4,Correctly,,4185a7c02984e8d03ad001dc48ff4fe6fe2794448bbbd6831852fff805f42f9d,4
20320607,Swaad,Sector 4,Delhi NCR,6494830714,"12:07 AM, January 03 2025",Delivered,Zomato Delivery,7km,"1 x Grilled Chicken Angara Boneless Breast, 1 x Animal Fries, 1 x Herbed Potato, 1 x Bone in Peri Peri Grilled Chicken",Order: Chicken dishes without skin please.,Flat 15% off,1623.0,70.2,219.11,0.0,0.0,0.0,1474.09,,,,,,20.18,3.7,Correctly,,471514d09c74ba38f96785050a005457b1b015c0963c6129c4b90579a4a6ddcb,4
20320607,Swaad,Sector 4,Delhi NCR,6487956696,"07:49 PM, January 01 2025",Delivered,Zomato Delivery,9km,"2 x Fried Chicken Classic Tender, 1 x Bone in Jamaican Grilled Chicken, 1 x Salted Fries",,Flat 20% off,1734.0,71.09,312.12,0.0,0.0,0.0,1492.97,,,,,,23.95,5.3,Correctly,,98c6c0d1197f9abc6c21038c5bb05c9a2ccf7c4adf82ca4830d7219690c17f44,4
20554001,Swaad,Greater Kailash 2 (GK2),Delhi NCR,6513933358,"02:52 PM, January 10 2025",Delivered,Zomato Delivery,1km,"1 x Fried Chicken Classic Tender, 1 x Angara Sauce, 1 x Fried Chicken Angara Tender, 1 x Fried Chicken Peri Peri Tender",,Flat Rs.175 off,1035.0,43.9,157.0,0.0,0.0,0.0,921.9,,,,,,27.8,14.4,Correctly,,6b494292b2c8b188a99722b273b79ca7b18a1b871c24d76f1739c0375417ff58,4
20554001,Swaad,Greater Kailash 2 (GK2),Delhi NCR,6510489286,"04:33 PM, January 09 2025",Delivered,Zomato Delivery,7km,"1 x Angara Sauce, 1 x Fried Chicken Kabuli Tender, 1 x Fried Chicken Angara Tender, 1 x Angara Grilled Paneer (8 pcs)",,Flat 15% off,1005.0,43.47,135.68,0.0,0.0,0.0,912.79,3.0,,,,,19.13,5.1,Correctly,,960b6543eb5611330f0e49b13ee776597444ca7c81314eb2d8abc73cbd81e0e0,4
20554001,Swaad,Greater Kailash 2 (GK2),Delhi NCR,6488502369,"08:00 PM, January 08 2025",Delivered,Zomato Delivery,2km,"2 x Salted Crisper Fries, 1 x Fried Chicken Peri Peri Tender, 1 x Grilled Chicken Jamaican Tangdi",,,1488.0,74.4,0.0,0.0,0.0,0.0,1562.4,5.0,,,,,17.4,0.3,Correctly,,8d468a40a96a9aa6e7a5bd0ee6352575f39b2a60d5cb2baa8d3edbac073f5b96,4
20554001,Swaad,Greater Kailash 2 (GK2),Delhi NCR,6506409799,"02:22 AM, January 08 2025",Delivered,Zomato Delivery,2km,"1 x Grilled Chicken Jamaican Tender, 1 x Peri Peri Sauce, 1 x Tipsy Tiger Fresh Lime Soda, 1 x Fried Chicken Beast AAC Burger",,Flat 15% off,864.05,38.17,100.58,0.0,0.0,0.0,801.64,,,,,,12.97,3.4,Correctly,,61e84aa9b6d3c52460ba10ad096e83cdcc6d619939f12ce333c0e125fb4cc36b,4
20554001,Swaad,Greater Kailash 2 (GK2),Delhi NCR,6484812705,"02:33 PM, January 01 2025",Delivered,Zomato Delivery,6km,"1 x Fried Chicken Peri Peri Tender, 1 x Bone in Kabuli Grilled Chicken, 1 x AAC Saucy Fries, 1 x Peri Peri Crisper Fries",,Flat Rs.300 off,1169.0,43.45,300.0,0.0,0.0,0.0,912.45,,,,,,20.13,1.1,Correctly,,50ddb242cc02aceb156998f22f5a994760e4e5fdbcf68add84920e493b431d05,4
20554001,Swaad,Greater Kailash 2 (GK2),Delhi NCR,6488060021,"02:59 AM, January 01 2025",Delivered,Zomato Delivery,1km,"2 x Fried Chicken Classic Tender, 2 x Grilled Chicken Jamaican Tender",,Flat 20% off,1790.0,73.39,322.2,0.0,0.0,0.0,1541.19,,,,,,23.18,11.3,Correctly,,686254e5a45c147e7a1c233b423b93b181e1a3beb6cfac2847621100c1408995,4
20635699,Aura Pizzas,Greater Kailash 2 (GK2),Delhi NCR,6504152347,"06:47 PM, January 09 2025",Delivered,Zomato Delivery,5km,"1 x Herbed Potato, 1 x Indian Salsa, 1 x Peri Peri Crisper Fries, 1 x Fried Chicken Tenders",,,827.0,41.35,0.0,0.0,0.0,0.0,868.35,,,,,,20.02,13.1,Correctly,,3bbd9d585e71abdad6c22bce4e615f6f6187789c3bd0cdb27a9d0191881e9715,4
20635699,Aura Pizzas,Greater Kailash 2 (GK2),Delhi NCR,6506668451,"12:44 PM, January 09 2025",Delivered,Zomato Delivery,5km,"2 x Tripple Cheese Pizza, 2 x Murgh Amritsari Seekh Pizza",,,2436.0,60.9,0.0,1218.0,0.0,0.0,1278.9,5.0,,,,,22.83,5.8,Correctly,,1099a7e56e2f04e488107f5c2af6297448439c269973c8d5920b8d0692d4d9a2,4
20635699,Aura Pizzas,Greater Kailash 2 (GK2),Delhi NCR,6492549152,"07:24 PM, January 08 2025",Delivered,Zomato Delivery,10km,"1 x Peri Peri Fries, 1 x Cheesy Garlic Bread, 1 x Just Pepperoni Pizza, 1 x Jamaican Chicken Melt",,Flat Rs.300 off,1734.0,73.2,270.0,0.0,0.0,0.0,1537.2,,,,,,24.5,11.7,Correctly,,e616a17e6869a04fe7f150eac0de61dfbd25e90d8f304d2be8f939235538f57d,4
20635699,Aura Pizzas,Greater Kailash 2 (GK2),Delhi NCR,6498977139,"03:28 PM, January 05 2025",Delivered,Zomato Delivery,3km,"1 x Mushroom Mozzarella Melt, 1 x Masala Paneer Pide, 1 x Fried Chicken Tenders, 1 x Angara Paneer Melt",,Flat Rs.300 off,1577.0,65.35,270.0,0.0,0.0,0.0,1372.35,,,,,,19.25,6.1,Correctly,,4967136c279d8ac12220bd3d24cdaa8e630000833a8a4d2c076242bd643bee35,4
20635699,Aura Pizzas,Greater Kailash 2 (GK2),Delhi NCR,6497776277,"08:10 PM, January 04 2025",Delivered,Zomato Delivery,1km,"1 x Fried Chicken Tenders, 1 x Onion Rings, 1 x Chicken Pepperoni Pizza, 1 x Mushroom Pizza",,,1622.0,72.99,0.0,0.0,0.0,162.2,1532.79,,,,,,14.88,0.4,Correctly,,5f12046dec3701033dc5b9afdcbacfb1aa4ab103977741c978ef2cc7e178a14b,4
20635699,Aura Pizzas,Greater Kailash 2 (GK2),Delhi NCR,6496174535,"10:58 PM, January 03 2025",Delivered,Zomato Delivery,9km,"1 x Cheesy Garlic Bread, 1 x Peri Peri Paneer Pizza, 1 x Chilli Cheese Garlic Bread, 1 x Tripple Cheese Pizza",,Flat Rs.300 off,1626.0,67.8,270.0,0.0,0.0,0.0,1423.8,,,,,,18.28,0.7,Correctly,,85e17adf72745a921fedc39a2fd9def0d78a15d9bfc9259221dc9771a1a9ef36,4
20635699,Aura Pizzas,Greater Kailash 2 (GK2),Delhi NCR,6494425220,"09:30 PM, January 03 2025",Delivered,Zomato Delivery,6km,"1 x Margherita Pizza, 1 x All About Chicken Pizza, 1 x Bellpepper Onion Pizza, 1 x Peri Peri Fries",,Flat 15% off,2145.0,92.77,289.58,0.0,0.0,0.0,1948.19,,,,,,21.32,9.1,Correctly,,d3c50769a03f7c8e29a88d10242aec09240a8db76177d0502750f25559f84ee8,4
20635699,Aura Pizzas,Greater Kailash 2 (GK2),Delhi NCR,6491028623,"08:47 PM, January 02 2025",Delivered,Zomato Delivery,2km,"1 x All About Chicken Pizza, 1 x Herbed Potato, 1 x Jamaican Chicken Melt, 1 x Malai Gud Pide",,Flat Rs.300 off,1805.0,76.75,270.0,0.0,0.0,0.0,1611.75,,,,,,27.65,16.8,Correctly,,731ce6379f469457df186eeb4f73e29e338ec8c923a013f663bb659a163bc474,4
20635699,Aura Pizzas,Greater Kailash 2 (GK2),Delhi NCR,6485833893,"11:06 PM, January 01 2025",Delivered,Zomato Delivery,4km,"1 x Bageecha Pizza, 2 x Herbed Potato, 1 x Mushroom Mozzarella Melt",,Buy 1 Get 1 - ₹597.00,747.0,37.35,0.0,0.0,0.0,0.0,784.35,,,,,,18.0,8.6,Correctly,,6ab160666305fe31b1fb7d4af5d15427cd2ecb3dadd9c0711ae95d02e5a71034,4
20635699,Aura Pizzas,Greater Kailash 2 (GK2),Delhi NCR,6490607205,"05:18 PM, January 01 2025",Delivered,Zomato Delivery,2km,"1 x Peri Peri Paneer Melt, 1 x Herbed Potato, 1 x Indian Masala Cripser Fries, 1 x Mushroom Mozzarella Melt",,Buy 1 Get 1 - ₹597.00,658.0,32.9,0.0,0.0,0.0,0.0,690.9,,,,,,17.52,1.7,Correctly,,3faf587efcae57a279689c7277d724b386e5a1c827145d1507725edb61c6406d,4
20635699,Aura Pizzas,Greater Kailash 2 (GK2),Delhi NCR,6490336963,"03:09 PM, January 01 2025",Delivered,Zomato Delivery,4km,"1 x Bageecha Pizza, 1 x Makhani Paneer Pizza, 1 x Peri Peri Crisper Fries, 1 x Chilli Cheese Garlic Bread",,Buy 1 Get 1 - ₹778.00,858.0,42.9,0.0,0.0,0.0,0.0,900.9,,,,,,25.37,0.6,Correctly,,c2ebcf97b080837b32993970371855a54cff27d6142b9ecf339e4c15e9bf6b20,4
20635699,Aura Pizzas,Greater Kailash 2 (GK2),Delhi NCR,6485990797,"03:02 PM, January 01 2025",Delivered,Zomato Delivery,3km,"1 x Masala Paneer Pide, 1 x Bageecha Pizza, 1 x Peri Peri Crisper Fries, 1 x Herbed Potato",Order: please send extreme hot out of the oven and fresh pizza since it is my birthday,Buy 1 Get 1 - ₹518.00,807.0,40.35,0.0,0.0,0.0,0.0,847.35,,,,,,21.32,6.8,Correctly,,f4e68ec6ed88ef68d8a9d994e84db17de52b0434e45b79169d41505b00f3d864,4
20635699,Aura Pizzas,Greater Kailash 2 (GK2),Delhi NCR,6489671058,"01:13 PM, January 01 2025",Delivered,Zomato Delivery,7km,"1 x Pepperoni Garlic Bread, 1 x Herbed Potato, 1 x Peri Peri Chicken Melt, 1 x Masala Potato Pide",,,1215.0,30.38,0.0,607.5,0.0,0.0,637.88,,,,,,23.82,4.0,Correctly,,361116160dfd52f62a03c6a89fa942e1fbf93b6f3d645a547468037682af7498,4
20635699,Aura Pizzas,Greater Kailash 2 (GK2),Delhi NCR,6487356053,"01:09 PM, January 01 2025",Delivered,Zomato Delivery,4km,"1 x Harissa Mayo, 1 x Salted Crisper Fries, 1 x Pepperoni Garlic Bread, 1 x Peri Peri Crisper Fries",,50% off upto Rs.100,717.0,24.38,90.0,139.5,0.0,0.0,511.88,,,,,,12.68,0.3,Correctly,,8a09750d69b8dba8e9a04ae1896eca8f791b28211bcda883bbc373be2865f020,4
20635699,Aura Pizzas,Greater Kailash 2 (GK2),Delhi NCR,6485995000,"12:52 AM, January 01 2025",Delivered,Zomato Delivery,5km,"1 x Jamaican Chicken Melt, 1 x Just Pepperoni Pizza, 1 x Peri Peri Chicken Melt, 1 x Chilli Cheese Garlic Bread",,Flat 15% off,2086.0,90.22,281.61,0.0,0.0,0.0,1894.61,,,,,,23.65,15.3,Correctly,,2b44f0bd8eb3151f58faae93d69689b5195e55b6d6bca5c4c700d40d494f781c,4
20659868,Aura Pizzas,Sector 4,Delhi NCR,6508019217,"02:16 PM, January 09 2025",Delivered,Zomato Delivery,2km,"1 x Margherita Pizza, 1 x Peri Peri Fries, 1 x Makhani Paneer Pizza, 1 x Chilli Cheese Garlic Bread",,,1565.0,78.25,0.0,0.0,0.0,0.0,1643.25,,,,,,17.42,5.6,Correctly,,647c97a50f4758778008ca6cd398fa7631ca6052c8bbc79e8cf4ffd71f8c6134,4
20659868,Aura Pizzas,Sector 4,Delhi NCR,6508509072,"11:45 AM, January 09 2025",Delivered,Zomato Delivery,7km,"1 x Mushroom Mozzarella Melt, 1 x Margherita Pizza, 1 x Bellpepper Onion Pizza, 1 x OG Cheese Pide",,Flat Rs.300 off,1936.0,83.3,270.0,0.0,0.0,0.0,1749.3,,,,,,19.3,6.1,Correctly,,ed580590de9d0e2942b8972481989b38dee6d08ec75305f014a5e33a8920b918,4
20659868,Aura Pizzas,Sector 4,Delhi NCR,6504847499,"09:04 PM, January 08 2025",Delivered,Zomato Delivery,8km,"1 x Tipsy Tiger Ginger Ale, 1 x Bageecha Pizza, 1 x Murgh Amritsari Seekh Melt, 1 x Peri Peri Grilled Chicken Pizza",,Flat Rs.300 off,1896.05,81.3,270.0,0.0,0.0,0.0,1707.35,,,,,,29.42,3.5,Correctly,,1cbb6d36cfc96bed35298e63e10e3fc261eb6dda1a93527390cea93f5f9f1544,4
20659868,Aura Pizzas,Sector 4,Delhi NCR,6502806580,"09:42 PM, January 07 2025",Delivered,Zomato Delivery,<1km,"1 x Tripple Cheese Pizza, 1 x Makhani Paneer Pizza, 2 x Cheesy Garlic Bread",,Flat Rs.300 off,1676.0,70.3,270.0,0.0,0.0,0.0,1476.3,,,,,,20.28,8.3,Correctly,,82691181a7991518f7635c74da45720ddd9092653705dda0b37ce651ce8554e2,4
20659868,Aura Pizzas,Sector 4,Delhi NCR,6495151323,"07:28 PM, January 06 2025",Delivered,Zomato Delivery,3km,"1 x Just Pepperoni Pide, 1 x Spinach Sumac Pide, 1 x Mutton Seekh Pide, 1 x OG Cheese Pide",,Flat Rs.300 off,1636.0,68.3,270.0,0.0,0.0,0.0,1434.3,,,,,,32.25,19.9,Correctly,,e10ed849f0a9f79701bf53e9a1a4244106e40d7f5d638716ac2231a06098df28,4
20659868,Aura Pizzas,Sector 4,Delhi NCR,6491250419,"07:12 PM, January 05 2025",Delivered,Zomato Delivery,8km,"1 x Indian Masala Fries, 1 x Salted Fries, 1 x Onion Rings, 1 x Bageecha Pizza",,Flat 15% off,1283.0,55.49,173.21,0.0,0.0,0.0,1165.28,,,,,,13.55,1.2,Correctly,,33b5a8402b1b0f98f34ebfc1579cd66f1b2b807da720a52b6a6c20e022a4e459,4
20659868,Aura Pizzas,Sector 4,Delhi NCR,6500409867,"06:41 PM, January 05 2025",Delivered,Zomato Delivery,9km,"1 x Mushroom Mozzarella Melt, 1 x Mushroom Pizza, 1 x Bageecha Pizza, 1 x All About Chicken Pizza",,Flat 15% off,2395.0,103.58,323.33,0.0,0.0,0.0,2175.25,,,,,,20.87,10.9,Correctly,,debb4e0ad3e61a618e18b3a91ed31c575f4ebc633031a66909eb4b507abdc647,4
20659868,Aura Pizzas,Sector 4,Delhi NCR,6487051390,"07:03 PM, January 03 2025",Delivered,Zomato Delivery,2km,"1 x Peri Peri Crisper Fries, 1 x Tipsy Tiger Fresh Lime Soda, 1 x Mushroom Mozzarella Melt, 1 x Peri Peri Fries",,,965.05,48.25,0.0,0.0,0.0,0.0,1013.3,,,,,,13.1,8.2,Correctly,,3a0db46db6a3855315435a8cae6a3ddcaf784d979929c7056976865a9c9c5cca,4
20659868,Aura Pizzas,Sector 4,Delhi NCR,6487161123,"06:39 PM, January 02 2025",Delivered,Zomato Delivery,1km,"1 x Makhani Paneer Pizza, 1 x Bellpepper Onion Pizza, 1 x Mushroom Mozzarella Melt, 1 x Angara Paneer Melt",,Flat 15% off,2226.0,86.81,300.51,0.0,0.0,189.21,1823.09,,,,,,20.65,0.6,Correctly,,1c49d7cafcd428a3a5d33baf7f8e3d29120da2bf57c0e6a552636a1b6676e299,4
20659868,Aura Pizzas,Sector 4,Delhi NCR,6490906848,"12:20 AM, January 02 2025",Delivered,Zomato Delivery,6km,"1 x Peri Peri Paneer Pizza, 1 x Cheesy Garlic Bread, 2 x Tipsy Tiger Fresh Lime Soda",,Flat 15% off,1195.1,53.3,129.2,0.0,0.0,0.0,1119.2,,,,,,21.62,16.1,Correctly,,a482531133bd6280d8197443bff78a0ae3456bad8bb88ace7c1fd1563cea8ccf,4
20659868,Aura Pizzas,Sector 4,Delhi NCR,6484597040,"10:01 PM, January 01 2025",Delivered,Zomato Delivery,4km,"1 x Chilli Cheese Garlic Bread, 1 x Tripple Cheese Pizza, 1 x Cheesy Garlic Bread, 1 x Angara Paneer Melt",,Buy 1 Get 1 - ₹688.00,808.0,40.4,0.0,0.0,0.0,0.0,848.4,,,,,,15.1,1.2,Correctly,,8b7d7387cbf32b65fdf44b653b5243b8c6b95ebfe58bf43a816ff5d41d575ca7,4
20659868,Aura Pizzas,Sector 4,Delhi NCR,6491273687,"07:56 PM, January 01 2025",Delivered,Zomato Delivery,8km,"2 x Malai Gud Pide, 1 x Makhani Paneer Pizza, 1 x Peri Peri Paneer Pizza",,Buy 1 Get 1 - ₹838.00,838.0,41.9,0.0,0.0,0.0,0.0,879.9,,,,,,32.77,4.9,Correctly,,4286ccf985c765022b3640afb75fd1620ad07e4778d1edf3d4ab0c57eb5eb67f,4
20659868,Aura Pizzas,Sector 4,Delhi NCR,6482450474,"07:41 PM, January 01 2025",Delivered,Zomato Delivery,13km,"1 x Jamaican Chicken Melt, 1 x Cheesy Garlic Bread, 2 x Angara Paneer Melt",,Buy 1 Get 1 - ₹688.00,928.0,46.4,0.0,0.0,0.0,0.0,974.4,5.0,,,,,25.17,1.2,Correctly,,87914cdf29e9abadd81682bc1f10c5060e5ef20a11a3afa9ecf8b6f48d4fe98c,4
20659868,Aura Pizzas,Sector 4,Delhi NCR,6490344672,"07:17 PM, January 01 2025",Delivered,Zomato Delivery,2km,"2 x Chilli Cheese Garlic Bread, 1 x Peri Peri Paneer Pizza, 1 x Bageecha Pizza",,Buy 1 Get 1 - ₹838.00,858.0,42.9,0.0,0.0,0.0,0.0,900.9,5.0,,,,,24.13,17.3,Correctly,,be7821fbd49fc2eb15ae7288c89b84a03aa3d7d4142670b9660bfafa5afa3b73,4
20659868,Aura Pizzas,Sector 4,Delhi NCR,6478713778,"07:17 PM, January 01 2025",Delivered,Zomato Delivery,5km,"1 x Tripple Cheese Pizza, 2 x Mayonnaise, 1 x Peri Peri Paneer Melt",,Buy 1 Get 1 - ₹647.00,678.0,33.9,0.0,0.0,0.0,0.0,711.9,,,,,,16.3,5.2,Correctly,,ee9de02765742d72213ecd35e5fe6354d984e5cb134ad3b993fc844604601ca7,4
20659868,Aura Pizzas,Sector 4,Delhi NCR,6488535514,"06:53 PM, January 01 2025",Delivered,Zomato Delivery,6km,"1 x Murgh Amritsari Seekh Melt, 1 x Desi Pepperoni Pizza, 1 x All About Chicken Pizza, 1 x Jamaican Chicken Melt",,Buy 1 Get 1 - ₹1338.00,1378.0,68.9,0.0,0.0,0.0,0.0,1446.9,4.0,Suggest to put more toppings,,,,26.83,9.6,Correctly,,92b1325f212da65e44560f006dcc8373b72bb502d9c034ec656199fdc106e815,4
20659868,Aura Pizzas,Sector 4,Delhi NCR,6490087621,"05:30 PM, January 01 2025",Delivered,Zomato Delivery,3km,"1 x Makhani Paneer Pizza, 1 x Chilli Cheese Garlic Bread, 1 x Peri Peri Paneer Pizza, 1 x Cheesy Garlic Bread",,Buy 1 Get 1 - ₹818.00,838.0,41.9,0.0,0.0,0.0,0.0,879.9,,,,,,16.58,0.8,Correctly,,a557a9cc655a88a7bd752243ecdfe6821fd904bd9231386fcc6d12cbec8767d7,4
20659868,Aura Pizzas,Sector 4,Delhi NCR,6487492241,"04:11 PM, January 01 2025",Delivered,Zomato Delivery,7km,"1 x Makhani Paneer Pizza, 1 x Peri Peri Paneer Pizza, 1 x Angara Paneer Melt, 1 x Mushroom Mozzarella Melt",,Buy 1 Get 1 - ₹1028.00,1028.0,51.4,0.0,0.0,0.0,0.0,1079.4,,,,,,22.27,9.6,Correctly,,e92b757be92eb87770fc6ed55b214a248368b5d0f6aade0c031c44ff098d8589,4
20659868,Aura Pizzas,Sector 4,Delhi NCR,6482103664,"02:38 PM, January 01 2025",Delivered,Zomato Delivery,4km,"1 x Cheesy Garlic Bread, 1 x Peanut Butter Chocolate Pide, 1 x Peri Peri Grilled Chicken Pizza, 1 x All About Chicken Pizza",,Buy 1 Get 1 - ₹957.00,1158.0,57.9,0.0,0.0,0.0,0.0,1215.9,,,,,,22.65,10.9,Correctly,,d88d93bf308af2bc1bcf82bd1c1314248bef181ce2080e0c61ca0ce9b01e9359,4
20659868,Aura Pizzas,Sector 4,Delhi NCR,6482543786,"01:53 AM, January 01 2025",Delivered,Zomato Delivery,5km,"1 x Bageecha Pizza, 1 x Chilli Cheese Garlic Bread, 1 x Peri Peri Crisper Fries, 1 x Murgh Amritsari Seekh Melt",,,1536.0,76.8,0.0,0.0,0.0,0.0,1612.8,5.0,,,,,22.22,21.4,Correctly,,109aa7f2c209b74cdf86738961b37316b60a2d2aef6a316e61a93436ffbeec53,4
20659868,Aura Pizzas,Sector 4,Delhi NCR,6476695922,"12:20 AM, January 01 2025",Delivered,Zomato Delivery,9km,"1 x Garlic Aioli, 1 x Herbed Potato, 1 x Bageecha Pizza, 1 x Chilli Cheese Garlic Bread",,Flat Rs.175 off,1066.0,45.45,157.0,0.0,0.0,0.0,954.45,5.0,,,,,33.72,26.3,Correctly,,f64878854fd6622df55882228c4e04ca6de1024a836f18dfb106df6607d5a169,4
20882652,Aura Pizzas,DLF Phase 1,Delhi NCR,6513397547,"04:37 PM, January 10 2025",Delivered,Zomato Delivery,7km,"1 x Fried Chicken Tenders, 1 x Margherita Pizza, 1 x All About Chicken Pizza, 1 x Just Pepperoni Pizza",,Flat 15% off,2617.0,113.19,353.3,0.0,0.0,0.0,2376.89,,,,,,18.67,0.8,Correctly,,166a92d0b3e9807d2bd622016b14e70da82771a7169606ae3026872d94328b73,4
20882652,Aura Pizzas,DLF Phase 1,Delhi NCR,6507835976,"01:00 AM, January 10 2025",Delivered,Zomato Delivery,9km,"1 x Garlic Aioli, 1 x Murgh Amritsari Seekh Melt, 1 x Peri Peri Fries, 1 x Jamaican Chicken Melt",,,1256.0,62.8,0.0,0.0,0.0,0.0,1318.8,,,,,,15.22,5.7,Correctly,,d0d6b266aabb32a7bb068257018a2d28a1e102c6d0eef3b06d6149d37375f765,4
20882652,Aura Pizzas,DLF Phase 1,Delhi NCR,6502747028,"02:34 PM, January 09 2025",Delivered,Zomato Delivery,3km,"1 x Margherita Pizza, 1 x Bageecha Pizza, 1 x Makhani Paneer Pizza, 1 x Spinach Sumac Pide",,,2136.0,98.08,0.0,174.5,0.0,0.0,2059.58,4.0,,,,,19.55,,Correctly,,8fbf94945d9ff617930c266585fa81b008401095d5416bbfaafcffd995d3a592,4
20882652,Aura Pizzas,DLF Phase 1,Delhi NCR,6496808250,"01:19 AM, January 05 2025",Delivered,Zomato Delivery,6km,"1 x Murgh Amritsari Seekh Pide, 1 x Chilli Cheese Garlic Bread, 1 x Peri Peri Grilled Chicken Pizza, 1 x Makhani Paneer Pizza",,Flat Rs.300 off,1944.0,83.7,270.0,0.0,0.0,0.0,1757.7,,,,,,21.08,8.5,Correctly,,ef5f15dca2f1584c49b1546591eb8c309da03c9505b23f70a71461cc920ff4be,4
20882652,Aura Pizzas,DLF Phase 1,Delhi NCR,6497416401,"06:58 PM, January 04 2025",Delivered,Zomato Delivery,9km,"1 x Peri Peri Paneer Pizza, 1 x Herbed Potato, 1 x Indian Salsa, 1 x Bageecha Pizza",,Flat Rs.300 off,1836.0,78.3,270.0,0.0,0.0,0.0,1644.3,,,,,,18.17,7.9,Correctly,,7b01b9eb3d65e34830def6a0cf55d62f464bc572964d4ceadf50d26d26b92a46,4
20882652,Aura Pizzas,DLF Phase 1,Delhi NCR,6490564885,"02:35 PM, January 04 2025",Delivered,Zomato Delivery,1km,"1 x Bageecha Pizza, 1 x Mutton Seekh Pizza, 1 x Chicken Pepperoni Pizza, 1 x Margherita Pizza",,Flat 15% off,3156.0,136.5,426.06,0.0,0.0,0.0,2866.44,,,,,,26.45,5.9,Correctly,,a107412cdfc2b31c49c7b63145b6195c7b40a4014c7e80246d484d7419646821,4
20882652,Aura Pizzas,DLF Phase 1,Delhi NCR,6472957128,"08:39 PM, January 01 2025",Delivered,Zomato Delivery,3km,"1 x Herbed Potato, 1 x Bageecha Pizza, 1 x All About Chicken Pizza, 1 x Indian Masala Cripser Fries",,Buy 1 Get 1 - ₹1067.00,1176.0,58.8,0.0,0.0,0.0,0.0,1234.8,,,,,,26.17,0.4,Correctly,,6bf56621e32ab39cf471c5e8bab951184585e97e2b99e238ce92cc01ab481d42,4
20882652,Aura Pizzas,DLF Phase 1,Delhi NCR,6482956957,"08:39 PM, January 01 2025",Delivered,Zomato Delivery,8km,"1 x Chilli Cheese Garlic Bread, 1 x Makhani Paneer Pizza, 1 x Peri Peri Grilled Chicken Pizza, 1 x Murgh Amritsari Garlic Bread",,Buy 1 Get 1 - ₹1008.00,1118.0,55.9,0.0,0.0,0.0,0.0,1173.9,,,,,,31.73,13.4,Correctly,,c1a081c8ef3b6275c607ca1dfd2e03985ee8132d347ce3e23d246c15133184a6,4
20882652,Aura Pizzas,DLF Phase 1,Delhi NCR,6474412273,"07:26 PM, January 01 2025",Delivered,Zomato Delivery,2km,"1 x Indian Masala Cripser Fries, 1 x Mutton Seekh Pide, 1 x Malai Gud Pide, 1 x Murgh Amritsari Seekh Pide",,Buy 1 Get 1 - ₹548.00,658.0,32.9,0.0,0.0,0.0,0.0,690.9,,,,,,19.32,0.3,Correctly,,bb47d8ad5345591b71a616b69724e0f8f85eda179cbf3d644e35768f524e3a0f,4
20882652,Aura Pizzas,DLF Phase 1,Delhi NCR,6489465679,"02:28 PM, January 01 2025",Delivered,Zomato Delivery,2km,"1 x Just Pepperoni Pizza, 1 x Peri Peri Grilled Chicken Pizza, 1 x Peanut Butter Chocolate Pide, 1 x Murgh Amritsari Garlic Bread",,Buy 1 Get 1 - ₹1118.00,1158.0,57.9,0.0,0.0,0.0,0.0,1215.9,,,,,,28.67,20.4,Correctly,,602b15563414541506c021082329a79b5ce64c0f31a038cd90679e82d23f7882,4
20882713,Swaad,DLF Phase 1,Delhi NCR,6491729196,"08:15 PM, January 02 2025",Delivered,Zomato Delivery,3km,"1 x Bone in Kabuli Grilled Chicken, 1 x GhostBuster Sauce, 1 x Grilled Chicken Peri Peri Tender, 1 x Angara Grilled Paneer (8 pcs)",,Flat Rs.175 off,1100.0,47.15,157.0,0.0,0.0,0.0,990.15,,,,,,25.07,6.8,Correctly,,50995fca384de66cbca4c309cdf4da00f0d745be429b1380832a8993c9ea3e28,4
20882713,Swaad,DLF Phase 1,Delhi NCR,6489755776,"06:07 PM, January 01 2025",Delivered,Zomato Delivery,2km,"2 x Animal Fries, 1 x Bone in Jamaican Grilled Chicken, 1 x Fried Chicken Classic Tender",,Flat 20% off,1680.0,67.2,336.0,0.0,0.0,0.0,1411.2,5.0,,,,,25.82,12.7,Correctly,,2aa9c41d3e2da55c9907b9f92dc12935c5dc45a73943b29d7702b0a45ea17721,4
21077127,Aura Pizzas,Sector 135,Delhi NCR,6486335187,"10:52 PM, January 01 2025",Delivered,Zomato Delivery,3km,"2 x Peri Peri Crisper Fries, 1 x Makhani Paneer Pizza, 1 x Cheesy Garlic Bread",,Buy 1 Get 1 - ₹438.00,778.0,38.9,0.0,0.0,0.0,0.0,816.9,,,,,,17.75,10.2,Correctly,,262e179eb805eaf4c2f89011bea55d7c6b6ec226c122cf6c69afe59b88afe991,4
21077127,Aura Pizzas,Sector 135,Delhi NCR,6478131386,"09:42 PM, January 01 2025",Delivered,Zomato Delivery,4km,"1 x All About Chicken Pizza, 1 x Jamaican Chicken Melt, 1 x Bageecha Pizza, 1 x Mushroom Mozzarella Melt",,Buy 1 Get 1 - ₹1338.00,1386.0,69.3,0.0,0.0,0.0,0.0,1455.3,,,,,,25.12,5.4,Correctly,,acf55b6f760f67fad9c239f0e074b9561f9eec65d8be80461307bf5c996f92aa,4
21077127,Aura Pizzas,Sector 135,Delhi NCR,6490216381,"08:22 PM, January 01 2025",Delivered,Zomato Delivery,5km,"2 x Mushroom Mozzarella Melt, 2 x Bageecha Pizza",,Buy 1 Get 1 - ₹1327.00,1327.0,66.35,0.0,0.0,0.0,0.0,1393.35,5.0,,,,,24.33,6.4,Correctly,,518315a095dbd85f58de61be662a4dc3cd582e9871d57476f0eb48af0ccf6384,4
21077127,Aura Pizzas,Sector 135,Delhi NCR,6490644924,"08:16 PM, January 01 2025",Delivered,Zomato Delivery,1km,"1 x Chilli Cheese Garlic Bread, 1 x Bellpepper Onion Pizza, 1 x Salted Crisper Fries, 1 x Peri Peri Paneer Pizza",,Buy 1 Get 1 - ₹758.00,838.0,41.9,0.0,0.0,0.0,0.0,879.9,,,,,,18.65,3.7,Correctly,,8fce37840fc730c1ccf29f8aace4f882bfc16607c9205f0a93ed494b72cceeea,4
21077127,Aura Pizzas,Sector 135,Delhi NCR,6485583214,"07:42 PM, January 01 2025",Delivered,Zomato Delivery,4km,"1 x Pepperoni Garlic Bread, 1 x Murgh Amritsari Garlic Bread, 1 x Murgh Amritsari Seekh Pizza, 1 x All About Chicken Pizza",,Buy 1 Get 1 - ₹1088.00,1148.0,57.4,0.0,0.0,0.0,0.0,1205.4,,,,,,17.0,2.9,Correctly,,f2dabd3689745f20a4e0c366ddd58ff60adb9683072c7b0d1f9af0d1626d3a2e,4
21173951,Aura Pizzas,Vasant Kunj,Delhi NCR,6489769747,"07:04 PM, January 01 2025",Delivered,Zomato Delivery,1km,"2 x Raw Masala Lemon Shikanji, 1 x Malai Gud Pide, 1 x Bageecha Pizza",,Buy 1 Get 1 - ₹259.00,789.48,39.47,0.0,0.0,0.0,0.0,828.95,,,,,,16.18,0.3,Correctly,,f38d2f79e363f05d1dd4e5c63a82377403af964143539f77dc0eb442c84681c2,4
21309083,Swaad,Sector 135,Delhi NCR,6512378963,"11:32 PM, January 09 2025",Delivered,Zomato Delivery,3km,"1 x Animal Fries, 1 x Fried Chicken Peri Peri Tender, 1 x AAC Saucy Fries, 1 x Grilled Chicken Jamaican Tender",,Flat 20% off,1265.0,51.87,227.7,0.0,0.0,0.0,1089.17,,,,,,16.82,7.5,Correctly,,76a8d4ab6f06cab7aded3ab298957ec438655376a1338c004068878eb96f1915,4
21467269,The Chicken Junction,Sector 4,Delhi NCR,6495237772,"02:20 AM, January 03 2025",Delivered,Zomato Delivery,12km,"1 x Desi Masala Fries, 1 x Fried Chicken Boneless Bites - 6pcs, 1 x Mint Mayonnaise, 1 x Fried Chicken Boneless Bites - 6pcs",,Flat Rs.175 off,958.0,40.05,157.0,0.0,0.0,0.0,841.05,,,,,,31.02,25.3,Correctly,,abc3f164b2f6caf2976ca4ceb3257e33543c98a70ffc8e4d081ce742e0f02f1a,4
20320607,Swaad,Sector 4,Delhi NCR,6538386642,"09:48 PM, January 20 2025",Delivered,Zomato Delivery,2km,"1 x Animal Fries, 1 x Fried Chicken Beast AAC Burger, 1 x Bone in Jamaican Grilled Chicken, 1 x Bone in Kabuli Grilled Chicken",,Buy 1 Get 1 - ₹665.00,685.0,34.25,0.0,0.0,0.0,0.0,719.25,,,,,,18.3,8.4,Correctly,,57220ebd0b15a1458f5237fe91112d5a85ee7536f36533d3c8777dccb7611340,4
20320607,Swaad,Sector 4,Delhi NCR,6536254970,"01:42 PM, January 20 2025",Delivered,Zomato Delivery,5km,"2 x Grilled Chicken Angara Tender, 1 x Bone in Angara Grilled Chicken, 1 x Bone in Kabuli Grilled Chicken",,Buy 1 Get 1 - ₹895.00,895.0,44.75,0.0,0.0,0.0,0.0,939.75,5.0,,,,,20.53,6.2,Correctly,,dd3588ea6f40754041d031efc4a9595a495a2d57d214fce3490402db831511c1,4
20320607,Swaad,Sector 4,Delhi NCR,6538420024,"01:04 PM, January 20 2025",Delivered,Zomato Delivery,2km,"1 x Fried Chicken Beast AAC Burger, 1 x Bone in Peri Peri Grilled Chicken, 1 x Animal Fries, 1 x Grilled Chicken Tangdi Jamaican + Salted Krispers",,Buy 1 Get 1 - ₹940.00,1020.0,51.0,0.0,0.0,0.0,0.0,1071.0,,,,,,18.42,1.4,Correctly,,57220ebd0b15a1458f5237fe91112d5a85ee7536f36533d3c8777dccb7611340,4
20320607,Swaad,Sector 4,Delhi NCR,6509637277,"02:33 AM, January 15 2025",Delivered,Zomato Delivery,7km,"1 x Fried Chicken Peri Peri Tender, 1 x Bone in Peri Peri Grilled Chicken, 1 x Grilled Chicken Smoky BBQ Tangdi, 1 x Bone in Jamaican Grilled Chicken",,,1350.0,67.5,0.0,0.0,0.0,0.0,1417.5,5.0,,,,,19.6,17.7,Correctly,,8159b80d3488969bd15062308acc2f5df4977a69643dc820187b0dbdbce0fa74,4
20320607,Swaad,Sector 4,Delhi NCR,6517469370,"07:08 PM, January 11 2025",Delivered,Zomato Delivery,7km,"1 x Grilled Chicken Ghostbuster Tangdi, 1 x Grilled Chicken Peri Peri Tender, 1 x AAC Signature Crisper Fries, 1 x Grilled Chicken Angara Boneless Breast",,Flat 20% off,1349.0,55.31,242.82,0.0,0.0,0.0,1161.49,1.0,Completely cold food. The chicken was also dry and chewy. It was very difficult to swallow it,,,,18.28,1.1,Correctly,,01586c146e9adbf9f399fc0e20e64d4945d785980a04b6f679ab6d94e172238e,4
20554001,Swaad,Greater Kailash 2 (GK2),Delhi NCR,6539848561,"08:42 PM, January 20 2025",Delivered,Zomato Delivery,5km,"2 x Tipsy Tiger Fresh Lime Soda, 1 x Animal Fries, 1 x Peri Peri Crisper Fries",,Buy 1 Get 1 - ₹199.00,593.1,29.66,0.0,0.0,0.0,0.0,622.76,4.0,,,,,10.13,0.6,Correctly,,25d6717829348935c2e43c22673ab8cd1c2b9a3759b97296a07f57d537b2efcd,4
20554001,Swaad,Greater Kailash 2 (GK2),Delhi NCR,6538602723,"08:33 PM, January 20 2025",Delivered,Zomato Delivery,2km,"1 x Grilled Chicken Peri Peri Tender, 1 x Grilled Chicken Smoky BBQ Tender, 1 x Grilled Chicken Angara Tender, 1 x Grilled Chicken Jamaican Tender",,Buy 1 Get 1 - ₹620.00,620.0,31.0,0.0,0.0,0.0,0.0,651.0,,,,,,12.52,0.3,Correctly,,65ae0d9692cf9de2bd64b4c2915ca6e1c9127194bf4e5ae01332521fef79be1f,4
20554001,Swaad,Greater Kailash 2 (GK2),Delhi NCR,6524172785,"01:48 PM, January 20 2025",Delivered,Zomato Delivery,5km,"1 x Fried Chicken Classic Tenders + AAC Signature Fries, 1 x Bone in Jamaican Grilled Chicken Quarter + Angara Rice, 1 x Grilled Chicken Angara Tenders + Salted Fries, 1 x Grilled Chicken Tangdi Jamaican + Salted Krispers",,Buy 1 Get 1 - ₹890.00,970.0,48.5,0.0,0.0,0.0,0.0,1018.5,,,,,,24.57,0.6,Correctly,,adce705c873dbf7ecd7c02dac085a02b445556c85cf7e386412dbfedaf3fe354,4
20554001,Swaad,Greater Kailash 2 (GK2),Delhi NCR,6539493553,"05:23 PM, January 19 2025",Delivered,Zomato Delivery,1km,"1 x Bone in Peri Peri Grilled Chicken, 1 x Bone in Smoky Bbq Grilled Chicken, 1 x Animal Fries, 1 x AAC Grilled Chicken Burger",,Flat 20% off,1470.0,60.27,264.6,0.0,0.0,0.0,1265.67,,,,,,23.78,8.9,Correctly,,d7556bdb9220e802bdc5f1ecb09fdbe96356b1fd9400135bd3064c44653da889,4
20554001,Swaad,Greater Kailash 2 (GK2),Delhi NCR,6536755512,"11:14 PM, January 18 2025",Delivered,Zomato Delivery,1km,"1 x Salted Fries, 1 x GhostBuster Sauce, 1 x Bone in Jamaican Grilled Chicken, 1 x Angara Sauce",,Flat Rs.100 off,599.0,29.95,0.0,0.0,0.0,0.0,628.95,,,,,,16.95,0.7,Correctly,,dec381ff2fd7c5acb38e7c202ddfd636ae37120399243c2b876c001522c57299,4
20554001,Swaad,Greater Kailash 2 (GK2),Delhi NCR,6534241146,"09:11 PM, January 17 2025",Delivered,Zomato Delivery,4km,"1 x Grilled Chicken Angara Tender, 1 x Animal Fries, 1 x Fried Chicken Peri Peri Tender, 1 x Fried Chicken Kabuli Tender",,Flat 20% off,1690.0,69.29,304.2,0.0,0.0,0.0,1455.09,,,,,,19.62,3.2,Correctly,,ca03c7d8fbce28645f7f00e06f373e33ef3422fd3ea28a51afead61837bc89ea,4
20554001,Swaad,Greater Kailash 2 (GK2),Delhi NCR,6530389005,"05:46 PM, January 17 2025",Delivered,Zomato Delivery,5km,"1 x Fried Chicken Classic Tender, 1 x Grilled Chicken Jamaican Tender, 1 x Bone in Smoky Bbq Grilled Chicken, 1 x AAC Grilled Chicken Burger",,Flat 20% off,1764.0,72.32,317.52,0.0,0.0,0.0,1518.8,,,,,,23.27,9.1,Correctly,,9c624c5ed853a54d09e3f2f5e611e2dd019371e40f148fbd2216cb137ebc60d5,4
20554001,Swaad,Greater Kailash 2 (GK2),Delhi NCR,6527909120,"07:58 PM, January 15 2025",Delivered,Zomato Delivery,2km,"1 x Fried Chicken Beast AAC Burger, 1 x Bone in Smoky Bbq Grilled Chicken, 1 x Salted Fries, 1 x Fried Chicken Classic Tender",,Flat 20% off,1454.0,59.61,261.72,0.0,0.0,0.0,1251.89,,,,,,21.03,0.8,Correctly,,72e66c2834796e0f3eafa232b82b3335e0e58c769dd84ae5ae20bcd9b7b0675b,4
20554001,Swaad,Greater Kailash 2 (GK2),Delhi NCR,6523451529,"11:11 PM, January 14 2025",Delivered,Zomato Delivery,4km,"1 x Herbed Potato, 1 x Grilled Chicken Jamaican Boneless Breast, 1 x Grilled Chicken Afghani Boneless Breast, 1 x Garlic Aioli",,Flat Rs.175 off,1118.0,48.05,157.0,0.0,0.0,0.0,1009.05,,,,,,21.22,0.5,Correctly,,80f4da829a71424e989df55668fe8327bed4cd32d11a4a9b5b3b31656831c6ca,4
20554001,Swaad,Greater Kailash 2 (GK2),Delhi NCR,6525403505,"02:43 PM, January 14 2025",Delivered,Zomato Delivery,3km,"1 x Fried Chicken Peri Peri Tender, 1 x Grilled Chicken Peri Peri Tender, 1 x Grilled Chicken Peri Peri Tangdi, 1 x Angara Rice",,Flat Rs.175 off,1188.0,51.55,157.0,0.0,0.0,0.0,1082.55,,,,,,21.37,9.6,Correctly,,a23f377bce4b8b28ece7645e0b790047160f0550d87f982298e79ed752d551bb,4
20554001,Swaad,Greater Kailash 2 (GK2),Delhi NCR,6519338692,"07:54 PM, January 12 2025",Delivered,Zomato Delivery,2km,"1 x Onion Rings, 1 x Bone in Kabuli Grilled Chicken, 1 x Coleslaw, 1 x Grilled Chicken Jamaican Tangdi",,Flat 15% off,1122.0,48.53,151.47,0.0,0.0,0.0,1019.06,,,,,,26.45,8.0,Correctly,,04a894551b11ff4f690d97f355ab3185ff5a61f5cf72b48b9c84c9e5b79df132,4
20554001,Swaad,Greater Kailash 2 (GK2),Delhi NCR,6508455889,"08:42 PM, January 11 2025",Delivered,Zomato Delivery,1km,"1 x Grilled Chicken Peri Peri Tender, 1 x Angara Grilled Paneer (8 pcs), 1 x Peri Peri Crisper Fries, 1 x Fried Chicken Peri Peri Tender",,Flat 20% off,1434.0,58.79,258.12,0.0,0.0,0.0,1234.67,,,,,,25.55,7.0,Correctly,,e28b457fbd83c220eb3683fd9d43b1ca1400cb5e0424e7833d615cf4c299dd7b,4
20635699,Aura Pizzas,Greater Kailash 2 (GK2),Delhi NCR,6532028345,"07:27 PM, January 19 2025",Delivered,Zomato Delivery,3km,"1 x Cheesy Garlic Bread, 1 x Fried Chicken Tenders, 1 x Garlic Aioli, 1 x Salted Fries",,Flat Rs.150 off,732.0,30.6,120.0,0.0,0.0,0.0,642.6,,,,,,11.73,1.8,Correctly,,ef906b91aab9d8d871e86b79021f3c16fa8cabcccb29aebd8d04855f8ba50e88,4
20635699,Aura Pizzas,Greater Kailash 2 (GK2),Delhi NCR,6532987146,"01:17 AM, January 19 2025",Delivered,Zomato Delivery,1km,"1 x Fried Chicken Tenders, 1 x Harissa Mayo, 1 x Just Pepperoni Pizza, 1 x Mutton Seekh Pizza",,,2097.0,104.85,0.0,0.0,0.0,0.0,2201.85,,,,,,14.53,0.5,Correctly,,1035f234beb6953fe16f7f8e5bd1dea2afcbac19a6e12ba53bd77883e62478fd,4
20635699,Aura Pizzas,Greater Kailash 2 (GK2),Delhi NCR,6537468629,"10:43 PM, January 18 2025",Delivered,Zomato Delivery,10km,"1 x Malai Gud Pide, 1 x Makhani Paneer Pizza, 1 x Peri Peri Paneer Melt, 1 x Bageecha Pizza",,Flat Rs.300 off,1996.0,86.3,270.0,0.0,0.0,0.0,1812.3,,,,,,26.57,0.8,Correctly,,304cc439b1d1b3cdb4117f832715d6e666d3b1d56364b47107e7261fdf735ce2,4
20635699,Aura Pizzas,Greater Kailash 2 (GK2),Delhi NCR,6535191662,"07:14 PM, January 18 2025",Delivered,Zomato Delivery,3km,"1 x Makhani Paneer Pizza, 1 x Bageecha Pizza, 1 x Onion Rings, 1 x Margherita Pizza",,Flat Rs.300 off,1956.0,84.3,270.0,0.0,0.0,0.0,1770.3,,,,,,22.33,9.7,Correctly,,9fca1ce6a2edc2d53a0d928cf2335d7bad05dc102caff151829aa3c8059ae82d,4
20635699,Aura Pizzas,Greater Kailash 2 (GK2),Delhi NCR,6531809250,"01:35 PM, January 18 2025",Delivered,Zomato Delivery,11km,"1 x Just Pepperoni Pide, 1 x Herbed Potato, 1 x Indian Masala Cripser Fries, 1 x Peri Peri Chicken Melt",,,1245.0,48.58,0.0,273.5,0.0,0.0,1020.08,,,,,,17.93,0.7,Correctly,,310cb468a472876fb7284af5824c8c6e10edc756a302a06c2b3cf884071142ab,4
20635699,Aura Pizzas,Greater Kailash 2 (GK2),Delhi NCR,6529832870,"09:12 PM, January 17 2025",Delivered,Zomato Delivery,4km,"1 x Jamaican Chicken Melt, 1 x Peri Peri Crisper Fries, 1 x Indian Masala Cripser Fries, 1 x Murgh Amritsari Seekh Melt",,Flat 15% off,1396.0,60.38,188.46,0.0,0.0,0.0,1267.92,,,,,,27.87,3.5,Correctly,,a25355b9ad1f4e425ec8f2fb4cb2adbadfadf571bc63ac3ecef96e09a7029112,4
20635699,Aura Pizzas,Greater Kailash 2 (GK2),Delhi NCR,6533565553,"02:31 PM, January 17 2025",Delivered,Zomato Delivery,2km,"1 x Peri Peri Paneer Melt, 1 x Peri Peri Chicken Melt, 1 x Mushroom Mozzarella Melt, 1 x Murgh Amritsari Seekh Melt",,,1956.0,97.8,0.0,0.0,0.0,0.0,2053.8,,,,,,23.48,8.3,Correctly,,b5596a1e50e8991cd4fcc32c75e0f1377ba1eaa0ec5e2a126fdb465f801c2465,4
20635699,Aura Pizzas,Greater Kailash 2 (GK2),Delhi NCR,6525222087,"08:23 PM, January 14 2025",Delivered,Zomato Delivery,2km,"1 x Cheesy Garlic Bread, 1 x Margherita Pizza, 1 x Jamaican Chicken Melt, 1 x Angara Paneer Melt",,Buy 1 Get 1 - ₹738.00,978.0,48.9,0.0,0.0,0.0,0.0,1026.9,5.0,,,,,19.28,0.4,Correctly,,87914cdf29e9abadd81682bc1f10c5060e5ef20a11a3afa9ecf8b6f48d4fe98c,4
20635699,Aura Pizzas,Greater Kailash 2 (GK2),Delhi NCR,6524328241,"07:17 PM, January 14 2025",Delivered,Zomato Delivery,1km,"2 x Mushroom Pizza, 2 x Tripple Cheese Pizza",,Buy 1 Get 1 - ₹1588.00,1588.0,79.4,0.0,0.0,0.0,0.0,1667.4,,,,,,16.97,0.7,Correctly,,25cb3401e87e20f9f4053b42f5e36534e65c0182a433e8a8e73f94eea1e7f1e8,4
20635699,Aura Pizzas,Greater Kailash 2 (GK2),Delhi NCR,6513833269,"04:38 PM, January 14 2025",Delivered,Zomato Delivery,3km,"1 x Mushroom Pizza, 1 x Peri Peri Paneer Pizza, 1 x Bageecha Pizza, 1 x Chilli Cheese Garlic Bread",,Buy 1 Get 1 - ₹898.00,1238.0,61.9,0.0,0.0,0.0,0.0,1299.9,,,,,,19.08,0.3,Correctly,,8bece98335f4285d90b5cd5002c7f4bd1c421f4343b2f79907ed1c267236b724,4
20635699,Aura Pizzas,Greater Kailash 2 (GK2),Delhi NCR,6515578793,"04:01 PM, January 12 2025",Delivered,Zomato Delivery,1km,"1 x Pepperoni Garlic Bread, 1 x Peanut Butter Chocolate Pide, 1 x Peri Peri Chicken Melt, 1 x Loaded Korean Grilled Chicken Pizza",,Flat Rs.300 off,1956.0,84.3,270.0,0.0,0.0,0.0,1770.3,,,,,,30.75,8.5,Correctly,,e48cf7591d07b24f15e3132464846c5aeca7969c304501a5fd0dff4190edf4b7,4
20635699,Aura Pizzas,Greater Kailash 2 (GK2),Delhi NCR,6512465422,"02:00 AM, January 12 2025",Delivered,Zomato Delivery,2km,"1 x Pepperoni Garlic Bread, 1 x OG Cheese Pide, 1 x Murgh Amritsari Garlic Bread, 1 x Grilled Chicken Tangdi",,Flat 15% off,1226.0,53.03,165.51,0.0,0.0,0.0,1113.52,,,,,,15.32,0.4,Correctly,,6d6a007679e4d4efde0d167d02095e1704a4b957dd8d30d54ce0cea959ec0b72,4
20635699,Aura Pizzas,Greater Kailash 2 (GK2),Delhi NCR,6513006376,"10:29 PM, January 11 2025",Delivered,Zomato Delivery,1km,"1 x Salted Fries, 1 x Mutton Seekh Pide, 1 x Masala Paneer Pide, 1 x Loaded Pork Pepperoni Pizza",,,1814.0,90.7,0.0,0.0,0.0,0.0,1904.7,,,,,,16.27,3.1,Correctly,,a8dfeeb7b61e27d95b06067e2767d99feb4db607ee9864c7da28713bda02a0a7,4
20635699,Aura Pizzas,Greater Kailash 2 (GK2),Delhi NCR,6518406229,"07:51 PM, January 11 2025",Delivered,Zomato Delivery,1km,"1 x Masala Potato Pide, 1 x Masala Paneer Pide, 2 x Murgh Amritsari Seekh Pide",,,1406.0,70.3,0.0,0.0,0.0,0.0,1476.3,,,,,,17.78,0.8,Correctly,,4683dbd82d8cd493031ded3a1c4bf6daa7cfe7c7b9df2c9e47d66ac715daded1,4
20635699,Aura Pizzas,Greater Kailash 2 (GK2),Delhi NCR,6513575770,"01:13 AM, January 11 2025",Delivered,Zomato Delivery,1km,"1 x Loaded Pork Pepperoni Pizza, 1 x Bageecha Pizza, 1 x Peri Peri Fries, 1 x Chilli Cheese Garlic Bread",,Flat 15% off,2145.0,92.77,289.58,0.0,0.0,0.0,1948.19,,,,,,18.35,0.5,Correctly,,50569695e3aaca4181314ce31b62d403372d92fccc5f94b8b07f41d384597677,4
20659868,Aura Pizzas,Sector 4,Delhi NCR,6536580469,"08:23 PM, January 19 2025",Delivered,Zomato Delivery,9km,"1 x Indian Masala Cripser Fries, 1 x Murgh Amritsari Garlic Bread, 1 x Mutton Seekh Pide, 1 x Chilli Cheese Garlic Bread",,Flat Rs.150 off,1402.0,64.1,120.0,0.0,0.0,0.0,1346.1,,,,,,16.07,1.5,Correctly,,38ebcdfade9c02bbd8a566f41875f85fb0b938026df87450adfb1bb57bab3e57,4
20659868,Aura Pizzas,Sector 4,Delhi NCR,6536438501,"02:07 PM, January 19 2025",Delivered,Zomato Delivery,3km,"1 x Makhani Paneer Pizza, 1 x Peri Peri Fries, 1 x Margherita Pizza, 1 x Chilli Cheese Garlic Bread",,,1565.0,78.25,0.0,0.0,0.0,0.0,1643.25,,,,,,17.37,1.1,Correctly,,647c97a50f4758778008ca6cd398fa7631ca6052c8bbc79e8cf4ffd71f8c6134,4
20659868,Aura Pizzas,Sector 4,Delhi NCR,6536562065,"06:36 PM, January 18 2025",Delivered,Zomato Delivery,8km,"1 x Pepperoni Garlic Bread, 1 x Tripple Cheese Pizza, 1 x Grilled Chicken Tangdi, 1 x Peri Peri Fries",,Flat 15% off,1325.0,57.31,178.88,0.0,0.0,0.0,1203.43,,,,,,15.55,7.5,Correctly,,7e111ecebe871e840796d3ef0e129a27c2c1c7e58768371d168e15da819d09fd,4
20659868,Aura Pizzas,Sector 4,Delhi NCR,6532998397,"11:01 PM, January 17 2025",Delivered,Zomato Delivery,4km,"1 x Murgh Amritsari Seekh Melt, 1 x Loaded Pork Pepperoni Pizza, 1 x All About Chicken Pizza, 1 x Murgh Amritsari Seekh Pizza",,,3182.0,159.1,0.0,0.0,0.0,0.0,3341.1,,,,,,22.73,2.3,Correctly,,710e35e90fc4b7e1f9007b1cd28ae02834ada899ff9ffe80f8fe79304bb7e372,4
20659868,Aura Pizzas,Sector 4,Delhi NCR,6527381282,"08:13 PM, January 16 2025",Delivered,Zomato Delivery,3km,"2 x Chilli Cheese Garlic Bread, 1 x Margherita Pizza, 1 x Bageecha Pizza",,Flat Rs.300 off,1656.0,69.3,270.0,0.0,0.0,0.0,1455.3,,,,,,19.35,3.4,Correctly,,ff7e3d1bae177dca390215677be271ce001410b1e9d3ebf1c70a83aee559bf0c,4
20659868,Aura Pizzas,Sector 4,Delhi NCR,6530516705,"11:52 PM, January 15 2025",Delivered,Zomato Delivery,9km,"3 x Garlic Aioli, 1 x Murgh Amritsari Seekh Pizza",,Flat Rs.710 off,1108.0,47.92,149.58,0.0,0.0,0.0,1006.34,,,,,,14.7,7.4,Correctly,,d5dcdf072e8bc59aef586fb4f5cb923335bade91f626d670e861dd457f0f715e,4
20659868,Aura Pizzas,Sector 4,Delhi NCR,6524016945,"09:34 PM, January 14 2025",Delivered,Zomato Delivery,5km,"1 x Herbed Potato, 1 x All About Chicken Pizza, 1 x Murgh Amritsari Seekh Pizza, 1 x Indian Masala Cripser Fries",,Buy 1 Get 1 - ₹797.00,878.0,43.9,0.0,0.0,0.0,0.0,921.9,,,,,,16.13,9.3,Correctly,,a708d4a0a0ac7b8b7bc221ff45bedbfee003c876e7a01c7bcd76d39dc2ceeedd,4
20659868,Aura Pizzas,Sector 4,Delhi NCR,6523203023,"08:42 PM, January 14 2025",Delivered,Zomato Delivery,2km,"1 x Cheesy Garlic Bread, 1 x Angara Paneer Melt, 1 x Chilli Cheese Garlic Bread, 1 x Margherita Pizza",,Buy 1 Get 1 - ₹728.00,758.0,37.9,0.0,0.0,0.0,0.0,795.9,,,,,,13.88,0.9,Correctly,,9ad89b31f92ba76ba8787d542502368aae96da0957b1c6553fa4bb19d1c1a011,4
20659868,Aura Pizzas,Sector 4,Delhi NCR,6522661986,"08:05 PM, January 14 2025",Delivered,Zomato Delivery,5km,"1 x Chicken Pepperoni Pizza, 2 x Garlic Aioli, 1 x Tripple Cheese Pizza",,Buy 1 Get 1 - ₹629.00,679.0,33.95,0.0,0.0,0.0,0.0,712.95,,,,,,12.23,2.5,Correctly,,f0f92d17616b9e2bb5ed483c387ea103bf9930ca8ba6d68d4b54581be36e6cdb,4
20659868,Aura Pizzas,Sector 4,Delhi NCR,6521800787,"07:41 PM, January 14 2025",Delivered,Zomato Delivery,10km,"1 x Bageecha Pizza, 1 x Cheesy Garlic Bread, 1 x Spinach Sumac Pide, 1 x Peri Peri Paneer Pizza",,Buy 1 Get 1 - ₹858.00,978.0,48.9,0.0,0.0,0.0,0.0,1026.9,,,,,,23.68,2.0,Correctly,,fbf8566c4075cc7668da23325d86cbc57409bbc7aeb36cd12a5c1dd8626c5ff9,4
20659868,Aura Pizzas,Sector 4,Delhi NCR,6517949789,"06:47 PM, January 14 2025",Delivered,Zomato Delivery,6km,"1 x Peri Peri Grilled Chicken Pizza, 1 x Murgh Amritsari Seekh Melt, 1 x Just Pepperoni Pizza, 1 x Jamaican Chicken Melt",,Buy 1 Get 1 - ₹1348.00,1388.0,69.4,0.0,0.0,0.0,0.0,1457.4,,,,,,20.53,4.8,Correctly,,92b1325f212da65e44560f006dcc8373b72bb502d9c034ec656199fdc106e815,4
20659868,Aura Pizzas,Sector 4,Delhi NCR,6523385102,"06:37 PM, January 14 2025",Delivered,Zomato Delivery,6km,"1 x Chilli Cheese Garlic Bread, 1 x Murgh Amritsari Seekh Pizza, 1 x Peri Peri Grilled Chicken Pizza, 1 x Onion Rings",,Buy 1 Get 1 - ₹878.00,918.0,45.9,0.0,0.0,0.0,0.0,963.9,,,,,,15.65,7.7,Correctly,,36e7a6faba36fe9e2795b3e72b09c5a506ad185707a03055c1e9c967f8628fa3,4
20659868,Aura Pizzas,Sector 4,Delhi NCR,6523275063,"06:38 PM, January 13 2025",Delivered,Zomato Delivery,4km,"1 x Masala Paneer Pide, 1 x Mutton Seekh Pide, 1 x Murgh Amritsari Seekh Pide, 1 x Murgh Amritsari Garlic Bread",,Flat 15% off,1406.0,60.81,189.81,0.0,0.0,0.0,1277.0,,,,,,16.82,5.6,Correctly,,2be8921a804f0558df4f75c4af62feeeb0a37f5aca06b41810cfe4f11ce8d844,4
20659868,Aura Pizzas,Sector 4,Delhi NCR,6519541983,"06:45 PM, January 12 2025",Delivered,Zomato Delivery,8km,"1 x Cheesy Garlic Bread, 1 x Peri Peri Fries, 1 x Tipsy Tiger Ginger Ale, 1 x Bellpepper Onion Pizza",,Flat Rs.175 off,1225.05,53.4,157.0,0.0,0.0,0.0,1121.45,5.0,,,,,25.98,16.3,Correctly,,f4b7c16101a2aef20f8bcbef28679430a3c12fc94ab83ffda0041b69c80ca679,4
20659868,Aura Pizzas,Sector 4,Delhi NCR,6515652518,"08:52 PM, January 11 2025",Delivered,Zomato Delivery,2km,"1 x Chilli Cheese Garlic Bread, 1 x Mushroom Mozzarella Melt, 1 x Peri Peri Grilled Chicken Pizza, 1 x Bageecha Pizza",,Flat 15% off,2226.0,96.27,300.51,0.0,0.0,0.0,2021.76,,,,,,23.53,0.8,Correctly,,e9469f0e8529f18576eaa1b68dde1a80c0274b048689476975222d72d09d0086,4
20659868,Aura Pizzas,Sector 4,Delhi NCR,6515336182,"07:43 PM, January 11 2025",Delivered,Zomato Delivery,3km,"1 x Murgh Amritsari Seekh Pide, 1 x Spinach Sumac Pide, 1 x Mutton Seekh Pizza, 1 x Loaded Chicken Pepperoni Pizza",,Flat 15% off,2446.0,105.79,330.21,0.0,0.0,0.0,2221.58,,,,,,27.15,1.3,Correctly,,58f25b50a6be88c4a2fdfafe7d5c18d3e4d6ba365726fdc445e80b041430da4b,4
20882652,Aura Pizzas,DLF Phase 1,Delhi NCR,6526540258,"07:39 PM, January 17 2025",Delivered,Zomato Delivery,3km,"1 x Makhani Paneer Pizza, 1 x Harissa Mayo, 1 x Tripple Cheese Pizza, 1 x Bageecha Pizza",,Flat Rs.300 off,1867.0,79.85,270.0,0.0,0.0,0.0,1676.85,,,,,,15.43,,Correctly,,dd481f72c0b050b4f32d08ecd30a68846a9963378dc5ab33bb7342c1d78afb38,4
20882652,Aura Pizzas,DLF Phase 1,Delhi NCR,6532613198,"07:26 PM, January 17 2025",Delivered,Zomato Delivery,3km,"1 x Bageecha Pizza, 1 x Herbed Potato, 1 x Tipsy Tiger Ginger Ale, 1 x Masala Potato Pide",Order: we have a mushroom allergy so replace mushroom with any other veggie,Flat 15% off,1415.05,62.01,174.96,0.0,0.0,0.0,1302.1,1.0,tomato base was absent. ,,,,21.17,1.4,Correctly,,d8a9441d4770ba6cc0833c12c33ec061dca9d8a5a5cdf1a232513b1ebb5a0575,4
20882652,Aura Pizzas,DLF Phase 1,Delhi NCR,6530633412,"11:23 AM, January 16 2025",Delivered,Zomato Delivery,10km,"1 x Cheesy Garlic Bread, 1 x Makhani Paneer Pizza, 1 x Chilli Cheese Garlic Bread, 1 x Bageecha Pizza",,Flat Rs.300 off,1756.0,74.3,270.0,0.0,0.0,0.0,1560.3,,,,,,19.83,0.4,Correctly,,b8ba2d3ecd7250d3e98ee6bf47c2f0d4898ae70531f98441145d278f07b7549c,4
20882652,Aura Pizzas,DLF Phase 1,Delhi NCR,6490196076,"10:21 PM, January 14 2025",Delivered,Zomato Delivery,6km,"1 x Mutton Seekh Pide, 1 x Jamaican Chicken Melt, 1 x Just Pepperoni Pide, 1 x Murgh Amritsari Seekh Melt",,Buy 1 Get 1 - ₹1154.00,1154.0,57.7,0.0,0.0,0.0,0.0,1211.7,,,,,,20.23,0.3,Correctly,,6dddf931369b975e160050440753ae9f3f6d497a9a8f1368c4525b5402bd193f,4
20882652,Aura Pizzas,DLF Phase 1,Delhi NCR,6526180290,"03:31 PM, January 14 2025",Delivered,Zomato Delivery,3km,"2 x Cheesy Garlic Bread, 2 x Margherita Pizza",,Buy 1 Get 1 - ₹928.00,928.0,46.4,0.0,0.0,0.0,0.0,974.4,,,,,,18.52,1.9,Correctly,,32c250754b7f72bfa88d536a6bf98fc243c61f7cb04c1cd1acc3adec57d4a954,4
20882652,Aura Pizzas,DLF Phase 1,Delhi NCR,6519902812,"12:31 AM, January 13 2025",Delivered,Zomato Delivery,6km,"1 x Salted Fries, 1 x Murgh Amritsari Seekh Pizza, 1 x Fried Chicken Tenders, 1 x Jamaican Chicken Melt",,,1571.0,78.55,0.0,0.0,0.0,0.0,1649.55,,,,,,22.13,10.9,Correctly,,820979dd66f9ed96e7390446a6e3314bf5dde8f3e46fa8a112faf4290e8be960,4
20882713,Swaad,DLF Phase 1,Delhi NCR,6515217792,"08:43 PM, January 14 2025",Delivered,Zomato Delivery,2km,"1 x Grilled Chicken Jamaican Tender, 1 x Herbed Potato, 1 x Angara Rice, 1 x Grilled Chicken Smoky BBQ Tender",,Flat 20% off,1301.0,52.04,260.2,0.0,0.0,0.0,1092.84,,,,,,21.38,0.4,Correctly,,d66e9b9e322afa74ff7d3af827ffa21d7de03aca2653592091d9e7d75f60672c,4
20968194,Dilli Burger Adda,Sector 4,Delhi NCR,6517543420,"07:09 PM, January 17 2025",Delivered,Zomato Delivery,5km,"1 x Tipsy Tiger Fresh Lime Soda, 1 x Chicken Smashed Burger, 1 x Grilled Chicken Dirty Burger, 1 x Peri Peri Fries",,Flat Rs.175 off,1007.05,42.5,157.0,0.0,0.0,0.0,892.55,5.0,As excellent as always. Great to see quality of food being maintained,,,,15.45,1.4,Correctly,,bb765466dd3e6d0075bed5f83db023b23f96281aef46126f06acbf23456813ce,4
21077127,Aura Pizzas,Sector 135,Delhi NCR,6525596263,"10:19 PM, January 16 2025",Delivered,Zomato Delivery,5km,"1 x Makhani Paneer Pizza, 1 x Herbed Potato, 1 x Masala Paneer Pide, 1 x Indian Masala Fries","Order: EXTRA GREEN CHILLIES ON MAKHNI PANEER, EXTRA GREEN CHILLIES EXTRA GREEN CHILLIES ON MAKHNI PANEER",,1603.0,72.14,0.0,0.0,0.0,160.3,1514.84,,,,,,22.2,9.2,Correctly,,0b0160d65e117e3d73a6a4b6e8d99102fddfa76df2290d4db0eafac23003d8c2,4
21077127,Aura Pizzas,Sector 135,Delhi NCR,6525067135,"09:02 PM, January 14 2025",Delivered,Zomato Delivery,3km,"1 x Peri Peri Paneer Pizza, 1 x Masala Paneer Pide, 1 x OG Cheese Pide, 1 x Margherita Pizza",,Buy 1 Get 1 - ₹1008.00,1158.0,57.9,0.0,0.0,0.0,0.0,1215.9,1.0,,,,,13.73,1.7,Correctly,Poor taste or quality,a94ed06b4fdeb849d98bf78f6ec710e4125cd773eb6b62b3d57cb514891d31bc,4
21077127,Aura Pizzas,Sector 135,Delhi NCR,6526315018,"07:50 PM, January 14 2025",Delivered,Zomato Delivery,3km,"1 x Onion Rings, 1 x Cheesy Garlic Bread, 1 x Peri Peri Paneer Pizza, 1 x Mushroom Mozzarella Melt",,Buy 1 Get 1 - ₹708.00,858.0,42.9,0.0,0.0,0.0,0.0,900.9,,,,,,13.45,2.4,Correctly,,5b37d998dccfac8309ec834330d1328e2c41f033e7632680fc1f236c3bfdc18d,4
21077127,Aura Pizzas,Sector 135,Delhi NCR,6525667231,"07:37 PM, January 14 2025",Delivered,Zomato Delivery,4km,"1 x Masala Potato Pide, 1 x Bageecha Pizza, 1 x Spinach Sumac Pide, 1 x Peri Peri Paneer Pizza",Order: please keep cheese and butter less and don't add mayo,Buy 1 Get 1 - ₹928.00,978.0,48.9,0.0,0.0,0.0,0.0,1026.9,,,,,,12.25,2.7,Correctly,,c21121baeae17611c4b836a7234c40ebbff38faff5ea32705e2e2b9343d65855,4
21077127,Aura Pizzas,Sector 135,Delhi NCR,6524952585,"04:27 PM, January 14 2025",Delivered,Zomato Delivery,11km,"1 x Indian Masala Cripser Fries, 1 x Tripple Cheese Pizza, 1 x Angara Paneer Melt, 1 x Peri Peri Crisper Fries",,Buy 1 Get 1 - ₹678.00,768.0,38.4,0.0,0.0,0.0,0.0,806.4,,,,,,14.93,5.9,Correctly,,d73ed55bf03f90de37d340b27248f1bd2e2606d7a747f4b676f9a3dacd2a61d0,4
21077127,Aura Pizzas,Sector 135,Delhi NCR,6517526256,"01:10 PM, January 13 2025",Delivered,Zomato Delivery,3km,"1 x Murgh Amritsari Seekh Pizza, 1 x Tripple Cheese Pizza, 1 x Herbed Potato, 1 x Cheesy Garlic Bread",,50% off upto Rs.100,1615.0,42.1,90.0,683.0,0.0,0.0,884.1,,,,,,20.97,10.9,Correctly,,de94c23f8944087ce17393e58abe58ee801072d6a782eee178d0f1d49430ca8d,4
21309083,Swaad,Sector 135,Delhi NCR,6539681049,"05:20 PM, January 20 2025",Delivered,Zomato Delivery,1km,"1 x AAC Grilled Chicken Burger, 1 x AAC Grilled Paneer Burger, 1 x Fried Chicken Beast AAC Burger, 1 x Onion Rings",,Buy 1 Get 1 - ₹604.00,720.0,36.0,0.0,0.0,0.0,0.0,756.0,,,,,,21.27,0.4,Correctly,,6417e2f0c4e56652aeb65726886a13ded043ede517f266dc0b7798b5a2c4cc90,4
21309083,Swaad,Sector 135,Delhi NCR,6512318398,"06:23 PM, January 11 2025",Delivered,Zomato Delivery,3km,"1 x Bone in Smoky Bbq Grilled Chicken, 3 x Garlic Aioli",,Flat 15% off,765.0,33.09,103.28,0.0,0.0,0.0,694.81,,,,,,21.4,11.4,Correctly,,97658d2bc525a202e07a471b25a339cc2d992516df993dbccad1ff497fdfb579,4
20320607,Swaad,Sector 4,Delhi NCR,6566198629,"04:41 PM, January 31 2025",Delivered,Zomato Delivery,4km,"2 x Fried Chicken Classic Tender, 2 x Grilled Chicken Smoky BBQ Tangdi",,Buy 1 Get 1 - ₹730.00,730.0,36.5,0.0,0.0,0.0,0.0,766.5,,,,,,12.67,6.2,Correctly,,7babac4e1c879400e88c6246478861778312573e3b831070ce9dce1542091e05,4
20320607,Swaad,Sector 4,Delhi NCR,6570587528,"03:54 PM, January 31 2025",Delivered,Zomato Delivery,2km,"1 x Bone in Jamaican Grilled Chicken, 1 x Bone in Kabuli Grilled Chicken, 2 x Angara Rice",,Buy 1 Get 1 - ₹458.00,458.0,22.9,0.0,0.0,0.0,0.0,480.9,,,,,,15.75,1.2,Correctly,,e39d258aa1d933a9a66bf11f183a7fcae0e5c258ef89239c6a72a09ce7b381ae,4
20320607,Swaad,Sector 4,Delhi NCR,6570747527,"02:18 PM, January 31 2025",Delivered,Zomato Delivery,7km,"1 x Peri Peri Crisper Fries, 1 x Grilled Chicken Ghostbuster Tangdi, 1 x AAC Signature Crisper Fries, 1 x Grilled Chicken Angara Tangdi",,Buy 1 Get 1 - ₹604.00,774.0,38.7,0.0,0.0,0.0,0.0,812.7,4.0,,,,,17.35,1.7,Correctly,,01586c146e9adbf9f399fc0e20e64d4945d785980a04b6f679ab6d94e172238e,4
20320607,Swaad,Sector 4,Delhi NCR,6541302789,"12:33 PM, January 31 2025",Delivered,Zomato Delivery,6km,"1 x Fried Chicken Angara Tender, 2 x Bone in Jamaican Grilled Chicken, 1 x Animal Fries",,Buy 1 Get 1 - ₹635.00,665.0,33.25,0.0,0.0,0.0,0.0,698.25,,,,,,18.27,11.4,Correctly,,5132e19203d0558b6281df8c01bc644b35e05979f88619caf8a2dab299fd0ef9,4
20320607,Swaad,Sector 4,Delhi NCR,6559879757,"08:43 PM, January 26 2025",Delivered,Zomato Delivery,7km,"1 x Bone in Jamaican Grilled Chicken, 2 x Angara Rice, 1 x Herbed Potato",,Flat 15% off,784.0,33.91,105.84,0.0,0.0,0.0,712.07,,,,,,18.87,10.3,Correctly,,1763ccdde8c107828b30bb5e457452c8bd4e9037dffce12949962ce046996394,4
20320607,Swaad,Sector 4,Delhi NCR,6557295515,"12:19 PM, January 26 2025",Delivered,Zomato Delivery,11km,"1 x Cafreal dip, 1 x Grilled Chicken Jamaican Tender, 1 x Bone in Smoky Bbq Grilled Chicken, 1 x AAC Grilled Chicken Burger",,Flat 20% off,1285.0,52.69,231.3,0.0,0.0,0.0,1106.39,,,,,,14.87,9.4,Correctly,,0bd7db3aeda005e8ff2e946a1bc66ccfe54022cbe2d8eebeb897317ca320bb03,4
20320607,Swaad,Sector 4,Delhi NCR,6545076122,"01:34 PM, January 22 2025",Delivered,Zomato Delivery,2km,"1 x Animal Fries, 1 x Bone in Peri Peri Grilled Chicken, 1 x Raw Masala Lemon Shikanji, 1 x Fried Chicken Beast AAC Burger",,Flat Rs.175 off,1410.24,62.66,157.0,0.0,0.0,0.0,1315.9,,,,,,17.03,5.4,Correctly,,57220ebd0b15a1458f5237fe91112d5a85ee7536f36533d3c8777dccb7611340,4
20554001,Swaad,Greater Kailash 2 (GK2),Delhi NCR,6564687774,"09:30 PM, January 31 2025",Delivered,Zomato Delivery,2km,"1 x AAC Grilled Chicken Burger, 1 x Animal Fries, 2 x Red Rice",,Buy 1 Get 1 - ₹574.00,594.0,29.7,0.0,0.0,0.0,0.0,623.7,5.0,,,,,15.4,7.1,Correctly,,50e012fdbc91a5040bddf4e5fe60216aef555f2ca28ab2f913a3038bbffe9f89,4
20554001,Swaad,Greater Kailash 2 (GK2),Delhi NCR,6567872306,"07:02 PM, January 31 2025",Delivered,Zomato Delivery,4km,"1 x Grilled Chicken Afghani Boneless Breast, 1 x Jamaican Sauce, 1 x Fried Chicken Beast AAC Burger, 1 x Cafreal dip",,Buy 1 Get 1 - ₹385.00,435.0,21.75,0.0,0.0,0.0,0.0,456.75,,,,,,15.53,6.5,Correctly,,e820fe42037309204742128445b33cc4752323bab7ff5674c5483279de2b53a3,4
20554001,Swaad,Greater Kailash 2 (GK2),Delhi NCR,6565536077,"05:58 PM, January 31 2025",Delivered,Zomato Delivery,6km,"2 x Herbed Potato, 2 x Bone in Smoky Bbq Grilled Chicken",,Buy 1 Get 1 - ₹598.00,598.0,29.9,0.0,0.0,0.0,0.0,627.9,,,,,,22.37,12.6,Correctly,,18b104d9588b9f3eed8406e219f28445a560158eab81f71fd34c88b0cbdca2a3,4
20554001,Swaad,Greater Kailash 2 (GK2),Delhi NCR,6567669839,"06:49 PM, January 30 2025",Delivered,Zomato Delivery,5km,"1 x Grilled Chicken Smoky BBQ Tender, 1 x Grilled Chicken Smoky BBQ Tender, 2 x Garlic Aioli",,Flat 15% off,865.0,37.41,116.78,0.0,0.0,0.0,785.63,,,,,,12.63,1.1,Correctly,,3936bf10cefe93db0d9ba0cb320b845db4b07d24f8955a3c0db56ed9b58d1140,4
20554001,Swaad,Greater Kailash 2 (GK2),Delhi NCR,6561677189,"08:13 PM, January 28 2025",Delivered,Zomato Delivery,5km,"1 x Grilled Chicken Angara Tender, 1 x Smoky BBQ Sauce, 1 x Angara Sauce, 1 x Grilled Chicken Smoky BBQ Tender",,Flat 15% off,990.0,42.82,133.65,0.0,0.0,0.0,899.17,,,,,,16.07,2.8,Correctly,,34c68044cd399cc69d032b5d0a0b8a0e525ba34d4b9ba71bbc5c050e584bbd77,4
20554001,Swaad,Greater Kailash 2 (GK2),Delhi NCR,6550199542,"09:01 PM, January 23 2025",Delivered,Zomato Delivery,1km,"1 x AAC Signature Fries, 1 x Fried Chicken Peri Peri Tender, 2 x Tipsy Tiger Fresh Lime Soda",,Flat Rs.125 off,872.1,37.36,125.0,0.0,0.0,0.0,784.46,,,,,,19.57,0.3,Correctly,,5b03bb7903763439bbc2d4b0e7a7b990fb8c6898d8052c07e253259d85a3eb64,4
20554001,Swaad,Greater Kailash 2 (GK2),Delhi NCR,6535124826,"02:41 PM, January 21 2025",Delivered,Zomato Delivery,1km,"1 x Grilled Chicken Smoky BBQ Tender, 1 x AAC Signature Fries, 1 x Grilled Chicken Smoky Bbq Boneless Breast, 1 x Grilled Chicken Jamaican Boneless Breast",,Flat 20% off,1274.0,52.23,229.32,0.0,0.0,0.0,1096.91,,,,,,23.8,10.0,Correctly,,b0785edec2b70c7e9ae5d2c34ef07b85cf57a2c47e32dfa963ae635995b7ce9b,4
20635699,Aura Pizzas,Greater Kailash 2 (GK2),Delhi NCR,6572948251,"09:38 PM, January 31 2025",Delivered,Zomato Delivery,1km,"1 x Malai Gud Pide, 1 x All About Chicken Pizza, 1 x Murgh Amritsari Garlic Bread, 1 x Jamaican Chicken Melt",,Flat Rs.300 off,1756.0,74.3,270.0,0.0,0.0,0.0,1560.3,,,,,,27.35,7.4,Correctly,,afdd2ff7ab3fdc06eee538e0de787ea7fc8826383303260e0334bde3deaf9c6d,4
20635699,Aura Pizzas,Greater Kailash 2 (GK2),Delhi NCR,6562014094,"11:40 PM, January 27 2025",Delivered,Zomato Delivery,2km,"1 x Fried Chicken Tenders, 1 x Just Pepperoni Pizza, 1 x Chilli Cheese Garlic Bread, 1 x Tipsy Tiger Fresh Lime Soda",,,1372.05,68.6,0.0,0.0,0.0,0.0,1440.65,,,,,,13.05,0.7,Correctly,,8e991b82476ca32214f2be3fc3e07372c90be7c518fa261fb9059855c12671a4,4
20635699,Aura Pizzas,Greater Kailash 2 (GK2),Delhi NCR,6561036685,"09:48 PM, January 27 2025",Delivered,Zomato Delivery,4km,"1 x Fried Chicken Tenders, 1 x Grilled Chicken Tangdi, 1 x Chilli Cheese Garlic Bread, 1 x Jamaican Chicken Melt",,Flat 15% off,1460.0,63.15,197.1,0.0,0.0,0.0,1326.05,,,,,,17.98,0.9,Correctly,,1791b4efb30ccaa1389513db14b2538e9c526a28dfc9e000509c31c9d4033df5,4
20635699,Aura Pizzas,Greater Kailash 2 (GK2),Delhi NCR,6548080743,"03:34 AM, January 26 2025",Delivered,Zomato Delivery,6km,"1 x Murgh Amritsari Garlic Bread, 1 x Peri Peri Crisper Fries, 1 x Salted Fries, 1 x Jamaican Chicken Melt",,Buy 1 Get 1 - ₹536.00,698.0,34.9,0.0,0.0,0.0,0.0,732.9,,,,,,17.35,13.9,Correctly,,479fe7d84b6d50430bb453a6e3b66d42fc4b855d9cdd3fbd8550b291bd35b2ee,4
20635699,Aura Pizzas,Greater Kailash 2 (GK2),Delhi NCR,6555881955,"10:56 PM, January 25 2025",Delivered,Zomato Delivery,3km,"1 x Peri Peri Crisper Fries, 1 x Indian Masala Cripser Fries, 2 x Pepperoni Garlic Bread",,Buy 1 Get 1 - ₹607.00,607.0,30.35,0.0,0.0,0.0,0.0,637.35,,,,,,14.27,0.7,Correctly,,1b32a3605c4e73216d98d26118c346d8be9cd90a83daf95eed46c5b6c4188f14,4
20635699,Aura Pizzas,Greater Kailash 2 (GK2),Delhi NCR,6550258419,"10:51 PM, January 25 2025",Delivered,Zomato Delivery,14km,"1 x Mutton Seekh Pide, 1 x Murgh Amritsari Seekh Pide, 1 x Tripple Cheese Pizza, 1 x Margherita Pizza",,Buy 1 Get 1 - ₹1148.00,1206.0,60.3,0.0,0.0,0.0,0.0,1266.3,,,,,,17.25,0.9,Correctly,,832649954b59866d6d8ad7854a50641a78bf72bc41f005673e346e4e8c105fc1,4
20635699,Aura Pizzas,Greater Kailash 2 (GK2),Delhi NCR,6555640658,"09:20 PM, January 25 2025",Delivered,Zomato Delivery,3km,"2 x Jamaican Chicken Melt, 2 x Just Pepperoni Pizza",,Buy 1 Get 1 - ₹1487.00,1487.0,74.35,0.0,0.0,0.0,0.0,1561.35,,,,,,22.4,0.8,Correctly,,250c084778197bac79f71f82ddc75033c28118f70df329d1a8e306145174cb50,4
20635699,Aura Pizzas,Greater Kailash 2 (GK2),Delhi NCR,6555427487,"08:23 PM, January 25 2025",Delivered,Zomato Delivery,1km,"1 x Chilli Cheese Garlic Bread, 1 x Grilled Chicken Tangdi, 1 x Fried Chicken Tenders, 1 x Herbed Potato",,Buy 1 Get 1 - ₹417.00,454.0,22.7,0.0,0.0,0.0,0.0,476.7,5.0,"The best chicken tenders O have ever had. Delicious crunchy, soft inside and no oil on hands. Amazingly delicious.",,,,21.32,0.5,Correctly,,4c9b6c73f4a49bde39ec73b34958078151ac96e25251b4f0cc07e464bcaab1de,4
20635699,Aura Pizzas,Greater Kailash 2 (GK2),Delhi NCR,6553829953,"08:21 PM, January 25 2025",Delivered,Zomato Delivery,3km,"1 x Salted Fries, 2 x Mutton Seekh Pide, 1 x Masala Paneer Pide",,Buy 1 Get 1 - ₹577.00,728.0,36.4,0.0,0.0,0.0,0.0,764.4,,,,,,14.67,1.3,Correctly,,c2c14f4766b4613dace53de394117812750aeb0a7e9f1d01ba0783ead1b6a18b,4
20635699,Aura Pizzas,Greater Kailash 2 (GK2),Delhi NCR,6555874157,"07:26 PM, January 25 2025",Delivered,Zomato Delivery,5km,"2 x Cheesy Garlic Bread, 2 x Loaded Pork Pepperoni Pizza",,Buy 1 Get 1 - ₹1098.00,1098.0,54.9,0.0,0.0,0.0,0.0,1152.9,,,,,,17.15,8.8,Correctly,,6a4cda7545e5022626916b4115347d130b53accddb0d3ecf99283e7bdd3871fc,4
20635699,Aura Pizzas,Greater Kailash 2 (GK2),Delhi NCR,6545397934,"07:15 PM, January 25 2025",Delivered,Zomato Delivery,3km,"1 x Chilli Cheese Garlic Bread, 1 x Fried Chicken Tenders, 1 x Makhani Paneer Pizza, 1 x Peri Peri Fries",,Buy 1 Get 1 - ₹558.00,878.0,43.9,0.0,0.0,0.0,0.0,921.9,,,,,,15.97,2.1,Correctly,,e477d6e62055cafa5b7435e5a0a84df1c68fba659b2c61cd4fc8d5d8b0c33ba7,4
20635699,Aura Pizzas,Greater Kailash 2 (GK2),Delhi NCR,6548905855,"07:08 PM, January 25 2025",Delivered,Zomato Delivery,6km,"1 x Peri Peri Crisper Fries, 1 x Fried Chicken Tenders, 1 x Grilled Chicken Tangdi, 1 x Just Pepperoni Pide",,Buy 1 Get 1 - ₹454.00,598.0,29.9,0.0,0.0,0.0,0.0,627.9,,,,,,15.1,3.1,Correctly,,3485497a0831577c9c558b10c24a2e9fea159ee811bfe6fd8bcc62966c2b3f00,4
20635699,Aura Pizzas,Greater Kailash 2 (GK2),Delhi NCR,6552507744,"07:04 PM, January 25 2025",Delivered,Zomato Delivery,<1km,"1 x Salted Fries, 1 x Peri Peri Paneer Pizza, 1 x Fried Chicken Tenders, 1 x Loaded Chicken Pepperoni Pizza",,Buy 1 Get 1 - ₹957.00,974.0,48.7,0.0,0.0,0.0,0.0,1022.7,,,,,,18.23,1.4,Correctly,,e85082f8202ff58c01a4839f1b67a1b26e73207828453c2da5f48be2d404f103,4
20635699,Aura Pizzas,Greater Kailash 2 (GK2),Delhi NCR,6553044292,"04:30 PM, January 25 2025",Delivered,Zomato Delivery,5km,"1 x Salted Crisper Fries, 1 x Salted Fries, 2 x Margherita Pizza",,Buy 1 Get 1 - ₹667.00,668.0,33.4,0.0,0.0,0.0,0.0,701.4,,,,,,17.75,3.1,Correctly,,54bf20378ea8b81789d9b18294c3d5c9942be4ccea6d9f6499b8cede13b104b3,4
20635699,Aura Pizzas,Greater Kailash 2 (GK2),Delhi NCR,6555499903,"02:00 PM, January 25 2025",Delivered,Zomato Delivery,1km,"2 x Chilli Cheese Garlic Bread, 1 x Peri Peri Paneer Pizza, 1 x Murgh Amritsari Garlic Bread",,Buy 1 Get 1 - ₹628.00,878.0,43.9,0.0,0.0,0.0,0.0,921.9,,,,,,26.23,4.3,Correctly,,eede7b9dc4090b60422ba828b48633d9e7516b57cdf02903a396fd7d2b5550d5,4
20659868,Aura Pizzas,Sector 4,Delhi NCR,6567479812,"08:01 PM, January 29 2025",Delivered,Zomato Delivery,6km,"1 x Chilli Cheese Garlic Bread, 1 x Indian Salsa, 1 x Herbed Potato, 1 x Mushroom Pizza",,,1165.0,58.25,0.0,0.0,0.0,0.0,1223.25,,,,,,20.43,8.6,Correctly,,5b3351d469895969738ab69d52621c73b0e888b8a72467c5e4162fe3c7722726,4
20659868,Aura Pizzas,Sector 4,Delhi NCR,6550256679,"02:08 PM, January 28 2025",Delivered,Zomato Delivery,1km,"2 x Herbed Potato, 1 x Tripple Cheese Pizza, 1 x Spinach Sumac Pide",,,1214.0,30.35,0.0,607.0,0.0,0.0,637.35,,,,,,19.73,4.5,Correctly,,107e17ea4c306998ab3c0a6a3e24fe17e65944990c45c8d84ef314824a7593a9,4
20659868,Aura Pizzas,Sector 4,Delhi NCR,6545124138,"11:28 AM, January 26 2025",Delivered,Zomato Delivery,2km,"1 x Peri Peri Crisper Fries, 1 x Bageecha Pizza, 1 x Makhani Paneer Pizza, 1 x Bellpepper Onion Pizza",,Flat 15% off,2036.0,88.06,274.86,0.0,0.0,0.0,1849.2,,,,,,14.5,1.2,Correctly,,3ebc7ff81e6ff1f0b70d8d2bd053b39c5dd309a40343d2bd962ba2c41e0a00b5,4
20659868,Aura Pizzas,Sector 4,Delhi NCR,6545721223,"02:35 AM, January 26 2025",Delivered,Zomato Delivery,3km,"1 x Murgh Amritsari Garlic Bread, 1 x Murgh Amritsari Seekh Pide, 1 x Loaded Korean Grilled Chicken Pizza, 1 x All About Chicken Pizza",,Buy 1 Get 1 - ₹978.00,1238.0,61.9,0.0,0.0,0.0,0.0,1299.9,,,,,,20.67,15.1,Correctly,,a647d900142296f3773260f59b0351c173fcaf307e21ca1e9141bd59af44b900,4
20659868,Aura Pizzas,Sector 4,Delhi NCR,6545353002,"12:09 AM, January 26 2025",Delivered,Zomato Delivery,3km,"1 x Indian Masala Cripser Fries, 1 x Peri Peri Crisper Fries, 2 x Margherita Pizza",,Buy 1 Get 1 - ₹688.00,688.0,34.4,0.0,0.0,0.0,0.0,722.4,,,,,,20.9,9.7,Correctly,,a7ffcb9e4f91fbff5baeddce59654687d99e418568dacce9c177aea47b9ce8fc,4
20659868,Aura Pizzas,Sector 4,Delhi NCR,6539525034,"10:44 PM, January 25 2025",Delivered,Zomato Delivery,6km,"1 x Jamaican Chicken Melt, 1 x Peri Peri Grilled Chicken Pizza, 2 x Cheesy Garlic Bread",,Buy 1 Get 1 - ₹866.00,1157.0,57.85,0.0,0.0,0.0,0.0,1214.85,,,,,,17.57,4.1,Correctly,,bf19d8f59ab5c077dcfe343408331c1323994fca465e2b39facd2a531d73bca1,4
20659868,Aura Pizzas,Sector 4,Delhi NCR,6553792987,"09:31 PM, January 25 2025",Delivered,Zomato Delivery,3km,"1 x Jamaican Chicken Melt, 1 x OG Cheese Pide, 1 x Murgh Amritsari Seekh Melt, 1 x Spinach Sumac Pide",,Buy 1 Get 1 - ₹848.00,868.0,43.4,0.0,0.0,0.0,0.0,911.4,,,,,,13.63,1.3,Correctly,,84567fc9bba50c3fd7dce893856a1fd050547b6e78ab98830f58eddca1c95d73,4
20659868,Aura Pizzas,Sector 4,Delhi NCR,6556539059,"08:12 PM, January 25 2025",Delivered,Zomato Delivery,3km,"1 x Makhani Paneer Pizza, 1 x Murgh Amritsari Seekh Pide, 1 x OG Cheese Pide, 1 x Peri Peri Grilled Chicken Pizza",,Buy 1 Get 1 - ₹978.00,1028.0,51.4,0.0,0.0,0.0,0.0,1079.4,5.0,,,,,21.63,0.2,Correctly,,c6dfc441e7b5c256fdbba18f5d4542906197f71b96b395df3f49668fe5d72766,4
20659868,Aura Pizzas,Sector 4,Delhi NCR,6552127298,"07:22 PM, January 25 2025",Delivered,Zomato Delivery,6km,"1 x Onion Rings, 1 x Cheesy Garlic Bread, 1 x All About Chicken Pizza, 1 x Bageecha Pizza",,Buy 1 Get 1 - ₹858.00,928.0,46.4,0.0,0.0,0.0,0.0,974.4,,,,,,12.13,3.7,Correctly,,02e24456d36aa1a1a48e372fe022ff76b52dc8bf2b7a744b12a1dfeae4c3db7f,4
20659868,Aura Pizzas,Sector 4,Delhi NCR,6553288823,"07:08 PM, January 25 2025",Delivered,Zomato Delivery,3km,"1 x Bageecha Pizza, 2 x Fried Chicken Tenders, 1 x Spinach Sumac Pide",,Buy 1 Get 1 - ₹534.00,1014.0,50.7,0.0,0.0,0.0,0.0,1064.7,,,,,,13.03,7.0,Correctly,,da2b490669476a5d1aeaecac1b3ee295cec591d51fab2d7ae9af8f2653addb6e,4
20659868,Aura Pizzas,Sector 4,Delhi NCR,6554706845,"06:59 PM, January 25 2025",Delivered,Zomato Delivery,7km,"1 x Salted Crisper Fries, 1 x Fried Chicken Tenders, 1 x Margherita Pizza, 1 x Spinach Sumac Pide",,Buy 1 Get 1 - ₹539.00,838.0,41.9,0.0,0.0,0.0,0.0,879.9,,,,,,15.85,8.8,Correctly,,9f62deb6fd404cf228402ee1f6fefde828e6944990e98a185f3bab17facf55f6,4
20659868,Aura Pizzas,Sector 4,Delhi NCR,6548588594,"08:50 PM, January 24 2025",Delivered,Zomato Delivery,3km,"1 x Bageecha Pizza, 1 x Loaded Pork Pepperoni Pizza, 1 x Cheesy Garlic Bread, 1 x Loaded Korean Grilled Chicken Pizza",,,2846.0,142.3,0.0,0.0,0.0,0.0,2988.3,,,,,,24.67,1.6,Correctly,,d9e3f967093628b2bdd44feae406c3f8421b990e1d89c3071da2428a78365f1e,4
20659868,Aura Pizzas,Sector 4,Delhi NCR,6553148414,"05:27 PM, January 24 2025",Delivered,Zomato Delivery,11km,"1 x Jamaican Chicken Melt, 1 x Fried Chicken Tenders, 1 x Onion Rings, 1 x Makhani Paneer Pizza",,Flat Rs.300 off,1697.0,64.37,270.0,0.0,0.0,139.7,1351.67,,,,,,19.92,5.2,Correctly,,7e46a5563f173e5f3077bb042d9102b497810b84326ff51145b57ed8f49db642,4
20659868,Aura Pizzas,Sector 4,Delhi NCR,6543090670,"11:32 PM, January 23 2025",Delivered,Zomato Delivery,9km,"1 x Pepperoni Garlic Bread, 1 x Fried Chicken Tenders, 1 x Herbed Potato, 1 x Onion Rings",,Flat Rs.150 off,851.0,36.55,120.0,0.0,0.0,0.0,767.55,,,,,,13.87,2.0,Correctly,,44a9f280538fa7c5bb198b66b5b5b485375fd3c781d456de133c87b69919ee9c,4
20659868,Aura Pizzas,Sector 4,Delhi NCR,6548859131,"09:44 PM, January 23 2025",Delivered,Zomato Delivery,6km,"1 x Makhani Paneer Pizza, 1 x Bageecha Pizza, 1 x Tripple Cheese Pizza, 1 x Bellpepper Onion Pizza",,Flat 15% off,2406.0,104.06,324.81,0.0,0.0,0.0,2185.25,,,,,,18.0,0.7,Correctly,,33390c5feb640fdff960b2fa2e31f3c7bf583b7360b48d78024e5e60cf42bc7d,4
20882652,Aura Pizzas,DLF Phase 1,Delhi NCR,6565307645,"10:06 PM, January 28 2025",Delivered,Zomato Delivery,4km,"1 x Peri Peri Chicken Melt, 1 x Bacon Pepperoni Melt, 1 x Desi Pepperoni Pizza, 1 x Cheesy Garlic Bread",,Flat 15% off,2266.0,98.01,305.91,0.0,0.0,0.0,2058.1,,,,,,21.57,6.1,Correctly,,db6e01df10c320046e92c92bc921d7a941c41a00ce0630c5e9f6bfaeb00b512f,4
20882652,Aura Pizzas,DLF Phase 1,Delhi NCR,6562555583,"01:14 PM, January 28 2025",Delivered,Zomato Delivery,10km,"1 x Bageecha Pizza, 1 x Makhani Paneer Pizza, 2 x Chilli Cheese Garlic Bread",,,2166.0,108.3,0.0,0.0,0.0,0.0,2274.3,,,,,,19.15,10.1,Correctly,,ce9264789ad842ac84130392fd613bfd5ca63873d37da9de471cd92da2be0e87,4
20882652,Aura Pizzas,DLF Phase 1,Delhi NCR,6563068764,"12:30 PM, January 28 2025",Delivered,Zomato Delivery,3km,"1 x Crushed Papad, 1 x Mayonnaise, 1 x Salted Fries, 1 x Indian Masala Cripser Fries",,Flat Rs.150 off,607.0,24.35,120.0,0.0,0.0,0.0,511.35,,,,,,18.32,5.2,Correctly,,5eab497200c682500db483751563ed622a7c774fe9802af1ed26edbc01fa3fd9,4
20882652,Aura Pizzas,DLF Phase 1,Delhi NCR,6540525844,"08:11 PM, January 27 2025",Delivered,Zomato Delivery,4km,"1 x Mushroom Pizza, 3 x Tipsy Tiger Fresh Lime Soda",,Flat Rs.150 off,986.15,43.31,120.0,0.0,0.0,0.0,909.46,,,,,,15.18,0.7,Correctly,,ad8631f0f28c1f5b68abcd839b4e074124c6630ae6ba8912d51ddbeda076aaf1,4
20882652,Aura Pizzas,DLF Phase 1,Delhi NCR,6559579982,"10:21 PM, January 26 2025",Delivered,Zomato Delivery,11km,"1 x Fried Chicken Tenders, 1 x All About Chicken Pizza, 1 x Murgh Amritsari Seekh Pide, 1 x Peri Peri Fries",,Flat Rs.300 off,1816.0,77.3,270.0,0.0,0.0,0.0,1623.3,,,,,,19.13,4.4,Correctly,,124e5662549251b19c7c28a8e88c13eef2b49c407792699237648d221b713820,4
20882652,Aura Pizzas,DLF Phase 1,Delhi NCR,6557359402,"09:49 PM, January 26 2025",Delivered,Zomato Delivery,2km,"1 x Bacon Pepperoni Melt, 1 x Onion Rings, 1 x Bellpepper Onion Pizza, 1 x Cheesy Garlic Bread",,,2732.0,136.6,0.0,0.0,0.0,0.0,2868.6,,,,,,19.35,9.4,Correctly,,a9a224b39f26faaed122ba9786984e083a4384c3851b171e1843df740b98ffd7,4
20882652,Aura Pizzas,DLF Phase 1,Delhi NCR,6546972117,"11:28 PM, January 25 2025",Delivered,Zomato Delivery,1km,"1 x Murgh Amritsari Seekh Pide, 1 x Bageecha Pizza, 1 x Desi Chicken Pepperoni Pizza, 1 x Chilli Cheese Garlic Bread",,Buy 1 Get 1 - ₹957.00,1008.0,50.4,0.0,0.0,0.0,0.0,1058.4,,,,,,17.75,0.6,Correctly,,bd371693be02a3c43bf2173024b6db619dd9c1b8138c34c61f2e21defdf494f0,4
20882652,Aura Pizzas,DLF Phase 1,Delhi NCR,6543845653,"09:41 PM, January 25 2025",Delivered,Zomato Delivery,6km,"1 x Peri Peri Paneer Melt, 1 x Chilli Cheese Garlic Bread, 1 x Cheesy Garlic Bread, 1 x Makhani Paneer Pizza",,Buy 1 Get 1 - ₹748.00,1107.0,55.35,0.0,0.0,0.0,0.0,1162.35,,,,,,16.9,2.9,Correctly,,2cbfc082ec611394b52aac900d3b1b95ec7990825c2873145965896ef2d65f63,4
20882652,Aura Pizzas,DLF Phase 1,Delhi NCR,6555251635,"09:08 PM, January 25 2025",Delivered,Zomato Delivery,6km,"2 x Peri Peri Paneer Pizza, 2 x Angara Paneer Melt",,Buy 1 Get 1 - ₹1088.00,1088.0,54.4,0.0,0.0,0.0,0.0,1142.4,,,,,,18.65,1.5,Correctly,,c7be0524cb98647a29199af66bbb11a9f139cf97188a3af11edd107b05b2b99d,4
20882652,Aura Pizzas,DLF Phase 1,Delhi NCR,6551994285,"07:23 PM, January 25 2025",Delivered,Zomato Delivery,5km,"2 x Herbed Potato, 1 x Jamaican Chicken Melt, 1 x Mushroom Mozzarella Melt",,Buy 1 Get 1 - ₹627.00,647.0,32.35,0.0,0.0,0.0,0.0,679.35,,,,,,20.83,2.2,Correctly,,e84edbd6d0d785f9df755c02dc15df16fe28b7a75d3333572baf27022a1ef3cf,4
20882652,Aura Pizzas,DLF Phase 1,Delhi NCR,6555732277,"07:20 PM, January 25 2025",Delivered,Zomato Delivery,13km,"1 x Tripple Cheese Pizza, 1 x Masala Paneer Pide, 1 x Masala Potato Pide, 1 x Makhani Paneer Pizza",,Buy 1 Get 1 - ₹1088.00,1128.0,56.4,0.0,0.0,0.0,0.0,1184.4,5.0,,,,,20.8,12.1,Correctly,,09b884a021294bb93d65b6b9b0000e988397bac3dccfd3204c4f506df21be851,4
20882652,Aura Pizzas,DLF Phase 1,Delhi NCR,6550833175,"06:49 PM, January 25 2025",Delivered,Zomato Delivery,2km,"1 x Cheesy Garlic Bread, 1 x All About Chicken Pizza, 1 x Fried Chicken Tenders, 1 x Combo For 1 - Non Veg",,Buy 1 Get 1 - ₹1054.00,1239.0,61.95,0.0,0.0,0.0,0.0,1300.95,,,,,,21.47,11.7,Correctly,,58391d1b772c44b8f406ea67f0df287f38d2af5179ef98e259e94913b772fba8,4
20882652,Aura Pizzas,DLF Phase 1,Delhi NCR,6543597148,"04:23 PM, January 25 2025",Delivered,Zomato Delivery,5km,"1 x Onion Rings, 1 x Murgh Amritsari Seekh Melt, 1 x Peri Peri Paneer Melt, 1 x Indian Masala Cripser Fries",,Buy 1 Get 1 - ₹678.00,728.0,36.4,0.0,0.0,0.0,0.0,764.4,,,,,,17.83,1.6,Correctly,Poor taste or quality,6c246b8dc0f5390dcdb07f315710267e7a68187bfc5a6dc9d65b4686669e59a7,4
20882652,Aura Pizzas,DLF Phase 1,Delhi NCR,6543667507,"09:49 PM, January 22 2025",Delivered,Zomato Delivery,5km,"1 x Angara Paneer Melt, 2 x Murgh Amritsari Seekh Pizza, 1 x Mushroom Mozzarella Melt",,Flat 15% off,2256.0,97.57,304.56,0.0,0.0,0.0,2049.01,,,,,,21.38,6.1,Correctly,,e0ca4028ff8e8d219f35b36afc3badcb52b966020377b73fef085f084501f6cc,4
20882652,Aura Pizzas,DLF Phase 1,Delhi NCR,6541794611,"07:47 PM, January 21 2025",Delivered,Zomato Delivery,8km,"1 x Peri Peri Crisper Fries, 1 x Peri Peri Paneer Pizza, 1 x Murgh Amritsari Seekh Melt, 1 x Chilli Cheese Garlic Bread",,Flat Rs.300 off,1576.0,65.3,270.0,0.0,0.0,0.0,1371.3,,,,,,17.8,7.7,Correctly,,64e96933bc3054c669ad18db47b7eefcd3eede2c16754e3083f21d5c55924b3a,4
20882713,Swaad,DLF Phase 1,Delhi NCR,6567441050,"06:35 PM, January 31 2025",Delivered,Zomato Delivery,3km,"1 x Fried Chicken Peri Peri Tender, 1 x AAC Signature Fries, 1 x Salted Fries, 1 x Fried Chicken Kabuli Tender",,Buy 1 Get 1 - ₹494.00,514.0,25.7,0.0,0.0,0.0,0.0,539.7,,,,,,19.47,4.1,Correctly,,94aaaad173f97e1372e856c015ff386af084a3b4010a32f7cc65235d448f2d15,4
20882713,Swaad,DLF Phase 1,Delhi NCR,6571504920,"05:12 PM, January 31 2025",Delivered,Zomato Delivery,5km,"2 x GhostBuster Sauce, 2 x Fried Chicken Ghostbuster Tender",,Buy 1 Get 1 - ₹385.00,385.0,19.25,0.0,0.0,0.0,0.0,404.25,4.0,,,,,18.6,7.0,Correctly,,a60e9f7fc52a859135753256a33fb24d0518e37753e4fb77aa4597488d81c612,4
20882713,Swaad,DLF Phase 1,Delhi NCR,6543168626,"06:30 PM, January 26 2025",Delivered,Zomato Delivery,3km,"1 x Herbed Potato, 1 x Bone in Jamaican Grilled Chicken Quarter + Angara Rice, 1 x Bone in Smoky Bbq Grilled Chicken, 1 x Bone in Kabuli Grilled Chicken",,,1273.0,63.65,0.0,0.0,0.0,0.0,1336.65,,,,,,20.3,3.5,Correctly,,c7116dc02803761460d241a3abe511cce77576487d9921b1b4b3eef910028ced,4
20882713,Swaad,DLF Phase 1,Delhi NCR,6549445792,"07:09 PM, January 23 2025",Delivered,Zomato Delivery,3km,"1 x Grilled Chicken Peri Peri Tangdi, 1 x Grilled Chicken Jamaican Tender, 1 x Bone in Kabuli Grilled Chicken, 1 x Fried Chicken Angara Tender",,Flat 20% off,1350.0,54.0,270.0,0.0,0.0,0.0,1134.0,,,,,,16.5,1.4,Correctly,,7925f52c7760eb570388bc5f145d5613204b5aba94ae7b9a11b346019e455cae,4
20968194,Dilli Burger Adda,Sector 4,Delhi NCR,6570978652,"07:28 PM, January 31 2025",Delivered,Zomato Delivery,3km,"1 x Dirty Indian Masala Fries, 3 x Atomic Veg Burger",,Flat 15% off,1188.0,51.38,160.38,0.0,0.0,0.0,1079.0,,,,,,20.9,2.5,Correctly,,eeb7c4f73b0d6c677533cb3763ae788e44ba6d7f3f3885a1e0fac3a5ec16f7ae,4
20968194,Dilli Burger Adda,Sector 4,Delhi NCR,6554860638,"11:57 PM, January 25 2025",Delivered,Zomato Delivery,5km,"2 x Mutton Smashed Burger, 2 x Dirty Saucy Fries",,,1230.0,30.75,0.0,615.0,0.0,0.0,645.75,,,,,,34.6,20.8,Correctly,,34a000ae571ee7599a8416aa1e83c6dc1ca9fa4176bd43d6591eec1803ac266b,4
20968194,Dilli Burger Adda,Sector 4,Delhi NCR,6548180528,"07:57 PM, January 24 2025",Delivered,Zomato Delivery,3km,"1 x Dirty Indian Masala Fries, 2 x Atomic Veg Burger, 1 x Indian Salsa",Order: No tomatoes in burger number 1;no cilantro in fries pleas,Flat 15% off,798.0,31.12,107.73,0.0,0.0,67.83,653.56,,,,,,19.4,1.7,Correctly,,eeb7c4f73b0d6c677533cb3763ae788e44ba6d7f3f3885a1e0fac3a5ec16f7ae,4
20968206,Dilli Burger Adda,Greater Kailash 2 (GK2),Delhi NCR,6545269604,"05:55 PM, January 22 2025",Delivered,Zomato Delivery,1km,"2 x Grilled Chicken Dirty Burger, 2 x Mutton Smashed Burger",,,1400.0,35.0,0.0,700.0,0.0,0.0,735.0,5.0,,,,,28.47,0.4,Correctly,,346396ccad2d03300775b09eb2806002d2162abe0c291e191bda46ac275bf795,4
20968206,Dilli Burger Adda,Greater Kailash 2 (GK2),Delhi NCR,6534938595,"08:04 PM, January 21 2025",Delivered,Zomato Delivery,2km,"2 x Atomic Veg Burger, 1 x Cheesy Veg Burger, 1 x Og Cheese Burger",,Flat 20% off,1270.0,52.07,228.6,0.0,0.0,0.0,1093.47,,,,,,26.55,0.2,Correctly,,96f3f814a2c2ddfe2b5eedbc0c14d8bee6a1d1fa423b917bc98c66602423ef17,4
21077127,Aura Pizzas,Sector 135,Delhi NCR,6548926514,"07:11 PM, January 25 2025",Delivered,Zomato Delivery,16km,"1 x All About Chicken Pizza, 1 x Garlic Aioli, 1 x Murgh Amritsari Garlic Bread, 1 x Onion Rings",,Buy 1 Get 1 - ₹359.00,908.0,45.4,0.0,0.0,0.0,0.0,953.4,,,,,,19.8,10.1,Correctly,,a969bb79f5044af720f0ae98f891cba40ca079423c727bc03c0c6ba799a7eb64,4
21077127,Aura Pizzas,Sector 135,Delhi NCR,6547700555,"01:12 PM, January 25 2025",Delivered,Zomato Delivery,9km,"2 x Chilli Cheese Garlic Bread, 2 x Makhani Paneer Pizza",,Buy 1 Get 1 - ₹1068.00,1068.0,53.4,0.0,0.0,0.0,0.0,1121.4,,,,,,19.52,7.4,Correctly,,7a45de26317adc6ee2b6266b84d6f51235be0dddd38a96112dbac5d4ffba9fb7,4
21309083,Swaad,Sector 135,Delhi NCR,6564733524,"10:15 PM, January 31 2025",Delivered,Zomato Delivery,5km,"1 x Fried Chicken Beast AAC Burger, 1 x AAC Grilled Chicken Burger, 1 x Grilled Chicken Jamaican Tangdi, 1 x Grilled Chicken Ghostbuster Tangdi",,Buy 1 Get 1 - ₹780.00,780.0,39.0,0.0,0.0,0.0,0.0,819.0,,,,,,21.5,1.0,Correctly,,af8fc65f91926e33260564204bcf91bfeb87b3641b652ae8942671abee82a7d7,4
21309083,Swaad,Sector 135,Delhi NCR,6567733660,"08:52 PM, January 31 2025",Delivered,Zomato Delivery,1km,"1 x Grilled Chicken Smoky BBQ Tangdi, 1 x Grilled Chicken Ghostbuster Tangdi, 2 x Angara Grilled Paneer (8 pcs)",,Buy 1 Get 1 - ₹930.00,930.0,46.5,0.0,0.0,0.0,0.0,976.5,,,,,,34.12,1.8,Correctly,,e1083624286f6b2ff29ae37208e6b7f2be03414ad2ff0ced2c6b11452a3f1550,4
21309083,Swaad,Sector 135,Delhi NCR,6555885676,"08:49 PM, January 31 2025",Delivered,Zomato Delivery,6km,"1 x Kabuli Grilled Paneer (8 pcs), 1 x AAC Grilled Chicken Burger, 1 x Fried Chicken Classic Tender, 1 x Bone in Jamaican Grilled Chicken",,Buy 1 Get 1 - ₹755.00,1080.0,54.0,0.0,0.0,0.0,0.0,1134.0,,,,,,22.57,0.4,Correctly,,9568c0ba2cc6d3ff142b8e3bbaaf46a46e886f4bb6e9e14aaf96895f4650d0cb,4
21309083,Swaad,Sector 135,Delhi NCR,6569084163,"08:30 PM, January 31 2025",Delivered,Zomato Delivery,1km,"1 x Bone in Kabuli Grilled Chicken, 1 x Grilled Chicken Jamaican Tender, 1 x Herbed Potato, 1 x Bone in Smoky Bbq Grilled Chicken",,Buy 1 Get 1 - ₹488.00,745.0,37.25,0.0,0.0,0.0,0.0,782.25,,,,,,17.4,0.3,Correctly,,aa6e11f3d407f3c695854cbf8deaa4b14731c938c63f72822fe0a44a902e4076,4
21309083,Swaad,Sector 135,Delhi NCR,6569090010,"06:46 PM, January 31 2025",Delivered,Zomato Delivery,10km,"1 x Animal Fries, 1 x Bone in Smoky Bbq Grilled Chicken, 1 x Fried Chicken Beast AAC Burger, 1 x Bone in Jamaican Grilled Chicken",,Buy 1 Get 1 - ₹665.00,685.0,34.25,0.0,0.0,0.0,0.0,719.25,,,,,,19.97,9.2,Correctly,,ba9ddb115716759a6f760a88ebe1934ca5cdbc4c5a5d8d9ed4538b7681146c69,4
21309083,Swaad,Sector 135,Delhi NCR,6567740858,"02:00 PM, January 31 2025",Delivered,Zomato Delivery,1km,"1 x Fried Chicken Beast AAC Burger, 1 x Grilled Chicken Jamaican Tender, 1 x Grilled Chicken Angara Tangdi, 1 x Bone in Peri Peri Grilled Chicken",,Buy 1 Get 1 - ₹685.00,715.0,35.75,0.0,0.0,0.0,0.0,750.75,,,,,,24.4,0.5,Correctly,,88e554d1aca79956787571669fc19495255bfbdd5926d8dc555b83acee9e0e0f,4
21309083,Swaad,Sector 135,Delhi NCR,6570602415,"11:41 AM, January 31 2025",Delivered,Zomato Delivery,3km,"1 x Bone in Jamaican Grilled Chicken, 1 x Bone in Kabuli Grilled Chicken, 1 x Animal Fries, 1 x Grilled Chicken Smoky BBQ Tender",,Buy 1 Get 1 - ₹620.00,665.0,33.25,0.0,0.0,0.0,0.0,698.25,,,,,,27.5,19.4,Correctly,,3d4620d0cea704cd91f270ce820d38b798ca31397bc87b40524ede4653f98f6f,4
